# Created by Metasequoia

v 0.000000 70.710701 0.000000
v 70.710701 0.000000 0.000000
v -70.710701 0.000000 0.000000
v 0.000000 -70.710602 0.000000
v 0.000000 55.656200 4.000000
v 55.656200 0.000000 4.000000
v -55.656101 0.000000 4.000000
v 0.000000 -55.656101 4.000000
v 0.000000 55.656200 -4.000000
v 55.656200 0.000000 -4.000000
v -55.656101 0.000000 -4.000000
v 0.000000 -55.656101 -4.000000
v -51.669651 -2.186633 -0.198883
v -50.196911 -0.787136 1.770039
v -48.694771 -0.400444 1.761088
v -48.703117 -1.323942 -0.220236
v -48.685013 0.301586 3.737276
v -45.691032 2.065866 3.860276
v -44.335037 0.412930 2.144128
v -43.284187 2.247591 4.442799
v -40.596764 1.052505 2.798068
v -44.225426 -0.715701 -0.255481
v -41.388840 -0.925707 -0.280396
v -39.807373 0.647514 1.803468
v -39.296188 -0.203064 1.188799
v -38.341278 -1.640491 -0.309292
v -38.331856 -0.687740 1.108269
v -35.221603 -2.599918 -0.339862
v -37.331963 -0.776897 1.478599
v -35.205826 -0.740940 3.310364
v -36.598541 -0.325747 2.538992
v -36.474869 0.129209 3.178537
v -39.607872 1.335052 2.786696
v -40.866112 2.681642 5.530015
v -39.070755 1.655933 3.563770
v -51.034382 -1.276018 -0.200300
v -48.655754 0.582208 1.954476
v -45.878738 2.793155 2.234876
v -40.175713 4.361697 3.018603
v -40.448708 5.764277 3.027003
v -39.175140 6.258141 2.990613
v -37.977562 2.333360 2.767283
v -43.178757 3.038637 2.332329
v -42.822464 7.651686 2.349370
v -44.963280 9.094364 2.254528
v -48.386711 7.943384 1.286230
v -48.132355 7.038082 1.280141
v -47.503471 9.560160 1.554785
v -49.514656 9.138651 1.300973
v -38.060425 7.220623 2.985363
v -35.852768 5.823951 2.960614
v -36.357994 1.303611 2.652567
v -36.149979 1.171407 2.637836
v -35.222839 0.581861 2.572164
v -49.100342 3.671762 1.273694
v -48.122307 5.134629 1.271781
v -51.268509 2.667275 1.287676
v -51.117222 -0.613248 -0.196717
v -52.838295 -0.828568 -0.183090
v -53.105606 1.869204 1.299749
v -54.942902 1.071115 1.311826
v -39.197830 9.056026 4.251205
v -40.262230 11.914379 -0.234106
v -38.210609 9.957838 4.246767
v -40.479210 8.900723 4.261376
v -42.567154 9.335207 4.280941
v -42.326706 11.889763 -0.216743
v -44.046822 10.546839 4.298704
v -45.249245 13.112074 -0.186699
v -45.676315 11.658503 4.317307
v -47.912125 11.766081 4.336702
v -48.128395 13.443174 -0.160897
v -38.510239 12.243904 -0.247498
v -36.651520 13.102955 -0.259492
v -36.361618 10.120953 4.231838
v -50.007660 11.197264 3.959667
v -51.707058 10.393011 3.474429
v -51.502865 8.776215 1.316208
v -54.710037 9.383175 1.733183
v -34.630753 8.268986 3.711961
v -34.372780 6.009114 2.948896
v -50.433605 13.041895 -0.143135
v -52.425785 12.152603 -0.130144
v -54.253433 11.171280 -0.118945
v -56.572922 10.543856 -0.102049
v -38.971207 1.560968 2.276891
v -39.270912 0.983632 1.780348
v -38.852318 0.289480 1.317827
v -38.201126 -0.055091 1.262915
v -37.428802 -0.227134 1.509831
v -36.798416 0.277924 2.158026
v -33.794518 0.737811 3.485485
v -33.866844 -0.026564 -0.340137
v -33.900047 2.048487 2.939395
v -34.802849 10.340338 -0.287145
v -48.728226 -0.383247 -2.193315
v -50.230316 -0.769960 -2.180205
v -48.751930 0.335930 -4.163202
v -45.760292 2.101436 -4.321507
v -44.375572 0.433745 -2.642988
v -43.363571 2.288405 -4.943065
v -40.648796 1.079256 -3.354505
v -39.842735 0.665691 -2.376966
v -39.321312 -0.190164 -1.778457
v -38.355812 -0.675446 -1.718466
v -37.362297 -0.761316 -2.106433
v -35.267456 -0.709271 -3.973526
v -36.646904 -0.300900 -3.175117
v -36.534088 0.159601 -3.812688
v -39.659866 1.361765 -3.357413
v -40.964233 2.732065 -6.067239
v -39.135971 1.689429 -4.140652
v -48.692459 0.601044 -2.378778
v -45.920349 2.814555 -2.686902
v -40.231331 4.390270 -3.553354
v -38.029396 2.359978 -3.356907
v -39.230286 6.286469 -3.525810
v -40.504341 5.792849 -3.544935
v -43.222427 3.061076 -2.827888
v -42.866104 7.674131 -2.810847
v -45.005013 9.115763 -2.667252
v -48.411606 7.956154 -1.651207
v -48.157188 7.050846 -1.657295
v -47.532890 9.575262 -1.920603
v -49.539566 9.151428 -1.636470
v -38.115517 7.248959 -3.531056
v -35.907906 5.852273 -3.555814
v -36.408127 1.329398 -3.278579
v -36.199959 1.197085 -3.268518
v -35.271889 0.607064 -3.223673
v -49.125198 3.684530 -1.663736
v -48.147194 5.147400 -1.665656
v -51.293377 2.680044 -1.649760
v -53.130463 1.881979 -1.637681
v -54.967758 1.083887 -1.625603
v -39.274055 9.095221 -4.761472
v -38.286888 9.997013 -4.765900
v -40.555481 8.939903 -4.751307
v -42.643402 9.374392 -4.731757
v -44.123085 10.586033 -4.713945
v -45.752541 11.697693 -4.695303
v -47.988365 11.805271 -4.675926
v -36.437889 10.160133 -4.780844
v -50.077267 11.233040 -4.268443
v -51.768280 10.424473 -3.761525
v -51.527763 8.788980 -1.621206
v -54.741470 9.399311 -1.978558
v -34.698570 8.303856 -4.306450
v -34.427971 6.037441 -3.567533
v -39.014664 1.583288 -2.856513
v -39.305962 1.001631 -2.360009
v -38.879616 0.303514 -1.910691
v -38.227669 -0.041471 -1.869802
v -37.459625 -0.211304 -2.131236
v -36.840187 0.299420 -2.785592
v -33.859154 0.771053 -4.159649
v -33.955368 2.076924 -3.600471
v 66.353775 -2.188989 -1.197592
v 67.468155 -2.990895 0.694168
v 65.046341 -4.580090 0.586775
v 64.377762 -3.404549 -1.186157
v 67.163376 -1.124715 -1.199816
v 68.581589 -1.958351 0.860083
v 62.160061 -5.576778 0.601489
v 61.849499 -4.292233 -1.168623
v 59.091446 -5.882499 0.699475
v 59.125336 -4.679328 -1.147254
v 71.351547 -0.800312 -0.248925
v 71.427124 -1.413565 0.466181
v 69.673630 -0.968704 -0.382524
v 74.247437 -1.014776 -0.912655
v 71.434143 -2.077855 -0.657126
v 70.178787 -2.675972 -0.407590
v 68.315552 -3.606571 -1.220356
v 65.438156 -5.299180 -1.203366
v 62.365353 -6.521658 -1.182680
v 59.032303 -6.923738 -1.156225
v 65.016129 -4.564580 -2.980300
v 67.435883 -2.974337 -3.114841
v 68.548019 -1.941075 -3.114188
v 62.130001 -5.561314 -2.954836
v 59.060196 -5.866400 -3.003539
v 71.334412 -0.791533 -2.268770
v 69.659134 -0.961197 -2.108265
v 71.399796 -1.399520 -2.763769
v 74.243027 -1.012514 -1.432870
v 71.423904 -2.072571 -1.873153
v 70.164520 -2.668585 -2.106599
v -78.421280 10.284525 -8.423302
v -79.823257 14.792488 -5.035480
v -85.721405 12.358028 -4.074249
v -85.010010 7.876593 -6.600315
v -92.662186 11.329967 -2.681695
v -90.146439 6.566845 -4.981513
v -74.496628 17.757654 -5.558738
v -73.025482 12.752007 -9.647636
v -67.142487 15.678770 -11.035851
v -69.740250 20.553913 -6.679483
v -65.082657 23.047379 -7.867162
v -62.296631 18.020178 -12.044466
v -57.371552 20.630514 -13.084732
v -60.364281 25.263241 -9.058445
v -53.336624 22.701099 -14.017279
v -55.889145 26.990868 -9.856625
v -49.979359 28.556911 -10.905005
v -48.657661 24.312122 -15.006330
v -44.689011 29.490215 -11.513066
v -44.016670 25.435768 -15.578798
v -39.763885 29.879135 -11.873335
v -39.585472 26.112865 -15.763988
v -34.883476 29.816277 -11.914958
v -35.149139 26.373192 -15.499070
v -29.059242 29.546009 -11.965421
v -29.412376 26.873703 -14.620021
v -24.146210 28.896259 -11.619163
v -24.566643 27.252350 -13.415810
v -15.745338 26.996689 -10.752315
v -54.162895 15.711313 -5.789934
v -55.257492 17.374222 -10.011799
v -59.904533 15.369469 -9.672262
v -50.757294 18.433395 -7.502413
v -47.290726 20.348248 -8.975063
v -43.316307 21.751841 -10.261134
v -39.359222 22.551514 -10.583373
v -35.287888 22.464958 -9.744905
v -29.600433 23.275635 -11.029057
v -35.337761 20.832788 -8.003845
v -24.957932 25.593445 -11.766351
v -42.487572 18.735901 -3.856077
v -43.823288 17.700657 -4.172831
v -43.628334 17.472954 -4.548260
v -44.851692 16.588963 -5.020615
v -45.146355 16.933590 -4.574987
v -47.373291 16.113609 -4.935538
v -46.950645 15.557165 -5.427696
v -49.380077 15.665398 -5.149209
v -49.205261 14.768461 -5.873157
v -51.972370 15.582220 -5.437233
v -52.456985 14.016399 -6.503153
v -55.685219 13.605455 -7.235753
v -58.852020 11.109138 -5.458839
v -61.979515 11.146620 -6.068213
v -57.016327 11.980717 -5.097729
v -51.906517 13.048277 -4.515818
v -65.193222 12.856010 -8.968069
v -64.048859 10.674797 -6.625713
v -63.385700 9.271515 -5.812123
v -61.493385 10.317719 -5.520302
v -61.425941 9.018267 -4.616406
v -63.373493 8.404367 -5.025550
v -62.311325 8.169037 -3.965640
v -64.198654 7.776892 -4.339443
v -63.646549 7.679682 -3.537307
v -65.730164 7.528980 -3.067696
v -66.125595 10.955263 -7.620537
v -72.520996 10.490992 -7.752461
v -77.736130 7.917866 -4.254309
v -72.319153 9.723164 -5.271518
v -84.190186 5.430653 -2.930448
v -87.384125 4.807940 -2.169264
v -68.595428 10.189653 -5.441263
v -65.981491 9.775057 -4.850909
v -64.956406 9.268000 -4.333152
v -64.893112 8.552191 -3.836945
v -44.558914 16.355524 -3.919229
v -43.377800 17.351261 -3.848608
v -46.535156 15.173273 -4.097992
v -48.996391 14.066328 -4.335873
v -79.581497 14.026255 -3.664340
v -83.878265 6.687986 -1.873224
v -85.417328 11.463999 -1.822129
v -86.975906 5.991238 0.135428
v -92.637756 11.317415 0.206494
v -78.277374 10.210581 8.585169
v -84.896179 7.818094 6.853078
v -85.649887 12.321278 4.378461
v -79.736115 14.747726 5.260886
v -92.613327 11.304855 3.094687
v -90.059357 6.522112 5.310102
v -74.401199 17.708635 5.719693
v -72.861404 12.667727 9.739440
v -66.955536 15.582743 11.053288
v -69.626297 20.495386 6.784056
v -64.949097 22.978764 7.914378
v -62.093170 17.915621 12.000077
v -57.151016 20.517185 12.979505
v -60.211075 25.184551 9.044878
v -53.100754 22.579876 13.861605
v -55.722977 26.905464 9.782189
v -49.796127 28.462803 10.743997
v -48.405632 24.182598 14.785305
v -44.496269 29.391167 11.270546
v -43.755508 25.301571 15.288900
v -39.565704 29.777306 11.550777
v -39.321716 25.977352 15.404963
v -34.685272 29.714447 11.509260
v -34.890503 26.240292 15.067283
v -28.861000 29.444187 11.458805
v -29.169479 26.748837 14.095655
v -23.954552 28.797821 11.023815
v -24.344734 27.138313 12.812972
v -15.569794 26.906475 9.998449
v -54.066620 15.661835 5.588964
v -59.741722 15.285835 9.564777
v -55.089478 17.287901 9.843039
v -50.632278 18.369160 7.267165
v -47.141205 20.271410 8.697527
v -43.145508 21.664062 9.928320
v -39.183418 22.461197 10.190495
v -35.126869 22.382240 9.282530
v -29.418465 23.182137 10.477263
v -35.206284 20.765253 7.528432
v -24.763931 25.493778 11.156009
v -42.425552 18.703962 3.484175
v -43.554405 17.434984 4.184558
v -43.755768 17.665920 3.814473
v -44.769691 16.546839 4.669846
v -45.071800 16.895306 4.232267
v -47.292442 16.072044 4.623324
v -46.861481 15.511358 5.103404
v -49.295326 15.621868 4.867018
v -49.108322 14.718657 5.580076
v -51.882401 15.535992 5.198139
v -52.349041 13.960905 6.258445
v -55.564392 13.543367 7.041967
v -65.996994 10.889175 7.580317
v -72.389252 10.423307 7.816400
v -65.041794 12.778194 8.928353
v -63.937366 10.617521 6.548093
v -61.877747 11.094311 5.959774
v -58.761032 11.062376 5.297266
v -77.663040 7.880297 4.384765
v -72.229538 9.677090 5.325823
v -84.138718 5.404222 3.148731
v -87.345139 4.787903 2.436325
v -68.503372 10.142359 5.436577
v -65.899811 9.733101 4.798486
v -63.288227 9.221409 5.711226
v -64.883652 9.230646 4.259072
v -63.289387 8.361128 4.917049
v -64.126038 7.739594 4.239568
v -64.828857 8.519169 3.755660
v -65.678894 7.502647 2.991819
v -51.832336 13.010138 4.253741
v -56.931641 11.937180 4.912731
v -48.925560 14.029942 4.033433
v -46.468590 15.139101 3.763565
v -44.495598 16.322985 3.561668
v -43.315773 17.319386 3.479736
v -63.587650 7.649387 3.427399
v -62.245346 8.135103 3.837308
v -61.348984 8.978714 4.480361
v -61.401047 10.270262 5.396533
v -79.517639 13.993456 3.879234
v -83.844681 6.670731 2.097358
v -85.383972 11.446875 2.113842
v -57.198547 -1.063161 0.799460
v -56.669846 -2.831125 -0.159374
v -58.731544 -3.216227 -0.143603
v -58.939636 -1.489445 0.859678
v -61.141838 -2.868059 -0.121694
v -61.029205 -1.450153 0.886060
v -61.829453 -2.779060 -0.115488
v -63.565983 -0.563434 1.038694
v -66.123642 -0.263006 1.066001
v -66.197144 0.872294 1.360054
v -54.696167 -2.073744 -0.172782
v -55.885208 -0.130231 0.987030
v -72.518677 3.849396 1.508789
v -66.516907 2.288336 2.060189
v -66.721100 3.652226 2.538910
v -62.554337 3.681814 3.085737
v -66.544632 6.074160 2.243131
v -62.885040 6.564445 2.537879
v -65.553223 8.355377 0.716935
v -66.821777 7.815071 1.477823
v -69.691254 5.490093 1.491996
v -59.922256 6.914394 2.809167
v -60.135193 10.156139 -0.073588
v -62.139572 9.666609 -0.058755
v -64.284897 8.895679 -0.043953
v -57.369804 10.058649 -0.097412
v -56.960159 6.926968 3.133877
v -55.274765 8.751013 -0.120825
v -53.784508 6.566048 2.930545
v -53.005005 7.510557 -0.145424
v -51.439697 6.352058 2.297724
v -51.446121 7.091583 -0.160437
v -59.544006 3.821581 3.484871
v -56.617233 4.043346 4.094842
v -59.292534 1.218579 2.885399
v -62.324348 1.130961 2.554428
v -56.390762 1.792627 3.427011
v -53.626846 4.343139 4.035602
v -53.692291 2.679532 3.262250
v -51.286221 4.494536 3.420927
v -51.243942 3.282316 2.665744
v 46.633652 8.808432 -2.445350
v 46.699829 7.522884 -1.349719
v 48.217896 7.875168 -1.000375
v 48.228531 8.693033 -2.973243
v 45.170303 8.616205 -1.991216
v 45.182632 7.402748 -1.663977
v 43.835632 8.655897 -1.583544
v 43.735886 7.827971 -0.962654
v 42.492645 9.211761 -0.946117
v 49.492599 7.766567 -1.011634
v 49.508896 8.419018 -3.390089
v 50.592865 7.030373 -1.550010
v 50.838226 7.855923 -3.701959
v 52.323288 6.931400 -3.016463
v 51.908371 5.979587 -2.183153
v 53.744308 5.982958 -2.627126
v 53.313644 5.102189 -2.122807
v 55.369247 5.150985 -2.329179
v 55.209549 4.030801 -1.100651
v 57.130402 4.896560 -2.179446
v 57.152054 3.912477 -1.093202
v 58.541580 5.246569 -2.113502
v 58.676956 4.301342 -1.104416
v 59.643372 5.789566 -2.053941
v 59.856995 5.022365 -1.111266
v 60.736816 6.077018 -2.025873
v 43.804459 8.831926 -0.958869
v 45.157455 8.784559 -0.970524
v 46.592606 9.231144 -0.980726
v 48.329437 9.987452 -0.992135
v 49.812317 10.064848 -1.004346
v 51.522537 9.194798 -1.022601
v 52.933548 8.084059 -1.039369
v 54.363586 7.200617 -1.055310
v 55.713379 6.559589 -1.069519
v 57.115219 6.150681 -1.083160
v 58.320526 6.127500 -1.393525
v 59.516602 6.334623 -1.655818
v 49.115723 5.045914 -4.768184
v 38.129089 5.720086 -4.670233
v 38.270050 7.785141 -0.916589
v 25.201172 6.459251 -4.526163
v 25.362091 8.913561 -0.802457
v 17.438232 7.278154 -4.610447
v 21.772614 9.360857 -0.770139
v -4.133156 1.913758 -4.575096
v -18.162354 1.177705 -5.138371
v -18.194969 -0.220314 -0.473593
v -4.179169 0.375187 -0.589605
v 6.662796 1.728793 -4.592858
v 6.600861 -0.102707 -0.682901
v 17.107910 0.976671 -4.635045
v 17.037415 -1.004974 -0.775137
v 24.896973 0.656926 -4.548813
v 24.829926 -1.235359 -0.842078
v 37.850342 -0.520559 -3.561745
v 37.785202 -1.462029 -0.952689
v 37.884460 0.337006 -4.691568
v 39.608093 -0.305730 -2.640478
v 41.489120 -0.303992 -2.669565
v 48.314377 0.714001 -3.362842
v 46.299759 -0.299629 -2.710252
v 43.063431 -0.944839 -2.685670
v 44.552963 -0.892436 -2.698049
v 13.941078 7.873882 -4.603003
v 10.871185 7.864544 -4.589424
v 7.884727 7.189909 -4.579455
v 5.454567 8.003515 -4.567509
v 2.473198 7.673903 -4.562910
v 0.835861 6.728121 -4.563105
v -0.431999 5.424973 -4.566736
v -1.492111 4.354449 -4.571311
v -2.755013 3.894273 -4.570013
v -4.079407 3.980507 -4.566568
v -8.548058 5.315664 -4.753131
v -7.564560 6.139696 -4.707520
v -4.560532 5.493667 -4.586189
v -6.398094 8.020704 -4.647841
v -4.048065 6.769135 -4.554707
v -3.322655 7.610004 -4.552665
v -3.938065 9.415543 -4.544133
v -2.618561 7.825586 -4.552289
v -2.225319 8.599369 -4.550109
v -2.609917 9.297699 -4.548188
v -9.870697 4.942572 -4.781091
v -11.004517 5.062501 -4.832580
v -17.036743 4.394146 -5.063798
v -15.807922 4.803441 -5.007925
v -11.602524 5.955214 -4.862251
v -14.308449 6.673429 -4.561499
v -11.658348 7.198187 -4.821051
v -14.133278 7.820705 -4.557983
v -13.569748 8.684443 -4.558996
v -12.504822 9.139013 -4.566034
v -11.427788 9.148123 -4.545006
v -10.554230 8.693184 -4.788752
v -17.922195 4.453619 -5.126163
v -18.386055 2.085353 -5.132535
v -20.455490 1.365629 -5.203643
v -18.564651 5.128246 -5.117792
v -22.694717 4.673071 -5.084822
v -22.120979 1.144830 -5.105018
v -23.664146 1.295809 -4.886987
v -23.528053 4.303180 -5.079381
v -25.016342 1.700923 -4.654992
v -24.432159 4.330961 -4.998158
v -21.883568 5.463314 -5.088250
v -20.914062 6.761932 -5.090810
v -18.815422 6.159659 -5.111186
v -19.978348 7.444115 -5.095762
v -19.012222 7.509792 -5.103651
v -18.496994 7.096855 -5.109806
v -19.853043 -0.455290 -5.216658
v -26.075981 2.548610 -4.591578
v -25.121445 5.052237 -5.062646
v -29.453308 3.813156 -4.129233
v -26.827484 2.454591 -4.585628
v -29.198807 1.598219 -4.141019
v -28.807159 0.850393 -4.147583
v -30.307030 0.793627 -4.135137
v -29.149330 6.053051 -4.122067
v -26.991371 7.052668 -4.545286
v -25.213631 6.329874 -5.056305
v -28.283180 6.858953 -4.316192
v -21.766510 -1.739120 -5.206047
v -23.547195 -0.665583 -5.458945
v -25.138214 0.072075 -5.775369
v -26.816742 0.458344 -6.032864
v -28.197899 0.344943 -6.295049
v -17.962372 5.311522 -5.418329
v -17.936913 6.505840 -5.572341
v -17.020859 7.556477 -5.575526
v -16.463577 8.506420 -5.576109
v -16.289650 9.354099 -5.573899
v -14.080551 9.764071 -5.048586
v -15.262329 9.707775 -5.393441
v -12.541595 9.552269 -4.696522
v -11.341766 9.517229 -4.493080
v -9.674248 8.803123 -4.762925
v -8.729576 9.391367 -4.383295
v -11.117950 11.396837 -0.482971
v -12.978180 11.804173 -0.465459
v -8.322807 11.483118 -0.506248
v 17.479141 10.372305 -0.729410
v 14.386993 11.161228 -0.699815
v 14.064651 9.777937 -4.236647
v 17.449539 8.802124 -3.731039
v 19.320938 8.336130 -2.861449
v 21.590027 9.611525 -0.767504
v 8.434570 10.850389 -0.650799
v 6.403801 11.150982 -0.632306
v 6.198784 9.761209 -4.170168
v 8.198975 9.566378 -4.187938
v 4.289459 10.339432 -4.151495
v 4.341171 11.620541 -0.612811
v 3.046944 10.074968 -4.184206
v 3.382675 12.259491 -0.601923
v 0.628601 9.801315 -4.641078
v 0.699013 11.546070 -0.582316
v -0.407944 8.865622 -4.931778
v -1.236549 9.206120 -4.567903
v -1.317123 11.188877 -0.566808
v -2.562469 10.192520 -4.352723
v -2.488541 11.237379 -0.556685
v -3.910522 10.079317 -4.341806
v -3.793221 11.515694 -0.544435
v -5.546837 9.818596 -4.471106
v -5.139351 12.236595 -0.529911
v 49.513062 2.372549 -3.407887
v 51.771027 3.628036 -2.420128
v -19.731438 -0.259157 -0.460760
v -24.961594 10.188129 -2.330727
v -26.017578 8.755823 -4.524203
v -24.259277 8.878649 -5.053298
v -24.785942 7.498949 -5.054842
v -27.219849 11.148266 -0.347799
v -24.056374 11.239246 -0.374173
v -31.345474 -0.139517 -0.361964
v -29.875275 -0.487175 -0.375916
v -31.270554 0.544164 -4.686640
v -32.194473 9.293867 -4.669508
v -29.986137 7.250145 -5.453410
v -29.220161 8.547895 -5.503710
v -28.131187 9.366123 -5.500733
v -30.666382 4.977015 -5.344738
v -31.136009 2.450977 -5.026327
v -27.174355 8.564741 -5.470059
v -26.488937 7.707026 -5.423823
v -27.766838 10.594536 -3.333319
v -29.608421 12.175362 -0.323123
v -31.330978 13.023399 -0.304859
v -29.718491 11.141361 -3.199152
v -27.458298 11.695192 -0.343404
v -31.688515 11.342201 -2.910912
v -22.425812 12.221851 -0.383699
v -23.069458 12.141327 -0.378602
v -23.336159 9.331152 -5.428205
v -21.154243 9.335020 -5.011776
v -21.232552 11.422901 -0.397269
v -19.144798 9.325289 -4.784271
v -19.003700 11.208076 -0.417063
v -17.889648 9.347843 -4.692723
v -17.680092 11.283455 -0.427936
v -17.461067 10.326548 -3.868970
v -17.197159 9.387173 -4.698410
v -16.873230 11.304199 -2.048611
v -24.156189 7.092236 -5.431001
v -23.395073 8.290968 -5.432230
v -24.579254 5.959578 -5.432348
v -24.552002 5.026331 -5.235134
v -16.010559 12.451113 -0.436987
v -17.191261 8.719048 -5.070922
v -17.839035 7.821629 -5.112224
v -13.890007 12.307039 -0.455557
v 11.403358 11.066307 -0.674981
v 11.100845 9.745975 -4.211709
v -3.975197 5.409998 -4.958515
v -3.488632 6.345367 -4.928520
v -2.740303 7.088245 -4.927315
v -2.194046 7.620363 -4.924218
v -1.717041 8.373451 -4.922841
v -11.152779 6.066353 -5.161814
v -11.067192 7.009018 -5.158442
v -10.142151 8.125063 -5.161409
v -9.127159 8.320654 -5.169149
v -8.154068 9.038012 -5.174264
v -7.654091 12.057896 -0.509408
v -7.419495 10.060312 -4.927782
v -16.859528 11.297180 -0.434820
v -25.248634 -1.189823 -0.418121
v -26.862297 -1.558596 -0.406070
v -23.474518 -1.095814 -0.432724
v -28.141342 -2.144518 -0.397794
v -28.855110 -2.896281 -0.395023
v -21.726273 -1.759799 -0.450405
v -30.329422 -3.080743 -0.383349
v -57.214607 -1.054930 -1.093714
v -58.956482 -1.480802 -1.128166
v -61.046181 -1.441439 -1.118841
v -63.585133 -0.553612 -1.220811
v -66.142868 -0.253144 -1.202221
v -66.221268 0.884663 -1.485102
v -55.904556 -0.120306 -1.295364
v -72.544113 3.862484 -1.500952
v -66.552658 2.306718 -2.167388
v -66.764832 3.674703 -2.630707
v -62.607925 3.709347 -3.247694
v -66.583206 6.093990 -2.316916
v -62.929123 6.587082 -2.669270
v -65.565964 8.361927 -0.787935
v -66.847229 7.828140 -1.531917
v -69.716766 5.503170 -1.517744
v -59.971298 6.939600 -2.987608
v -57.015121 6.955215 -3.362274
v -53.836510 6.592779 -3.215854
v -51.481319 6.373459 -2.624694
v -59.604813 3.852803 -3.696479
v -56.688736 4.080079 -4.353940
v -59.343369 1.244711 -3.124005
v -62.369179 1.153995 -2.742549
v -56.451141 1.823659 -3.709624
v -53.697723 4.379564 -4.342712
v -53.750214 2.709293 -3.582850
v -51.347000 4.525784 -3.766434
v -51.292118 3.307044 -3.022643
v 50.099457 -1.593580 1.041061
v 50.120499 -0.004290 0.874078
v 52.122543 -1.276264 -1.073201
v 47.826660 -1.961484 3.015647
v 48.353943 0.693745 1.297767
v 56.302505 -4.248764 -1.121495
v 56.010788 -5.505644 0.880804
v 53.024399 -4.121620 1.652014
v 54.939178 -3.327599 -1.105954
v 55.709610 -6.644966 -1.126896
v 52.581390 -5.474662 -1.095337
v 50.812286 -3.473496 -1.071668
v 48.934113 -6.469754 -1.068801
v 55.531830 -1.872816 -1.104644
v 53.006638 -2.188745 -1.084651
v 49.925613 -2.534377 -1.060082
v 39.636475 -0.320311 0.714005
v 40.866470 -2.169075 -0.981837
v 43.092041 -0.959539 0.695156
v 41.925964 -1.020222 0.678239
v 41.517731 -0.318687 0.711266
v 42.445465 -2.903180 -0.998389
v 43.069534 -1.546988 0.957384
v 44.545990 -2.002671 1.472890
v 44.227264 -3.639068 -1.016666
v 46.190079 -2.079543 2.146102
v 46.319611 -3.377290 -1.033234
v 48.997910 -2.162523 -1.050614
v 44.581696 -0.907135 0.682788
v 46.328354 -0.314327 0.670584
v 88.012436 -4.449579 -1.390695
v 83.796127 -4.983941 -0.087963
v 82.864349 -1.153696 -1.332803
v 81.489334 -3.650794 0.666038
v 81.528564 -1.320831 -1.322226
v 80.264740 -2.815075 1.072106
v 80.230042 -1.330295 -1.311279
v 79.034958 -2.268415 0.698723
v 78.965363 -0.825576 -1.298383
v 78.279312 -1.227793 0.478976
v 77.868576 0.607791 -1.282871
v 77.147736 -0.227514 0.337656
v 75.727707 0.488897 0.352786
v 76.241760 1.604070 -1.264774
v 74.134628 1.033091 0.472129
v 74.346039 2.360929 -1.245442
v 72.330322 1.219440 0.850446
v 72.587341 2.867008 -1.228359
v 70.528931 0.737560 1.699184
v 70.970032 3.327266 -1.212672
v 69.734268 3.911111 -1.199677
v 69.908264 1.961599 1.115617
v 68.992767 2.935469 0.444722
v 68.090027 3.311049 0.195250
v 69.156189 5.061610 -1.189784
v 75.407898 -0.165757 -0.446016
v 73.995377 0.269058 -0.384919
v 72.193100 0.373833 -0.072984
v 76.644348 -0.784124 -0.434624
v 77.805847 -1.486030 -0.409145
v 78.406845 -2.305598 -0.309127
v 70.047668 0.032960 0.314049
v 65.512634 -6.475761 -0.687368
v 67.433395 -5.659266 -0.056178
v 67.680054 -6.324927 -1.226797
v 65.601974 -6.711312 -1.210893
v 63.997471 -7.403617 -1.200325
v 70.220154 -6.271500 -1.248058
v 70.230194 -4.870239 0.989822
v 71.733368 -4.629666 1.630380
v 71.769440 -6.138777 -1.260592
v 73.297409 -5.836094 -1.272206
v 73.225143 -4.383077 0.902453
v 75.450745 -4.232658 0.339503
v 75.740036 -5.126278 -1.289789
v 78.924850 -4.457533 -1.313832
v 77.249237 -3.540082 0.299815
v 80.251831 -4.295439 -1.324355
v 81.485535 -4.460727 -1.335513
v 82.503906 -5.138743 -1.347079
v 65.351578 -6.216362 -1.206622
v 67.340500 -4.844183 -1.217487
v 69.283432 -3.841687 -1.229569
v 70.274048 -3.503637 -0.116782
v 69.374344 1.310291 -0.088048
v 68.388855 2.174945 -0.454362
v 67.361694 2.744104 -0.884585
v 66.962173 4.065514 0.546005
v 65.842987 2.475049 -1.172993
v 64.080444 2.430901 -1.158271
v 73.629944 -3.399717 -1.264427
v 74.558929 -3.473315 -1.272608
v 75.513016 -3.089236 -1.279012
v 72.043335 -3.908013 0.231647
v 72.764801 -2.936922 -1.255094
v 71.559555 -3.185612 -0.183747
v 72.127060 -2.280913 -1.246847
v 70.099930 -2.375592 -0.630410
v 72.186142 -1.478108 -1.243856
v 69.671982 -0.967938 -0.558926
v 75.931519 -2.474601 -1.279880
v 75.569962 -1.782883 -1.273814
v 74.797272 -1.288837 -1.265127
v 73.836823 -1.038868 -1.255915
v 72.979156 -1.131927 -1.249061
v 69.015472 -2.544224 -1.221660
v 68.118530 0.147685 -1.202368
v 68.694000 0.529076 -0.596349
v 68.775162 -1.185579 -1.213720
v 67.012192 1.138141 -1.188701
v 67.380280 1.727149 -0.796721
v 65.356186 1.634188 -1.172529
v 69.709183 5.888495 -1.190869
v 66.350433 5.474009 -1.164249
v 65.679916 4.688311 -0.250245
v 63.422844 5.692008 -0.226783
v 63.497475 6.521915 -1.135551
v 60.752213 6.069090 -0.202545
v 60.791473 6.875891 -1.111115
v 59.525925 6.329811 -0.549643
v 59.483871 6.665676 -1.100965
v 65.182434 4.128013 -1.160218
v 63.001701 4.998761 -1.137979
v 60.690720 5.150597 -1.117764
v 83.805695 -4.906776 -1.357086
v 58.325562 6.124887 -0.793446
v 58.224655 6.454210 -1.091228
v 50.063889 -1.575333 -3.155607
v 50.087952 0.012443 -2.975193
v 47.758102 -1.926224 -5.094568
v 52.977982 -4.097751 -3.837922
v 55.976868 -5.488209 -3.129423
v 41.897812 -1.005751 -2.649549
v 43.036499 -1.529986 -2.952572
v 44.503891 -1.981068 -3.496934
v 46.136444 -2.051958 -4.198518
v 83.774628 -4.972906 -2.626477
v 81.455475 -3.633423 -3.329715
v 80.224350 -2.794297 -3.707725
v 79.000885 -2.250993 -3.308846
v 78.249222 -1.212372 -3.067307
v 77.120316 -0.213449 -2.898164
v 75.700348 0.502970 -2.883034
v 74.105438 1.048059 -2.970666
v 72.295288 1.237563 -3.316763
v 70.479599 0.762943 -4.139051
v 69.868851 1.981818 -3.534442
v 68.965012 2.949751 -2.839713
v 68.066605 3.323076 -2.571742
v 73.980667 0.276589 -2.118056
v 75.394012 -0.158634 -2.084660
v 72.173401 0.383940 -2.398534
v 76.630051 -0.776792 -2.122350
v 77.791061 -1.478357 -2.173584
v 78.390137 -2.296984 -2.290869
v 70.021652 0.046292 -2.752145
v 65.503677 -6.471225 -1.730760
v 67.413712 -5.649130 -2.387244
v 70.192520 -4.850830 -3.473522
v 71.684570 -4.604589 -4.137305
v 73.188461 -4.364225 -3.432616
v 75.423294 -4.218543 -2.906116
v 77.222275 -3.526209 -2.890855
v 70.255066 -3.493900 -2.355971
v 69.355331 1.320025 -2.327621
v 68.376373 2.181393 -1.937186
v 67.356598 2.746710 -1.484707
v 72.018158 -3.895100 -2.737794
v 71.541550 -3.176379 -2.308010
v 70.089844 -2.370375 -1.829691
v 66.933090 4.080480 -2.896790
v 68.683640 0.534369 -1.814694
v 67.373566 1.730563 -1.581712
v 65.664429 4.696239 -2.073573
v 63.407478 5.699938 -2.050111
v -300.070984 -40.411549 2.787559
v -289.677185 -36.152306 3.208543
v -289.421570 -37.545944 1.659215
v -299.865723 -41.172485 1.731824
v -306.716553 -43.280106 2.374516
v -306.595093 -43.603405 1.778199
v -278.023682 -31.144730 3.509885
v -277.406311 -34.009563 1.572918
v -314.486206 -46.566475 1.832091
v -265.954895 -25.909773 3.686232
v -265.088196 -30.860111 1.482375
v -253.509781 -28.039684 1.396662
v -254.361649 -21.798897 3.634274
v -243.277023 -25.695950 1.320264
v -244.083817 -18.421516 3.561988
v -238.600296 -16.924124 3.522094
v -231.840775 -23.524298 1.232934
v -232.911850 -15.559570 3.479896
v -228.078934 -14.558578 3.652764
v -229.452744 -21.327881 1.222276
v -222.342545 -20.171501 2.189389
v -221.655197 -13.613037 3.602520
v -211.196396 -12.643078 3.518236
v -210.867447 -18.606922 1.550407
v -224.403397 -21.989288 1.176673
v -210.789383 -19.261574 1.073332
v -200.916245 -17.734655 0.996426
v -201.669785 -11.556800 3.442344
v -189.277969 -10.357136 3.342701
v -188.618942 -15.778605 0.900873
v -175.373642 -8.992599 3.230977
v -174.829239 -13.497364 0.794103
v -163.093491 -7.659179 3.132862
v -162.589127 -11.844980 0.697712
v -153.242477 -6.589513 3.054153
v -152.766037 -10.551763 0.620213
v -144.221970 -5.704807 2.981670
v -143.781967 -9.375878 0.549303
v -133.555496 -4.121572 2.898295
v -134.011276 -9.040542 0.468083
v -128.295990 -9.409155 0.418118
v -125.314377 -7.924458 1.106637
v -126.667664 -9.797947 0.402649
v -125.246323 -8.985302 0.394155
v -116.759567 -5.739547 1.625683
v -125.715866 -1.950367 2.841397
v -117.439133 0.513979 2.782073
v -108.994263 -3.913033 1.837546
v -109.778946 2.428219 2.939612
v -100.032715 -2.541389 1.767677
v -101.168991 4.346071 3.518104
v -91.660797 3.924716 2.804337
v -90.879440 -2.336838 2.544935
v -88.184525 -2.629351 2.330640
v -208.385269 -7.063269 2.215265
v -202.959122 -1.402803 1.084716
v -209.760361 -1.902063 1.140098
v -194.034286 -3.952240 2.107356
v -211.480148 -8.101705 2.236939
v -190.583572 -3.520504 2.080032
v -185.041397 2.140258 0.948503
v -223.696457 -4.970146 1.244684
v -229.121078 -8.239210 1.276374
v -233.648666 -9.808004 1.307865
v -239.384079 -11.275522 1.350015
v -244.892868 -11.574725 1.395329
v -255.395950 -14.768204 1.470322
v -267.206604 -18.979027 1.551957
v -279.547607 -24.089413 1.634166
v -291.207825 -30.176018 1.706372
v -301.432373 -36.587555 1.765015
v -307.681335 -40.801476 1.799574
v -170.447495 1.226527 0.821039
v -176.875534 2.862477 0.882544
v -199.959061 -0.226167 1.064447
v -164.107468 0.294978 0.763341
v -154.110580 0.198691 0.678330
v -145.074814 0.961630 0.605187
v -134.421402 2.648861 0.522374
v -126.498688 4.155419 0.461883
v -118.359558 6.223310 0.402001
v -110.659973 9.306854 0.350255
v -102.861572 14.336676 0.306133
v -95.443787 15.234735 0.247269
v -89.571182 13.936605 2.070639
v -90.550674 16.148909 0.209839
v -84.849380 16.592297 0.163523
v -63.362080 -6.880471 2.810757
v -69.606369 -7.382907 2.543520
v -70.838135 -0.852854 1.103330
v -61.813606 -2.787204 1.757126
v -57.362534 -5.308581 2.430745
v -75.141052 -7.192801 2.390648
v -75.414658 -1.424238 0.918088
v -77.841522 -3.036304 1.405778
v -81.892792 -3.836210 1.671402
v -81.570450 -6.175842 2.302598
v -87.983521 -4.233524 2.365310
v -93.488144 -6.958435 0.134233
v -89.456009 -3.909722 2.405312
v -87.577423 -7.624135 0.081323
v -81.151505 -9.145477 0.020334
v -75.092926 -10.291808 -0.035917
v -99.339691 -6.766501 0.184583
v -90.412598 -3.256845 2.442378
v -108.556580 -7.511300 0.259337
v -118.093384 -10.132925 0.328638
v -69.521149 -10.752382 -0.085067
v -64.341522 -10.638820 -0.128402
v -61.176315 -6.896405 3.006580
v -60.888664 -10.209426 -0.155753
v -59.104599 -6.634148 3.112642
v -57.949821 -9.673000 -0.178289
v -56.923553 -6.179434 3.355250
v -55.362656 -9.003753 -0.197272
v -55.350342 -5.546582 3.493041
v -53.119522 -8.167759 -0.212618
v -48.468430 -7.513593 -0.249131
v -82.118637 -2.266000 1.525937
v -78.759216 3.131062 2.356456
v -81.684174 3.062449 2.380908
v -84.780548 3.627202 2.409566
v -75.709000 3.758879 2.333373
v -72.999741 4.974573 2.315731
v -220.638565 -3.778454 1.223989
v -81.735138 4.498158 0.084590
v -84.459106 4.975014 0.109713
v -78.857666 4.733697 0.061265
v -76.263687 5.281339 0.041696
v -73.544250 6.501675 0.023990
v -69.182251 8.199442 2.297441
v -71.036880 8.401871 0.011034
v -89.602966 13.952940 -1.686432
v -208.404099 -7.053625 -0.003014
v -222.359818 -20.162605 0.145071
v -88.222153 -2.610029 -2.113887
v -90.920273 -2.315860 -2.279993
v -82.143509 -2.253242 -1.408813
v -75.430206 -1.416304 -0.907199
v -77.865005 -3.024243 -1.367754
v -88.021866 -4.213825 -2.165899
v -81.920242 -3.822111 -1.571732
v -89.494781 -3.889795 -2.178160
v -90.451843 -3.236693 -2.193352
v -57.406433 -5.286019 -2.758836
v -61.845291 -2.770918 -1.988101
v -55.412537 -5.514625 -3.857064
v -56.983231 -6.148764 -3.698180
v -59.159897 -6.605732 -3.422654
v -61.229553 -6.869056 -3.283843
v -63.411655 -6.854988 -3.050921
v -300.088806 -40.402397 0.686378
v -289.703308 -36.138901 0.126609
v -306.726624 -43.274940 1.186864
v -278.056274 -31.128036 -0.328337
v -265.991760 -25.890862 -0.663366
v -254.398880 -21.779743 -0.771866
v -244.121262 -18.402363 -0.844153
v -238.637466 -16.904964 -0.884046
v -232.949051 -15.540411 -0.926246
v -228.119766 -14.537609 -1.172161
v -221.695938 -13.592056 -1.222407
v -211.237228 -12.622099 -1.306690
v -210.875534 -18.602802 0.603361
v -201.710556 -11.535824 -1.382581
v -189.318771 -10.336160 -1.482224
v -175.414383 -8.971620 -1.593949
v -163.134384 -7.638200 -1.692065
v -153.283279 -6.568536 -1.770774
v -144.262833 -5.683829 -1.843258
v -133.596359 -4.100595 -1.926634
v -125.327316 -7.917789 -0.426134
v -116.781311 -5.728336 -0.952542
v -125.756729 -1.929392 -1.983532
v -117.479965 0.534958 -2.042853
v -109.020660 -3.899478 -1.279891
v -109.823425 2.451051 -2.313342
v -100.059097 -2.527835 -1.349758
v -101.224319 4.374503 -3.020756
v -91.705414 3.947659 -2.471679
v -211.498886 -8.092061 0.018659
v -190.602310 -3.510858 -0.138249
v -194.053085 -3.942595 -0.110926
v -70.857300 -0.842988 -1.164892
v -69.650620 -7.360188 -2.682437
v -75.181885 -7.171828 -2.434280
v -81.608810 -6.156143 -2.228608
v -73.038727 4.994589 -2.289823
v -75.747971 3.778896 -2.272189
v -78.798141 3.151092 -2.249113
v -81.723145 3.082469 -2.224654
v -84.819519 3.647224 -2.196003
v -69.221176 8.219463 -2.308099
v 46.658371 8.795715 0.479264
v 48.261993 8.675861 0.979067
v 46.705902 7.519747 -0.628467
v 45.187546 8.607334 0.048297
v 45.194290 7.396770 -0.289633
v 43.846237 8.650475 -0.336359
v 49.549164 8.398319 1.371790
v 50.601761 7.025803 -0.498374
v 50.883713 7.832628 1.656210
v 52.356598 6.914211 0.937677
v 51.927628 5.969644 0.103260
v 53.770950 5.969295 0.516113
v 53.331741 5.092912 0.011516
v 55.390564 5.140059 0.183486
v 55.209976 4.030586 -1.051853
v 57.148865 4.887086 0.001769
v 58.558716 5.237747 -0.085000
v 59.659439 5.781319 -0.158477
v 49.179214 5.013325 2.726966
v 38.192551 5.687510 2.820811
v 25.264038 6.426960 2.901959
v 17.503769 7.244522 3.124715
v -4.065613 1.879058 3.407762
v -18.083336 1.137094 4.201951
v 6.729187 1.694734 3.241216
v 17.173325 0.943044 3.100113
v 24.959839 0.624628 2.879306
v 37.894608 -0.543274 1.662978
v 37.947876 0.304439 2.799477
v -17.843140 4.413011 4.214162
v -17.878334 5.268334 4.514412
v -16.958946 4.354146 4.136302
v -15.731133 4.764001 4.063202
v -17.850166 6.461273 4.678350
v -14.239304 6.637917 3.607730
v -16.934074 7.511915 4.675165
v -14.064117 7.785198 3.611235
v -16.376846 8.461866 4.674583
v -13.500610 8.648926 3.610221
v -16.202896 9.309536 4.676797
v -14.002983 9.724207 4.117756
v -15.178719 9.664825 4.482064
v -12.470192 9.515614 3.737865
v -12.435707 9.103500 3.603187
v -11.274002 9.482410 3.513861
v -11.359146 9.112875 3.564015
v -10.481712 8.655903 3.788982
v -9.602242 8.766100 3.749229
v -8.664047 9.357689 3.358793
v 17.500275 8.776073 2.258529
v 14.124481 9.747211 2.829803
v 19.356567 8.317799 1.353377
v 11.160652 9.715246 2.854750
v 8.258789 9.535637 2.878525
v 6.258522 9.730484 2.896299
v 4.349258 10.308706 2.914967
v 3.107430 10.043880 2.966394
v 0.697136 9.766081 3.461733
v -0.334312 8.827810 3.761787
v -1.168976 9.171412 3.414956
v -2.157959 8.564762 3.408623
v -1.643448 8.335640 3.770725
v -2.551140 7.790966 3.410729
v -2.120453 7.582546 3.773626
v -3.255150 7.575336 3.421141
v -2.666565 7.050386 3.781334
v -3.980530 6.734434 3.428152
v -3.414894 6.307465 3.788745
v -4.492455 5.458698 3.457211
v -3.900963 5.371835 3.818837
v -4.011848 3.945802 3.416292
v -2.498329 10.159555 3.230835
v -3.846367 10.046347 3.241750
v -5.480255 9.784401 3.396445
v 14.006882 7.840034 3.181628
v 10.937325 7.830612 3.219918
v 7.950928 7.155844 3.254619
v 5.521034 7.969353 3.290880
v 2.540077 7.639568 3.333870
v 0.902740 6.693695 3.353549
v -0.364876 5.390466 3.367299
v -1.424789 4.319880 3.380506
v -2.687607 3.859634 3.396576
v -8.476616 5.278961 3.690054
v -7.493980 6.103437 3.634966
v -6.328514 7.984966 3.571919
v -3.870499 9.380836 3.438724
v -2.542488 9.263058 3.419285
v -9.798630 4.905542 3.737144
v -10.931366 5.024928 3.808854
v -11.528748 5.917311 3.856398
v -11.585236 7.160597 3.826964
v -18.307037 2.044744 4.207790
v -20.375023 1.324276 4.307643
v -18.485611 5.087632 4.222531
v -22.615685 4.632467 4.255500
v -22.041939 1.104223 4.235309
v -23.588570 1.256975 4.044730
v -23.448967 4.262569 4.260943
v -24.944527 1.664004 3.839182
v -24.354401 4.290992 4.195270
v -21.804527 5.422707 4.252072
v -20.835091 6.721325 4.249515
v -18.736412 6.119046 4.229138
v -19.899361 7.403507 4.244563
v -18.933243 7.469173 4.236675
v -18.417938 7.056248 4.230517
v -19.772545 -0.496644 4.294629
v -21.685989 -1.780474 4.305237
v -26.004959 2.512127 3.801080
v -25.042381 5.011630 4.277686
v -29.389565 3.780385 3.406970
v -26.756462 2.418099 3.807029
v -29.135010 1.565453 3.395186
v -28.743416 0.817631 3.388621
v -29.085541 6.020286 3.414136
v -26.920708 7.016342 3.809444
v -25.134628 6.289265 4.284019
v -28.216171 6.824532 3.600576
v -23.462105 -0.709303 4.597555
v -25.047516 0.025457 4.947264
v -26.721413 0.409354 5.236480
v -28.097908 0.293571 5.520997
v 49.553268 2.351923 1.336942
v 51.795044 3.615634 0.431930
v -24.928452 10.171099 1.588211
v -24.180206 8.838036 4.287024
v -25.947281 8.719681 3.786701
v -30.243263 0.760861 3.401067
v -31.197350 0.506543 3.966601
v -32.120743 9.255993 4.041181
v -29.132797 8.503019 4.818419
v -29.899620 7.205696 4.769815
v -28.043999 9.321323 4.804132
v -30.581841 4.933548 4.652904
v -31.056931 2.410343 4.320535
v -27.087868 8.520308 4.750306
v -26.403366 7.663071 4.685023
v -27.716255 10.568567 2.641626
v -24.706856 7.458336 4.285484
v -29.669853 11.116385 2.545261
v -31.644554 11.319588 2.292158
v -23.250862 9.287350 4.650175
v -21.076309 9.294985 4.196925
v -19.071030 9.287369 3.935374
v -17.817604 9.310822 3.822789
v -17.402962 10.296682 3.000454
v -23.309830 8.247156 4.646153
v -24.070915 7.048420 4.647381
v -24.493958 5.915761 4.646037
v -24.470085 4.984269 4.440278
v -17.125114 9.350147 3.817101
v -17.112938 8.678810 4.183640
v -16.845955 11.290146 1.178977
v -10.988403 6.968533 4.152646
v -11.074013 6.025869 4.149271
v -10.063316 8.084579 4.149663
v -17.760017 7.781025 4.228102
v -7.344917 10.021982 3.886827
v -8.075287 8.997530 4.136812
v -9.048393 8.280172 4.141927
v 61.189972 1.471988 1.566640
v 59.736664 2.022214 1.581332
v 59.162933 2.006242 1.838899
v 59.607300 1.272546 2.528698
v 58.024551 2.263119 2.342586
v 58.377457 1.267192 3.199085
v 56.697845 1.988622 3.596968
v 56.505295 3.455630 2.465168
v 54.806381 4.937201 2.138366
v 54.955750 3.067505 3.728748
v 53.602631 5.149583 1.562212
v 53.498596 3.527220 3.604889
v 61.073853 2.399973 1.571657
v 59.639862 2.512621 2.595005
v 58.250443 2.932673 3.106530
v 56.426346 4.158300 3.601989
v 54.648727 5.522861 3.742024
v 53.270996 5.905487 3.532103
v 50.402557 2.805598 2.942726
v 50.146881 4.283611 1.525925
v 48.785492 3.602219 2.104008
v 52.024643 3.422545 3.325042
v 51.882202 4.975101 1.361363
v 50.011703 5.475600 3.286111
v 50.161911 4.338970 4.321944
v 48.534531 3.561424 3.843994
v 46.988205 4.373552 3.110212
v 51.605713 5.853281 3.426291
v 51.780838 4.881745 3.978899
v 53.308075 5.017596 5.033749
v 59.911545 1.872910 3.233743
v 62.492840 1.813356 1.794677
v 58.397629 2.213062 4.136283
v 56.549286 3.250913 4.796804
v 54.654770 4.752164 5.088882
v 53.354385 -1.868995 -1.086202
v 54.326996 -1.968299 -0.460024
v 54.264664 -2.582748 -1.097009
v 53.893677 -1.576373 -1.089494
v 53.850510 -1.117689 -1.087135
v 53.754150 -0.695282 0.155708
v 52.217072 -0.200218 -1.069323
v 52.213058 0.021587 -0.439975
v 53.758743 0.287856 0.572355
v 55.239136 0.107695 1.390779
v 55.148422 -1.341509 0.744889
v 56.625809 0.001829 2.214585
v 56.457611 -2.150880 1.244927
v 56.782257 2.225595 1.261208
v 55.295822 1.759654 0.728409
v 56.837982 3.255940 -1.093399
v 55.306503 2.507173 -1.083696
v 53.812210 1.333412 0.122204
v 53.865356 1.950382 -1.073921
v 52.183914 0.514147 -0.204969
v 52.172104 0.884118 -0.483108
v 52.153336 1.218514 -1.062616
v 55.667831 -2.868979 -1.110127
v 56.376358 -2.968958 -1.116556
v 49.999039 0.827408 -1.046088
v 57.801880 -2.606151 1.529926
v 57.702332 -3.627866 -1.130643
v 59.271973 -3.766240 -1.144525
v 59.371246 -2.747646 1.516032
v 57.997437 -0.101404 2.639705
v 59.567398 -0.217415 2.516931
v 58.171829 2.389883 1.548429
v 59.743317 2.278664 1.534817
v 58.224228 3.446252 -1.104302
v 59.792480 3.295996 -1.118226
v 61.322723 -0.345057 1.844523
v 61.165878 -2.368966 1.069785
v 62.828499 -0.453012 0.858233
v 62.728432 -1.731943 0.272201
v 61.079193 -3.275216 -1.157683
v 62.665310 -2.414259 -1.167361
v 62.928429 0.964055 0.282231
v 61.480022 1.878270 0.992536
v 62.999367 2.091419 -1.150599
v 61.530117 2.806920 -1.135056
v 63.950642 -1.262831 -0.182702
v 63.893742 -1.749510 -1.174865
v 63.953434 -0.534061 0.219804
v 63.990543 0.439666 -0.190972
v 64.018173 0.808058 -1.164799
v 66.838226 -0.742706 -1.195405
v 61.144150 1.495502 -3.842109
v 59.545364 1.304316 -4.778943
v 59.112915 2.031958 -4.075372
v 59.690964 2.045732 -3.827425
v 57.966309 2.293121 -4.557476
v 58.304337 1.304690 -5.428443
v 56.618408 2.029442 -5.791563
v 56.444977 3.486536 -4.643958
v 54.752060 4.965079 -4.275579
v 54.874435 3.109303 -5.884461
v 53.558228 5.172364 -3.677311
v 53.419525 3.567809 -5.731968
v 51.950455 3.460602 -5.428135
v 51.841415 4.996017 -3.448898
v 50.103546 4.305856 -3.590084
v 50.335205 2.840235 -5.023814
v 48.732483 3.629410 -4.150948
v 61.028122 2.423485 -3.837097
v 59.577026 2.544928 -4.835014
v 58.179108 2.969308 -5.319274
v 56.347061 4.199061 -5.773129
v 54.567444 5.564664 -5.871188
v 53.193298 5.945337 -5.634655
v 51.530136 5.892094 -5.501142
v 49.938660 5.513091 -5.337296
v 46.918457 4.409333 -5.119848
v 48.452271 3.603728 -5.886734
v 50.071548 4.385534 -6.385367
v 51.688889 4.928934 -6.874388
v 53.205078 5.070541 -7.144384
v 54.550491 4.805701 -7.224599
v 56.449661 3.302104 -6.977689
v 58.308838 2.258686 -6.357590
v 59.837845 1.910812 -5.483793
v 62.443096 1.838936 -4.089182
v 54.316315 -1.962779 -1.729590
v 53.733109 -0.684503 -2.324444
v 52.202408 0.027048 -1.696556
v 53.730743 0.302228 -2.732550
v 55.197037 0.129296 -3.577438
v 55.117218 -1.325478 -2.942728
v 56.569580 0.030698 -4.425491
v 56.417770 -2.130371 -3.471867
v 56.742355 2.246099 -3.455586
v 55.265091 1.775440 -2.901786
v 53.791901 1.343835 -2.274293
v 52.169388 0.521630 -1.926746
v 52.162231 0.889170 -1.645243
v 57.757004 -2.583050 -3.783520
v 59.326263 -2.724549 -3.797416
v 57.933823 -0.068740 -4.874639
v 59.505676 -0.185695 -4.779462
v 58.126907 2.412988 -3.764848
v 59.698425 2.301769 -3.778799
v 61.272232 -0.319042 -4.137984
v 61.128265 -2.349628 -3.378331
v 62.794304 -0.435455 -3.178299
v 62.704113 -1.719450 -2.601799
v 62.904045 0.976551 -2.591769
v 61.443935 1.896800 -3.269486
v 63.933811 -1.254219 -2.163578
v 63.929996 -0.521976 -2.559723
v 63.973957 0.448145 -2.141181
v -82.007126 0.604033 6.861388
v -85.504471 0.481057 6.476665
v -82.946472 2.569125 2.733881
v -81.236130 2.699037 2.719974
v -85.304550 2.646563 2.754171
v -88.169113 4.159242 2.883597
v -89.071686 0.809907 6.222449
v -92.764313 1.700432 5.924490
v -79.320831 0.922501 7.286771
v -79.253143 1.788282 2.932456
v -71.687668 2.918911 8.648832
v -71.798065 3.895029 5.123067
v -91.959549 3.769127 2.983142
v -107.442322 2.459476 2.940685
v -95.561386 4.486039 3.226539
v -95.501740 4.170272 5.774170
v -94.679260 2.528080 5.750041
v -94.278946 3.867650 3.118130
v -61.581146 -0.439075 6.061818
v -64.211395 1.112114 7.553546
v -64.041397 2.070555 6.285587
v -66.189041 3.033394 5.931700
v -66.463516 1.872513 8.617210
v -68.661423 3.617903 5.650165
v -68.843597 2.517025 8.634064
v -64.409393 0.216494 6.280640
v -66.817093 0.376863 5.925465
v -69.176666 0.216508 5.639737
v -71.410599 -0.092583 5.102449
v -77.856949 -1.132499 2.907943
v -82.066833 -1.601005 2.708308
v -85.813812 -1.725271 2.739474
v -89.770096 -1.556152 2.773687
v -94.001205 -1.025831 2.811795
v -100.167282 0.278230 2.869641
v -82.122086 0.663081 -6.720228
v -82.991287 2.592149 -2.560496
v -85.612366 0.536507 -6.277473
v -81.280945 2.722060 -2.574403
v -85.349380 2.669580 -2.540205
v -88.215591 4.183119 -2.607981
v -89.174774 0.862868 -5.960075
v -92.861740 1.750504 -5.591938
v -79.443314 0.985430 -7.188225
v -79.301880 1.813332 -2.828321
v -71.834152 2.994180 -8.661868
v -71.884796 3.939585 -5.126372
v -92.007187 3.793612 -2.646752
v -94.773422 2.576462 -5.377919
v -94.328506 3.893131 -2.741616
v -95.596100 4.218735 -5.373852
v -95.612595 4.512340 -2.822926
v -107.487122 2.482493 -2.353691
v -61.685539 -0.385440 -6.275531
v -64.149033 2.125862 -6.435809
v -64.340561 1.178480 -7.708987
v -66.290298 3.085429 -6.037275
v -66.610275 1.947921 -8.727747
v -68.757553 3.667288 -5.708866
v -68.990265 2.592383 -8.698723
v -64.517014 0.271805 -6.440756
v -66.918411 0.428899 -6.043508
v -69.272797 0.265893 -5.719294
v -71.497314 -0.048019 -5.146987
v -77.905716 -1.107452 -2.852833
v -82.111664 -1.577990 -2.586070
v -85.858597 -1.702249 -2.554902
v -89.814880 -1.533136 -2.520690
v -94.046021 -1.002815 -2.482582
v -100.212097 0.301247 -2.424735
v -51.680290 0.726789 4.173044
v -52.178829 2.458097 6.171329
v -50.445450 0.870299 3.561146
v -54.176926 1.545967 4.449721
v -54.179947 2.499315 6.704214
v -50.511868 3.004605 5.480856
v -49.105194 1.411654 3.419351
v -47.994255 2.142896 3.280320
v -49.127754 3.655753 5.151769
v -47.650131 4.541304 5.280977
v -46.683174 3.097812 3.273378
v -46.053398 5.604509 5.229037
v -45.315880 4.138943 3.266334
v -44.339630 5.991624 4.774843
v -43.847427 4.954236 3.257454
v -42.331520 6.050343 4.092545
v -42.177635 5.557117 3.245945
v -40.559227 5.846627 3.233509
v -83.818726 -6.618863 2.801846
v -80.228653 -4.673800 4.664621
v -79.880280 -5.561981 2.773114
v -77.631851 -3.534301 5.487082
v -76.468811 -5.839759 2.743039
v -75.627151 -3.142998 5.966600
v -73.371643 -5.938811 2.716401
v -73.345200 -3.406630 6.036108
v -70.684265 -3.670730 5.784348
v -70.370178 -5.625884 2.692362
v -67.972458 -3.508074 5.305303
v -67.584839 -5.056046 2.671270
v -64.949051 -2.684104 4.931936
v -64.562515 -4.108243 2.649817
v -62.965218 -1.798795 4.933039
v -62.574760 -2.841033 2.849486
v -61.218559 -0.739846 5.003967
v -60.856339 -1.384112 3.052259
v -59.764740 0.892313 5.492981
v -59.329216 0.220974 3.367878
v -58.852859 1.845288 5.928724
v -58.466187 1.081770 3.714499
v -57.747025 2.367472 6.385731
v -57.412247 1.583716 4.057944
v -55.981369 2.584791 6.646058
v -55.835159 1.698635 4.473551
v -60.752769 4.239920 4.097762
v -57.970688 4.133271 5.956938
v -58.310089 3.737722 4.074909
v -56.054588 2.961756 6.133067
v -55.768326 4.673079 4.485917
v -54.266968 4.275484 4.462350
v -52.448624 4.122923 4.194313
v -57.038742 5.319611 4.389371
v -51.009354 4.293837 3.749034
v -49.711636 4.828828 3.306531
v -48.364845 5.952312 3.300019
v -46.763603 7.027494 3.291145
v -45.216049 7.572491 3.280417
v -43.678040 7.509884 3.267131
v -42.503860 7.067444 3.255271
v -75.545258 -1.355038 2.754722
v -73.373459 -1.375342 2.736257
v -70.929626 -2.359127 3.377429
v -68.182846 -2.556436 3.895863
v -65.160233 -2.024523 4.056566
v -63.127396 -1.412945 4.094571
v -61.492172 -0.233756 4.086908
v -60.204987 1.500626 4.687295
v -59.069817 2.640180 5.222666
v -57.972931 3.205213 5.875732
v -68.646545 -0.562881 4.248658
v -71.046661 -1.491989 3.735817
v -71.139038 -0.893495 2.719443
v -68.875717 0.450632 2.706135
v -65.294525 -1.535102 4.228616
v -62.335228 1.576791 2.956889
v -60.880066 2.378247 3.390381
v -63.814976 0.924499 2.834976
v -63.566303 0.091350 3.425488
v -65.896652 0.423550 2.680809
v -80.547424 -3.894448 2.786009
v -78.255508 -2.462090 2.772843
v -51.754089 0.764689 -4.544515
v -50.509026 0.902967 -3.952370
v -52.286232 2.513268 -6.518942
v -54.254959 1.586058 -4.771760
v -54.296066 2.558970 -7.017507
v -50.607727 3.053887 -5.852048
v -49.166481 1.443167 -3.828574
v -48.053398 2.173250 -3.702004
v -49.218216 3.702242 -5.540778
v -47.742950 4.588984 -5.687274
v -46.742241 3.128168 -3.708948
v -46.145485 5.651823 -5.653117
v -45.374924 4.169297 -3.715992
v -44.424232 6.035089 -5.224636
v -43.906525 4.984595 -3.724872
v -42.404877 6.088035 -4.575944
v -42.236725 5.587472 -3.736380
v -40.618317 5.876987 -3.748817
v -83.865219 -6.594971 -2.693574
v -79.926834 -5.538088 -2.722306
v -80.307068 -4.633527 -4.599840
v -77.724487 -3.486728 -5.456194
v -76.515320 -5.815865 -2.752380
v -75.728119 -3.091119 -5.966153
v -73.418182 -5.914916 -2.779018
v -73.447708 -3.353969 -6.076564
v -70.782867 -3.620055 -5.872163
v -70.416672 -5.601990 -2.803057
v -68.063385 -3.461368 -5.437680
v -67.631317 -5.032158 -2.824149
v -64.608932 -4.084351 -2.845601
v -65.033981 -2.640453 -5.108373
v -63.050400 -1.755024 -5.135358
v -62.624847 -2.815304 -3.067849
v -61.305145 -0.695365 -5.226613
v -60.909981 -1.356554 -3.286995
v -59.859695 0.941089 -5.725950
v -59.388306 0.251332 -3.614448
v -58.955238 1.897878 -6.168767
v -58.531219 1.115170 -3.968132
v -57.857231 2.424103 -6.639866
v -57.483162 1.620169 -4.324990
v -56.096214 2.643803 -6.928125
v -55.913345 1.738808 -4.766199
v -60.823715 4.276367 -4.285172
v -58.380997 3.774175 -4.308025
v -58.073448 4.186087 -6.192016
v -56.160721 3.016294 -6.410721
v -54.345001 4.315572 -4.759130
v -55.846512 4.713244 -4.753833
v -52.522385 4.160823 -4.523249
v -57.115013 5.358818 -4.630184
v -51.075790 4.327962 -4.100911
v -49.770737 4.859183 -3.675795
v -48.423973 5.982669 -3.682306
v -46.822670 7.057854 -3.691181
v -45.275162 7.602840 -3.701908
v -43.737129 7.540251 -3.715194
v -42.562965 7.097797 -3.727053
v -73.419952 -1.351450 -2.759163
v -75.591766 -1.331146 -2.740698
v -70.987396 -2.329443 -3.450117
v -68.249771 -2.522033 -4.016665
v -65.230331 -1.988523 -4.223860
v -63.198368 -1.376488 -4.290947
v -61.563164 -0.197292 -4.300708
v -60.286209 1.542334 -4.907679
v -59.160118 2.686589 -5.452246
v -58.074417 3.257364 -6.118855
v -68.719254 -0.525520 -4.344217
v -68.922256 0.474525 -2.789284
v -71.185501 -0.869600 -2.775976
v -71.110428 -1.459231 -3.798934
v -65.367477 -1.497637 -4.389353
v -60.939148 2.408605 -3.591943
v -62.386833 1.603301 -3.140869
v -63.864307 0.949865 -2.999616
v -63.625767 0.121900 -3.601469
v -65.943161 0.447447 -2.814610
v -80.593964 -3.870556 -2.709410
v -78.302002 -2.438200 -2.722576
v -35.642509 6.140985 4.597799
v -35.647354 6.917866 6.497461
v -35.610458 6.124488 8.389951
v -35.553391 4.225602 9.166667
v -35.598747 4.248923 3.803745
v -35.509651 2.333557 8.372617
v -35.541679 2.350043 4.580464
v -35.504807 1.556669 6.472944
v -31.128532 1.673178 6.436423
v -31.165443 2.466556 4.543941
v -31.133331 2.450065 8.336091
v -31.177071 4.342118 9.130138
v -31.234093 6.241007 8.353426
v -31.271111 7.034382 6.460937
v -31.266220 6.257494 4.561275
v -31.222466 4.365435 3.767218
v -35.408745 -1.173903 -2.228317
v -35.230255 -4.961975 -2.246297
v -35.326210 -3.064529 -3.022687
v -35.177269 -5.754761 -0.353945
v -35.429657 -0.397611 -0.328519
v -35.376686 -1.190392 1.563830
v -35.280869 -3.087844 2.340225
v -35.198181 -4.978464 1.545850
v -30.853539 -4.773614 1.509978
v -30.832489 -5.549887 -0.389820
v -30.936066 -2.882976 2.304351
v -31.031898 -0.985521 1.527955
v -31.084801 -0.192736 -0.364394
v -30.885620 -4.757126 -2.282169
v -30.981422 -2.859655 -3.058563
v -31.064003 -0.969031 -2.264190
v -35.725380 6.183542 -5.193488
v -35.757446 6.200031 -8.985643
v -35.762268 6.976925 -7.085962
v -35.713730 4.307977 -9.779690
v -35.668327 4.284662 -4.416774
v -35.656647 2.409100 -9.002978
v -35.624596 2.392612 -5.210823
v -35.619736 1.615726 -7.110481
v -31.248337 2.509122 -5.247347
v -31.243477 1.732233 -7.147006
v -31.280434 2.525610 -9.039503
v -31.337425 4.424491 -9.816212
v -31.381172 6.316542 -9.022167
v -31.386032 7.093437 -7.122489
v -31.349068 6.300062 -5.230013
v -31.292046 4.401171 -4.453299
v -36.076981 14.001711 1.635805
v -35.891434 10.213974 1.617767
v -35.869011 9.437746 -0.282041
v -36.131538 14.794420 -0.256531
v -35.977608 12.104401 2.412171
v -31.456535 10.431526 1.581186
v -31.434059 9.655302 -0.318623
v -31.542763 12.321951 2.375590
v -31.642174 14.219250 1.599225
v -31.696678 15.011957 -0.293112
v -36.109077 14.018206 -2.156342
v -35.923508 10.230453 -2.174379
v -36.022987 12.127726 -2.950742
v -31.488625 10.448006 -2.210961
v -31.588135 12.345266 -2.987323
v -31.674255 14.235731 -2.192923
v -32.937332 -7.590277 3.973320
v -31.185173 -6.313128 3.528629
v -31.182251 -7.187390 -0.393979
v -32.934090 -8.561685 -0.385131
v -33.020485 -4.786084 7.677542
v -31.260139 -3.789358 6.862417
v -33.170845 -0.576010 10.163571
v -31.395424 -0.000290 9.099849
v -31.158340 -5.123290 -0.385208
v -31.160789 -4.402811 2.847380
v -31.222527 -2.322999 5.594729
v -31.333992 0.799536 7.438565
v -31.570679 4.477210 9.900290
v -33.365532 4.398989 11.052941
v -33.574799 9.381523 10.210292
v -31.758957 8.961487 9.141889
v -33.766953 13.613054 7.763847
v -31.931885 12.769852 6.940098
v -33.912621 16.449350 4.086096
v -32.062943 15.322544 3.630130
v -33.989601 17.458618 -0.263073
v -32.132202 16.230894 -0.284127
v -31.478378 4.489410 8.098211
v -31.633568 8.184853 7.473207
v -31.776062 11.323294 5.658744
v -31.884125 13.426941 2.931026
v -31.941299 14.175480 -0.294679
v -33.400627 4.417004 6.908601
v -33.276871 1.254261 6.343199
v -33.181274 -1.422191 4.762754
v -33.128426 -3.204896 2.407886
v -33.126282 -3.822445 -0.362900
v -33.533653 7.584539 6.372895
v -33.655746 10.274637 4.817630
v -33.748360 12.077747 2.479584
v -33.797333 12.719370 -0.285304
v -34.984856 -4.558094 2.879064
v -34.982368 -5.278572 -0.353524
v -35.046524 -2.478268 5.626408
v -34.869164 -3.935896 6.892315
v -34.794380 -6.459688 3.558533
v -34.791351 -7.333949 -0.364077
v -35.004517 -0.146841 9.129748
v -35.179771 4.330658 9.930195
v -35.368057 8.814939 9.171786
v -35.158119 0.644253 7.470244
v -35.302353 4.334131 8.129896
v -35.457703 8.029579 7.504894
v -35.540970 12.623322 6.970001
v -35.671997 15.175991 3.660031
v -35.741402 16.084341 -0.254224
v -35.600121 11.168015 5.690426
v -35.708122 13.271664 2.962708
v -35.765274 14.020191 -0.262996
v -35.762772 13.299747 -3.495588
v -35.738373 15.210056 -4.176839
v -33.986290 16.487200 -4.621529
v -35.663483 12.686274 -7.510625
v -33.903053 13.683008 -8.325746
v -35.528160 8.897190 -9.748058
v -33.752693 9.472927 -10.811764
v -35.589615 8.097359 -8.086780
v -35.445122 4.407501 -8.746422
v -35.353065 4.419686 -10.548491
v -33.558075 4.497912 -11.701148
v -31.743927 4.566240 -10.578396
v -31.555588 0.081964 -9.820000
v -33.348717 -0.484615 -10.858468
v -31.919098 9.043739 -9.777959
v -32.054390 12.832798 -7.540526
v -32.129272 15.356611 -4.206743
v -31.465950 0.867325 -8.153107
v -31.323509 -2.271114 -6.338628
v -31.382690 -3.726404 -7.618196
v -33.156662 -4.716127 -8.412048
v -31.251503 -6.279055 -4.308231
v -33.010994 -7.552417 -4.734291
v -31.215446 -4.374734 -3.610902
v -31.877068 11.375172 -6.274621
v -31.938774 13.455021 -3.527271
v -33.175240 -3.180828 -3.127781
v -33.267746 -1.377722 -5.465827
v -33.742302 10.319105 -5.410974
v -33.646759 7.642639 -6.991400
v -31.765518 8.252649 -8.118461
v -31.621132 4.562780 -8.778106
v -33.389961 1.312367 -7.021097
v -33.523026 4.479898 -7.556800
v -33.795189 12.101812 -3.056098
v -35.290039 0.712039 -8.121422
v -35.164627 -0.064582 -9.790093
v -34.991707 -3.872940 -7.588295
v -34.860687 -6.425615 -4.278327
v -35.039497 -4.530020 -3.579219
v -35.147438 -2.426383 -6.306945
v -35.701065 11.219902 -6.242939
v 61.189972 1.471988 1.566640
v 59.736664 2.022214 1.581332
v 59.162933 2.006242 1.838899
v 59.607300 1.272546 2.528698
v 58.024551 2.263119 2.342586
v 58.377457 1.267192 3.199085
v 56.697845 1.988622 3.596968
v 56.505295 3.455630 2.465168
v 54.806381 4.937201 2.138366
v 54.955750 3.067505 3.728748
v 53.602631 5.149583 1.562212
v 53.498596 3.527220 3.604889
v 61.073853 2.399973 1.571657
v 59.639862 2.512621 2.595005
v 58.250443 2.932673 3.106530
v 56.426346 4.158300 3.601989
v 54.648727 5.522861 3.742024
v 53.270996 5.905487 3.532103
v 50.402557 2.805598 2.942726
v 50.146881 4.283611 1.525925
v 48.785492 3.602219 2.104008
v 52.024643 3.422545 3.325042
v 51.882202 4.975101 1.361363
v 50.011703 5.475600 3.286111
v 50.161911 4.338970 4.321944
v 48.534531 3.561424 3.843994
v 46.988205 4.373552 3.110212
v 51.605713 5.853281 3.426291
v 51.780838 4.881745 3.978899
v 53.308075 5.017596 5.033749
v 59.911545 1.872910 3.233743
v 62.492840 1.813356 1.794677
v 58.397629 2.213062 4.136283
v 56.549286 3.250913 4.796804
v 54.654770 4.752164 5.088882
v 53.354385 -1.868995 -1.086202
v 54.326996 -1.968299 -0.460024
v 54.264664 -2.582748 -1.097009
v 53.893677 -1.576373 -1.089494
v 53.850510 -1.117689 -1.087135
v 53.754150 -0.695282 0.155708
v 52.217072 -0.200218 -1.069323
v 52.213058 0.021587 -0.439975
v 53.758743 0.287856 0.572355
v 55.239136 0.107695 1.390779
v 55.148422 -1.341509 0.744889
v 56.625809 0.001829 2.214585
v 56.457611 -2.150880 1.244927
v 56.782257 2.225595 1.261208
v 55.295822 1.759654 0.728409
v 56.837982 3.255940 -1.093399
v 55.306503 2.507173 -1.083696
v 53.812210 1.333412 0.122204
v 53.865356 1.950382 -1.073921
v 52.183914 0.514147 -0.204969
v 52.172104 0.884118 -0.483108
v 52.153336 1.218514 -1.062616
v 55.667831 -2.868979 -1.110127
v 56.376358 -2.968958 -1.116556
v 49.999039 0.827408 -1.046088
v 57.801880 -2.606151 1.529926
v 57.702332 -3.627866 -1.130643
v 59.271973 -3.766240 -1.144525
v 59.371246 -2.747646 1.516032
v 57.997437 -0.101404 2.639705
v 59.567398 -0.217415 2.516931
v 58.171829 2.389883 1.548429
v 59.743317 2.278664 1.534817
v 58.224228 3.446252 -1.104302
v 59.792480 3.295996 -1.118226
v 61.322723 -0.345057 1.844523
v 61.165878 -2.368966 1.069785
v 62.828499 -0.453012 0.858233
v 62.728432 -1.731943 0.272201
v 61.079193 -3.275216 -1.157683
v 62.665310 -2.414259 -1.167361
v 62.928429 0.964055 0.282231
v 61.480022 1.878270 0.992536
v 62.999367 2.091419 -1.150599
v 61.530117 2.806920 -1.135056
v 63.950642 -1.262831 -0.182702
v 63.893742 -1.749510 -1.174865
v 63.953434 -0.534061 0.219804
v 63.990543 0.439666 -0.190972
v 64.018173 0.808058 -1.164799
v 66.838226 -0.742706 -1.195405
v 61.144150 1.495502 -3.842109
v 59.545364 1.304316 -4.778943
v 59.112915 2.031958 -4.075372
v 59.690964 2.045732 -3.827425
v 57.966309 2.293121 -4.557476
v 58.304337 1.304690 -5.428443
v 56.618408 2.029442 -5.791563
v 56.444977 3.486536 -4.643958
v 54.752060 4.965079 -4.275579
v 54.874435 3.109303 -5.884461
v 53.558228 5.172364 -3.677311
v 53.419525 3.567809 -5.731968
v 51.950455 3.460602 -5.428135
v 51.841415 4.996017 -3.448898
v 50.103546 4.305856 -3.590084
v 50.335205 2.840235 -5.023814
v 48.732483 3.629410 -4.150948
v 61.028122 2.423485 -3.837097
v 59.577026 2.544928 -4.835014
v 58.179108 2.969308 -5.319274
v 56.347061 4.199061 -5.773129
v 54.567444 5.564664 -5.871188
v 53.193298 5.945337 -5.634655
v 51.530136 5.892094 -5.501142
v 49.938660 5.513091 -5.337296
v 46.918457 4.409333 -5.119848
v 48.452271 3.603728 -5.886734
v 50.071548 4.385534 -6.385367
v 51.688889 4.928934 -6.874388
v 53.205078 5.070541 -7.144384
v 54.550491 4.805701 -7.224599
v 56.449661 3.302104 -6.977689
v 58.308838 2.258686 -6.357590
v 59.837845 1.910812 -5.483793
v 62.443096 1.838936 -4.089182
v 54.316315 -1.962779 -1.729590
v 53.733109 -0.684503 -2.324444
v 52.202408 0.027048 -1.696556
v 53.730743 0.302228 -2.732550
v 55.197037 0.129296 -3.577438
v 55.117218 -1.325478 -2.942728
v 56.569580 0.030698 -4.425491
v 56.417770 -2.130371 -3.471867
v 56.742355 2.246099 -3.455586
v 55.265091 1.775440 -2.901786
v 53.791901 1.343835 -2.274293
v 52.169388 0.521630 -1.926746
v 52.162231 0.889170 -1.645243
v 57.757004 -2.583050 -3.783520
v 59.326263 -2.724549 -3.797416
v 57.933823 -0.068740 -4.874639
v 59.505676 -0.185695 -4.779462
v 58.126907 2.412988 -3.764848
v 59.698425 2.301769 -3.778799
v 61.272232 -0.319042 -4.137984
v 61.128265 -2.349628 -3.378331
v 62.794304 -0.435455 -3.178299
v 62.704113 -1.719450 -2.601799
v 62.904045 0.976551 -2.591769
v 61.443935 1.896800 -3.269486
v 63.933811 -1.254219 -2.163578
v 63.929996 -0.521976 -2.559723
v 63.973957 0.448145 -2.141181
v -82.007126 0.604033 6.861388
v -85.504471 0.481057 6.476665
v -82.946472 2.569125 2.733881
v -81.236130 2.699037 2.719974
v -85.304550 2.646563 2.754171
v -88.169113 4.159242 2.883597
v -89.071686 0.809907 6.222449
v -92.764313 1.700432 5.924490
v -79.320831 0.922501 7.286771
v -79.253143 1.788282 2.932456
v -71.687668 2.918911 8.648832
v -71.798065 3.895029 5.123067
v -91.959549 3.769127 2.983142
v -107.442322 2.459476 2.940685
v -95.561386 4.486039 3.226539
v -95.501740 4.170272 5.774170
v -94.679260 2.528080 5.750041
v -94.278946 3.867650 3.118130
v -61.581146 -0.439075 6.061818
v -64.211395 1.112114 7.553546
v -64.041397 2.070555 6.285587
v -66.189041 3.033394 5.931700
v -66.463516 1.872513 8.617210
v -68.661423 3.617903 5.650165
v -68.843597 2.517025 8.634064
v -64.409393 0.216494 6.280640
v -66.817093 0.376863 5.925465
v -69.176666 0.216508 5.639737
v -71.410599 -0.092583 5.102449
v -77.856949 -1.132499 2.907943
v -82.066833 -1.601005 2.708308
v -85.813812 -1.725271 2.739474
v -89.770096 -1.556152 2.773687
v -94.001205 -1.025831 2.811795
v -100.167282 0.278230 2.869641
v -82.122086 0.663081 -6.720228
v -82.991287 2.592149 -2.560496
v -85.612366 0.536507 -6.277473
v -81.280945 2.722060 -2.574403
v -85.349380 2.669580 -2.540205
v -88.215591 4.183119 -2.607981
v -89.174774 0.862868 -5.960075
v -92.861740 1.750504 -5.591938
v -79.443314 0.985430 -7.188225
v -79.301880 1.813332 -2.828321
v -71.834152 2.994180 -8.661868
v -71.884796 3.939585 -5.126372
v -92.007187 3.793612 -2.646752
v -94.773422 2.576462 -5.377919
v -94.328506 3.893131 -2.741616
v -95.596100 4.218735 -5.373852
v -95.612595 4.512340 -2.822926
v -107.487122 2.482493 -2.353691
v -61.685539 -0.385440 -6.275531
v -64.149033 2.125862 -6.435809
v -64.340561 1.178480 -7.708987
v -66.290298 3.085429 -6.037275
v -66.610275 1.947921 -8.727747
v -68.757553 3.667288 -5.708866
v -68.990265 2.592383 -8.698723
v -64.517014 0.271805 -6.440756
v -66.918411 0.428899 -6.043508
v -69.272797 0.265893 -5.719294
v -71.497314 -0.048019 -5.146987
v -77.905716 -1.107452 -2.852833
v -82.111664 -1.577990 -2.586070
v -85.858597 -1.702249 -2.554902
v -89.814880 -1.533136 -2.520690
v -94.046021 -1.002815 -2.482582
v -100.212097 0.301247 -2.424735
v -51.680290 0.726789 4.173044
v -52.178829 2.458097 6.171329
v -50.445450 0.870299 3.561146
v -54.176926 1.545967 4.449721
v -54.179947 2.499315 6.704214
v -50.511868 3.004605 5.480856
v -49.105194 1.411654 3.419351
v -47.994255 2.142896 3.280320
v -49.127754 3.655753 5.151769
v -47.650131 4.541304 5.280977
v -46.683174 3.097812 3.273378
v -46.053398 5.604509 5.229037
v -45.315880 4.138943 3.266334
v -44.339630 5.991624 4.774843
v -43.847427 4.954236 3.257454
v -42.331520 6.050343 4.092545
v -42.177635 5.557117 3.245945
v -40.559227 5.846627 3.233509
v -83.818726 -6.618863 2.801846
v -80.228653 -4.673800 4.664621
v -79.880280 -5.561981 2.773114
v -77.631851 -3.534301 5.487082
v -76.468811 -5.839759 2.743039
v -75.627151 -3.142998 5.966600
v -73.371643 -5.938811 2.716401
v -73.345200 -3.406630 6.036108
v -70.684265 -3.670730 5.784348
v -70.370178 -5.625884 2.692362
v -67.972458 -3.508074 5.305303
v -67.584839 -5.056046 2.671270
v -64.949051 -2.684104 4.931936
v -64.562515 -4.108243 2.649817
v -62.965218 -1.798795 4.933039
v -62.574760 -2.841033 2.849486
v -61.218559 -0.739846 5.003967
v -60.856339 -1.384112 3.052259
v -59.764740 0.892313 5.492981
v -59.329216 0.220974 3.367878
v -58.852859 1.845288 5.928724
v -58.466187 1.081770 3.714499
v -57.747025 2.367472 6.385731
v -57.412247 1.583716 4.057944
v -55.981369 2.584791 6.646058
v -55.835159 1.698635 4.473551
v -60.752769 4.239920 4.097762
v -57.970688 4.133271 5.956938
v -58.310089 3.737722 4.074909
v -56.054588 2.961756 6.133067
v -55.768326 4.673079 4.485917
v -54.266968 4.275484 4.462350
v -52.448624 4.122923 4.194313
v -57.038742 5.319611 4.389371
v -51.009354 4.293837 3.749034
v -49.711636 4.828828 3.306531
v -48.364845 5.952312 3.300019
v -46.763603 7.027494 3.291145
v -45.216049 7.572491 3.280417
v -43.678040 7.509884 3.267131
v -42.503860 7.067444 3.255271
v -75.545258 -1.355038 2.754722
v -73.373459 -1.375342 2.736257
v -70.929626 -2.359127 3.377429
v -68.182846 -2.556436 3.895863
v -65.160233 -2.024523 4.056566
v -63.127396 -1.412945 4.094571
v -61.492172 -0.233756 4.086908
v -60.204987 1.500626 4.687295
v -59.069817 2.640180 5.222666
v -57.972931 3.205213 5.875732
v -68.646545 -0.562881 4.248658
v -71.046661 -1.491989 3.735817
v -71.139038 -0.893495 2.719443
v -68.875717 0.450632 2.706135
v -65.294525 -1.535102 4.228616
v -62.335228 1.576791 2.956889
v -60.880066 2.378247 3.390381
v -63.814976 0.924499 2.834976
v -63.566303 0.091350 3.425488
v -65.896652 0.423550 2.680809
v -80.547424 -3.894448 2.786009
v -78.255508 -2.462090 2.772843
v -51.754089 0.764689 -4.544515
v -50.509026 0.902967 -3.952370
v -52.286232 2.513268 -6.518942
v -54.254959 1.586058 -4.771760
v -54.296066 2.558970 -7.017507
v -50.607727 3.053887 -5.852048
v -49.166481 1.443167 -3.828574
v -48.053398 2.173250 -3.702004
v -49.218216 3.702242 -5.540778
v -47.742950 4.588984 -5.687274
v -46.742241 3.128168 -3.708948
v -46.145485 5.651823 -5.653117
v -45.374924 4.169297 -3.715992
v -44.424232 6.035089 -5.224636
v -43.906525 4.984595 -3.724872
v -42.404877 6.088035 -4.575944
v -42.236725 5.587472 -3.736380
v -40.618317 5.876987 -3.748817
v -83.865219 -6.594971 -2.693574
v -79.926834 -5.538088 -2.722306
v -80.307068 -4.633527 -4.599840
v -77.724487 -3.486728 -5.456194
v -76.515320 -5.815865 -2.752380
v -75.728119 -3.091119 -5.966153
v -73.418182 -5.914916 -2.779018
v -73.447708 -3.353969 -6.076564
v -70.782867 -3.620055 -5.872163
v -70.416672 -5.601990 -2.803057
v -68.063385 -3.461368 -5.437680
v -67.631317 -5.032158 -2.824149
v -64.608932 -4.084351 -2.845601
v -65.033981 -2.640453 -5.108373
v -63.050400 -1.755024 -5.135358
v -62.624847 -2.815304 -3.067849
v -61.305145 -0.695365 -5.226613
v -60.909981 -1.356554 -3.286995
v -59.859695 0.941089 -5.725950
v -59.388306 0.251332 -3.614448
v -58.955238 1.897878 -6.168767
v -58.531219 1.115170 -3.968132
v -57.857231 2.424103 -6.639866
v -57.483162 1.620169 -4.324990
v -56.096214 2.643803 -6.928125
v -55.913345 1.738808 -4.766199
v -60.823715 4.276367 -4.285172
v -58.380997 3.774175 -4.308025
v -58.073448 4.186087 -6.192016
v -56.160721 3.016294 -6.410721
v -54.345001 4.315572 -4.759130
v -55.846512 4.713244 -4.753833
v -52.522385 4.160823 -4.523249
v -57.115013 5.358818 -4.630184
v -51.075790 4.327962 -4.100911
v -49.770737 4.859183 -3.675795
v -48.423973 5.982669 -3.682306
v -46.822670 7.057854 -3.691181
v -45.275162 7.602840 -3.701908
v -43.737129 7.540251 -3.715194
v -42.562965 7.097797 -3.727053
v -73.419952 -1.351450 -2.759163
v -75.591766 -1.331146 -2.740698
v -70.987396 -2.329443 -3.450117
v -68.249771 -2.522033 -4.016665
v -65.230331 -1.988523 -4.223860
v -63.198368 -1.376488 -4.290947
v -61.563164 -0.197292 -4.300708
v -60.286209 1.542334 -4.907679
v -59.160118 2.686589 -5.452246
v -58.074417 3.257364 -6.118855
v -68.719254 -0.525520 -4.344217
v -68.922256 0.474525 -2.789284
v -71.185501 -0.869600 -2.775976
v -71.110428 -1.459231 -3.798934
v -65.367477 -1.497637 -4.389353
v -60.939148 2.408605 -3.591943
v -62.386833 1.603301 -3.140869
v -63.864307 0.949865 -2.999616
v -63.625767 0.121900 -3.601469
v -65.943161 0.447447 -2.814610
v -80.593964 -3.870556 -2.709410
v -78.302002 -2.438200 -2.722576
v -35.642509 6.140985 4.597799
v -35.647354 6.917866 6.497461
v -35.610458 6.124488 8.389951
v -35.553391 4.225602 9.166667
v -35.598747 4.248923 3.803745
v -35.509651 2.333557 8.372617
v -35.541679 2.350043 4.580464
v -35.504807 1.556669 6.472944
v -31.128532 1.673178 6.436423
v -31.165443 2.466556 4.543941
v -31.133331 2.450065 8.336091
v -31.177071 4.342118 9.130138
v -31.234093 6.241007 8.353426
v -31.271111 7.034382 6.460937
v -31.266220 6.257494 4.561275
v -31.222466 4.365435 3.767218
v -35.408745 -1.173903 -2.228317
v -35.230255 -4.961975 -2.246297
v -35.326210 -3.064529 -3.022687
v -35.177269 -5.754761 -0.353945
v -35.429657 -0.397611 -0.328519
v -35.376686 -1.190392 1.563830
v -35.280869 -3.087844 2.340225
v -35.198181 -4.978464 1.545850
v -30.853539 -4.773614 1.509978
v -30.832489 -5.549887 -0.389820
v -30.936066 -2.882976 2.304351
v -31.031898 -0.985521 1.527955
v -31.084801 -0.192736 -0.364394
v -30.885620 -4.757126 -2.282169
v -30.981422 -2.859655 -3.058563
v -31.064003 -0.969031 -2.264190
v -35.725380 6.183542 -5.193488
v -35.757446 6.200031 -8.985643
v -35.762268 6.976925 -7.085962
v -35.713730 4.307977 -9.779690
v -35.668327 4.284662 -4.416774
v -35.656647 2.409100 -9.002978
v -35.624596 2.392612 -5.210823
v -35.619736 1.615726 -7.110481
v -31.248337 2.509122 -5.247347
v -31.243477 1.732233 -7.147006
v -31.280434 2.525610 -9.039503
v -31.337425 4.424491 -9.816212
v -31.381172 6.316542 -9.022167
v -31.386032 7.093437 -7.122489
v -31.349068 6.300062 -5.230013
v -31.292046 4.401171 -4.453299
v -36.076981 14.001711 1.635805
v -35.891434 10.213974 1.617767
v -35.869011 9.437746 -0.282041
v -36.131538 14.794420 -0.256531
v -35.977608 12.104401 2.412171
v -31.456535 10.431526 1.581186
v -31.434059 9.655302 -0.318623
v -31.542763 12.321951 2.375590
v -31.642174 14.219250 1.599225
v -31.696678 15.011957 -0.293112
v -36.109077 14.018206 -2.156342
v -35.923508 10.230453 -2.174379
v -36.022987 12.127726 -2.950742
v -31.488625 10.448006 -2.210961
v -31.588135 12.345266 -2.987323
v -31.674255 14.235731 -2.192923
v -32.937332 -7.590277 3.973320
v -31.185173 -6.313128 3.528629
v -31.182251 -7.187390 -0.393979
v -32.934090 -8.561685 -0.385131
v -33.020485 -4.786084 7.677542
v -31.260139 -3.789358 6.862417
v -33.170845 -0.576010 10.163571
v -31.395424 -0.000290 9.099849
v -31.158340 -5.123290 -0.385208
v -31.160789 -4.402811 2.847380
v -31.222527 -2.322999 5.594729
v -31.333992 0.799536 7.438565
v -31.570679 4.477210 9.900290
v -33.365532 4.398989 11.052941
v -33.574799 9.381523 10.210292
v -31.758957 8.961487 9.141889
v -33.766953 13.613054 7.763847
v -31.931885 12.769852 6.940098
v -33.912621 16.449350 4.086096
v -32.062943 15.322544 3.630130
v -33.989601 17.458618 -0.263073
v -32.132202 16.230894 -0.284127
v -31.478378 4.489410 8.098211
v -31.633568 8.184853 7.473207
v -31.776062 11.323294 5.658744
v -31.884125 13.426941 2.931026
v -31.941299 14.175480 -0.294679
v -33.400627 4.417004 6.908601
v -33.276871 1.254261 6.343199
v -33.181274 -1.422191 4.762754
v -33.128426 -3.204896 2.407886
v -33.126282 -3.822445 -0.362900
v -33.533653 7.584539 6.372895
v -33.655746 10.274637 4.817630
v -33.748360 12.077747 2.479584
v -33.797333 12.719370 -0.285304
v -34.984856 -4.558094 2.879064
v -34.982368 -5.278572 -0.353524
v -35.046524 -2.478268 5.626408
v -34.869164 -3.935896 6.892315
v -34.794380 -6.459688 3.558533
v -34.791351 -7.333949 -0.364077
v -35.004517 -0.146841 9.129748
v -35.179771 4.330658 9.930195
v -35.368057 8.814939 9.171786
v -35.158119 0.644253 7.470244
v -35.302353 4.334131 8.129896
v -35.457703 8.029579 7.504894
v -35.540970 12.623322 6.970001
v -35.671997 15.175991 3.660031
v -35.741402 16.084341 -0.254224
v -35.600121 11.168015 5.690426
v -35.708122 13.271664 2.962708
v -35.765274 14.020191 -0.262996
v -35.762772 13.299747 -3.495588
v -35.738373 15.210056 -4.176839
v -33.986290 16.487200 -4.621529
v -35.663483 12.686274 -7.510625
v -33.903053 13.683008 -8.325746
v -35.528160 8.897190 -9.748058
v -33.752693 9.472927 -10.811764
v -35.589615 8.097359 -8.086780
v -35.445122 4.407501 -8.746422
v -35.353065 4.419686 -10.548491
v -33.558075 4.497912 -11.701148
v -31.743927 4.566240 -10.578396
v -31.555588 0.081964 -9.820000
v -33.348717 -0.484615 -10.858468
v -31.919098 9.043739 -9.777959
v -32.054390 12.832798 -7.540526
v -32.129272 15.356611 -4.206743
v -31.465950 0.867325 -8.153107
v -31.323509 -2.271114 -6.338628
v -31.382690 -3.726404 -7.618196
v -33.156662 -4.716127 -8.412048
v -31.251503 -6.279055 -4.308231
v -33.010994 -7.552417 -4.734291
v -31.215446 -4.374734 -3.610902
v -31.877068 11.375172 -6.274621
v -31.938774 13.455021 -3.527271
v -33.175240 -3.180828 -3.127781
v -33.267746 -1.377722 -5.465827
v -33.742302 10.319105 -5.410974
v -33.646759 7.642639 -6.991400
v -31.765518 8.252649 -8.118461
v -31.621132 4.562780 -8.778106
v -33.389961 1.312367 -7.021097
v -33.523026 4.479898 -7.556800
v -33.795189 12.101812 -3.056098
v -35.290039 0.712039 -8.121422
v -35.164627 -0.064582 -9.790093
v -34.991707 -3.872940 -7.588295
v -34.860687 -6.425615 -4.278327
v -35.039497 -4.530020 -3.579219
v -35.147438 -2.426383 -6.306945
v -35.701065 11.219902 -6.242939
# 2273 vertices

vt 0.49195 0.99064
vt 0.49110 0.99149
vt 0.49365 0.99149
vt 0.49280 0.99064
vt 0.49365 0.98894
vt 0.49280 0.98979
vt 0.49110 0.98894
vt 0.49195 0.98979
vt 0.74436 0.22748
vt 0.68032 0.16342
vt 0.61627 0.22748
vt 0.68032 0.29151
vt 0.49364 0.98756
vt 0.49112 0.98756
vt 0.49196 0.98672
vt 0.49280 0.98672
vt 0.49364 0.98504
vt 0.49280 0.98589
vt 0.49112 0.98504
vt 0.49196 0.98589
vt 0.74442 0.22737
vt 0.68037 0.16331
vt 0.61633 0.22737
vt 0.68037 0.29140
vt 0.19707 0.53235
vt 0.21627 0.51876
vt 0.23159 0.51956
vt 0.22086 0.54181
vt 0.23547 0.50517
vt 0.27048 0.49628
vt 0.27696 0.52000
vt 0.29756 0.49691
vt 0.31991 0.51563
vt 0.26849 0.54722
vt 0.29961 0.55416
vt 0.32672 0.52670
vt 0.33212 0.53865
vt 0.33286 0.56602
vt 0.34411 0.54513
vt 0.36753 0.57978
vt 0.35861 0.54480
vt 0.39056 0.53578
vt 0.37351 0.53511
vt 0.37967 0.52926
vt 0.33116 0.51396
vt 0.32053 0.49200
vt 0.33662 0.50364
vt 0.19835 0.52307
vt 0.22649 0.49396
vt 0.26487 0.47889
vt 0.33331 0.47175
vt 0.33517 0.45409
vt 0.35228 0.45166
vt 0.35656 0.50125
vt 0.29650 0.47569
vt 0.30538 0.43173
vt 0.28109 0.41705
vt 0.24103 0.42840
vt 0.24462 0.43564
vt 0.25008 0.41365
vt 0.22625 0.41761
vt 0.36820 0.44434
vt 0.39825 0.46198
vt 0.37598 0.51549
vt 0.38001 0.51666
vt 0.39675 0.52058
vt 0.22669 0.46411
vt 0.24142 0.45190
vt 0.19876 0.47598
vt 0.19594 0.50360
vt 0.16760 0.50360
vt 0.17632 0.47598
vt 0.15376 0.47598
vt 0.35388 0.41751
vt 0.34664 0.35649
vt 0.36802 0.41317
vt 0.33815 0.41543
vt 0.31376 0.40581
vt 0.32336 0.35061
vt 0.29459 0.39335
vt 0.28651 0.33317
vt 0.27492 0.38280
vt 0.25079 0.37942
vt 0.24661 0.32673
vt 0.36712 0.35827
vt 0.39101 0.35864
vt 0.38939 0.41609
vt 0.22716 0.38115
vt 0.20718 0.38642
vt 0.19976 0.41739
vt 0.16298 0.39318
vt 0.41944 0.43348
vt 0.41944 0.46259
vt 0.21336 0.33150
vt 0.18490 0.34355
vt 0.16127 0.35825
vt 0.13183 0.37100
vt 0.34301 0.51138
vt 0.33610 0.52248
vt 0.34142 0.53148
vt 0.34915 0.53655
vt 0.35946 0.53777
vt 0.36917 0.52918
vt 0.41944 0.52740
vt 0.41944 0.57232
vt 0.41944 0.50831
vt 0.41944 0.38477
vt 0.16548 0.73303
vt 0.18239 0.74584
vt 0.16189 0.76369
vt 0.15020 0.74757
vt 0.17359 0.72256
vt 0.19215 0.73582
vt 0.13700 0.77567
vt 0.13154 0.75816
vt 0.11006 0.77918
vt 0.11171 0.76134
vt 0.21620 0.71846
vt 0.21648 0.72699
vt 0.19911 0.71969
vt 0.24354 0.71891
vt 0.22249 0.73677
vt 0.21086 0.74344
vt 0.19792 0.75941
vt 0.17192 0.77930
vt 0.14247 0.79363
vt 0.11002 0.79860
vt 0.03267 0.63013
vt 0.03267 0.63750
vt 0.05090 0.63606
vt 0.05090 0.63291
vt 0.02424 0.62867
vt 0.02424 0.63896
vt 0.01165 0.63396
vt 0.09392 0.63396
vt 0.07873 0.62859
vt 0.07873 0.63904
vt 0.06852 0.62770
vt 0.06852 0.63993
vt 0.53721 0.41413
vt 0.53035 0.37741
vt 0.48740 0.38675
vt 0.49064 0.42041
vt 0.43819 0.38966
vt 0.45392 0.42617
vt 0.56462 0.36350
vt 0.57637 0.40428
vt 0.61964 0.39006
vt 0.59811 0.34861
vt 0.63292 0.33522
vt 0.65542 0.37780
vt 0.69258 0.36448
vt 0.66903 0.32366
vt 0.72361 0.35527
vt 0.70303 0.31413
vt 0.74858 0.30761
vt 0.75811 0.34968
vt 0.78981 0.30645
vt 0.79123 0.34813
vt 0.82775 0.31104
vt 0.82214 0.34961
vt 0.86369 0.32037
vt 0.85253 0.35386
vt 0.90344 0.33507
vt 0.89232 0.35914
vt 0.93542 0.34937
vt 0.92614 0.36396
vt 0.98887 0.37829
vt 0.71004 0.41882
vt 0.70140 0.39579
vt 0.66764 0.40474
vt 0.73188 0.40756
vt 0.75760 0.39877
vt 0.78767 0.39301
vt 0.81734 0.39353
vt 0.84652 0.40275
vt 0.88878 0.39488
vt 0.84493 0.42016
vt 0.92329 0.38032
vt 0.79274 0.40556
vt 0.78057 0.40929
vt 0.78140 0.41271
vt 0.77165 0.41775
vt 0.77017 0.41371
vt 0.75397 0.41732
vt 0.75596 0.42289
vt 0.73984 0.41772
vt 0.73919 0.42581
vt 0.72070 0.41809
vt 0.71627 0.42812
vt 0.69498 0.42522
vt 0.67089 0.44547
vt 0.64860 0.44065
vt 0.68526 0.44399
vt 0.72138 0.44163
vt 0.62848 0.41567
vt 0.63295 0.43755
vt 0.63476 0.44792
vt 0.64917 0.44811
vt 0.64607 0.45797
vt 0.63312 0.45497
vt 0.63852 0.46290
vt 0.62741 0.45924
vt 0.62917 0.46390
vt 0.61797 0.46350
vt 0.61921 0.42929
vt 0.57541 0.42434
vt 0.53137 0.44711
vt 0.57387 0.44226
vt 0.48768 0.44707
vt 0.46739 0.44930
vt 0.60062 0.44198
vt 0.61716 0.44824
vt 0.62242 0.45292
vt 0.62196 0.45667
vt 0.77722 0.42397
vt 0.78600 0.41574
vt 0.76161 0.43162
vt 0.74269 0.43723
vt 0.09539 0.42866
vt 0.09682 0.42475
vt 0.10632 0.42834
vt 0.08964 0.43077
vt 0.09120 0.42321
vt 0.08258 0.43285
vt 0.08445 0.42200
vt 0.07817 0.43016
vt 0.07878 0.42118
vt 0.08289 0.43088
vt 0.07344 0.43053
vt 0.07299 0.42090
vt 0.06860 0.43163
vt 0.06668 0.42122
vt 0.06427 0.43342
vt 0.05956 0.42222
vt 0.05989 0.43621
vt 0.05409 0.42364
vt 0.04827 0.42562
vt 0.05013 0.44058
vt 0.05376 0.44110
vt 0.04526 0.44164
vt 0.04247 0.42794
vt 0.04228 0.44074
vt 0.03788 0.44074
vt 0.03651 0.43061
vt 0.05057 0.44166
vt 0.05045 0.44325
vt 0.04637 0.44241
vt 0.04929 0.44415
vt 0.04766 0.44454
vt 0.04634 0.44329
vt 0.04521 0.44440
vt 0.03130 0.44210
vt 0.03003 0.43437
vt 0.02394 0.44265
vt 0.02285 0.43659
vt 0.02022 0.44301
vt 0.01440 0.43566
vt 0.05602 0.44032
vt 0.06242 0.43670
vt 0.06212 0.43979
vt 0.06545 0.43699
vt 0.06566 0.43899
vt 0.06785 0.43675
vt 0.06868 0.43802
vt 0.07056 0.43609
vt 0.07115 0.43687
vt 0.07221 0.43535
vt 0.07267 0.43584
vt 0.07391 0.43429
vt 0.49089 0.45593
vt 0.46983 0.46511
vt 0.52716 0.36838
vt 0.48372 0.37133
vt 0.43329 0.37087
vt 0.12420 0.47598
vt 0.11467 0.50360
vt 0.09770 0.50360
vt 0.10339 0.47598
vt 0.07709 0.50360
vt 0.07928 0.47598
vt 0.07015 0.50360
vt 0.05066 0.47598
vt 0.02218 0.50360
vt 0.02218 0.47598
vt 0.13633 0.50360
vt 0.14089 0.47598
vt 0.90537 0.69829
vt 0.93122 0.63384
vt 0.94890 0.63431
vt 0.97050 0.61058
vt 0.91525 0.63422
vt 0.92489 0.59134
vt 0.88773 0.62926
vt 0.88734 0.59094
vt 0.85906 0.61756
vt 0.86732 0.63140
vt 0.88991 0.66563
vt 0.88760 0.55424
vt 0.84001 0.55367
vt 0.84346 0.58059
vt 0.84910 0.60438
vt 0.84422 0.52663
vt 0.89001 0.52947
vt 0.85836 0.50188
vt 0.90036 0.49721
vt 0.87436 0.47877
vt 0.90622 0.47327
vt 0.88151 0.46545
vt 0.90477 0.43860
vt 0.92379 0.43893
vt 0.92726 0.55436
vt 0.92718 0.52976
vt 0.95443 0.55503
vt 0.95049 0.59217
vt 0.95136 0.53025
vt 0.92845 0.49867
vt 0.94507 0.50130
vt 0.92768 0.47418
vt 0.94015 0.44757
vt 0.94170 0.47525
vt 0.95694 0.46936
vt 0.98528 0.58542
vt 0.99001 0.56339
vt 0.99014 0.54393
vt 0.98411 0.52747
vt 0.97379 0.51324
vt 0.96698 0.49069
vt 0.09333 0.56940
vt 0.07868 0.59713
vt 0.10456 0.61142
vt 0.12190 0.57827
vt 0.06498 0.56216
vt 0.05363 0.58319
vt 0.04034 0.55147
vt 0.02770 0.56630
vt 0.01665 0.53330
vt 0.12580 0.62223
vt 0.14273 0.58516
vt 0.15216 0.62595
vt 0.16136 0.59291
vt 0.18706 0.60326
vt 0.18576 0.62771
vt 0.21817 0.61290
vt 0.21637 0.63370
vt 0.25284 0.61947
vt 0.25856 0.65058
vt 0.28623 0.61628
vt 0.29408 0.64212
vt 0.31035 0.60631
vt 0.31955 0.62888
vt 0.32855 0.59504
vt 0.33788 0.61398
vt 0.34624 0.58762
vt 0.04139 0.53939
vt 0.06575 0.54276
vt 0.09273 0.54186
vt 0.12564 0.53853
vt 0.15040 0.54009
vt 0.17930 0.55170
vt 0.20430 0.56650
vt 0.23046 0.57771
vt 0.25570 0.58466
vt 0.28151 0.58684
vt 0.30343 0.58722
vt 0.32463 0.58397
vt 0.76485 0.22355
vt 0.74441 0.18398
vt 0.72960 0.18681
vt 0.66331 0.21868
vt 0.71612 0.17900
vt 0.66482 0.17828
vt 0.54059 0.21384
vt 0.54225 0.17136
vt 0.46565 0.20909
vt 0.50799 0.16818
vt 0.77203 0.18194
vt 0.75960 0.18017
vt 0.26947 0.26893
vt 0.13927 0.26243
vt 0.14238 0.30843
vt 0.26855 0.30843
vt 0.36732 0.26817
vt 0.36700 0.30843
vt 0.46538 0.26833
vt 0.46526 0.30843
vt 0.53956 0.26906
vt 0.53971 0.30843
vt 0.66157 0.28221
vt 0.66144 0.30843
vt 0.66158 0.26912
vt 0.67976 0.28756
vt 0.69750 0.28433
vt 0.75948 0.26564
vt 0.74208 0.27897
vt 0.71279 0.28853
vt 0.72654 0.28640
vt 0.43193 0.20590
vt 0.40314 0.20826
vt 0.37578 0.21674
vt 0.35345 0.21101
vt 0.32697 0.21551
vt 0.31279 0.22467
vt 0.30201 0.23676
vt 0.29291 0.24662
vt 0.28190 0.25106
vt 0.27116 0.25009
vt 0.23218 0.23360
vt 0.24185 0.22714
vt 0.26830 0.23589
vt 0.25414 0.21134
vt 0.27408 0.22482
vt 0.28133 0.21795
vt 0.27754 0.20115
vt 0.28784 0.21672
vt 0.29213 0.21016
vt 0.28937 0.20351
vt 0.21979 0.23564
vt 0.20954 0.23340
vt 0.15403 0.23209
vt 0.16557 0.23035
vt 0.20509 0.22462
vt 0.18139 0.21458
vt 0.20615 0.21333
vt 0.18448 0.20443
vt 0.19071 0.19736
vt 0.20092 0.19461
vt 0.21068 0.19586
vt 0.21810 0.20137
vt 0.14605 0.22895
vt 0.13796 0.25258
vt 0.11489 0.25417
vt 0.14054 0.21989
vt 0.09353 0.21706
vt 0.09788 0.25445
vt 0.08205 0.25331
vt 0.08280 0.22088
vt 0.06780 0.25108
vt 0.07100 0.22156
vt 0.10411 0.20978
vt 0.11744 0.19711
vt 0.13975 0.20789
vt 0.12923 0.19126
vt 0.14018 0.19239
vt 0.14515 0.19802
vt 0.11763 0.26957
vt 0.05530 0.24636
vt 0.06019 0.21479
vt 0.01366 0.24386
vt 0.04736 0.25000
vt 0.02532 0.26766
vt 0.03158 0.27436
vt 0.01788 0.27585
vt 0.00948 0.21722
vt 0.03128 0.19835
vt 0.05488 0.20044
vt 0.01692 0.20501
vt 0.10058 0.27427
vt 0.08481 0.27067
vt 0.06955 0.26819
vt 0.05542 0.26827
vt 0.04666 0.27007
vt 0.14224 0.17530
vt 0.15708 0.17632
vt 0.14173 0.16054
vt 0.17728 0.16960
vt 0.14198 0.14141
vt 0.20361 0.13958
vt 0.15694 0.12432
vt 0.20671 0.12078
vt 0.16599 0.10894
vt 0.21533 0.10638
vt 0.16872 0.09532
vt 0.20507 0.08806
vt 0.18561 0.08933
vt 0.23047 0.09096
vt 0.23159 0.09790
vt 0.25026 0.09115
vt 0.24905 0.09709
vt 0.26358 0.10384
vt 0.27796 0.10211
vt 0.29341 0.09238
vt 0.24617 0.02324
vt 0.21422 0.02482
vt 0.29265 0.01981
vt 0.74042 0.04227
vt 0.68557 0.02061
vt 0.66979 0.07937
vt 0.72578 0.09394
vt 0.75664 0.10079
vt 0.80162 0.07434
vt 0.57805 0.01928
vt 0.54449 0.01765
vt 0.53987 0.08198
vt 0.57294 0.08450
vt 0.50824 0.07329
vt 0.51055 0.01360
vt 0.48777 0.07790
vt 0.49274 0.00805
vt 0.44793 0.08304
vt 0.44787 0.01360
vt 0.43101 0.09835
vt 0.41722 0.09312
vt 0.41489 0.01688
vt 0.39513 0.07771
vt 0.39573 0.01571
vt 0.37288 0.07992
vt 0.37352 0.01380
vt 0.34592 0.08459
vt 0.34819 0.00973
vt 0.77114 0.24782
vt 0.79424 0.23094
vt 0.80807 0.21267
vt 0.79457 0.20462
vt 0.82131 0.21724
vt 0.12771 0.30959
vt 0.97106 0.05132
vt 0.95450 0.08348
vt 0.97758 0.08915
vt 0.96775 0.10348
vt 0.94558 0.02058
vt 0.98545 0.02464
vt 0.00711 0.30230
vt 0.01767 0.30421
vt 0.87742 0.19324
vt 0.86698 0.18825
vt 0.86053 0.22867
vt 0.87390 0.07657
vt 0.89961 0.10833
vt 0.91078 0.09343
vt 0.92476 0.08536
vt 0.83718 0.08033
vt 0.88674 0.13613
vt 0.83718 0.11393
vt 0.87473 0.16790
vt 0.83718 0.17036
vt 0.83718 0.18925
vt 0.90371 0.15819
vt 0.91459 0.12932
vt 0.89562 0.18796
vt 0.92421 0.11784
vt 0.93583 0.08867
vt 0.93957 0.11365
vt 0.94705 0.10124
vt 0.96303 0.11759
vt 0.83718 0.22455
vt 0.93098 0.05630
vt 0.91139 0.01235
vt 0.88801 0.00696
vt 0.90681 0.04984
vt 0.93882 0.01712
vt 0.88319 0.04459
vt 0.08064 0.01656
vt 0.07091 0.01538
vt 0.05233 0.09778
vt 0.08830 0.09704
vt 0.10012 0.02604
vt 0.12146 0.09658
vt 0.13078 0.03568
vt 0.14217 0.09584
vt 0.14663 0.04076
vt 0.14898 0.07998
vt 0.15361 0.09500
vt 0.15827 0.06403
vt 0.03669 0.09805
vt 0.02592 0.12574
vt 0.03915 0.13388
vt 0.05152 0.11445
vt 0.01996 0.14661
vt 0.03235 0.15214
vt 0.03292 0.16706
vt 0.02322 0.16742
vt 0.03472 0.17906
vt 0.05092 0.01836
vt 0.03273 0.04932
vt 0.16785 0.03538
vt 0.15386 0.10572
vt 0.14332 0.12029
vt 0.13235 0.13170
vt 0.12671 0.14684
vt 0.13094 0.16418
vt 0.19771 0.02548
vt 0.72021 0.12233
vt 0.80386 0.07850
vt 0.62999 0.01676
vt 0.62084 0.08076
vt 0.37266 0.15475
vt 0.37037 0.17889
vt 0.39257 0.18035
vt 0.38054 0.13962
vt 0.41349 0.17278
vt 0.39278 0.12750
vt 0.43103 0.15512
vt 0.40171 0.11882
vt 0.40947 0.10662
vt 0.45184 0.13356
vt 0.47847 0.11766
vt 0.52794 0.11207
vt 0.56863 0.12452
vt 0.61789 0.11221
vt 0.66761 0.11021
vt 0.36993 0.13187
vt 0.38206 0.11796
vt 0.39344 0.11379
vt 0.40087 0.10208
vt 0.36139 0.15356
vt 0.39490 0.09211
vt 0.37265 0.09125
vt 0.24457 0.12743
vt 0.24534 0.14876
vt 0.25404 0.14640
vt 0.25530 0.13128
vt 0.25636 0.16365
vt 0.27040 0.11313
vt 0.28713 0.10970
vt 0.30308 0.09792
vt 0.12424 0.12588
vt 0.10819 0.12763
vt 0.09257 0.13914
vt 0.07653 0.16049
vt 0.06316 0.17329
vt 0.04954 0.17920
vt 0.33244 0.11444
vt 0.30632 0.01417
vt 0.31501 0.08131
vt 0.31335 0.14559
vt 0.29710 0.15920
vt 0.27532 0.16540
vt 0.15439 0.04192
vt 0.83718 0.02408
vt 0.78242 0.19136
vt 0.07343 0.31319
vt 0.06003 0.31445
vt 0.08853 0.31273
vt 0.04925 0.31642
vt 0.04175 0.31857
vt 0.10506 0.31231
vt 0.03055 0.31869
vt 0.95812 0.27460
vt 0.95708 0.25390
vt 0.99611 0.25719
vt 0.92718 0.26719
vt 0.93752 0.24228
vt 0.09137 0.75492
vt 0.08247 0.77395
vt 0.05421 0.75808
vt 0.08203 0.74495
vt 0.07829 0.79505
vt 0.04887 0.78631
vt 0.02246 0.75837
vt 0.01572 0.78906
vt 0.08219 0.73052
vt 0.05945 0.72759
vt 0.02430 0.73218
vt 0.01766 0.75081
vt 0.04986 0.72047
vt 0.78544 0.26910
vt 0.81965 0.24544
vt 0.83053 0.28657
vt 0.86929 0.25953
vt 0.85259 0.25997
vt 0.84752 0.24908
vt 0.85451 0.29900
vt 0.86982 0.26842
vt 0.89112 0.27311
vt 0.88096 0.30919
vt 0.91181 0.27110
vt 0.90958 0.30850
vt 0.94201 0.30049
vt 0.88846 0.25573
vt 0.91020 0.24573
vt 0.01346 0.74960
vt 0.98262 0.78838
vt 0.92705 0.79049
vt 0.92240 0.73928
vt 0.89724 0.77444
vt 0.90470 0.73736
vt 0.88178 0.76605
vt 0.88784 0.73354
vt 0.86581 0.76062
vt 0.87139 0.72713
vt 0.85467 0.74586
vt 0.85343 0.71293
vt 0.83960 0.73344
vt 0.82109 0.72483
vt 0.83174 0.70199
vt 0.80020 0.71847
vt 0.80723 0.69276
vt 0.77720 0.71589
vt 0.78440 0.68620
vt 0.75849 0.71995
vt 0.76310 0.68132
vt 0.74617 0.67680
vt 0.75058 0.70927
vt 0.73777 0.69873
vt 0.72526 0.69324
vt 0.73570 0.66636
vt 0.81633 0.73674
vt 0.79899 0.73229
vt 0.77735 0.73004
vt 0.83134 0.74324
vt 0.84417 0.75143
vt 0.85075 0.75980
vt 0.75280 0.73146
vt 0.69976 0.82318
vt 0.72437 0.81179
vt 0.72591 0.82856
vt 0.70095 0.83015
vt 0.68017 0.83432
vt 0.75928 0.83065
vt 0.76049 0.79993
vt 0.77560 0.79501
vt 0.78000 0.82668
vt 0.80072 0.82272
vt 0.79143 0.79364
vt 0.81986 0.78812
vt 0.83117 0.80835
vt 0.86572 0.79685
vt 0.84236 0.77836
vt 0.88021 0.79714
vt 0.89558 0.80125
vt 0.91125 0.80640
vt 0.69462 0.81788
vt 0.71554 0.79594
vt 0.73806 0.78015
vt 0.75645 0.78037
vt 0.74029 0.71951
vt 0.72737 0.71034
vt 0.71444 0.70568
vt 0.71017 0.68586
vt 0.69854 0.70836
vt 0.68065 0.70894
vt 0.79684 0.76717
vt 0.80793 0.76794
vt 0.81828 0.76631
vt 0.77782 0.78339
vt 0.78574 0.76468
vt 0.77113 0.77536
vt 0.77740 0.76131
vt 0.75340 0.76528
vt 0.77789 0.75395
vt 0.74786 0.74761
vt 0.82308 0.76179
vt 0.81884 0.75613
vt 0.80950 0.75242
vt 0.79762 0.75047
vt 0.78723 0.75122
vt 0.73893 0.76764
vt 0.72443 0.73708
vt 0.73287 0.73020
vt 0.73436 0.75323
vt 0.71122 0.72386
vt 0.71588 0.71653
vt 0.69333 0.71770
vt 0.73683 0.65548
vt 0.69987 0.66325
vt 0.69271 0.67846
vt 0.66342 0.66770
vt 0.66457 0.65260
vt 0.63107 0.66510
vt 0.63080 0.65028
vt 0.61597 0.66170
vt 0.61396 0.65378
vt 0.68417 0.68928
vt 0.65805 0.68099
vt 0.63077 0.68041
vt 0.62090 0.68174
vt 0.93109 0.80599
vt 0.60040 0.66457
vt 0.59778 0.65918
vt 0.58401 0.66600
vt 0.05952 0.97112
vt 0.10542 0.95772
vt 0.10637 0.96615
vt 0.06055 0.97651
vt 0.03019 0.97986
vt 0.03075 0.98236
vt 0.15692 0.94066
vt 0.15847 0.95546
vt 0.00838 0.98503
vt 0.21637 0.92270
vt 0.21769 0.94778
vt 0.26189 0.94210
vt 0.26135 0.91304
vt 0.30609 0.93641
vt 0.30633 0.90338
vt 0.33017 0.89976
vt 0.35523 0.93308
vt 0.35483 0.89678
vt 0.37567 0.89499
vt 0.36651 0.92483
vt 0.39691 0.92206
vt 0.40310 0.89427
vt 0.44746 0.89603
vt 0.44589 0.92289
vt 0.38747 0.93063
vt 0.44590 0.92602
vt 0.48820 0.92464
vt 0.48822 0.89583
vt 0.54092 0.89724
vt 0.54091 0.92288
vt 0.60005 0.89873
vt 0.60004 0.92063
vt 0.65234 0.89985
vt 0.65233 0.92016
vt 0.69429 0.90069
vt 0.69428 0.91991
vt 0.73265 0.90166
vt 0.73258 0.91981
vt 0.77830 0.90087
vt 0.77375 0.92343
vt 0.79759 0.92827
vt 0.81054 0.92258
vt 0.80434 0.93049
vt 0.81073 0.92799
vt 0.84020 0.91931
vt 0.81242 0.89593
vt 0.84028 0.89095
vt 0.88169 0.91334
vt 0.88183 0.88529
vt 0.92001 0.91271
vt 0.91945 0.88106
vt 0.95863 0.88986
vt 0.95854 0.91698
vt 0.96973 0.91985
vt 0.97695 0.88819
vt 0.46251 0.87144
vt 0.48833 0.84984
vt 0.45940 0.84822
vt 0.52392 0.86857
vt 0.44860 0.87688
vt 0.53926 0.86862
vt 0.56539 0.84405
vt 0.39927 0.85430
vt 0.37446 0.86575
vt 0.35468 0.87030
vt 0.32987 0.87366
vt 0.30643 0.87221
vt 0.26053 0.88178
vt 0.21463 0.89136
vt 0.15405 0.90871
vt 0.10182 0.93018
vt 0.05553 0.95331
vt 0.02707 0.96855
vt 0.62635 0.85547
vt 0.60016 0.84554
vt 0.50152 0.84613
vt 0.65254 0.86540
vt 0.69435 0.87134
vt 0.73264 0.87257
vt 0.77826 0.87100
vt 0.81231 0.86860
vt 0.84002 0.86465
vt 0.88133 0.85341
vt 0.91698 0.83542
vt 0.95770 0.85402
vt 0.96678 0.87639
vt 0.94865 0.83473
vt 0.97118 0.84315
vt 0.96950 0.83382
vt 0.99193 0.83210
vt 0.51704 0.73493
vt 0.46625 0.73146
vt 0.46377 0.67525
vt 0.50273 0.67525
vt 0.53508 0.70218
vt 0.56835 0.72941
vt 0.42086 0.72413
vt 0.42483 0.67525
vt 0.40326 0.68607
vt 0.36878 0.68805
vt 0.36849 0.70847
vt 0.31747 0.68502
vt 0.26803 0.70559
vt 0.30582 0.68066
vt 0.31460 0.71903
vt 0.36612 0.74015
vt 0.41611 0.75682
vt 0.22118 0.69664
vt 0.29855 0.67442
vt 0.22063 0.65930
vt 0.14600 0.69253
vt 0.14615 0.65951
vt 0.06597 0.70372
vt 0.08100 0.66763
vt 0.00876 0.68772
vt 0.29571 0.66639
vt 0.46199 0.76637
vt 0.50374 0.77106
vt 0.53336 0.73707
vt 0.53056 0.77152
vt 0.54852 0.73763
vt 0.55250 0.77132
vt 0.56454 0.73642
vt 0.57168 0.77038
vt 0.57649 0.73416
vt 0.58878 0.76847
vt 0.62250 0.76966
vt 0.47448 0.65917
vt 0.46800 0.62670
vt 0.50488 0.65945
vt 0.44506 0.65928
vt 0.40179 0.65911
vt 0.42726 0.62657
vt 0.40841 0.62466
vt 0.38897 0.61815
vt 0.36282 0.65640
vt 0.37372 0.60856
vt 0.44731 0.62468
vt 0.46573 0.61857
vt 0.41272 0.85045
vt 0.40990 0.61217
vt 0.39335 0.60673
vt 0.42802 0.61327
vt 0.37845 0.59877
vt 0.44462 0.61167
vt 0.46245 0.60564
vt 0.49187 0.60017
vt 0.47938 0.59558
vt 0.50551 0.65176
vt 0.96296 0.42393
vt 0.95692 0.44804
vt 0.97422 0.44804
vt 0.98547 0.42393
vt 0.99151 0.44804
vt 0.97422 0.39143
vt 0.50690 0.60381
vt 0.48705 0.61724
vt 0.26671 0.98417
vt 0.26671 0.97543
vt 0.31203 0.97980
vt 0.37812 0.96469
vt 0.37812 0.94638
vt 0.31365 0.95422
vt 0.49376 0.82919
vt 0.49376 0.81438
vt 0.48164 0.81438
vt 0.48164 0.82919
vt 0.52092 0.82919
vt 0.52092 0.81438
vt 0.55111 0.82919
vt 0.55111 0.81438
vt 0.54474 0.79074
vt 0.54468 0.80229
vt 0.55985 0.80229
vt 0.55991 0.79074
vt 0.49173 0.79074
vt 0.49167 0.80229
vt 0.52333 0.80229
vt 0.52340 0.79074
vt 0.48432 0.79074
vt 0.48426 0.80229
vt 0.47835 0.79074
vt 0.47829 0.80229
vt 0.47263 0.79074
vt 0.47257 0.80229
vt 0.98435 0.16316
vt 0.98198 0.14645
vt 0.97586 0.14645
vt 0.97957 0.13012
vt 0.96736 0.16316
vt 0.96973 0.14645
vt 0.97214 0.13012
vt 0.98788 0.21027
vt 0.96383 0.21027
vt 0.97586 0.23380
vt 0.98740 0.20472
vt 0.96431 0.20472
vt 0.96516 0.19744
vt 0.98655 0.19744
vt 0.98615 0.19061
vt 0.96556 0.19061
vt 0.96626 0.18346
vt 0.98545 0.18346
vt 0.25503 0.98417
vt 0.25503 0.97543
vt 0.20992 0.97980
vt 0.26671 0.98429
vt 0.31203 0.97992
vt 0.26671 0.97555
vt 0.25503 0.98429
vt 0.25503 0.97555
vt 0.20992 0.97992
vt 0.40270 0.95603
vt 0.15117 0.41997
vt 0.15117 0.45899
vt 0.16829 0.45934
vt 0.16829 0.41962
vt 0.18988 0.45188
vt 0.18988 0.42800
vt 0.21877 0.43927
vt 0.11523 0.43948
vt 0.13523 0.45559
vt 0.13523 0.42337
vt 0.98869 0.72142
vt 0.96036 0.72142
vt 0.96036 0.73049
vt 0.98869 0.73049
vt 0.98868 0.70558
vt 0.96036 0.70558
vt 0.98869 0.68609
vt 0.96036 0.68609
vt 0.99242 0.65459
vt 0.95663 0.65459
vt 0.97452 0.63359
vt 0.97452 0.76232
vt 0.05291 0.90118
vt 0.03011 0.88287
vt 0.00731 0.90118
vt 0.04496 0.92495
vt 0.01527 0.92495
vt 0.03754 0.93860
vt 0.02269 0.93860
vt 0.03011 0.95225
vt 0.98059 0.99376
vt 0.99198 0.98233
vt 0.95700 0.98198
vt 0.95789 0.99385
vt 0.93624 0.97913
vt 0.94084 0.99398
vt 0.91835 0.99028
vt 0.91272 0.97077
vt 0.88849 0.95901
vt 0.89418 0.98363
vt 0.87374 0.95691
vt 0.87524 0.98167
vt 0.97948 0.96953
vt 0.95799 0.97053
vt 0.94013 0.96485
vt 0.91543 0.95337
vt 0.89059 0.94098
vt 0.87227 0.93559
vt 0.83361 0.99175
vt 0.83310 0.96386
vt 0.80982 0.97394
vt 0.85608 0.98424
vt 0.85558 0.95804
vt 0.82662 0.94363
vt 0.78680 0.96214
vt 0.84984 0.93674
vt 0.99305 0.98272
vt 0.73984 0.97086
vt 0.73665 0.96629
vt 0.74388 0.96254
vt 0.73647 0.97799
vt 0.74389 0.96411
vt 0.75400 0.98109
vt 0.72730 0.96057
vt 0.73241 0.97452
vt 0.51043 0.57240
vt 0.52303 0.57165
vt 0.51863 0.58054
vt 0.51426 0.56797
vt 0.51088 0.56377
vt 0.52125 0.55103
vt 0.49458 0.54515
vt 0.49978 0.53844
vt 0.52502 0.53707
vt 0.54702 0.54214
vt 0.54072 0.56195
vt 0.56618 0.54610
vt 0.55818 0.57331
vt 0.56900 0.51668
vt 0.54708 0.51834
vt 0.56536 0.47760
vt 0.53819 0.49010
vt 0.52440 0.52140
vt 0.51805 0.50353
vt 0.50140 0.53148
vt 0.50039 0.52549
vt 0.49782 0.51736
vt 0.53114 0.59615
vt 0.53968 0.60501
vt 0.47180 0.52499
vt 0.57474 0.57999
vt 0.56140 0.62084
vt 0.58974 0.62757
vt 0.59341 0.58433
vt 0.58179 0.54940
vt 0.59873 0.55304
vt 0.58697 0.51836
vt 0.60615 0.52247
vt 0.59118 0.47523
vt 0.61962 0.48162
vt 0.62016 0.55769
vt 0.61718 0.58493
vt 0.64275 0.56259
vt 0.64223 0.58240
vt 0.62314 0.62149
vt 0.64934 0.60519
vt 0.65016 0.54256
vt 0.62907 0.52880
vt 0.66525 0.51994
vt 0.64754 0.49871
vt 0.66105 0.57780
vt 0.66526 0.59225
vt 0.66010 0.56624
vt 0.66496 0.55247
vt 0.67435 0.54230
vt 0.70287 0.57440
vt 0.57922 0.96588
vt 0.55761 0.96671
vt 0.57111 0.94033
vt 0.58008 0.93942
vt 0.55787 0.94028
vt 0.53844 0.93519
vt 0.53458 0.96621
vt 0.50901 0.96320
vt 0.59521 0.96424
vt 0.59137 0.94045
vt 0.63583 0.95838
vt 0.63299 0.94105
vt 0.51261 0.93771
vt 0.41543 0.97422
vt 0.48133 0.93907
vt 0.48752 0.95293
vt 0.49467 0.96074
vt 0.49426 0.93883
vt 0.68891 0.96587
vt 0.67075 0.96143
vt 0.67371 0.95313
vt 0.66146 0.94656
vt 0.65864 0.95996
vt 0.64897 0.94359
vt 0.64819 0.95893
vt 0.67291 0.96987
vt 0.65945 0.97455
vt 0.64760 0.97739
vt 0.63618 0.98104
vt 0.60120 0.99169
vt 0.57734 0.99355
vt 0.55491 0.99384
vt 0.52982 0.99333
vt 0.50090 0.99061
vt 0.46099 0.98410
vt 0.05794 0.34802
vt 0.05269 0.35780
vt 0.04709 0.35470
vt 0.04657 0.36318
vt 0.04491 0.35689
vt 0.04272 0.35909
vt 0.03910 0.36041
vt 0.04166 0.36548
vt 0.03711 0.36207
vt 0.03816 0.36608
vt 0.03526 0.36198
vt 0.03382 0.36561
vt 0.03404 0.36149
vt 0.02955 0.36383
vt 0.02386 0.35921
vt 0.02634 0.35586
vt 0.03204 0.36163
vt 0.02371 0.35447
vt 0.02186 0.35766
vt 0.02076 0.35681
vt 0.02226 0.35371
vt 0.01857 0.35271
vt 0.01766 0.35457
vt 0.01469 0.35339
vt 0.31837 0.84012
vt 0.31113 0.81789
vt 0.33042 0.84125
vt 0.29525 0.83533
vt 0.29488 0.81548
vt 0.32728 0.81554
vt 0.34276 0.83743
vt 0.35340 0.83258
vt 0.34139 0.81136
vt 0.35556 0.80551
vt 0.36604 0.82565
vt 0.36968 0.79899
vt 0.37904 0.81786
vt 0.38401 0.79640
vt 0.39196 0.81050
vt 0.40169 0.79575
vt 0.40577 0.80327
vt 0.41879 0.79675
vt 0.02556 0.86670
vt 0.06493 0.85391
vt 0.06360 0.87312
vt 0.08969 0.84818
vt 0.09383 0.88020
vt 0.10654 0.84740
vt 0.12058 0.88451
vt 0.12427 0.85059
vt 0.14505 0.85465
vt 0.14703 0.88536
vt 0.16744 0.85670
vt 0.17218 0.88317
vt 0.19395 0.85403
vt 0.19931 0.87767
vt 0.21184 0.84883
vt 0.21736 0.86928
vt 0.22840 0.84119
vt 0.23454 0.85978
vt 0.24520 0.82833
vt 0.25179 0.84802
vt 0.25572 0.82088
vt 0.26013 0.84077
vt 0.26592 0.81626
vt 0.26855 0.83614
vt 0.28061 0.81325
vt 0.28113 0.83321
vt 0.24777 0.77552
vt 0.26829 0.79200
vt 0.25312 0.79585
vt 0.27963 0.80706
vt 0.28880 0.78756
vt 0.30050 0.79369
vt 0.31501 0.79766
vt 0.27954 0.77934
vt 0.32635 0.79710
vt 0.33631 0.79231
vt 0.34910 0.78528
vt 0.36470 0.77886
vt 0.37916 0.77693
vt 0.39274 0.77935
vt 0.40272 0.78426
vt 0.10727 0.81516
vt 0.12872 0.81742
vt 0.14798 0.83247
vt 0.16813 0.84258
vt 0.19255 0.84451
vt 0.20921 0.84134
vt 0.22333 0.83301
vt 0.23870 0.82034
vt 0.25161 0.81201
vt 0.26258 0.80936
vt 0.16943 0.82734
vt 0.15034 0.82531
vt 0.15042 0.81543
vt 0.17071 0.81414
vt 0.19213 0.84014
vt 0.21514 0.81590
vt 0.22864 0.80849
vt 0.20479 0.82107
vt 0.20660 0.82830
vt 0.19160 0.82113
vt 0.05451 0.83780
vt 0.07846 0.82296
vt 0.08942 0.38720
vt 0.08960 0.39324
vt 0.08767 0.39087
vt 0.08592 0.39243
vt 0.08849 0.39439
vt 0.08739 0.39553
vt 0.08468 0.39283
vt 0.08505 0.39606
vt 0.08294 0.39555
vt 0.08161 0.39464
vt 0.08246 0.39260
vt 0.08344 0.39288
vt 0.08193 0.39229
vt 0.08139 0.39197
vt 0.08059 0.39415
vt 0.07956 0.39367
vt 0.08075 0.39172
vt 0.07825 0.39295
vt 0.07937 0.39141
vt 0.07675 0.39219
vt 0.07850 0.39085
vt 0.07572 0.39202
vt 0.07588 0.39017
vt 0.07398 0.38898
vt 0.07793 0.38972
vt 0.07822 0.38862
vt 0.07571 0.38680
vt 0.07851 0.38752
vt 0.08062 0.38374
vt 0.07619 0.38331
vt 0.08122 0.38169
vt 0.07601 0.38170
vt 0.08182 0.37963
vt 0.07592 0.37928
vt 0.08215 0.37537
vt 0.07461 0.37502
vt 0.08200 0.37150
vt 0.07547 0.37222
vt 0.08135 0.36727
vt 0.07530 0.36920
vt 0.08016 0.36329
vt 0.07446 0.36613
vt 0.07497 0.36207
vt 0.07860 0.35877
vt 0.07610 0.35845
vt 0.07866 0.35302
vt 0.68924 0.78349
vt 0.67084 0.79111
vt 0.65245 0.78349
vt 0.64483 0.76510
vt 0.69686 0.76510
vt 0.65245 0.74670
vt 0.68924 0.74670
vt 0.67084 0.73909
vt 0.76751 0.13933
vt 0.75902 0.13933
vt 0.75902 0.15745
vt 0.76751 0.15745
vt 0.75052 0.13933
vt 0.75052 0.15745
vt 0.74203 0.13934
vt 0.74203 0.15745
vt 0.80997 0.13933
vt 0.80148 0.13933
vt 0.80148 0.15745
vt 0.80998 0.15745
vt 0.79299 0.13933
vt 0.79299 0.15745
vt 0.78450 0.13933
vt 0.78450 0.15745
vt 0.77600 0.13933
vt 0.77600 0.15745
vt 0.80379 0.14060
vt 0.80379 0.15860
vt 0.81229 0.15860
vt 0.81229 0.14060
vt 0.79530 0.14060
vt 0.79530 0.15859
vt 0.78681 0.14059
vt 0.78681 0.15860
vt 0.77831 0.14060
vt 0.77831 0.15859
vt 0.75283 0.14060
vt 0.74434 0.14060
vt 0.74434 0.15859
vt 0.75285 0.15860
vt 0.76133 0.14059
vt 0.76132 0.15860
vt 0.76982 0.14060
vt 0.76983 0.15859
vt 0.65246 0.78346
vt 0.68925 0.78352
vt 0.69690 0.76514
vt 0.64487 0.76506
vt 0.65252 0.74668
vt 0.68931 0.74673
vt 0.67093 0.73909
vt 0.78414 0.13998
vt 0.78414 0.15809
vt 0.79263 0.15809
vt 0.79263 0.13998
vt 0.80112 0.15809
vt 0.80112 0.13998
vt 0.80962 0.15809
vt 0.80962 0.13998
vt 0.74167 0.13998
vt 0.74167 0.15809
vt 0.75017 0.15809
vt 0.75017 0.13998
vt 0.75866 0.15809
vt 0.75866 0.13998
vt 0.76715 0.15809
vt 0.76715 0.13998
vt 0.77565 0.15809
vt 0.77565 0.13998
vt 0.76960 0.14026
vt 0.76960 0.15863
vt 0.77810 0.15865
vt 0.77807 0.14025
vt 0.76110 0.14026
vt 0.76111 0.15863
vt 0.75261 0.14026
vt 0.75261 0.15863
vt 0.74412 0.14026
vt 0.74412 0.15863
vt 0.78661 0.14028
vt 0.78656 0.15860
vt 0.79505 0.14022
vt 0.79511 0.15866
vt 0.80358 0.14028
vt 0.80354 0.15861
vt 0.81206 0.14025
vt 0.81207 0.15863
vt 0.78711 0.65746
vt 0.79395 0.64035
vt 0.82531 0.64790
vt 0.82531 0.66576
vt 0.75445 0.63304
vt 0.76717 0.61995
vt 0.73258 0.59632
vt 0.74916 0.58929
vt 0.82531 0.63124
vt 0.79944 0.62503
vt 0.77743 0.60816
vt 0.76266 0.58288
vt 0.74279 0.55286
vt 0.72488 0.55286
vt 0.73258 0.50940
vt 0.74916 0.51642
vt 0.75445 0.47268
vt 0.76717 0.48576
vt 0.78711 0.44825
vt 0.79395 0.46536
vt 0.82531 0.43996
vt 0.82531 0.45781
vt 0.75743 0.55286
vt 0.76266 0.52283
vt 0.77743 0.49755
vt 0.79944 0.48069
vt 0.82531 0.47447
vt 0.77481 0.55286
vt 0.77875 0.57620
vt 0.78975 0.59581
vt 0.80603 0.60870
vt 0.82531 0.61286
vt 0.77875 0.52951
vt 0.78975 0.50991
vt 0.80603 0.49701
vt 0.82531 0.49285
# 1409 texture vertices

vn 0.00000 0.19159 0.98147
vn -0.00000 0.25679 0.96647
vn 0.25679 0.00000 0.96647
vn 0.19159 -0.00000 0.98148
vn 0.00000 -0.25679 0.96647
vn -0.00000 -0.19159 0.98148
vn -0.25679 -0.00000 0.96647
vn -0.19159 0.00000 0.98148
vn 0.25679 0.00000 -0.96647
vn -0.00000 0.25679 -0.96647
vn 0.00000 0.19159 -0.98147
vn 0.19159 -0.00000 -0.98148
vn 0.00000 -0.25679 -0.96647
vn -0.00000 -0.19159 -0.98148
vn -0.25679 -0.00000 -0.96647
vn -0.19159 0.00000 -0.98148
vn 0.26868 -0.96321 -0.00646
vn 0.22937 -0.88143 0.41288
vn 0.22996 -0.88087 0.41375
vn 0.21333 -0.97696 -0.00605
vn 0.41841 -0.85651 0.30220
vn 0.06349 -0.76468 0.64128
vn 0.05562 -0.83227 0.55157
vn -0.04343 -0.80460 0.59223
vn 0.12112 -0.84100 0.52730
vn 0.07186 -0.99740 -0.00495
vn -0.08499 -0.80585 0.58599
vn 0.21712 -0.73005 0.64798
vn -0.11312 -0.60245 0.79010
vn -0.23685 -0.78985 0.56572
vn -0.27680 -0.58252 0.76423
vn -0.21607 -0.94964 0.22693
vn -0.45583 -0.56888 0.68454
vn -0.43224 -0.74671 0.50556
vn -0.73749 -0.39162 0.55021
vn -0.84493 -0.20443 0.49427
vn 0.31482 -0.86568 0.38922
vn 0.08130 -0.82522 0.55894
vn 0.44765 -0.72943 0.51725
vn -0.79300 0.60915 0.00935
vn -0.68519 0.71944 0.11369
vn -0.82010 0.57214 0.00942
vn -0.64962 0.75267 0.10716
vn -0.61828 0.76816 0.16632
vn -0.35038 0.67020 0.65427
vn -0.31797 0.85119 0.41759
vn -0.04419 -0.03230 0.99850
vn -0.13857 -0.13786 0.98071
vn 0.13496 -0.20013 0.97043
vn 0.02897 -0.18912 0.98153
vn -0.11625 -0.00213 0.99322
vn -0.27876 -0.29720 0.91322
vn -0.13014 0.00760 0.99147
vn -0.33108 -0.38368 0.86208
vn -0.24755 -0.03904 0.96809
vn -0.40090 -0.13069 0.90675
vn -0.14224 -0.46349 0.87461
vn 0.11102 -0.80852 0.57791
vn 0.03590 -0.30626 0.95127
vn -0.01153 -0.16707 0.98588
vn -0.07306 -0.22323 0.97202
vn 0.03863 -0.05047 0.99798
vn -0.16692 0.29847 0.93971
vn -0.33641 -0.03076 0.94121
vn 0.10864 -0.03802 0.99335
vn -0.02147 0.02342 0.99949
vn -0.13651 -0.22887 0.96384
vn -0.37404 -0.28732 0.88179
vn 0.18567 -0.42017 0.88825
vn 0.28792 -0.67504 0.67928
vn 0.35684 -0.62072 0.69813
vn -0.33633 0.75598 0.56158
vn -0.10916 0.98884 0.10140
vn -0.34191 0.76785 0.54177
vn 0.04177 0.82897 0.55773
vn 0.34029 0.79313 0.50513
vn 0.23283 0.97251 0.00226
vn 0.52443 0.76210 0.37970
vn 0.26869 0.96323 0.00192
vn 0.30458 0.89763 0.31857
vn -0.10854 0.93438 0.33934
vn -0.05343 0.99856 0.00479
vn -0.31133 0.95028 0.00677
vn -0.34901 0.93709 0.00703
vn 0.42310 0.77959 0.46175
vn -0.24069 -0.71235 0.65926
vn -0.45338 -0.61794 0.64234
vn -0.33229 -0.68021 0.65338
vn -0.15434 -0.47033 0.86889
vn 0.24303 -0.38036 0.89233
vn 0.10087 -0.34993 0.93133
vn 0.03156 -0.78090 0.62385
vn 0.13062 -0.76997 0.62457
vn 0.08533 -0.78591 0.61242
vn 0.01747 -0.95557 0.29424
vn -0.26728 -0.95028 0.15980
vn 0.01845 -0.28163 0.95935
vn -0.18043 -0.11625 0.97669
vn -0.22203 -0.21087 0.95196
vn -0.36527 0.84745 0.38523
vn -0.30673 0.95177 0.00673
vn -0.46214 0.76429 0.44977
vn -0.43982 0.89805 0.00763
vn -0.37117 0.74168 0.55870
vn -0.41164 0.70425 0.57843
vn -0.19248 0.72926 0.65660
vn -0.22739 0.91072 0.34480
vn -0.24477 0.89922 0.36262
vn -0.39394 0.83762 0.37842
vn -0.44457 0.79619 0.41041
vn 0.38207 -0.82841 0.40959
vn 0.57773 -0.80952 0.10443
vn 0.15907 -0.62735 0.76231
vn -0.03995 -0.48281 0.87481
vn -0.26325 -0.42810 0.86454
vn -0.44700 -0.32707 0.83259
vn -0.66387 -0.17325 0.72750
vn -0.83943 0.43245 0.32916
vn 0.26376 0.42826 0.86430
vn -0.15802 0.45512 0.87630
vn 0.66035 -0.67032 0.33853
vn 0.29977 -0.92280 0.24201
vn 0.85645 -0.51090 -0.07399
vn 0.88483 -0.46582 -0.00951
vn -0.34056 0.07178 0.93748
vn 0.83106 0.55617 -0.00462
vn 0.81433 0.58039 -0.00437
vn 0.73894 0.61074 0.28454
vn -0.30487 0.34527 0.88760
vn -0.20297 -0.42543 0.88194
vn 0.59846 0.58009 0.55258
vn 0.59846 0.58009 0.55258
vn 0.22286 -0.87722 -0.42522
vn 0.22228 -0.87779 -0.42434
vn 0.41317 -0.85381 -0.31669
vn 0.05257 -0.75907 -0.64889
vn 0.04621 -0.82744 -0.55965
vn -0.05350 -0.79942 -0.59838
vn 0.11212 -0.83638 -0.53657
vn -0.09496 -0.80073 -0.59146
vn 0.20607 -0.72437 -0.65789
vn -0.12652 -0.59557 -0.79328
vn -0.24645 -0.78492 -0.56848
vn -0.28973 -0.57588 -0.76447
vn -0.25864 -0.80438 -0.53486
vn -0.46739 -0.56293 -0.68165
vn -0.44078 -0.74233 -0.50464
vn -0.74675 -0.38686 -0.54101
vn -0.85322 -0.20019 -0.48160
vn 0.30814 -0.86223 -0.40200
vn 0.07176 -0.82032 -0.56738
vn 0.43877 -0.72487 -0.53107
vn -0.68697 0.72034 -0.09583
vn -0.62095 0.76954 -0.14914
vn -0.65129 0.75352 -0.08960
vn -0.36135 0.67584 -0.64239
vn -0.32492 0.85477 -0.40472
vn -0.06108 -0.02362 -0.99785
vn 0.01235 -0.18058 -0.98348
vn 0.11850 -0.19168 -0.97428
vn -0.15516 -0.12934 -0.97939
vn -0.13304 0.00649 -0.99109
vn -0.29420 -0.28927 -0.91092
vn -0.14690 0.01621 -0.98902
vn -0.34564 -0.37619 -0.85966
vn -0.26390 -0.03064 -0.96406
vn -0.41627 -0.12288 -0.90090
vn -0.15706 -0.45588 -0.87607
vn 0.10117 -0.80346 -0.58670
vn 0.01977 -0.29798 -0.95437
vn -0.02823 -0.15849 -0.98696
vn -0.08952 -0.21476 -0.97255
vn 0.02172 -0.04179 -0.99889
vn -0.18278 0.30661 -0.93412
vn 0.09181 -0.02937 -0.99534
vn -0.35229 -0.02260 -0.93562
vn -0.03837 0.03211 -0.99875
vn -0.15282 -0.22049 -0.96334
vn -0.38893 -0.27967 -0.87779
vn 0.17058 -0.41242 -0.89488
vn 0.27633 -0.66909 -0.68990
vn 0.34492 -0.61460 -0.70944
vn -0.34574 0.76081 -0.54921
vn -0.35098 0.77250 -0.52921
vn -0.12811 0.81222 -0.56911
vn 0.03238 0.83379 -0.55113
vn 0.33175 0.79751 -0.50390
vn 0.51799 0.76541 -0.38188
vn 0.29922 0.90039 -0.31586
vn -0.11420 0.93729 -0.32932
vn 0.41528 0.78361 -0.46205
vn -0.25186 -0.70660 -0.66127
vn -0.46422 -0.61236 -0.63993
vn -0.34334 -0.67453 -0.65355
vn -0.16906 -0.46277 -0.87021
vn 0.22787 -0.37257 -0.89959
vn 0.08508 -0.34182 -0.93591
vn 0.02094 -0.77545 -0.63107
vn 0.11997 -0.76450 -0.63336
vn 0.07489 -0.78055 -0.62059
vn 0.01242 -0.95297 -0.30280
vn -0.27002 -0.94887 -0.16351
vn 0.00219 -0.27328 -0.96193
vn -0.19694 -0.10777 -0.97448
vn -0.23811 -0.20260 -0.94987
vn -0.37167 0.85074 -0.37162
vn -0.46962 0.76814 -0.43522
vn -0.38051 0.74648 -0.54587
vn -0.42132 0.70923 -0.56523
vn -0.20351 0.73493 -0.64688
vn -0.23313 0.91366 -0.33297
vn -0.25081 0.90232 -0.35060
vn -0.40022 0.84085 -0.36440
vn -0.45139 0.79970 -0.39589
vn 0.37503 -0.82478 -0.42318
vn 0.57581 -0.80855 -0.12123
vn 0.14611 -0.62069 -0.77033
vn -0.05481 -0.47520 -0.87817
vn -0.27787 -0.42058 -0.86365
vn -0.46103 -0.31986 -0.82774
vn -0.67613 -0.16693 -0.71762
vn -0.84488 0.43524 -0.31104
vn 0.24912 0.43577 -0.86489
vn -0.17279 0.46271 -0.86951
vn 0.29556 -0.92065 -0.25506
vn 0.65447 -0.66732 -0.35547
vn -0.35637 0.07990 -0.93092
vn 0.73405 0.61326 -0.29168
vn -0.31981 0.35295 -0.87929
vn -0.21789 -0.41776 -0.88204
vn 0.58907 0.58492 -0.55756
vn 0.58907 0.58492 -0.55756
vn -0.54330 0.59716 0.59010
vn -0.54820 0.59023 0.59254
vn -0.35503 0.72055 0.59562
vn -0.33645 0.72204 0.60453
vn -0.43721 0.75890 0.48262
vn -0.34659 0.73458 0.58332
vn -0.16151 0.78453 0.59869
vn -0.17323 0.79044 0.58753
vn 0.02471 0.83042 0.55659
vn 0.00785 0.83805 0.54553
vn 0.02576 0.93324 0.35832
vn 0.05174 0.76078 0.64695
vn -0.12831 0.94643 0.29631
vn 0.09553 0.99072 0.09669
vn 0.35938 -0.92844 0.09403
vn 0.41220 -0.88108 0.23193
vn 0.34596 -0.77019 0.53583
vn 0.38229 -0.85078 0.36059
vn 0.33229 -0.57759 0.74563
vn 0.40603 -0.74827 0.52463
vn 0.40671 -0.91354 -0.00551
vn 0.38503 -0.82064 0.42226
vn 0.42783 -0.90383 -0.00755
vn 0.21095 -0.85928 0.46598
vn 0.24369 -0.96983 -0.00628
vn 0.01360 -0.87311 0.48733
vn 0.01340 -0.99990 -0.00446
vn -0.55317 0.60223 -0.57560
vn -0.34658 0.72724 -0.59245
vn -0.36501 0.72567 -0.58324
vn -0.53199 0.61052 -0.58673
vn -0.51328 0.62646 -0.58659
vn -0.33972 0.71465 -0.61145
vn -0.17156 0.78969 -0.58903
vn -0.18309 0.79550 -0.57763
vn 0.01535 0.83523 -0.54969
vn -0.00132 0.84277 -0.53828
vn 0.04988 0.89799 -0.43719
vn -0.13961 0.93465 -0.32701
vn 0.09818 0.63465 -0.76654
vn 0.10048 0.99107 -0.08763
vn 0.36450 -0.92508 -0.10660
vn 0.34883 -0.70100 -0.62203
vn 0.41810 -0.85878 -0.29612
vn 0.37565 -0.82295 -0.42620
vn 0.32032 -0.44587 -0.83582
vn 0.39974 -0.72988 -0.55451
vn 0.37777 -0.81691 -0.43584
vn 0.20298 -0.85518 -0.47693
vn 0.00529 -0.86884 -0.49507
vn -0.36769 0.47956 -0.79676
vn -0.34367 0.49354 -0.79894
vn -0.30112 0.44808 -0.84175
vn -0.33403 0.38837 -0.85883
vn -0.20414 0.40027 -0.89337
vn -0.30125 0.28087 -0.91124
vn -0.40952 0.48471 -0.77288
vn -0.41446 0.49957 -0.76069
vn -0.42093 0.46408 -0.77939
vn -0.44447 0.45348 -0.77253
vn -0.41272 0.44752 -0.79334
vn -0.39567 0.44725 -0.80213
vn -0.40686 0.43634 -0.80254
vn -0.39240 0.46171 -0.79552
vn -0.34984 0.53790 -0.76699
vn -0.32197 0.55344 -0.76814
vn -0.26488 0.61241 -0.74485
vn -0.28631 0.62779 -0.72381
vn -0.16713 0.67553 -0.71814
vn -0.18446 0.68565 -0.70417
vn -0.05983 0.71090 -0.70075
vn -0.07024 0.71578 -0.69479
vn 0.01465 0.71985 -0.69397
vn 0.01487 0.71769 -0.69621
vn 0.09163 0.69957 -0.70866
vn 0.08268 0.70005 -0.70929
vn 0.18044 0.69910 -0.69188
vn 0.15725 0.70999 -0.68643
vn 0.22711 0.69144 -0.68581
vn 0.38837 -0.81861 -0.42313
vn 0.33193 -0.72170 -0.60743
vn 0.21562 -0.61296 -0.76012
vn 0.14704 -0.59374 -0.79111
vn 0.15495 -0.62297 -0.76674
vn 0.23663 -0.73040 -0.64073
vn 0.35263 -0.75441 -0.55364
vn 0.14835 -0.80498 -0.57446
vn 0.13694 -0.81055 -0.56943
vn 0.11485 -0.81266 -0.57131
vn 0.11530 -0.81146 -0.57292
vn 0.10495 -0.81528 -0.56948
vn 0.09444 -0.82038 -0.56396
vn 0.00552 -0.78864 -0.61483
vn 0.07800 -0.80105 -0.59350
vn 0.11494 -0.74758 -0.65415
vn -0.05065 -0.72789 -0.68382
vn 0.19912 -0.70023 -0.68559
vn 0.21095 -0.70818 -0.67378
vn 0.20223 -0.71409 -0.67021
vn 0.18316 -0.71454 -0.67519
vn -0.38573 0.68633 -0.61657
vn -0.33502 0.70855 -0.62106
vn -0.33533 0.71819 -0.60972
vn -0.18758 0.70642 -0.68249
vn -0.18051 0.71670 -0.67362
vn -0.09597 0.62897 -0.77149
vn -0.10239 0.61189 -0.78429
vn 0.00121 0.62984 -0.77673
vn 0.00275 0.61356 -0.78964
vn 0.09040 0.55275 -0.82843
vn 0.11003 0.52415 -0.84449
vn 0.25594 0.42885 -0.86636
vn 0.43814 0.27159 -0.85690
vn 0.22189 -0.79321 -0.56708
vn 0.20832 -0.72849 -0.65261
vn 0.26443 -0.56517 -0.78145
vn 0.38309 -0.83464 -0.39576
vn 0.26454 -0.83962 -0.47440
vn 0.24358 -0.84366 -0.47845
vn 0.15589 -0.60018 -0.78453
vn 0.14052 -0.66190 -0.73630
vn -0.00613 -0.61031 -0.79214
vn 0.36852 -0.43782 -0.82006
vn 0.37745 -0.62928 -0.67937
vn -0.02864 -0.70927 -0.70435
vn 0.31574 -0.82522 -0.46832
vn 0.15910 -0.94894 -0.27239
vn 0.16619 -0.95876 -0.23058
vn 0.03852 -0.98849 -0.14631
vn 0.10024 -0.78319 -0.61365
vn 0.12559 -0.80471 -0.58023
vn 0.09781 -0.56756 -0.81750
vn 0.11952 -0.62198 -0.77386
vn 0.12573 -0.82383 -0.55272
vn 0.15699 -0.85374 -0.49646
vn 0.18166 -0.93513 -0.30419
vn 0.11848 -0.82305 -0.55547
vn 0.10426 -0.81778 -0.56600
vn 0.08177 -0.76625 -0.63732
vn 0.19964 -0.91224 -0.35771
vn 0.04181 -0.95222 -0.30253
vn -0.14557 -0.88401 -0.44423
vn -0.49799 -0.69657 -0.51653
vn -0.60561 -0.22489 -0.76332
vn -0.73507 -0.24994 -0.63024
vn -0.63131 -0.06457 -0.77284
vn 0.57615 -0.75313 -0.31756
vn 0.71179 -0.60324 -0.35980
vn 0.68423 -0.64045 -0.34879
vn 0.55085 -0.76828 -0.32604
vn 0.44973 -0.81635 -0.36237
vn 0.42542 -0.81929 -0.38441
vn 0.35444 -0.83618 -0.41853
vn 0.33699 -0.83245 -0.43985
vn 0.78138 -0.50436 -0.36752
vn 0.09688 -0.06806 0.99297
vn -0.03531 0.02093 0.99916
vn -0.10667 -0.01809 0.99413
vn 0.30728 0.08998 0.94735
vn 0.06391 0.22899 0.97133
vn 0.23158 0.25942 0.93759
vn -0.01338 0.30824 0.95121
vn -0.03580 0.21264 0.97647
vn 0.03274 0.17268 0.98443
vn -0.18732 0.28757 0.93926
vn 0.15165 0.18643 0.97069
vn 0.08873 0.20295 0.97516
vn 0.20545 0.25989 0.94353
vn 0.09561 0.27999 0.95523
vn 0.17518 0.33187 0.92692
vn 0.07507 0.33167 0.94040
vn -0.05674 0.27979 0.95838
vn 0.05117 0.35291 0.93426
vn 0.06464 0.24443 0.96751
vn 0.04331 0.31184 0.94915
vn -0.21054 0.28186 0.93607
vn 0.04838 0.32709 0.94375
vn 0.11077 0.16137 0.98066
vn -0.09735 0.10745 0.98943
vn 0.11590 0.09510 0.98870
vn 0.21045 0.06845 0.97521
vn 0.05291 0.57208 0.81849
vn 0.07586 0.57589 0.81400
vn 0.11910 0.71752 0.68628
vn 0.10051 0.52463 0.84538
vn 0.12086 0.51398 0.84925
vn 0.18594 0.54616 0.81679
vn 0.15379 0.51031 0.84613
vn 0.30765 -0.01530 0.95138
vn 0.33276 0.02556 0.94266
vn 0.43023 -0.33949 0.83645
vn 0.25066 0.48356 0.83865
vn 0.38611 0.50230 0.77370
vn 0.22808 0.48097 0.84655
vn -0.99744 0.06420 0.03162
vn -0.99744 0.06420 0.03162
vn -0.99744 0.06420 0.03162
vn -0.32249 0.40868 0.85381
vn -0.13802 0.32340 0.93614
vn -0.16325 0.34669 0.92366
vn -0.17222 0.39111 0.90409
vn -0.21244 0.42073 0.88196
vn -0.27398 0.45788 0.84574
vn -0.31139 0.47652 0.82217
vn -0.39791 0.46154 0.79287
vn -0.41296 0.44409 0.79514
vn -0.40313 0.33528 0.85151
vn -0.38614 0.31289 0.86775
vn -0.41703 0.27280 0.86699
vn 0.33190 -0.65397 0.67983
vn 0.29358 -0.65683 0.69454
vn 0.44553 -0.89524 -0.00766
vn -0.27617 0.81743 0.50550
vn -0.31613 0.81096 0.49235
vn -0.38278 0.77607 0.50119
vn -0.29730 0.87297 0.38669
vn -0.15064 0.92727 0.34275
vn -0.11853 0.99214 -0.04020
vn -0.14543 0.98935 0.00553
vn -0.35412 0.47258 0.80701
vn -0.31942 0.38086 0.86770
vn -0.28680 0.44073 0.85059
vn -0.33006 0.48655 0.80890
vn -0.18896 0.39248 0.90014
vn -0.28577 0.27291 0.91862
vn -0.39635 0.47795 0.78388
vn -0.40149 0.49290 0.77191
vn -0.40764 0.45725 0.79041
vn -0.43130 0.44672 0.78385
vn -0.39920 0.44058 0.80407
vn -0.38201 0.44023 0.81257
vn -0.39319 0.42931 0.81307
vn -0.37885 0.45475 0.80603
vn -0.33677 0.53118 0.77745
vn -0.30888 0.54672 0.77826
vn -0.25219 0.60589 0.75452
vn -0.27398 0.62145 0.73398
vn -0.15491 0.66925 0.72671
vn -0.17246 0.67949 0.71313
vn -0.04791 0.70477 0.70782
vn -0.05842 0.70970 0.70207
vn 0.02644 0.71379 0.69986
vn 0.02671 0.71160 0.70207
vn 0.10366 0.69338 0.71307
vn 0.09473 0.69386 0.71385
vn 0.19218 0.69307 0.69478
vn 0.16889 0.70400 0.68982
vn 0.23874 0.68546 0.68786
vn 0.39541 -0.82224 0.40936
vn 0.22841 -0.61953 0.75100
vn 0.34210 -0.72693 0.59543
vn 0.16036 -0.60059 0.78331
vn 0.16786 -0.62960 0.75857
vn 0.24738 -0.73592 0.63026
vn 0.36189 -0.75916 0.54102
vn 0.15799 -0.80993 0.56484
vn 0.14650 -0.81546 0.55996
vn 0.12445 -0.81758 0.56220
vn 0.12492 -0.81640 0.56381
vn 0.11451 -0.82019 0.56051
vn 0.10390 -0.82525 0.55513
vn 0.01586 -0.79396 0.60777
vn 0.08797 -0.80617 0.58511
vn 0.12594 -0.75323 0.64559
vn -0.03912 -0.73381 0.67822
vn 0.21064 -0.70615 0.67601
vn 0.22226 -0.71399 0.66394
vn 0.21349 -0.71987 0.66046
vn 0.19451 -0.72037 0.66576
vn -0.37515 0.68089 0.62900
vn -0.32488 0.71281 0.62157
vn -0.32438 0.70309 0.63281
vn -0.17595 0.70045 0.69167
vn -0.16905 0.71081 0.68277
vn -0.08285 0.62222 0.77845
vn -0.08906 0.60502 0.79121
vn 0.01441 0.62305 0.78205
vn 0.01616 0.60666 0.79480
vn 0.10444 0.54553 0.83156
vn 0.12434 0.51679 0.84703
vn 0.27060 0.42131 0.86561
vn 0.45260 0.26416 0.85169
vn 0.11055 -0.78849 0.60504
vn 0.13534 -0.80972 0.57100
vn 0.16909 -0.60697 0.77653
vn 0.15292 -0.66827 0.72803
vn 0.27758 -0.57193 0.77191
vn 0.21928 -0.73412 0.64263
vn 0.11159 -0.57464 0.81076
vn 0.13255 -0.62868 0.76629
vn 0.13501 -0.82859 0.54333
vn 0.16531 -0.85801 0.48630
vn 0.18671 -0.93773 0.29293
vn 0.12780 -0.82784 0.54621
vn 0.11377 -0.82267 0.55702
vn 0.09249 -0.77175 0.62916
vn 0.20560 -0.91530 0.34634
vn 0.04685 -0.95481 0.29349
vn -0.13810 -0.88785 0.43892
vn 0.00722 -0.61718 0.78679
vn -0.48923 -0.70107 0.51880
vn -0.01677 -0.71537 0.69854
vn -0.59263 -0.23157 0.77147
vn -0.72429 -0.25545 0.64042
vn -0.61813 -0.07134 0.78283
vn 0.23140 -0.79809 0.55633
vn 0.27247 -0.84370 0.46254
vn 0.38966 -0.83802 0.38195
vn 0.25158 -0.84776 0.46691
vn 0.34432 -0.83622 0.42682
vn 0.36141 -0.83977 0.40517
vn 0.43181 -0.82258 0.37001
vn 0.45575 -0.81944 0.34758
vn 0.55623 -0.77105 0.30999
vn 0.58138 -0.75582 0.30122
vn 0.69000 -0.64340 0.33158
vn 0.71775 -0.60627 0.34244
vn 0.78748 -0.50743 0.34984
vn 0.04090 -0.98972 0.13704
vn 0.16362 -0.95126 0.26141
vn 0.17000 -0.96071 0.21940
vn 0.32356 -0.82924 0.45571
vn 0.38884 -0.63514 0.66739
vn 0.38232 -0.44491 0.80987
vn 0.08006 -0.05942 -0.99502
vn -0.12348 -0.00945 -0.99230
vn -0.05221 0.02961 -0.99820
vn 0.29122 0.09823 -0.95160
vn 0.04748 0.23743 -0.97024
vn 0.21570 0.26758 -0.93908
vn -0.02945 0.31650 -0.94813
vn -0.05231 0.22112 -0.97384
vn -0.20317 0.29571 -0.93342
vn 0.01608 0.18123 -0.98331
vn 0.13522 0.19488 -0.97146
vn 0.07223 0.21143 -0.97472
vn 0.18947 0.26810 -0.94458
vn 0.07946 0.28829 -0.95424
vn 0.15949 0.33993 -0.92683
vn 0.05917 0.33984 -0.93862
vn -0.07293 0.28811 -0.95482
vn 0.03538 0.36102 -0.93189
vn 0.04828 0.25284 -0.96630
vn 0.02726 0.32009 -0.94700
vn -0.22633 0.28997 -0.92989
vn 0.03243 0.33529 -0.94156
vn 0.09417 0.16990 -0.98095
vn -0.11407 0.11605 -0.98667
vn 0.09916 0.10370 -0.98965
vn 0.19392 0.07694 -0.97799
vn 0.03909 0.57918 -0.81427
vn 0.06212 0.58295 -0.81013
vn 0.10753 0.72347 -0.68193
vn 0.08623 0.53196 -0.84237
vn 0.10651 0.52134 -0.84667
vn 0.17213 0.55324 -0.81504
vn 0.13950 0.51766 -0.84414
vn 0.29150 -0.00700 -0.95654
vn 0.31677 0.03378 -0.94790
vn 0.41599 -0.33216 -0.84653
vn 0.23647 0.49085 -0.83854
vn 0.37300 0.50904 -0.77573
vn 0.24051 0.26812 -0.93288
vn -0.99782 0.06441 -0.01420
vn -0.99782 0.06441 -0.01420
vn -0.33686 0.41606 -0.84464
vn -0.17883 0.35470 -0.91772
vn -0.15382 0.33152 -0.93082
vn -0.18746 0.39894 -0.89761
vn -0.22730 0.42836 -0.87455
vn -0.28822 0.46518 -0.83698
vn -0.32522 0.48362 -0.81262
vn -0.41124 0.46838 -0.78199
vn -0.42632 0.45094 -0.78416
vn -0.41743 0.34261 -0.84165
vn -0.40072 0.32035 -0.85837
vn -0.43159 0.28024 -0.85743
vn 0.32030 -0.64800 -0.69102
vn -0.28463 0.82178 -0.49363
vn -0.39115 0.78037 -0.48787
vn -0.32435 0.81519 -0.47986
vn -0.30373 0.87628 -0.37401
vn -0.15634 0.93020 -0.33208
vn 0.28174 -0.65074 -0.70510
vn -0.14543 0.98935 0.00553
vn -0.63255 -0.08323 0.77004
vn 0.16849 -0.53810 0.82587
vn 0.13176 -0.44185 0.88736
vn 0.03183 -0.48815 0.87218
vn 0.06864 -0.54941 0.83273
vn -0.04877 -0.55972 0.82724
vn -0.06842 -0.57511 0.81521
vn -0.09310 -0.54986 0.83005
vn -0.12636 -0.51581 0.84733
vn -0.02995 -0.05782 0.99788
vn -0.11997 -0.36636 0.92271
vn 0.21425 -0.41174 0.88576
vn 0.32002 -0.53570 0.78142
vn 0.22002 -0.26428 0.93901
vn -0.17663 -0.40456 0.89730
vn -0.15425 -0.11428 0.98140
vn -0.13277 -0.03120 0.99066
vn -0.14382 0.31813 0.93707
vn -0.12471 0.43230 0.89307
vn -0.19378 0.88144 0.43072
vn 0.15826 0.25724 0.95330
vn -0.05789 0.11314 0.99189
vn -0.10747 0.45921 0.88180
vn -0.05862 0.66260 0.74667
vn -0.18286 0.65651 0.73182
vn -0.18061 0.82013 0.54292
vn 0.16872 0.69816 0.69578
vn 0.02415 0.54949 0.83515
vn 0.41415 0.84372 0.34150
vn 0.19511 0.67467 0.71187
vn 0.34428 0.93886 0.00117
vn 0.20866 0.77488 0.59668
vn 0.09254 0.99570 0.00355
vn -0.03421 0.99271 0.11556
vn 0.29457 -0.00264 0.95563
vn -0.15191 -0.00686 0.98837
vn -0.06887 0.02871 0.99721
vn -0.05999 -0.45305 0.88946
vn -0.15130 -0.41443 0.89742
vn 0.11993 -0.54624 0.82900
vn 0.16105 0.04527 0.98591
vn 0.28548 -0.64718 0.70687
vn 0.40238 0.02156 0.91522
vn 0.42054 -0.66237 0.62001
vn 0.39266 -0.84242 0.36898
vn 0.38107 -0.84679 0.37113
vn -0.05558 -0.76040 -0.64708
vn 0.16976 -0.55959 -0.81120
vn -0.05903 -0.99047 -0.12447
vn -0.20950 -0.92050 -0.32983
vn -0.12064 -0.38013 -0.91703
vn -0.07236 -0.31502 -0.94632
vn -0.47025 -0.43022 -0.77057
vn -0.50813 -0.47672 -0.71731
vn -0.52946 -0.46722 -0.70808
vn -0.39172 -0.92008 -0.00069
vn -0.40623 -0.86603 -0.29151
vn -0.53804 -0.74758 -0.38940
vn -0.40272 -0.83830 -0.36751
vn -0.38431 -0.65478 -0.65082
vn -0.41252 -0.45640 -0.78837
vn -0.14724 -0.47939 -0.86516
vn 0.11864 -0.41252 -0.90319
vn -0.05447 -0.69676 -0.71523
vn 0.05318 -0.77556 -0.62903
vn 0.08079 -0.73654 -0.67155
vn 0.07178 -0.73352 -0.67586
vn 0.28220 -0.68627 -0.67037
vn 0.26699 -0.69022 -0.67254
vn 0.29493 -0.70112 -0.64919
vn 0.28317 -0.69522 -0.66067
vn 0.04330 -0.72552 -0.68684
vn 0.16567 0.98618 0.00288
vn 0.27814 0.96054 0.00181
vn 0.10123 0.96604 -0.23773
vn -0.15279 0.98824 0.00559
vn -0.16019 0.96727 -0.19680
vn -0.32733 0.94488 0.00688
vn -0.22659 0.90096 -0.37004
vn -0.15644 0.98767 0.00562
vn -0.05989 0.83131 -0.55258
vn 0.15187 0.82525 -0.54397
vn 0.11610 0.81060 -0.57397
vn 0.44442 0.72994 -0.51931
vn 0.57408 0.79471 -0.19715
vn 0.57423 0.63583 -0.51573
vn 0.49432 0.65215 -0.57475
vn 0.47099 0.62938 -0.61810
vn 0.37506 0.63028 -0.67976
vn 0.26985 0.62992 -0.72827
vn 0.22686 0.62190 -0.74951
vn 0.02757 0.65366 -0.75629
vn 0.01353 0.64893 -0.76073
vn -0.19391 0.60578 -0.77164
vn -0.19252 0.62983 -0.75250
vn -0.19712 0.55876 -0.80556
vn -0.18992 0.70699 -0.68125
vn 0.00892 0.72434 -0.68939
vn 0.12848 0.70654 -0.69591
vn 0.01086 0.81335 -0.58167
vn 0.03779 0.83403 -0.55043
vn 0.02688 0.86701 -0.49756
vn 0.00302 0.94439 -0.32883
vn 0.02687 0.99963 0.00412
vn 0.04429 0.47282 -0.88005
vn 0.08164 0.82976 -0.55212
vn 0.13374 0.27946 -0.95080
vn 0.26904 0.68622 -0.67581
vn 0.13029 0.79674 -0.59011
vn 0.00704 0.80044 -0.59937
vn 0.01272 -0.93578 -0.35236
vn 0.32527 -0.92773 -0.18307
vn 0.04341 -0.99905 -0.00471
vn 0.01090 -0.99993 -0.00444
vn -0.05198 -0.90757 -0.41668
vn -0.05904 -0.99825 -0.00384
vn -0.05452 -0.88995 -0.45279
vn -0.05832 -0.99829 -0.00385
vn -0.03774 -0.88680 -0.46062
vn -0.03639 -0.99933 -0.00404
vn 0.15931 -0.86111 -0.48281
vn 0.03854 -0.99027 -0.13373
vn 0.05721 -0.48717 -0.87143
vn 0.02004 -0.88250 -0.46989
vn 0.06817 -0.89397 -0.44290
vn 0.26628 -0.11943 -0.95647
vn -0.00699 -0.47970 -0.87741
vn -0.01732 -0.03393 -0.99927
vn -0.02384 0.21091 -0.97721
vn -0.09155 0.32637 -0.94080
vn 0.36293 -0.34189 -0.86683
vn -0.00978 0.00441 -0.99994
vn 0.00030 0.00389 -0.99999
vn 0.00408 0.00327 -0.99999
vn 0.00426 0.10205 -0.99477
vn -0.00299 0.00347 -0.99999
vn -0.01204 0.10420 -0.99448
vn -0.00302 0.07400 -0.99725
vn 0.01641 0.10795 -0.99402
vn 0.04469 0.04081 -0.99817
vn 0.03983 -0.05334 -0.99778
vn 0.04538 -0.03945 -0.99819
vn 0.03048 -0.04328 -0.99860
vn 0.01956 0.00297 -0.99980
vn 0.02023 -0.06957 -0.99737
vn -0.02631 -0.07726 -0.99666
vn 0.05954 -0.04976 -0.99699
vn 0.08275 -0.03861 -0.99582
vn -0.18735 0.02119 -0.98207
vn 0.11945 -0.01719 -0.99269
vn -0.15688 0.11640 -0.98074
vn -0.12168 0.15819 -0.97988
vn 0.01710 0.15627 -0.98757
vn -0.23084 0.36996 -0.89991
vn -0.17981 0.16209 -0.97025
vn -0.00604 0.11232 -0.99365
vn 0.05411 -0.07447 -0.99575
vn 0.03349 0.01066 -0.99938
vn -0.00862 -0.12141 -0.99256
vn 0.07410 -0.11343 -0.99078
vn 0.10434 0.01391 -0.99444
vn -0.24075 -0.04445 -0.96957
vn 0.09060 0.06702 -0.99363
vn -0.23998 0.11656 -0.96375
vn 0.15294 -0.07285 -0.98555
vn 0.11650 -0.13255 -0.98431
vn 0.06060 -0.09113 -0.99399
vn -0.07857 0.15364 -0.98500
vn -0.14225 0.31968 -0.93679
vn -0.00830 -0.12250 -0.99243
vn 0.01552 0.00406 -0.99987
vn -0.01296 0.01363 -0.99982
vn -0.17061 -0.07359 -0.98259
vn 0.02522 -0.05555 -0.99814
vn -0.09976 0.00730 -0.99498
vn -0.09094 0.09467 -0.99135
vn -0.01337 -0.13549 -0.99069
vn 0.09080 0.24004 -0.96651
vn -0.11192 -0.20920 -0.97145
vn 0.03856 -0.03564 -0.99862
vn 0.03822 -0.00341 -0.99926
vn -0.12846 0.02208 -0.99147
vn -0.01377 0.02155 -0.99967
vn 0.00550 0.08006 -0.99677
vn -0.19231 0.09280 -0.97694
vn 0.00592 0.00878 -0.99994
vn -0.06758 0.13092 -0.98909
vn -0.22409 -0.09106 -0.97030
vn 0.23537 -0.05504 -0.97035
vn -0.11180 0.36213 -0.92540
vn 0.04414 -0.07316 -0.99634
vn -0.09097 -0.03891 -0.99509
vn 0.31506 -0.23320 -0.91998
vn 0.28048 -0.17199 -0.94432
vn -0.27409 -0.31664 -0.90808
vn -0.30013 -0.05303 -0.95242
vn -0.00186 -0.31289 -0.94979
vn 0.02774 0.08453 -0.99603
vn 0.26915 0.33665 -0.90235
vn 0.31776 0.51950 -0.79319
vn 0.17686 0.57833 -0.79640
vn -0.89260 0.32089 -0.31668
vn -0.55534 0.58557 -0.59052
vn -0.15029 -0.18081 -0.97197
vn -0.27198 0.00262 -0.96230
vn -0.04108 0.04550 -0.99812
vn -0.05699 0.00729 -0.99835
vn 0.07856 -0.06785 -0.99460
vn 0.23823 -0.30851 -0.92090
vn 0.27772 -0.35027 -0.89453
vn 0.14541 -0.30214 -0.94211
vn 0.03267 0.61629 -0.78684
vn -0.02388 0.51939 -0.85420
vn -0.10657 0.80685 -0.58106
vn 0.10215 0.99476 0.00346
vn 0.35096 0.93639 0.00110
vn 0.17281 0.88268 -0.43705
vn -0.40866 0.91266 0.00743
vn 0.15778 0.87250 -0.46243
vn 0.29926 0.95417 0.00162
vn 0.11600 0.99324 0.00334
vn 0.09339 0.65402 -0.75069
vn 0.36979 0.65586 -0.65811
vn -0.10959 0.93517 -0.33682
vn 0.38744 0.54001 -0.74718
vn 0.02632 0.99965 0.00413
vn 0.19584 0.98063 0.00261
vn 0.12523 0.61159 -0.78120
vn 0.00856 0.87310 -0.48747
vn 0.03670 0.85377 -0.51936
vn 0.33736 0.94137 0.00124
vn 0.01963 0.57948 -0.81475
vn 0.06414 0.95830 -0.27847
vn -0.40584 0.82768 -0.38761
vn -0.23996 0.97076 0.00625
vn -0.10757 0.62292 -0.77485
vn 0.03064 0.61202 -0.79025
vn -0.00153 0.99999 0.00436
vn 0.13185 0.71289 -0.68877
vn 0.09583 0.99539 0.00352
vn -0.03584 0.70135 -0.71192
vn 0.28402 0.95882 0.00176
vn 0.12179 0.52083 -0.84493
vn 0.14230 0.95722 -0.25197
vn 0.63497 -0.56290 -0.52912
vn 0.48385 -0.32500 -0.81257
vn 0.41377 0.61665 -0.66973
vn 0.37130 0.66981 -0.64304
vn 0.41368 -0.91039 -0.00746
vn -0.16384 0.87710 -0.45150
vn 0.16274 0.70302 -0.69230
vn -0.40874 0.45380 -0.79184
vn -0.19850 0.16681 -0.96580
vn 0.73106 0.66851 -0.13653
vn -0.41488 0.90985 0.00746
vn 0.15059 -0.95947 -0.23820
vn -0.09268 -0.99569 -0.00354
vn -0.17573 -0.98443 -0.00279
vn 0.03306 -0.94489 -0.32573
vn 0.09549 -0.98082 -0.16995
vn -0.24143 0.46752 -0.85038
vn 0.07433 -0.09875 -0.99233
vn -0.02249 -0.03375 -0.99918
vn -0.05341 -0.25866 -0.96449
vn 0.00942 -0.13666 -0.99057
vn -0.10475 -0.10627 -0.98880
vn 0.04812 -0.09281 -0.99452
vn 0.66198 -0.08746 -0.74440
vn 0.58577 -0.20765 -0.78343
vn 0.70744 -0.24343 -0.66353
vn 0.59254 -0.37732 -0.71171
vn -0.32264 -0.44859 -0.83347
vn -0.40122 -0.47329 -0.78423
vn -0.07291 -0.99733 -0.00372
vn 0.41271 0.81867 -0.39932
vn 0.49736 0.60484 -0.62193
vn 0.39892 0.48712 -0.77691
vn 0.31688 0.76093 -0.56619
vn 0.33862 0.94092 0.00122
vn -0.11906 0.99287 0.00532
vn 0.08653 0.83580 -0.54218
vn 0.61001 0.79239 -0.00172
vn -0.27112 0.76998 -0.57760
vn 0.18757 0.98225 0.00268
vn -0.38092 0.92458 0.00724
vn -0.23034 0.83951 -0.49210
vn 0.12577 0.55055 -0.82527
vn 0.35798 0.93373 0.00103
vn 0.07261 0.61973 -0.78145
vn 0.02532 0.99967 0.00413
vn -0.08361 0.57522 -0.81372
vn -0.16988 0.98545 0.00572
vn -0.49234 0.75483 -0.43339
vn -0.40999 0.45625 -0.78977
vn -0.37710 0.86421 -0.33307
vn -0.16732 0.05965 -0.98410
vn -0.05773 0.04070 -0.99750
vn -0.25347 -0.07045 -0.96477
vn -0.19050 -0.23397 -0.95340
vn -0.04509 0.00642 -0.99896
vn -0.36395 0.67557 -0.64121
vn -0.03737 0.86122 -0.50686
vn -0.30268 0.95307 0.00671
vn -0.53101 0.33682 -0.77755
vn -0.25041 0.28504 -0.92523
vn 0.26875 0.96321 0.00191
vn -0.50251 0.86438 0.01805
vn 0.39933 0.53440 0.74495
vn -0.04886 0.99879 0.00476
vn -0.03171 0.65234 -0.75727
vn -0.23618 -0.01957 -0.97151
vn -0.17180 0.11635 -0.97824
vn -0.11701 0.11588 -0.98635
vn -0.15034 0.15864 -0.97582
vn -0.18984 0.28264 -0.94025
vn 0.05647 -0.16809 -0.98415
vn 0.17211 0.11328 -0.97854
vn -0.01465 0.16226 -0.98664
vn -0.01334 0.16426 -0.98633
vn -0.18195 -0.12185 -0.97573
vn -0.21301 0.07953 -0.97381
vn -0.10615 0.22547 -0.96845
vn -0.03940 0.18715 -0.98154
vn -0.50566 0.69436 -0.51202
vn -0.36291 0.93180 0.00712
vn -0.40336 0.79542 -0.45234
vn 0.26816 0.00206 -0.96337
vn 0.21898 -0.12290 -0.96796
vn -0.45876 0.88853 0.00775
vn -0.60841 0.79358 0.00859
vn -0.56070 0.73267 -0.38577
vn 0.26247 0.76287 -0.59089
vn 0.05911 -0.99824 -0.00484
vn -0.26745 -0.93666 -0.22614
vn 0.03014 -0.95354 -0.29974
vn 0.30999 -0.95072 -0.00676
vn -0.39400 -0.90810 -0.14188
vn -0.17912 -0.98382 -0.00276
vn 0.21635 -0.90950 -0.35497
vn 0.60451 -0.79655 -0.00858
vn 0.39701 -0.91778 -0.00735
vn -0.47602 -0.87790 -0.05202
vn 0.14046 -0.99007 -0.00549
vn 0.57088 -0.82096 0.01121
vn 0.62554 -0.78002 0.01617
vn -0.98498 0.17245 0.00908
vn -0.98838 0.15175 0.00902
vn 0.12411 -0.99225 -0.00536
vn -0.64550 -0.07657 -0.75991
vn 0.15445 -0.53088 -0.83325
vn 0.05449 -0.54215 -0.83851
vn 0.01703 -0.48055 -0.87680
vn 0.11669 -0.43410 -0.89327
vn -0.06280 -0.55251 -0.83113
vn -0.08224 -0.56800 -0.81891
vn -0.10717 -0.54263 -0.83311
vn -0.14072 -0.50843 -0.84953
vn -0.04683 -0.04914 -0.99769
vn -0.13559 -0.35832 -0.92370
vn 0.30670 -0.52887 -0.79135
vn 0.19920 -0.40401 -0.89280
vn 0.20407 -0.25609 -0.94487
vn -0.19181 -0.39675 -0.89766
vn -0.17084 -0.10576 -0.97961
vn -0.14952 -0.02260 -0.98850
vn -0.15964 0.32625 -0.93171
vn -0.13978 0.44003 -0.88704
vn -0.20098 0.88514 -0.41969
vn 0.14212 0.26554 -0.95357
vn -0.07466 0.12174 -0.98975
vn -0.12235 0.46685 -0.87583
vn -0.07120 0.66907 -0.73979
vn -0.19517 0.66283 -0.72289
vn -0.10121 0.72060 -0.68593
vn 0.15698 0.70420 -0.69244
vn 0.01005 0.55674 -0.83063
vn 0.31571 0.74794 -0.58387
vn 0.18308 0.68085 -0.70918
vn 0.19859 0.78005 -0.59336
vn -0.03608 0.99368 -0.10633
vn 0.27836 0.00568 -0.96046
vn -0.16862 0.00172 -0.98568
vn -0.08574 0.03737 -0.99562
vn -0.07507 -0.44531 -0.89223
vn -0.16650 -0.40662 -0.89830
vn 0.10584 -0.53900 -0.83563
vn 0.14435 0.05385 -0.98806
vn 0.27343 -0.64099 -0.71719
vn 0.38685 0.02954 -0.92167
vn 0.40993 -0.65694 -0.63276
vn 0.37467 -0.84350 -0.38488
vn 0.38630 -0.83915 -0.38289
vn 0.66397 0.24699 0.70579
vn 0.60153 0.19800 0.77392
vn 0.62812 0.63313 0.45233
vn -0.06927 0.51017 0.85728
vn 0.07186 0.21051 0.97495
vn 0.31392 0.77979 0.54164
vn 0.31439 0.78246 0.53752
vn 0.36207 0.75796 0.54259
vn 0.47792 0.69833 0.53285
vn -0.18847 -0.84949 0.49280
vn -0.18517 -0.84250 0.50588
vn 0.02837 -0.99811 0.05448
vn -0.26010 -0.85658 0.44567
vn -0.65672 0.41226 0.63147
vn -0.09712 0.81265 0.57460
vn 0.26371 0.76010 0.59390
vn 0.26316 -0.96473 -0.00642
vn 0.92606 -0.37725 -0.00947
vn 0.81674 -0.33315 0.47112
vn 0.92606 -0.37725 -0.00947
vn -0.59591 -0.70869 0.37769
vn -0.71283 -0.70133 0.00299
vn -0.58412 -0.81167 0.00142
vn -0.15951 -0.72285 0.67234
vn 0.02728 -0.86585 0.49955
vn -0.26170 -0.71318 0.65030
vn -0.00728 0.20241 0.97927
vn -0.19737 -0.34083 0.91917
vn 0.00001 -0.06902 0.99762
vn -0.33866 -0.73517 0.58723
vn -0.40797 -0.66573 0.62479
vn -0.30943 -0.76419 0.56592
vn -0.11889 -0.97062 0.20921
vn -0.12078 -0.90034 0.41810
vn 0.20594 -0.97855 -0.00600
vn 0.17115 -0.95661 0.23580
vn 0.10763 -0.99418 -0.00523
vn 0.26154 -0.95736 0.12267
vn -0.07560 0.31819 0.94501
vn -0.18374 0.60103 0.77782
vn -0.04300 0.45878 0.88751
vn -0.35997 0.55476 0.75011
vn -0.37306 0.59468 0.71216
vn 0.23537 0.35172 0.90603
vn 0.33060 0.36349 0.87096
vn 0.18270 0.49842 0.84747
vn 0.46006 0.48748 0.74209
vn 0.04967 0.72593 0.68597
vn 0.35682 0.72261 0.59204
vn 0.15219 0.82764 0.54023
vn 0.39134 0.77108 0.50228
vn 0.70063 0.69790 0.14848
vn 0.66005 0.60282 0.44826
vn 0.61984 0.78473 -0.00184
vn 0.44394 0.70062 0.55861
vn 0.34843 0.72678 0.59194
vn 0.36094 0.70976 0.60495
vn 0.25151 0.75095 0.61059
vn 0.25592 0.74686 0.61376
vn 0.13693 0.76959 0.62368
vn 0.19948 0.74102 0.64116
vn 0.32206 0.69663 0.64108
vn 0.30962 0.71229 0.62991
vn 0.43154 0.57980 0.69109
vn 0.49664 0.63023 0.59679
vn 0.27629 0.76672 0.57949
vn 0.41018 0.51548 0.75235
vn 0.66789 -0.15603 0.72772
vn -0.05637 -0.74119 0.66893
vn -0.26403 -0.68960 0.67434
vn -0.23289 -0.60279 0.76315
vn -0.03734 -0.65351 0.75599
vn 0.27520 -0.73064 0.62484
vn 0.20582 -0.67279 0.71062
vn -0.31386 -0.52080 0.79389
vn -0.40967 -0.63817 0.65185
vn -0.49483 -0.42233 0.75946
vn -0.68536 -0.52515 0.50448
vn -0.63737 -0.36600 0.67809
vn -0.52979 -0.64671 0.54871
vn 0.29623 -0.84194 0.45098
vn 0.17476 -0.75570 0.63117
vn 0.24979 -0.85728 0.45020
vn 0.09599 -0.85138 0.51569
vn 0.10672 -0.99428 -0.00523
vn 0.28875 -0.95738 -0.00664
vn 0.39612 -0.91817 -0.00741
vn 0.04851 -0.96092 0.27254
vn -0.04297 -0.84669 0.53035
vn 0.14865 -0.84662 0.51102
vn 0.13841 -0.99036 -0.00548
vn 0.25855 -0.96598 -0.00639
vn 0.30334 -0.78761 0.53633
vn 0.21945 -0.80927 0.54490
vn 0.21279 -0.84028 0.49865
vn 0.18753 -0.70529 0.68367
vn 0.29029 -0.67057 0.68269
vn 0.30963 -0.65193 0.69218
vn -0.15025 -0.92263 0.35522
vn -0.43479 -0.76509 0.47496
vn -0.34842 -0.82752 0.44025
vn -0.37273 -0.92794 -0.00088
vn -0.28956 -0.95716 -0.00171
vn -0.03982 -0.99026 0.13344
vn -0.52750 0.68323 0.50493
vn -0.51911 0.68595 0.50989
vn -0.65921 0.75190 0.00891
vn -0.42080 0.72757 0.54182
vn -0.43065 0.72736 0.53430
vn -0.64692 0.39141 0.65444
vn -0.35370 0.71880 0.59852
vn -0.41880 0.44019 0.79425
vn -0.81553 -0.29859 0.49573
vn -0.87274 -0.23981 0.42522
vn -0.80979 -0.23843 0.53609
vn -0.65641 -0.27073 0.70415
vn -0.58984 -0.43851 0.67809
vn -0.46563 -0.29221 0.83534
vn -0.41455 -0.62449 0.66194
vn -0.27889 -0.39982 0.87314
vn -0.15559 -0.71695 0.67954
vn -0.08249 -0.41732 0.90501
vn 0.02418 -0.74160 0.67041
vn -0.15115 0.85431 0.49731
vn 0.08224 0.89443 0.43958
vn 0.18761 0.98224 0.00268
vn -0.08899 0.99602 0.00508
vn -0.41321 0.65563 0.63198
vn 0.11665 0.78332 0.61058
vn 0.43377 0.61742 0.65623
vn 0.19471 0.61225 0.76631
vn 0.36890 0.34869 0.86158
vn -0.16936 0.20927 0.96308
vn 0.24482 -0.34385 0.90655
vn -0.30858 -0.33477 0.89034
vn -0.39191 0.68991 0.60863
vn -0.46639 0.14036 0.87337
vn -0.50066 0.71220 0.49205
vn -0.15809 0.89135 0.42485
vn -0.36000 -0.35399 0.86319
vn -0.20525 -0.50200 0.84016
vn -0.01940 -0.56133 0.82737
vn 0.14327 -0.56166 0.81487
vn -0.55634 -0.02327 0.83063
vn -0.49814 -0.41736 0.76005
vn -0.44680 -0.28827 0.84692
vn -0.51935 -0.21220 0.82779
vn -0.28180 -0.43483 0.85528
vn -0.28803 -0.13626 0.94788
vn -0.17962 -0.05873 0.98198
vn -0.08780 0.75330 0.65179
vn 0.00900 0.63648 0.77124
vn 0.06408 0.72688 0.68377
vn 0.13286 0.70133 0.70035
vn 0.67091 -0.44791 0.59098
vn 0.19550 0.70570 0.68101
vn 0.18148 0.72033 0.66947
vn 0.02063 0.71831 0.69541
vn 0.02369 0.76343 0.64545
vn -0.17832 0.70102 0.69049
vn -0.17279 0.81699 0.55015
vn -0.67171 0.21619 0.70857
vn -0.62481 0.40648 0.66662
vn -0.50017 -0.58186 0.64131
vn -0.17912 -0.73427 0.65480
vn -0.21320 -0.72756 0.65207
vn -0.28808 -0.73708 0.61133
vn 0.05486 -0.73146 0.67967
vn 0.04041 -0.70662 0.70644
vn 0.29426 -0.70092 0.64971
vn -0.59447 0.72698 0.34367
vn 0.10800 -0.99414 -0.00524
vn 0.14126 -0.98996 -0.00550
vn -0.17972 0.62325 0.76109
vn -0.13665 0.64104 0.75524
vn 0.02645 0.64229 0.76600
vn 0.65196 0.25314 -0.71475
vn 0.59992 0.45458 -0.65837
vn 0.58837 0.20475 -0.78224
vn -0.08372 0.51758 -0.85153
vn 0.30477 0.78450 -0.54007
vn 0.46888 0.70297 -0.53477
vn 0.35289 0.76268 -0.54202
vn 0.30530 0.78712 -0.53594
vn 0.44688 -0.76366 -0.46596
vn -0.19684 -0.84518 -0.49691
vn -0.19377 -0.83808 -0.50998
vn -0.30661 -0.80591 -0.50645
vn -0.43193 -0.78983 -0.43544
vn -0.66728 0.41769 -0.61667
vn -0.66728 0.41769 -0.61667
vn -0.10677 0.81761 -0.56579
vn 0.25368 0.76525 -0.59164
vn -0.60226 -0.70543 -0.37369
vn -0.27272 -0.70752 -0.65196
vn -0.21292 -0.33285 -0.91863
vn -0.41855 -0.66029 -0.62357
vn -0.34860 -0.73006 -0.58778
vn -0.31901 -0.75927 -0.56722
vn -0.32349 -0.76959 -0.55053
vn -0.12790 -0.89668 -0.42381
vn 0.16707 -0.95451 -0.24697
vn 0.25937 -0.95624 -0.13540
vn -0.05798 0.46647 -0.88263
vn -0.19682 0.60775 -0.76935
vn -0.40074 0.60455 -0.68843
vn -0.38502 0.60081 -0.70056
vn -0.47222 0.57396 -0.66902
vn -0.01542 -0.03748 -0.99918
vn 0.22002 0.35960 -0.90680
vn 0.16837 0.50577 -0.84608
vn 0.31584 0.37107 -0.87324
vn 0.44749 0.49394 -0.74551
vn 0.03811 0.73187 -0.68037
vn 0.34681 0.72776 -0.59169
vn 0.14308 0.83232 -0.53551
vn 0.38284 0.77544 -0.50212
vn 0.30544 0.77932 -0.54714
vn 0.65242 0.60672 -0.45413
vn 0.43449 0.70547 -0.55994
vn 0.33841 0.73193 -0.59141
vn 0.35070 0.71502 -0.60478
vn 0.24121 0.75625 -0.60820
vn 0.24556 0.75219 -0.61149
vn 0.12642 0.77500 -0.61919
vn 0.18865 0.74659 -0.63797
vn 0.31118 0.70222 -0.64035
vn 0.29896 0.71776 -0.62884
vn 0.41982 0.58582 -0.69323
vn 0.48648 0.63546 -0.59961
vn 0.26652 0.77174 -0.57739
vn 0.39743 0.52203 -0.75467
vn 0.65548 -0.14966 -0.74024
vn -0.06773 -0.73535 -0.67430
vn -0.05017 -0.64692 -0.76091
vn -0.24581 -0.59615 -0.76432
vn -0.27545 -0.68373 -0.67576
vn 0.26449 -0.72520 -0.63571
vn 0.19372 -0.66659 -0.71982
vn -0.32727 -0.51391 -0.79296
vn -0.42069 -0.63253 -0.65032
vn -0.50768 -0.41577 -0.75458
vn -0.69390 -0.52083 -0.49724
vn -0.64884 -0.36014 -0.67031
vn -0.53907 -0.64197 -0.54523
vn 0.28847 -0.83799 -0.46320
vn 0.19995 -0.71958 -0.66500
vn 0.24207 -0.85329 -0.46184
vn 0.08718 -0.84686 -0.52462
vn -0.00019 -0.84749 -0.53081
vn -0.05201 -0.84205 -0.53689
vn 0.13992 -0.84213 -0.52080
vn 0.29416 -0.78290 -0.54822
vn 0.20426 -0.83590 -0.50947
vn 0.21014 -0.80449 -0.55555
vn 0.17588 -0.69930 -0.69285
vn 0.27865 -0.66458 -0.69331
vn 0.29785 -0.64585 -0.70297
vn -0.15954 -0.74535 -0.64731
vn -0.44279 -0.76097 -0.47419
vn -0.35589 -0.82368 -0.44147
vn -0.04214 -0.98906 -0.14135
vn -0.53594 0.68760 -0.48987
vn -0.52765 0.69036 -0.49497
vn -0.42985 0.73222 -0.52828
vn -0.43956 0.73195 -0.52061
vn -0.65788 0.39703 -0.63997
vn -0.36373 0.72394 -0.58618
vn -0.43216 0.44703 -0.78320
vn -0.82382 -0.29432 -0.48445
vn -0.66955 -0.24770 -0.70025
vn -0.79145 -0.20249 -0.57672
vn -0.87978 -0.23620 -0.41255
vn -0.60128 -0.43263 -0.67179
vn -0.47972 -0.28497 -0.82985
vn -0.42573 -0.61875 -0.66023
vn -0.29364 -0.39223 -0.87174
vn -0.15948 0.85859 -0.48723
vn 0.07486 0.89822 -0.43312
vn -0.42380 0.66107 -0.61918
vn 0.10635 0.78860 -0.60564
vn 0.42264 0.62313 -0.65810
vn 0.18175 0.61890 -0.76415
vn 0.35430 0.35619 -0.86464
vn -0.19001 0.16540 -0.96775
vn 0.24742 -0.33825 -0.90795
vn -0.31841 -0.35453 -0.87916
vn -0.40211 0.69516 -0.59587
vn -0.48108 0.14791 -0.86411
vn -0.50889 0.71643 -0.47725
vn -0.37458 -0.34650 -0.86002
vn -0.21947 -0.49470 -0.84090
vn -0.03344 -0.55411 -0.83177
vn 0.12942 -0.55455 -0.82203
vn -0.16520 0.89500 -0.41435
vn -0.16711 -0.71103 -0.68301
vn -0.09782 -0.40944 -0.90708
vn 0.01277 -0.73574 -0.67714
vn -0.57030 -0.01608 -0.82128
vn -0.54536 -0.39575 -0.73889
vn -0.60658 -0.26747 -0.74868
vn -0.49812 -0.23893 -0.83354
vn -0.29627 -0.42741 -0.85413
vn -0.30403 -0.12803 -0.94402
vn -0.19623 -0.05020 -0.97927
vn -0.09876 0.75893 -0.64364
vn 0.05256 0.73280 -0.67841
vn -0.00400 0.64316 -0.76573
vn 0.12106 0.70739 -0.69638
vn 0.66079 -0.44271 -0.60611
vn 0.17018 0.72614 -0.66615
vn 0.18401 0.71161 -0.67805
vn 0.01282 0.76902 -0.63910
vn -0.18202 0.82173 -0.54003
vn -0.68358 0.22226 -0.69521
vn -0.63597 0.41220 -0.65241
vn -0.51097 -0.57634 -0.63777
vn -0.19023 -0.72856 -0.65804
vn -0.29844 -0.73177 -0.61274
vn -0.22427 -0.72187 -0.65468
vn 0.02840 -0.70045 -0.71313
vn -0.60020 0.72990 -0.32712
vn -0.14936 0.64756 -0.74723
vn 0.27555 -0.75006 0.60124
vn 0.27005 -0.69327 0.66816
vn 0.25949 -0.68422 0.68155
vn 0.27737 -0.75520 0.59391
vn 0.30139 -0.80761 0.50688
vn 0.30210 -0.81090 0.50117
vn 0.04423 -0.16592 0.98515
vn 0.17314 -0.50751 0.84407
vn 0.30719 -0.80899 0.50117
vn 0.00415 -0.05647 0.99840
vn 0.10401 -0.38925 0.91524
vn 0.09868 -0.33327 0.93765
vn 0.00538 -0.01583 0.99986
vn 0.08196 -0.28847 0.95397
vn 0.00523 0.00795 0.99995
vn 0.00375 0.03503 0.99938
vn 0.11025 -0.29173 0.95013
vn -0.02511 0.04388 0.99872
vn -0.04196 0.02109 0.99890
vn 0.21680 -0.36856 0.90397
vn 0.06016 -0.40978 0.91020
vn 0.00459 0.02684 0.99963
vn 0.02798 -0.02030 0.99940
vn 0.09922 -0.44598 0.88952
vn 0.12428 -0.58583 0.80085
vn 0.10894 -0.57693 0.80950
vn 0.05664 -0.36476 0.92938
vn 0.00699 -0.07472 0.99718
vn 0.02363 -0.11408 0.99319
vn 0.06348 -0.41080 0.90951
vn 0.03617 -0.13495 0.99019
vn 0.07302 -0.47093 0.87914
vn 0.03090 -0.12057 0.99222
vn 0.06918 -0.49833 0.86423
vn 0.02729 -0.10603 0.99399
vn 0.06905 -0.52037 0.85115
vn 0.02681 -0.12371 0.99196
vn 0.07297 -0.52932 0.84528
vn -0.01436 -0.06472 0.99780
vn 0.00192 -0.44308 0.89648
vn -0.01823 -0.40335 0.91486
vn 0.07051 -0.40970 0.90949
vn 0.01220 -0.35943 0.93309
vn 0.18452 -0.50084 0.84564
vn 0.02622 -0.25009 0.96787
vn -0.01501 0.04609 0.99882
vn -0.03437 0.10275 0.99411
vn 0.05286 -0.27394 0.96029
vn -0.05805 0.08319 0.99484
vn -0.00628 -0.27125 0.96249
vn -0.07847 0.00299 0.99691
vn 0.06110 -0.40504 0.91226
vn -0.02793 -0.08277 0.99618
vn 0.09006 -0.04687 0.99483
vn 0.18851 0.34536 0.91934
vn -0.03490 0.19981 0.97921
vn -0.03135 0.21609 0.97587
vn -0.01752 0.19943 0.97975
vn -0.02584 0.19796 0.97987
vn -0.02162 0.25544 0.96658
vn -0.01494 0.19872 0.97994
vn -0.00999 0.20185 0.97936
vn -0.06504 0.27697 0.95867
vn -0.15405 0.32542 0.93293
vn -0.09528 0.33937 0.93582
vn -0.04566 0.35174 0.93499
vn -0.06067 0.31033 0.94869
vn -0.08837 0.28310 0.95501
vn -0.09984 0.27683 0.95572
vn -0.11361 0.23966 0.96419
vn -0.12070 0.21609 0.96888
vn -0.12233 0.21267 0.96944
vn -0.13299 0.20740 0.96917
vn -0.13818 0.20964 0.96797
vn -0.13407 0.18025 0.97444
vn -0.12653 0.17715 0.97602
vn -0.14060 0.17146 0.97511
vn 0.03150 0.23510 0.97146
vn 0.02075 0.19681 0.98022
vn -0.02762 0.22187 0.97468
vn 0.02473 0.29633 0.95477
vn -0.00494 0.33088 0.94366
vn -0.03273 0.33189 0.94275
vn -0.05802 0.33201 0.94149
vn -0.07800 0.35736 0.93070
vn -0.10458 0.36091 0.92672
vn -0.14480 0.31530 0.93788
vn -0.15523 0.32680 0.93226
vn -0.08836 0.55474 0.82732
vn -0.09686 0.58685 0.80388
vn -0.08030 0.62055 0.78004
vn -0.04286 0.63192 0.77385
vn -0.03309 -0.21738 0.97553
vn -0.02965 -0.23991 0.97034
vn -0.02277 0.07176 0.99716
vn -0.00620 0.25147 0.96784
vn -0.00441 0.25084 0.96802
vn -0.05004 -0.22790 0.97240
vn 0.03224 0.00244 0.99948
vn 0.02221 0.24415 0.96948
vn 0.05717 0.26282 0.96315
vn -0.04783 -0.20967 0.97660
vn -0.08881 -0.48098 0.87222
vn -0.02593 -0.57788 0.81571
vn -0.09491 -0.46152 0.88204
vn -0.11344 -0.57373 0.81115
vn -0.12064 -0.61527 0.77903
vn -0.07349 -0.61529 0.78487
vn -0.02587 -0.38033 0.92449
vn -0.11704 -0.24227 0.96312
vn 0.08642 -0.38392 0.91931
vn 0.00386 -0.29428 0.95571
vn -0.01220 -0.61620 0.78750
vn 0.02944 -0.63748 0.76990
vn 0.02125 -0.66371 0.74769
vn 0.10052 -0.69167 0.71519
vn 0.09854 -0.71592 0.69119
vn 0.16045 -0.69647 0.69942
vn 0.15483 -0.73907 0.65560
vn 0.21200 -0.70927 0.67230
vn 0.20812 -0.72756 0.65371
vn 0.17676 -0.75025 0.63709
vn 0.11419 -0.77736 0.61860
vn 0.08603 -0.14951 0.98501
vn 0.06555 -0.21629 0.97413
vn -0.00373 -0.15813 0.98741
vn 0.03341 -0.07523 0.99661
vn 0.09515 -0.25719 0.96167
vn 0.34332 -0.37827 0.85968
vn -0.02644 0.19711 0.98002
vn 0.04791 0.84828 0.52737
vn 0.05566 0.84019 0.53942
vn 0.25684 0.81688 0.51647
vn 0.28910 0.89390 0.34259
vn -0.10315 0.81961 0.56356
vn -0.08649 0.81509 0.57285
vn -0.24921 0.77839 0.57620
vn -0.24850 0.77801 0.57701
vn -0.44235 0.70290 0.55700
vn -0.42790 0.70192 0.56939
vn -0.11837 0.96930 0.21553
vn -0.39240 0.91976 0.00731
vn 0.58864 -0.80835 -0.00849
vn 0.65253 -0.75771 -0.00881
vn 0.65253 -0.75771 -0.00881
vn 0.58864 -0.80835 -0.00849
vn 0.65253 -0.75771 -0.00881
vn 0.48777 -0.87294 -0.00792
vn 0.26015 -0.33215 0.90664
vn -0.25878 -0.96593 -0.00200
vn -0.25878 -0.96593 -0.00200
vn -0.25878 -0.96593 -0.00200
vn 0.16127 -0.98689 -0.00566
vn 0.14388 -0.81108 -0.56697
vn 0.16127 -0.98689 -0.00566
vn -0.02986 -0.99955 -0.00409
vn -0.02986 -0.99955 -0.00409
vn -0.10818 -0.99413 -0.00341
vn -0.10818 -0.99413 -0.00341
vn 0.08958 -0.99597 -0.00509
vn 0.08958 -0.99597 -0.00509
vn 0.12410 -0.99225 -0.00537
vn 0.12410 -0.99225 -0.00537
vn -0.36679 0.93028 0.00716
vn -0.36680 0.93027 0.00715
vn -0.55214 0.83371 0.00831
vn -0.55213 0.83372 0.00833
vn 0.08155 0.99666 0.00364
vn 0.08154 0.99666 0.00364
vn -0.12593 0.99202 0.00538
vn -0.12593 0.99202 0.00538
vn 0.39874 0.91706 0.00061
vn 0.39873 0.91707 0.00061
vn 0.75708 0.65331 -0.00357
vn 0.75709 0.65330 -0.00357
vn 0.89150 0.45299 -0.00558
vn 0.89150 0.45298 -0.00558
vn 0.49292 0.87007 -0.00039
vn 0.49862 0.86682 -0.00045
vn 0.49871 0.86677 -0.00045
vn 0.50543 0.86287 -0.00052
vn 0.49292 0.87007 -0.00039
vn 0.49861 0.86682 -0.00045
vn 0.50542 0.86287 -0.00052
vn -0.10291 0.99468 0.00520
vn -0.10290 0.99468 0.00520
vn 0.27575 0.96123 0.00185
vn -0.29590 0.95520 0.00666
vn -0.29590 0.95520 0.00666
vn -0.16758 0.98584 0.00570
vn -0.16758 0.98584 0.00570
vn -0.06296 0.99800 0.00487
vn -0.06296 0.99800 0.00487
vn 0.00690 0.99997 0.00429
vn 0.00691 0.99997 0.00429
vn 0.26527 -0.74477 -0.61233
vn 0.26722 -0.74998 -0.60508
vn 0.24787 -0.67824 -0.69177
vn 0.25865 -0.68742 -0.67864
vn 0.29271 -0.80315 -0.51892
vn 0.29351 -0.80648 -0.51326
vn 0.02754 -0.15734 -0.98716
vn 0.15879 -0.50013 -0.85127
vn 0.29861 -0.80457 -0.51333
vn -0.00293 -0.05169 -0.99866
vn 0.09845 -0.36910 -0.92416
vn -0.01576 -0.01187 -0.99981
vn 0.06822 -0.31790 -0.94567
vn 0.06578 -0.28016 -0.95770
vn -0.01169 0.01665 -0.99979
vn -0.01316 0.04372 -0.99896
vn 0.09413 -0.28345 -0.95436
vn -0.04200 0.05256 -0.99773
vn -0.05885 0.02977 -0.99782
vn 0.20145 -0.36068 -0.91068
vn -0.00703 -0.25379 -0.96723
vn -0.01232 0.03553 -0.99929
vn 0.01106 -0.01161 -0.99987
vn 0.08412 -0.43822 -0.89492
vn 0.11066 -0.57884 -0.80790
vn 0.09518 -0.56985 -0.81622
vn 0.04088 -0.35666 -0.93334
vn -0.00975 -0.06598 -0.99777
vn 0.00640 -0.10509 -0.99444
vn 0.04805 -0.40287 -0.91399
vn 0.01940 -0.12633 -0.99180
vn 0.05810 -0.46326 -0.88431
vn 0.01410 -0.11194 -0.99362
vn 0.05451 -0.49079 -0.86957
vn 0.01046 -0.09738 -0.99519
vn 0.05460 -0.51294 -0.85668
vn 0.01001 -0.11508 -0.99331
vn 0.05861 -0.52194 -0.85096
vn -0.03339 -0.05535 -0.99791
vn -0.01328 -0.43527 -0.90020
vn -0.04913 -0.41526 -0.90837
vn 0.06300 -0.42540 -0.90281
vn -0.00213 -0.40208 -0.91560
vn 0.19556 -0.54197 -0.81733
vn 0.01148 -0.24154 -0.97032
vn -0.03144 0.06201 -0.99758
vn -0.05118 0.11139 -0.99246
vn 0.03658 -0.26558 -0.96340
vn -0.07487 0.09183 -0.99296
vn -0.02259 -0.26287 -0.96457
vn -0.09533 0.01165 -0.99538
vn 0.04563 -0.39709 -0.91665
vn -0.04479 -0.07410 -0.99624
vn 0.07321 -0.03821 -0.99658
vn 0.17295 0.35336 -0.91936
vn -0.04784 0.22456 -0.97329
vn -0.05145 0.20831 -0.97671
vn -0.03795 0.26383 -0.96382
vn -0.03408 0.20794 -0.97755
vn -0.08123 0.28529 -0.95499
vn -0.16979 0.33351 -0.92733
vn -0.11107 0.34748 -0.93109
vn -0.06145 0.35985 -0.93099
vn -0.07669 0.31856 -0.94480
vn -0.10485 0.29091 -0.95099
vn -0.11519 0.28477 -0.95165
vn -0.12989 0.24803 -0.96000
vn -0.13707 0.22449 -0.96479
vn -0.13870 0.22109 -0.96534
vn -0.14936 0.21581 -0.96494
vn -0.15452 0.21804 -0.96363
vn -0.15052 0.18870 -0.97043
vn -0.14301 0.18562 -0.97216
vn -0.15707 0.17992 -0.97106
vn -0.02655 0.21036 -0.97726
vn -0.03239 0.20623 -0.97797
vn -0.03968 0.20139 -0.97871
vn -0.04409 0.23033 -0.97211
vn 0.00417 0.20532 -0.97869
vn 0.01508 0.24354 -0.96977
vn 0.00859 0.30462 -0.95244
vn -0.02088 0.33907 -0.94053
vn -0.04865 0.34007 -0.93914
vn -0.07392 0.34018 -0.93745
vn -0.09371 0.36544 -0.92611
vn -0.12022 0.36895 -0.92164
vn -0.16063 0.32343 -0.93252
vn -0.17095 0.33488 -0.92662
vn -0.10230 0.56191 -0.82085
vn -0.11040 0.59381 -0.79700
vn -0.09344 0.62730 -0.77315
vn -0.05590 0.63862 -0.76749
vn -0.04961 -0.20889 -0.97668
vn -0.03964 0.08043 -0.99597
vn -0.04609 -0.23147 -0.97175
vn -0.02255 0.25988 -0.96538
vn -0.02077 0.25925 -0.96559
vn -0.06650 -0.21944 -0.97336
vn 0.01532 0.01113 -0.99982
vn 0.00582 0.25257 -0.96756
vn 0.04088 0.27119 -0.96166
vn -0.06436 -0.20118 -0.97744
vn -0.10359 -0.47338 -0.87474
vn -0.03977 -0.57077 -0.82015
vn -0.12719 -0.56666 -0.81407
vn -0.10986 -0.45384 -0.88429
vn -0.13385 -0.60848 -0.78220
vn -0.08681 -0.60845 -0.78883
vn -0.04154 -0.37228 -0.92719
vn -0.13333 -0.23389 -0.96308
vn 0.07083 -0.37591 -0.92395
vn -0.01234 -0.28596 -0.95816
vn -0.02557 -0.60933 -0.79250
vn 0.01636 -0.63076 -0.77580
vn 0.00855 -0.65718 -0.75368
vn 0.08835 -0.68542 -0.72277
vn 0.08678 -0.70988 -0.69896
vn 0.14854 -0.69035 -0.70807
vn 0.20054 -0.70338 -0.68193
vn 0.14365 -0.73333 -0.66453
vn 0.19697 -0.72184 -0.66344
vn 0.16589 -0.74467 -0.64649
vn 0.10365 -0.77194 -0.62718
vn 0.32869 -0.37075 -0.86862
vn 0.07885 -0.24881 -0.96534
vn 0.04904 -0.20781 -0.97694
vn 0.06934 -0.14093 -0.98759
vn -0.02045 -0.14954 -0.98854
vn 0.01653 -0.06656 -0.99765
vn -0.04301 0.20562 -0.97769
vn 0.03905 0.85284 -0.52071
vn 0.21674 0.83095 -0.51240
vn 0.24812 0.82136 -0.51362
vn 0.04658 0.84485 -0.53296
vn -0.11261 0.82447 -0.55458
vn -0.09611 0.82003 -0.56419
vn -0.25887 0.78335 -0.56511
vn -0.25817 0.78298 -0.56594
vn -0.45166 0.70769 -0.54330
vn -0.43742 0.70681 -0.55595
vn -0.12191 0.97113 -0.20506
vn 0.24475 -0.32424 -0.91376
vn -0.31806 0.94805 0.00682
vn -0.04491 0.99898 0.00472
vn -0.04493 0.99898 0.00473
vn -0.31806 0.94805 0.00682
vn 0.24815 0.96872 0.00212
vn 0.06872 0.99763 0.00376
vn 0.27447 0.96159 0.00185
vn 0.06873 0.99763 0.00375
vn -0.12410 0.99225 0.00536
vn -0.12410 0.99225 0.00536
vn -0.33138 -0.94350 -0.00130
vn -0.33138 -0.94350 -0.00130
vn -0.66392 0.74775 0.00886
vn -0.66392 0.74775 0.00886
vn -0.66392 0.74775 0.00886
vn -0.04467 -0.76600 0.64129
vn -0.20396 -0.92335 0.32532
vn 0.32163 -0.61388 0.72091
vn 0.18342 -0.56661 0.80331
vn -0.10514 -0.38809 0.91560
vn -0.05635 -0.32323 0.94464
vn -0.45717 -0.43693 0.77466
vn -0.49595 -0.48296 0.72165
vn -0.51742 -0.47339 0.71286
vn -0.40129 -0.86856 0.29081
vn -0.53144 -0.75096 0.39194
vn -0.39650 -0.84149 0.36700
vn -0.37331 -0.66044 0.65151
vn -0.39916 -0.46328 0.79123
vn -0.13260 -0.48691 0.86333
vn 0.14280 -0.40057 0.90507
vn -0.04241 -0.70295 0.70997
vn 0.04891 -0.66574 0.74458
vn 0.09209 -0.74235 0.66366
vn 0.08316 -0.73937 0.66815
vn 0.29344 -0.69206 0.65951
vn 0.27828 -0.69603 0.66190
vn 0.30582 -0.70672 0.63798
vn 0.10530 0.96395 0.24436
vn -0.15676 0.96551 0.20789
vn -0.22023 0.89769 0.38164
vn -0.05047 0.82647 0.56072
vn 0.16111 0.82050 0.54847
vn 0.12584 0.80559 0.57895
vn 0.45323 0.72542 0.51803
vn 0.39956 0.77512 0.48943
vn 0.58293 0.63135 0.51146
vn 0.50401 0.64717 0.57197
vn 0.48141 0.62403 0.61549
vn 0.38656 0.62438 0.67877
vn 0.28218 0.62359 0.72905
vn 0.23956 0.61538 0.75094
vn 0.04041 0.64706 0.76136
vn -0.18077 0.59903 0.78005
vn -0.18341 0.55171 0.81362
vn 0.14029 0.70048 0.69975
vn 0.04716 0.82921 0.55694
vn 0.02076 0.80827 0.58845
vn 0.03536 0.86265 0.50456
vn 0.01772 0.85888 0.51187
vn 0.05921 0.46516 0.88325
vn 0.09103 0.82493 0.55786
vn 0.14968 0.27144 0.95075
vn 0.28049 0.68034 0.67710
vn 0.01724 0.79520 0.60610
vn 0.14031 0.79159 0.59472
vn 0.01861 -0.93880 0.34395
vn 0.32826 -0.92926 0.16946
vn -0.04499 -0.91116 0.40959
vn -0.04691 -0.89386 0.44589
vn -0.03001 -0.89077 0.45346
vn 0.16740 -0.86527 0.47254
vn 0.07191 -0.49472 0.86607
vn 0.00849 -0.13113 0.99133
vn -0.13384 -0.18927 0.97276
vn 0.09085 -0.12204 0.98836
vn 0.12115 0.00526 0.99262
vn -0.25566 -0.00577 0.96675
vn 0.10741 0.05838 0.99250
vn -0.02416 0.03681 0.99903
vn 0.16958 -0.08140 0.98215
vn -0.04010 -0.00138 0.99919
vn 0.13313 -0.14109 0.98100
vn 0.09538 -0.07650 0.99250
vn 0.25376 -0.31650 0.91402
vn 0.29280 -0.35810 0.88658
vn 0.16131 -0.31031 0.93685
vn 0.07740 -0.09977 0.99200
vn 0.04603 0.60942 0.79151
vn -0.06190 0.14506 0.98749
vn -0.12635 0.31150 0.94181
vn -0.00938 0.51194 0.85897
vn -0.09668 0.80176 0.58977
vn 0.18024 0.87886 0.44172
vn 0.16564 0.86846 0.46727
vn 0.38092 0.65014 0.65743
vn 0.10613 0.64747 0.75466
vn -0.10130 0.93155 0.34921
vn -0.01884 0.64573 0.76334
vn 0.01687 0.86883 0.49483
vn 0.13848 0.60478 0.78426
vn 0.04556 0.84922 0.52607
vn 0.03346 0.57238 0.81931
vn 0.37737 0.77341 0.50933
vn -0.39919 0.82423 0.40160
vn -0.09439 0.61615 0.78195
vn 0.04406 0.60512 0.79491
vn -0.16335 0.15363 0.97453
vn -0.17387 0.27443 0.94576
vn -0.21556 0.36211 0.90687
vn -0.13381 0.15016 0.97957
vn -0.10507 0.14966 0.98314
vn -0.10029 0.10728 0.98916
vn -0.14024 0.10785 0.98423
vn -0.15522 0.10784 0.98198
vn -0.17072 0.01264 0.98524
vn -0.21973 -0.02803 0.97516
vn -0.00945 -0.08592 0.99626
vn 0.14353 0.70689 0.69261
vn -0.02374 0.69512 0.71850
vn 0.13610 0.51347 0.84724
vn 0.37743 0.77036 0.51390
vn 0.02094 -0.00538 0.99977
vn 0.02098 0.09323 0.99542
vn 0.00493 0.09533 0.99543
vn 0.01399 -0.00519 0.99989
vn 0.01386 0.06533 0.99777
vn 0.03324 0.09930 0.99450
vn 0.06158 0.03213 0.99758
vn 0.01722 -0.00481 0.99984
vn 0.05671 -0.06202 0.99646
vn 0.06227 -0.04812 0.99690
vn 0.04737 -0.05196 0.99752
vn 0.03648 -0.00572 0.99932
vn 0.03710 -0.07823 0.99624
vn 0.07640 -0.05842 0.99536
vn 0.09959 -0.04726 0.99391
vn 0.13623 -0.02582 0.99034
vn 0.03382 0.14768 0.98846
vn 0.01079 0.10367 0.99455
vn 0.07095 -0.08312 0.99401
vn 0.05039 0.00198 0.99873
vn 0.00817 -0.13004 0.99147
vn -0.22432 -0.05291 0.97308
vn -0.22362 0.10815 0.96866
vn 0.03243 -0.00463 0.99946
vn 0.00396 0.00493 0.99998
vn -0.15396 -0.08214 0.98466
vn 0.04211 -0.06422 0.99705
vn -0.08291 -0.00136 0.99656
vn -0.07414 0.08604 0.99353
vn 0.00339 -0.14409 0.98956
vn 0.10717 0.23164 0.96688
vn -0.09548 -0.21764 0.97135
vn 0.05545 -0.04432 0.99748
vn 0.05513 -0.01210 0.99841
vn -0.11165 0.01345 0.99366
vn 0.00315 0.01286 0.99991
vn 0.02238 0.07139 0.99720
vn -0.17575 0.08429 0.98082
vn 0.02284 0.00009 0.99974
vn 0.04460 0.07587 0.99612
vn -0.05083 0.12231 0.99119
vn -0.20765 -0.09951 0.97313
vn 0.25175 -0.06345 0.96571
vn -0.09610 0.35406 0.93027
vn 0.06098 -0.08182 0.99478
vn -0.07412 -0.04756 0.99611
vn 0.29640 -0.18018 0.93791
vn -0.25870 -0.32454 0.90981
vn -0.28397 -0.06134 0.95687
vn 0.01419 -0.32114 0.94693
vn 0.28440 0.32881 0.90056
vn 0.33118 0.51261 0.79218
vn 0.19036 0.57140 0.79829
vn -0.54522 0.58037 0.60490
vn 0.63784 -0.57410 0.51339
vn 0.37007 -0.34352 0.86316
vn 0.50065 -0.29852 0.81255
vn 0.38217 0.66424 0.64244
vn 0.42508 0.61088 0.66794
vn 0.66665 -0.65797 0.35021
vn 0.00761 -0.53923 0.84212
vn 0.07883 -0.91029 0.40639
vn -0.15612 0.87313 0.46181
vn -0.39526 0.44686 0.80255
vn 0.17449 0.69699 0.69553
vn -0.04592 0.86887 0.49290
vn 0.29135 -0.77121 0.56600
vn 0.03850 -0.94768 0.31689
vn 0.00846 -0.00435 0.99995
vn 0.09827 -0.98225 0.15978
vn -0.22696 0.46009 0.85838
vn -0.00558 -0.04244 0.99908
vn 0.09111 -0.10736 0.99004
vn -0.03710 -0.26703 0.96297
vn 0.02616 -0.14527 0.98905
vn -0.08802 -0.11487 0.98947
vn 0.06493 -0.10145 0.99272
vn 0.67446 -0.09389 0.73231
vn 0.59892 -0.21441 0.77157
vn 0.71853 -0.24915 0.64933
vn 0.60447 -0.38345 0.69827
vn -0.30852 -0.45585 0.83488
vn -0.38791 -0.48011 0.78678
vn 0.41947 0.81519 0.39938
vn 0.50787 0.59945 0.61865
vn 0.41204 0.48039 0.77424
vn 0.32646 0.75600 0.56735
vn -0.18214 0.15840 0.97043
vn 0.09576 0.83106 0.54788
vn -0.26126 0.76491 0.58878
vn -0.22193 0.83518 0.50321
vn 0.13976 0.54337 0.82778
vn 0.08587 0.61292 0.78547
vn -0.06979 0.56812 0.81998
vn -0.48488 0.75100 0.44821
vn -0.04085 0.03203 0.99865
vn -0.15065 0.05109 0.98727
vn -0.23710 -0.07886 0.96828
vn -0.17435 -0.24226 0.95442
vn -0.02817 -0.00227 0.99960
vn -0.35298 0.66995 0.65313
vn -0.39652 0.44933 0.80054
vn -0.51774 0.33000 0.78933
vn -0.02872 0.85678 0.51488
vn -0.37135 0.86125 0.34691
vn 0.07311 -0.17664 0.98156
vn 0.18866 0.10479 0.97644
vn 0.00206 0.15368 0.98812
vn 0.00336 0.15567 0.98780
vn -0.19647 0.07104 0.97793
vn -0.16543 -0.13036 0.97757
vn -0.08971 0.21703 0.97203
vn -0.23468 0.27696 0.93178
vn -0.39559 0.79143 0.46600
vn -0.49688 0.68985 0.52651
vn 0.28442 -0.00629 0.95868
vn 0.23532 -0.13130 0.96301
vn 0.04669 0.10022 0.99387
vn -0.45657 0.62386 0.63430
vn -0.55404 0.72924 0.40155
vn 0.27249 0.75772 0.59297
vn 0.03514 -0.95611 0.29089
vn -0.26365 -0.93861 0.22248
vn -0.39160 -0.90933 0.14062
vn 0.22226 -0.91254 0.34333
vn -0.47513 -0.87835 0.05243
vn -0.88709 0.31805 0.33453
vn 0.57055 -0.82079 -0.02801
vn 0.62513 -0.77980 -0.03354
vn 0.00715 -0.00429 0.99997
vn 0.81033 -0.58590 -0.00942
vn 0.35485 -0.93490 -0.00706
vn 0.35362 -0.93536 -0.00705
vn 0.42547 0.90497 0.00034
vn 0.42545 0.90498 0.00033
vn 0.36767 0.92995 0.00093
vn 0.36766 0.92996 0.00092
vn -0.87016 -0.49273 0.00522
vn -0.87018 -0.49270 0.00523
vn -0.96268 -0.27054 0.00698
vn -0.96267 -0.27058 0.00696
vn -0.72727 -0.68635 0.00318
vn -0.72727 -0.68635 0.00318
vn -0.52938 -0.84839 0.00079
vn -0.03862 0.99924 0.00467
vn -0.03864 0.99924 0.00467
vn 0.25307 -0.96743 -0.00635
vn 0.25307 -0.96743 -0.00635
vn 0.25307 -0.96743 -0.00635
vn 0.25307 -0.96743 -0.00635
vn 0.11989 -0.99272 -0.01172
vn -0.23456 -0.59910 -0.76555
vn -0.34767 -0.74127 -0.57414
vn -0.28866 -0.77999 -0.55524
vn -0.42879 -0.65934 -0.61759
vn -0.38568 -0.67635 -0.62754
vn -0.44915 -0.60859 -0.65412
vn -0.41943 -0.58838 -0.69129
vn 0.05231 -0.64180 -0.76508
vn -0.29152 -0.66831 -0.68438
vn 0.12430 -0.74052 -0.66044
vn -0.02462 -0.78222 -0.62252
vn -0.23993 0.86387 -0.44290
vn -0.10060 0.85484 -0.50905
vn -0.12384 0.83882 -0.53014
vn -0.24103 0.84078 -0.48476
vn 0.23772 0.74504 -0.62322
vn 0.12002 0.72874 -0.67419
vn 0.49043 0.74917 -0.44522
vn 0.59777 0.80129 0.02480
vn 0.42387 0.89842 0.11476
vn 0.48836 0.83447 -0.25529
vn 0.09428 0.99272 0.07490
vn 0.11563 0.93372 -0.33883
vn 0.10358 -0.78816 -0.60669
vn 0.20245 -0.70008 -0.68477
vn -0.31404 -0.16567 -0.93484
vn 0.24145 -0.73021 -0.63914
vn 0.19370 -0.76270 -0.61707
vn -0.28742 0.58044 0.76190
vn -0.32213 0.58413 0.74500
vn -0.28395 0.46372 0.83925
vn -0.20288 0.41504 0.88689
vn -0.21046 0.61233 0.76207
vn -0.18697 -0.00153 0.98236
vn -0.00836 0.82145 0.57022
vn 0.14964 -0.58153 0.79964
vn 0.08314 -0.65919 0.74737
vn 0.09461 -0.65750 0.74749
vn 0.03469 -0.48866 0.87179
vn -0.25045 -0.61240 0.74983
vn -0.26903 -0.68424 0.67782
vn -0.34472 0.70299 -0.62207
vn -0.25677 0.82187 -0.50853
vn -0.34374 0.60336 -0.71959
vn -0.15772 0.88544 -0.43717
vn -0.09087 0.91199 -0.40002
vn 0.42792 0.74237 0.51553
vn 0.44347 0.73031 0.51959
vn 0.30974 0.82231 0.47736
vn 0.27629 0.84347 0.46068
vn 0.50605 0.72741 0.46345
vn 0.50515 0.73965 0.44468
vn 0.57236 0.68033 0.45777
vn 0.40106 0.79002 0.46370
vn 0.29274 -0.78668 0.54355
vn 0.28322 -0.76407 0.57964
vn 0.25621 -0.90457 0.34075
vn 0.12009 -0.72462 0.67861
vn -0.00684 -0.70375 0.71041
vn -0.30493 -0.66263 0.68406
vn -0.20780 -0.68665 0.69666
vn -0.33496 -0.63838 0.69302
vn -0.26215 -0.65803 0.70589
vn 0.06628 0.01369 -0.99771
vn 0.09125 0.01680 -0.99569
vn 0.16572 0.02607 -0.98583
vn -0.41789 -0.90484 -0.08149
vn -0.42090 -0.90340 -0.08189
vn -0.43206 -0.89798 -0.08337
vn -0.47164 -0.61113 0.63566
vn -0.49372 -0.64989 0.57782
vn -0.28144 -0.67672 0.68032
vn -0.69236 0.29332 0.65924
vn -0.35597 0.66344 0.65812
vn -0.35597 0.66344 0.65812
vn -0.80612 -0.59173 0.00425
vn -0.58357 -0.53695 0.60920
vn -0.46858 -0.88342 0.00013
vn -0.46574 -0.66186 0.58739
vn -0.47244 0.01081 0.88130
vn -0.49408 0.01259 0.86933
vn -0.50827 -0.51137 0.69294
vn -0.39302 0.02215 0.91926
vn -0.44089 -0.63064 0.63868
vn -0.31768 0.68320 0.65751
vn -0.43386 0.63732 0.63686
vn -0.27504 0.96141 0.00651
vn -0.41839 0.90824 0.00749
vn -0.41035 0.65003 0.63958
vn -0.38277 0.92381 0.00726
vn -0.42435 0.06564 0.90312
vn -0.29862 0.71178 0.63576
vn -0.29645 0.95503 0.00667
vn -0.29767 -0.95467 -0.00164
vn -0.29373 -0.95589 -0.00168
vn -0.18097 0.76202 0.62175
vn -0.45437 -0.84625 0.27823
vn -0.21244 -0.70373 0.67796
vn -0.26339 -0.96469 -0.00197
vn 0.08721 -0.99618 -0.00507
vn 0.12666 -0.71794 0.68448
vn -0.11158 0.01226 0.99368
vn 0.20610 -0.01035 0.97848
vn -0.07483 0.71253 0.69764
vn 0.20155 0.67670 0.70813
vn -0.03165 0.99949 0.00461
vn 0.18172 0.98335 0.00274
vn 0.44408 -0.03323 0.89537
vn 0.40830 -0.65756 0.63318
vn 0.53147 -0.04586 0.84583
vn 0.50191 -0.64029 0.58148
vn 0.37068 -0.92873 -0.00717
vn 0.47774 -0.87846 -0.00786
vn 0.59892 0.46401 0.65268
vn 0.45707 0.59683 0.65945
vn 0.65042 0.75958 -0.00221
vn 0.36300 0.93179 0.00098
vn 0.41457 -0.66100 0.62547
vn 0.41204 -0.91113 -0.00746
vn 0.47262 -0.05531 0.87953
vn 0.51691 0.60190 0.60870
vn 0.60486 0.79633 -0.00167
vn 0.34156 -0.71997 0.60414
vn 0.52873 0.78133 0.33162
vn 0.11998 -0.99278 0.00108
vn -0.27931 -0.78478 0.55327
vn -0.33799 -0.74623 0.57351
vn -0.22161 -0.60569 0.76422
vn -0.41832 -0.66469 0.61903
vn -0.37508 -0.68175 0.62812
vn -0.43806 -0.61429 0.65632
vn -0.40772 -0.59443 0.69312
vn 0.06520 -0.64843 0.75848
vn -0.27996 -0.67426 0.68337
vn 0.13540 -0.74622 0.65178
vn -0.01414 -0.78760 0.61602
vn 0.25218 -0.73571 0.62859
vn 0.20406 -0.76802 0.60704
vn 0.21396 -0.70599 0.67513
vn 0.11381 -0.79340 0.59797
vn -0.29819 -0.17380 0.93855
vn -0.23234 0.85997 0.45440
vn -0.23273 0.83650 0.49609
vn -0.11479 0.83417 0.53943
vn -0.09191 0.85038 0.51809
vn 0.24829 0.73962 0.62555
vn 0.13141 0.72289 0.67836
vn 0.49794 0.74529 0.44339
vn 0.59732 0.80152 -0.02792
vn 0.42194 0.89942 -0.11409
vn 0.49267 0.83224 0.25426
vn 0.09306 0.99335 -0.06784
vn 0.12142 0.93074 0.34492
vn -0.15023 0.88160 0.44745
vn -0.08677 0.96674 0.24060
vn -0.24807 0.81740 0.51993
vn -0.33409 0.69753 0.63391
vn -0.33146 0.59705 0.73052
vn -0.30022 0.58697 -0.75189
vn -0.21782 0.42271 -0.87970
vn -0.29806 0.47095 -0.83028
vn -0.40387 0.63235 -0.66108
vn -0.28722 0.72688 -0.62382
vn -0.28457 0.76908 -0.57231
vn 0.02305 0.85495 -0.51820
vn 0.39320 0.79404 -0.46356
vn 0.56458 0.68432 -0.46148
vn 0.49818 0.73146 -0.46560
vn 0.49761 0.74353 -0.44670
vn 0.43466 0.73484 -0.52065
vn 0.41918 0.74686 -0.51622
vn 0.30168 0.82645 -0.47536
vn 0.26852 0.84746 -0.45794
vn 0.05529 -0.66892 -0.74127
vn 0.08190 -0.65097 -0.75468
vn 0.07044 -0.65265 -0.75437
vn -0.01773 -0.69092 -0.72271
vn -0.03428 -0.69842 -0.71487
vn -0.16533 -0.67590 -0.71821
vn -0.11869 -0.68897 -0.71501
vn -0.27410 -0.65189 -0.70705
vn -0.34668 -0.63236 -0.69278
vn -0.31652 -0.65668 -0.68454
vn -0.21962 -0.68058 -0.69899
vn 0.10852 -0.71869 -0.68681
vn -0.01890 -0.69755 -0.71629
vn 0.27330 -0.75901 -0.59094
vn 0.28343 -0.78193 -0.55521
vn 0.25033 -0.90156 -0.35287
vn 0.08315 0.00501 0.99652
vn 0.18237 0.01749 0.98308
vn 0.10807 0.00814 0.99411
vn -0.41650 -0.90555 0.08063
vn -0.41950 -0.90412 0.08110
vn -0.43063 -0.89872 0.08281
vn -0.48237 -0.60560 -0.63291
vn -0.29297 -0.67079 -0.68133
vn -0.50346 -0.64489 -0.57502
vn -0.70336 0.29898 -0.64490
vn -0.36700 0.66910 -0.64623
vn -0.36700 0.66910 -0.64623
vn -0.59383 -0.53170 -0.60387
vn -0.47567 -0.65675 -0.58516
vn -0.48729 0.01844 -0.87305
vn -0.50871 0.02011 -0.86070
vn -0.51994 -0.50538 -0.68866
vn -0.40852 0.03011 -0.91225
vn -0.45167 -0.62510 -0.63659
vn -0.32870 0.68888 -0.64607
vn -0.44452 0.64281 -0.62386
vn -0.42107 0.65554 -0.62687
vn -0.43957 0.07345 -0.89520
vn -0.30928 0.71724 -0.62443
vn -0.19141 0.76738 -0.61196
vn -0.39197 -0.40957 -0.82378
vn -0.22394 -0.69783 -0.68036
vn 0.11499 -0.71196 -0.69274
vn -0.12838 0.02089 -0.99151
vn 0.18950 -0.00183 -0.98188
vn -0.08658 0.71857 -0.69005
vn 0.18959 0.68285 -0.70553
vn 0.42888 -0.02540 -0.90301
vn 0.39748 -0.65200 -0.64568
vn 0.51709 -0.03845 -0.85507
vn 0.49195 -0.63517 -0.59544
vn 0.58783 0.46970 -0.65866
vn 0.44589 0.60258 -0.66187
vn 0.40388 -0.65553 -0.63809
vn 0.45766 -0.04761 -0.88785
vn 0.50658 0.60722 -0.61210
vn 0.33123 -0.71467 -0.61606
vn 0.42012 0.34337 -0.84000
vn -0.12210 0.89357 0.43199
vn 0.06216 0.82952 0.55501
vn -0.03648 0.88572 0.46278
vn 0.07361 0.92903 0.36260
vn 0.24286 0.83278 0.49750
vn 0.14432 0.76700 0.62520
vn 0.06168 0.69627 0.71513
vn 0.15050 0.75664 0.63627
vn -0.15811 0.94893 0.27301
vn 0.09597 0.97374 0.20645
vn -0.10374 0.95423 0.28050
vn -0.17505 0.94744 0.26778
vn 0.02064 0.83613 0.54815
vn -0.16975 0.97751 0.12513
vn 0.13902 0.98316 0.11860
vn -0.00235 0.99240 0.12306
vn 0.50954 0.69609 0.50579
vn 0.35007 0.86737 0.35371
vn 0.84271 0.41706 0.34045
vn 0.63307 0.57433 0.51901
vn 0.48993 0.70670 0.51044
vn 0.41007 0.70029 0.58432
vn 0.26455 0.85802 0.44025
vn 0.32200 0.86493 0.38499
vn 0.13686 0.93072 0.33917
vn 0.19067 0.91714 0.35001
vn -0.13975 -0.79946 0.58424
vn -0.11084 -0.82732 0.55068
vn -0.14009 -0.79939 0.58425
vn -0.03850 -0.86289 0.50393
vn -0.10328 -0.83614 0.53870
vn -0.05926 -0.80894 0.58489
vn -0.14304 -0.76940 0.62254
vn -0.08295 -0.76945 0.63329
vn -0.05039 -0.79251 0.60777
vn 0.07331 -0.87014 0.48732
vn 0.09805 -0.88286 0.45929
vn 0.04742 -0.88622 0.46083
vn 0.01741 -0.87783 0.47865
vn -0.01239 -0.86683 0.49845
vn -0.04866 -0.84865 0.52671
vn -0.08374 -0.82429 0.55994
vn -0.13615 -0.78403 0.60561
vn -0.14963 -0.73479 0.66159
vn -0.21237 -0.65181 0.72804
vn -0.17232 -0.60729 0.77557
vn -0.24518 -0.37030 0.89597
vn -0.18616 -0.47971 0.85745
vn -0.21278 -0.12081 0.96960
vn 0.01176 0.07172 -0.99736
vn 0.01026 0.07335 -0.99725
vn -0.01294 0.06988 -0.99747
vn -0.01616 0.05345 -0.99844
vn -0.05561 0.05924 -0.99669
vn -0.04021 0.05278 -0.99780
vn -0.02529 0.03145 -0.99919
vn -0.01120 0.01786 -0.99978
vn -0.01607 0.01243 -0.99979
vn -0.00846 0.00435 -0.99995
vn -0.00846 0.00435 -0.99995
vn 0.01497 -0.00018 -0.99989
vn 0.03493 0.01191 -0.99932
vn 0.18827 0.06566 -0.97992
vn 0.26283 0.01519 -0.96472
vn 0.23312 0.04169 -0.97155
vn 0.17963 0.09409 -0.97922
vn 0.15279 -0.00806 -0.98823
vn 0.18903 -0.02563 -0.98164
vn 0.12898 -0.02333 -0.99137
vn 0.12671 -0.02763 -0.99156
vn 0.06956 -0.01322 -0.99749
vn 0.03893 -0.00506 -0.99923
vn -0.07317 0.01718 -0.99717
vn -0.12933 0.89729 -0.42208
vn -0.04424 0.88971 -0.45438
vn 0.05282 0.83432 -0.54875
vn 0.06753 0.93216 -0.35570
vn 0.23447 0.83709 -0.49427
vn 0.13378 0.77242 -0.62086
vn 0.04962 0.70246 -0.70999
vn 0.13976 0.76216 -0.63213
vn -0.16263 0.95125 -0.26204
vn 0.09254 0.97550 -0.19957
vn -0.10840 0.95663 -0.27040
vn -0.17949 0.94972 -0.25653
vn 0.01142 0.84086 -0.54113
vn 0.50096 0.70050 -0.50828
vn 0.34409 0.87044 -0.35204
vn 0.75855 0.58187 -0.29331
vn 0.13706 0.98417 -0.11239
vn -0.17177 0.97855 -0.11374
vn -0.17177 0.97855 -0.11374
vn 0.62423 0.57886 -0.52464
vn 0.40018 0.70537 -0.58507
vn 0.48127 0.71115 -0.51249
vn 0.25713 0.86183 -0.43719
vn 0.31550 0.86826 -0.38285
vn 0.13117 0.93364 -0.33333
vn 0.18478 0.92016 -0.34520
vn -0.14967 -0.79436 -0.58872
vn -0.15002 -0.79429 -0.58872
vn -0.12020 -0.82251 -0.55590
vn -0.04709 -0.85848 -0.51069
vn -0.11244 -0.83144 -0.54412
vn -0.06921 -0.80383 -0.59082
vn -0.15361 -0.76397 -0.62670
vn -0.09372 -0.76393 -0.63846
vn -0.06072 -0.78720 -0.61370
vn 0.06499 -0.86586 -0.49604
vn 0.09019 -0.87883 -0.46854
vn 0.03955 -0.88218 -0.46926
vn 0.00924 -0.87364 -0.48649
vn -0.02089 -0.86246 -0.50569
vn -0.05763 -0.84404 -0.53317
vn -0.09326 -0.81940 -0.56559
vn -0.14643 -0.77874 -0.61002
vn -0.16086 -0.72901 -0.66533
vn -0.22471 -0.64547 -0.72999
vn -0.18546 -0.60053 -0.77779
vn -0.26033 -0.36252 -0.89488
vn -0.20068 -0.47225 -0.85831
vn -0.22916 -0.11240 -0.96688
vn 0.02864 0.06304 0.99760
vn 0.00394 0.06120 0.99812
vn 0.02714 0.06468 0.99754
vn 0.00074 0.04477 0.99900
vn -0.03873 0.05057 0.99797
vn -0.02331 0.04409 0.99876
vn -0.00837 0.02276 0.99971
vn 0.00572 0.00917 0.99994
vn 0.00085 0.00374 0.99999
vn 0.00846 -0.00435 0.99995
vn 0.00846 -0.00435 0.99995
vn 0.03189 -0.00887 0.99945
vn 0.05184 0.00323 0.99865
vn 0.20483 0.05715 0.97713
vn 0.19618 0.08558 0.97683
vn 0.24953 0.03325 0.96780
vn 0.27912 0.00682 0.96023
vn 0.16949 -0.01664 0.98539
vn 0.14346 -0.03624 0.98899
vn 0.14573 -0.03194 0.98881
vn 0.20562 -0.03415 0.97804
vn 0.08643 -0.02189 0.99602
vn 0.05583 -0.01374 0.99835
vn -0.05628 0.00851 0.99838
vn 0.20172 -0.71479 0.66962
vn 0.15587 -0.78728 0.59657
vn 0.37769 -0.62277 0.68520
vn -0.07278 -0.88240 0.46484
vn 0.00355 -0.92309 0.38456
vn 0.43487 -0.57870 0.68993
vn 0.39591 -0.57596 0.71521
vn 0.41995 -0.58387 0.69480
vn 0.38047 -0.59290 0.70973
vn 0.39931 -0.62361 0.67206
vn 0.45139 -0.61284 0.64860
vn 0.39443 -0.65335 0.64619
vn 0.41887 -0.65434 0.62959
vn 0.30667 -0.72342 0.61856
vn 0.31904 -0.74101 0.59086
vn 0.22677 -0.80641 0.54615
vn 0.22322 -0.82406 0.52067
vn 0.15446 -0.84122 0.51817
vn 0.23473 -0.86254 0.44825
vn 0.23570 -0.86225 0.44829
vn 0.14565 -0.84695 0.51133
vn 0.02234 -0.79299 0.60882
vn -0.03140 -0.76954 0.63783
vn -0.04695 -0.77578 0.62925
vn -0.00142 -0.79901 0.60131
vn -0.06805 -0.79299 0.60542
vn 0.07599 -0.82210 0.56425
vn 0.12681 -0.83617 0.53361
vn 0.21482 -0.82337 0.52527
vn 0.22336 -0.82200 0.52386
vn 0.30624 -0.78765 0.53462
vn 0.31999 -0.78841 0.52537
vn 0.41820 -0.76761 0.48568
vn 0.47439 -0.76129 0.44203
vn 0.58942 -0.71509 0.37580
vn 0.60999 -0.71155 0.34872
vn 0.61321 -0.70864 0.34900
vn 0.62149 -0.70103 0.34972
vn 0.39972 -0.84309 0.35975
vn 0.47613 -0.80419 0.35578
vn 0.16302 -0.92621 0.33993
vn 0.18140 -0.91802 0.35260
vn -0.01348 -0.93269 0.36043
vn -0.05014 -0.92401 0.37906
vn -0.19363 -0.95249 0.23510
vn -0.41863 -0.87060 0.25847
vn -0.30190 -0.92054 0.24792
vn -0.52064 -0.81177 0.26450
vn 0.10718 0.76083 0.64004
vn 0.06612 0.77343 0.63043
vn 0.21981 0.69957 0.67992
vn 0.18554 0.77370 0.60578
vn 0.10755 0.78424 0.61106
vn 0.11178 0.76759 0.63112
vn 0.01898 0.78451 0.61983
vn 0.07397 0.77355 0.62940
vn -0.05899 0.78861 0.61205
vn -0.02481 0.79846 0.60153
vn -0.34784 0.71257 0.60931
vn -0.34282 0.73988 0.57884
vn -0.44932 0.65528 0.60722
vn -0.46235 0.63184 0.62211
vn -0.23814 0.74195 0.62674
vn -0.28354 0.68043 0.67574
vn 0.03816 0.70450 0.70868
vn -0.11069 0.64964 0.75214
vn 0.14867 0.66642 0.73061
vn 0.31473 0.63140 0.70871
vn 0.30106 0.63596 0.71058
vn 0.39820 0.62227 0.67396
vn 0.11374 0.86201 0.49396
vn -0.10095 0.87767 0.46851
vn -0.13628 0.85931 0.49297
vn 0.05248 0.85115 0.52230
vn 0.10894 0.85853 0.50106
vn 0.08185 0.87862 0.47045
vn -0.07474 0.83538 0.54456
vn -0.09476 0.81492 0.57178
vn -0.21539 0.77711 0.59136
vn -0.20079 0.75850 0.61996
vn -0.31576 0.64627 0.69472
vn -0.42155 0.79005 0.44510
vn -0.61318 0.60950 0.50252
vn -0.52862 0.45989 0.71349
vn -0.69899 0.36209 0.61668
vn -0.66657 0.35658 0.65463
vn -0.62600 0.38383 0.67882
vn -0.62210 0.57095 0.53572
vn -0.29454 0.75572 0.58493
vn -0.33390 0.42283 0.84245
vn -0.00907 0.76993 0.63806
vn -0.05744 0.83503 0.54720
vn -0.31366 0.80548 0.50282
vn -0.30598 0.80095 0.51464
vn -0.13752 0.77674 0.61463
vn 0.00507 -0.30086 0.95366
vn -0.07721 -0.21097 0.97444
vn -0.08632 -0.20107 0.97577
vn -0.01321 0.07054 0.99742
vn -0.26876 -0.35915 0.89374
vn -0.27459 -0.39870 0.87501
vn -0.37904 -0.39669 0.83604
vn 0.07616 -0.31201 0.94702
vn -0.42071 0.39604 0.81618
vn -0.55402 0.57626 0.60083
vn -0.20655 0.50128 0.84027
vn -0.21353 0.43614 0.87418
vn -0.04755 0.57921 0.81379
vn -0.39727 0.84552 0.35674
vn -0.58729 0.70747 0.39315
vn -0.52932 0.74648 0.40321
vn -0.51957 0.75441 0.40113
vn -0.35322 0.84041 0.41103
vn -0.39949 0.81057 0.42823
vn -0.28040 0.83824 0.46768
vn -0.00846 0.00435 -0.99995
vn -0.00846 0.00435 -0.99995
vn -0.00846 0.00435 -0.99995
vn -0.00846 0.00435 -0.99995
vn -0.00846 0.00435 -0.99995
vn -0.00846 0.00435 -0.99995
vn -0.00846 0.00435 -0.99995
vn -0.00846 0.00435 -0.99995
vn -0.00846 0.00435 -0.99995
vn -0.11846 -0.00891 -0.99292
vn -0.05133 -0.02308 -0.99842
vn -0.00846 0.00435 -0.99995
vn -0.08832 -0.04852 -0.99491
vn -0.28284 -0.05266 -0.95772
vn -0.30971 0.00117 -0.95083
vn -0.22940 -0.02425 -0.97303
vn -0.31972 -0.06184 -0.94549
vn -0.06634 -0.00454 -0.99779
vn -0.06880 0.00244 -0.99763
vn 0.04067 0.00315 -0.99917
vn 0.09096 0.03495 -0.99524
vn 0.11292 0.06269 -0.99163
vn 0.14337 0.11709 -0.98272
vn 0.02662 0.17428 -0.98434
vn 0.25136 0.11235 -0.96135
vn 0.22303 0.13597 -0.96528
vn 0.19737 0.11069 -0.97406
vn 0.15917 0.12464 -0.97935
vn 0.12534 0.04738 -0.99098
vn 0.16099 0.05409 -0.98547
vn 0.08785 0.02213 -0.99589
vn 0.07277 0.02309 -0.99708
vn 0.03072 0.01359 -0.99944
vn 0.02565 0.01439 -0.99957
vn -0.00846 0.00435 -0.99995
vn -0.00846 0.00435 -0.99995
vn -0.00846 0.00435 -0.99995
vn -0.00846 0.00435 -0.99995
vn -0.00846 0.00435 -0.99995
vn -0.00846 0.00435 -0.99995
vn -0.00846 0.00435 -0.99995
vn -0.00846 0.00435 -0.99995
vn -0.00846 0.00435 -0.99995
vn -0.00846 0.00435 -0.99995
vn -0.00846 0.00435 -0.99995
vn -0.00846 0.00435 -0.99995
vn 0.24286 0.82689 0.50722
vn 0.19030 -0.70893 -0.67912
vn 0.36599 -0.61677 -0.69688
vn 0.14569 -0.78205 -0.60594
vn -0.08070 -0.87833 -0.47120
vn -0.00303 -0.91971 -0.39258
vn 0.42309 -0.57265 -0.70219
vn 0.38372 -0.56968 -0.72679
vn 0.40809 -0.57777 -0.70685
vn 0.36836 -0.58668 -0.72119
vn 0.38783 -0.61772 -0.68411
vn 0.44029 -0.60715 -0.66145
vn 0.38339 -0.64767 -0.65843
vn 0.40811 -0.64881 -0.64225
vn 0.29610 -0.71799 -0.62993
vn 0.30895 -0.73582 -0.60259
vn 0.21744 -0.80161 -0.55690
vn 0.21431 -0.81949 -0.53152
vn 0.14561 -0.83667 -0.52800
vn 0.22705 -0.85859 -0.45964
vn 0.13692 -0.84247 -0.52106
vn 0.22802 -0.85831 -0.45969
vn 0.01198 -0.78767 -0.61598
vn -0.04225 -0.76397 -0.64387
vn -0.05765 -0.77029 -0.63509
vn -0.01166 -0.79375 -0.60813
vn -0.07835 -0.78771 -0.61105
vn 0.06637 -0.81716 -0.57258
vn 0.11770 -0.83149 -0.54293
vn 0.20584 -0.81876 -0.53598
vn 0.21440 -0.81739 -0.53470
vn 0.31100 -0.78379 -0.53755
vn 0.29709 -0.78295 -0.54656
vn 0.40988 -0.76332 -0.49934
vn 0.46680 -0.75738 -0.45659
vn 0.58293 -0.71175 -0.39193
vn 0.60395 -0.70845 -0.36517
vn 0.60715 -0.70554 -0.36548
vn 0.61543 -0.69792 -0.36627
vn 0.39351 -0.83990 -0.37378
vn 0.46998 -0.80103 -0.37076
vn 0.15718 -0.92321 -0.35068
vn 0.17534 -0.91491 -0.36358
vn -0.01964 -0.92952 -0.36825
vn -0.05661 -0.92069 -0.38617
vn -0.19764 -0.95043 -0.24006
vn -0.30612 -0.91837 -0.25076
vn -0.42301 -0.86835 -0.25891
vn -0.52510 -0.80948 -0.26270
vn 0.09639 0.76638 -0.63512
vn 0.17531 0.77895 -0.60208
vn 0.20833 0.70547 -0.67743
vn 0.05550 0.77888 -0.62471
vn 0.09725 0.78953 -0.60595
vn 0.10114 0.77305 -0.62623
vn 0.00855 0.78987 -0.61322
vn 0.06338 0.77900 -0.62382
vn -0.06928 0.79390 -0.60409
vn -0.03492 0.80366 -0.59406
vn -0.35805 0.71781 -0.59712
vn -0.35252 0.74485 -0.56650
vn -0.45948 0.66050 -0.59381
vn -0.47276 0.63719 -0.60868
vn -0.24865 0.74735 -0.61615
vn -0.29487 0.68626 -0.66490
vn 0.02621 0.71064 -0.70307
vn -0.12336 0.65615 -0.74448
vn 0.13633 0.67276 -0.72720
vn 0.30274 0.63757 -0.70842
vn 0.28905 0.64214 -0.71000
vn 0.38678 0.62815 -0.67515
vn 0.10543 0.86628 -0.48830
vn 0.04370 0.85566 -0.51569
vn -0.14454 0.86355 -0.48311
vn -0.10880 0.88171 -0.45908
vn 0.10051 0.86286 -0.49535
vn 0.07394 0.88269 -0.46411
vn -0.08388 0.84008 -0.53593
vn -0.10437 0.81985 -0.56298
vn -0.22531 0.78220 -0.58086
vn -0.21119 0.76384 -0.60987
vn -0.32743 0.65226 -0.68363
vn -0.42897 0.79385 -0.43104
vn -0.62155 0.61380 -0.48676
vn -0.54058 0.46604 -0.70041
vn -0.70930 0.36738 -0.60160
vn -0.67752 0.36222 -0.64013
vn -0.63737 0.38969 -0.66476
vn -0.63104 0.57556 -0.52012
vn -0.30434 0.76075 -0.57327
vn -0.34807 0.43011 -0.83298
vn -0.01981 0.77544 -0.63111
vn -0.06663 0.83975 -0.53887
vn -0.14785 0.78204 -0.60544
vn -0.31459 0.80538 -0.50240
vn -0.32206 0.80980 -0.49040
vn -0.01110 -0.29256 -0.95618
vn -0.03008 0.07920 -0.99640
vn -0.10284 -0.19259 -0.97588
vn -0.09370 -0.20249 -0.97479
vn -0.28387 -0.35140 -0.89215
vn -0.28939 -0.39111 -0.87366
vn -0.39316 -0.38945 -0.83292
vn 0.06010 -0.30377 -0.95085
vn -0.56406 0.58142 -0.58633
vn -0.43444 0.40310 -0.80547
vn -0.22070 0.50856 -0.83226
vn -0.22826 0.44371 -0.86661
vn -0.06127 0.58626 -0.80780
vn -0.40319 0.84856 -0.34261
vn -0.59381 0.71081 -0.37700
vn -0.52624 0.75782 -0.38572
vn -0.53602 0.74992 -0.38770
vn -0.36006 0.84393 -0.39767
vn -0.40662 0.81424 -0.41434
vn -0.28821 0.84226 -0.45556
vn 0.00846 -0.00435 0.99995
vn 0.00846 -0.00435 0.99995
vn 0.00846 -0.00435 0.99995
vn 0.00846 -0.00435 0.99995
vn 0.00846 -0.00435 0.99995
vn 0.00846 -0.00435 0.99995
vn 0.00846 -0.00435 0.99995
vn 0.00846 -0.00435 0.99995
vn 0.00846 -0.00435 0.99995
vn 0.00846 -0.00435 0.99995
vn -0.03443 -0.03176 0.99890
vn -0.10164 -0.01755 0.99467
vn -0.07148 -0.05718 0.99580
vn -0.26660 -0.06101 0.96187
vn -0.29358 -0.00712 0.95591
vn -0.21290 -0.03273 0.97653
vn -0.30367 -0.07007 0.95020
vn -0.04944 -0.01322 0.99869
vn -0.05190 -0.00624 0.99863
vn 0.05758 -0.00553 0.99833
vn 0.10779 0.02630 0.99383
vn 0.12968 0.05407 0.99008
vn 0.15998 0.10855 0.98113
vn 0.04329 0.16572 0.98522
vn 0.26760 0.10400 0.95790
vn 0.23934 0.12759 0.96252
vn 0.21384 0.10223 0.97150
vn 0.17573 0.11614 0.97756
vn 0.14210 0.03877 0.98909
vn 0.17765 0.04553 0.98304
vn 0.10469 0.01348 0.99441
vn 0.08964 0.01443 0.99587
vn 0.04763 0.00490 0.99885
vn 0.04256 0.00570 0.99908
vn 0.00846 -0.00435 0.99995
vn 0.00846 -0.00435 0.99995
vn 0.00846 -0.00435 0.99995
vn 0.00846 -0.00435 0.99995
vn 0.00846 -0.00435 0.99995
vn 0.00846 -0.00435 0.99995
vn 0.00846 -0.00435 0.99995
vn 0.00846 -0.00435 0.99995
vn 0.00846 -0.00435 0.99995
vn 0.00846 -0.00435 0.99995
vn 0.00846 -0.00435 0.99995
vn 0.00846 -0.00435 0.99995
vn 0.23431 0.83129 -0.50405
vn -0.99961 -0.02662 0.00834
vn -0.99961 -0.02661 0.00833
vn -0.99961 -0.02663 0.00833
vn -0.99961 -0.02662 0.00834
vn -0.99961 -0.02662 0.00833
vn -0.99961 -0.02661 0.00833
vn -0.99961 -0.02663 0.00833
vn -0.99961 -0.02660 0.00833
vn 0.01281 -0.70377 -0.71031
vn 0.02658 -0.99964 -0.00456
vn 0.02658 -0.99964 -0.00456
vn 0.01281 -0.70377 -0.71031
vn 0.02477 -0.70992 0.70385
vn 0.02477 -0.70991 0.70385
vn 0.00846 -0.00436 0.99995
vn 0.00846 -0.00433 0.99995
vn -0.01281 0.70378 0.71030
vn -0.01281 0.70377 0.71031
vn -0.02658 0.99964 0.00459
vn -0.02658 0.99964 0.00456
vn -0.02477 0.70994 -0.70383
vn -0.02477 0.70991 -0.70385
vn -0.00846 0.00436 -0.99995
vn -0.00846 0.00435 -0.99995
vn 0.99961 0.02659 -0.00835
vn 0.99961 0.02661 -0.00835
vn 0.99961 0.02660 -0.00835
vn 0.99961 0.02661 -0.00835
vn 0.99961 0.02661 -0.00835
vn 0.99961 0.02663 -0.00835
vn 0.99961 0.02664 -0.00835
vn 0.99961 0.02672 -0.00835
vn -0.99886 -0.04710 0.00826
vn -0.99886 -0.04710 0.00825
vn -0.99886 -0.04710 0.00833
vn -0.99886 -0.04710 0.00824
vn -0.99886 -0.04710 0.00824
vn -0.99886 -0.04710 0.00822
vn -0.99886 -0.04711 0.00814
vn -0.99886 -0.04711 0.00824
vn 0.03926 -0.70938 0.70374
vn 0.03926 -0.70940 0.70371
vn 0.04706 -0.99888 -0.00474
vn 0.04706 -0.99888 -0.00474
vn 0.00846 -0.00435 0.99995
vn 0.00846 -0.00433 0.99995
vn -0.02729 0.70323 0.71043
vn -0.02729 0.70325 0.71042
vn -0.04706 0.99888 0.00474
vn -0.04706 0.99888 0.00474
vn 0.02729 -0.70323 -0.71044
vn 0.02729 -0.70325 -0.71041
vn -0.00846 0.00434 -0.99995
vn -0.00846 0.00436 -0.99995
vn -0.03926 0.70938 -0.70373
vn -0.03926 0.70940 -0.70371
vn 0.99886 0.04709 -0.00824
vn 0.99885 0.04726 -0.00824
vn 0.99886 0.04710 -0.00825
vn 0.99886 0.04707 -0.00825
vn 0.99886 0.04708 -0.00824
vn 0.99886 0.04707 -0.00825
vn 0.99886 0.04705 -0.00825
vn 0.99886 0.04696 -0.00825
vn -0.99961 -0.02661 0.00834
vn -0.99961 -0.02659 0.00834
vn -0.99961 -0.02659 0.00834
vn -0.99961 -0.02662 0.00834
vn -0.99961 -0.02662 0.00834
vn -0.99961 -0.02663 0.00834
vn -0.99961 -0.02661 0.00833
vn -0.99961 -0.02663 0.00833
vn 0.02477 -0.70993 0.70384
vn 0.02477 -0.70993 0.70383
vn 0.02657 -0.99964 -0.00456
vn 0.02658 -0.99964 -0.00455
vn 0.01281 -0.70377 -0.71032
vn 0.01281 -0.70378 -0.71030
vn -0.00846 0.00435 -0.99995
vn -0.00846 0.00435 -0.99995
vn -0.02477 0.70992 -0.70385
vn -0.02477 0.70991 -0.70385
vn -0.02658 0.99964 0.00459
vn -0.02658 0.99964 0.00456
vn -0.01281 0.70378 0.71031
vn -0.01281 0.70377 0.71031
vn 0.00846 -0.00434 0.99995
vn 0.00846 -0.00433 0.99995
vn 0.99961 0.02666 -0.00834
vn 0.99961 0.02660 -0.00834
vn 0.99961 0.02660 -0.00835
vn 0.99961 0.02660 -0.00834
vn 0.99961 0.02660 -0.00834
vn 0.99961 0.02662 -0.00834
vn 0.99961 0.02661 -0.00835
vn 0.99961 0.02666 -0.00835
vn -0.99877 -0.04898 0.00825
vn -0.99877 -0.04896 0.00821
vn -0.99877 -0.04897 0.00824
vn -0.99877 -0.04899 0.00824
vn -0.99877 -0.04896 0.00818
vn 0.04060 -0.70933 0.70371
vn 0.04060 -0.70934 0.70370
vn 0.04896 -0.99879 -0.00475
vn 0.04896 -0.99879 -0.00475
vn 0.00846 -0.00436 0.99995
vn 0.00846 -0.00436 0.99995
vn -0.02863 0.70318 0.71043
vn -0.02863 0.70318 0.71043
vn -0.04895 0.99879 0.00476
vn -0.04895 0.99879 0.00476
vn -0.99877 -0.04898 0.00823
vn -0.99877 -0.04897 0.00826
vn -0.99877 -0.04897 0.00830
vn 0.02863 -0.70317 -0.71045
vn 0.02863 -0.70319 -0.71042
vn -0.00846 0.00433 -0.99995
vn -0.00846 0.00433 -0.99995
vn -0.04060 0.70933 -0.70370
vn -0.04060 0.70933 -0.70371
vn 0.99877 0.04897 -0.00824
vn 0.99876 0.04901 -0.00824
vn 0.99877 0.04897 -0.00824
vn 0.99877 0.04899 -0.00824
vn 0.99877 0.04899 -0.00824
vn 0.99876 0.04903 -0.00824
vn 0.99876 0.04902 -0.00824
vn 0.99876 0.04908 -0.00824
vn 0.60911 -0.71944 0.33375
vn 0.87043 -0.44153 0.21773
vn 0.87260 -0.48834 -0.00951
vn 0.61717 -0.78678 -0.00864
vn 0.58499 -0.53390 0.61052
vn 0.86198 -0.31749 0.39521
vn 0.55812 -0.27417 0.78315
vn 0.85165 -0.15108 0.50187
vn 0.91160 0.41104 -0.00593
vn 0.90891 0.38322 -0.16438
vn 0.96112 0.23515 -0.14473
vn 0.99868 0.02085 0.04697
vn 0.84277 0.03167 0.53734
vn 0.53972 0.01795 0.84165
vn 0.53438 0.31114 0.78590
vn 0.83680 0.21486 0.50358
vn 0.54005 0.57380 0.61571
vn 0.83358 0.38256 0.39849
vn 0.54896 0.76325 0.34071
vn 0.83189 0.50852 0.22219
vn 0.55141 0.83423 -0.00104
vn 0.83019 0.55746 -0.00460
vn 0.99787 0.04023 0.05138
vn 0.99710 0.05968 0.04715
vn 0.97696 -0.15515 -0.14656
vn 0.93691 -0.30676 -0.16762
vn 0.94188 -0.33580 -0.00943
vn 0.54475 -0.26732 -0.79485
vn 0.52538 0.02530 -0.85049
vn 0.52538 0.02530 -0.85049
vn 0.52093 0.30911 -0.79567
vn 0.52101 0.31800 -0.79210
vn 0.52903 0.56835 -0.63016
vn 0.51627 0.44905 -0.72926
vn 0.54276 0.76157 -0.35416
vn 0.55142 0.83423 -0.00104
vn 0.54395 -0.25843 -0.79833
vn 0.55066 -0.39892 -0.73324
vn 0.57309 -0.51771 -0.63525
vn 0.60254 -0.71174 -0.36107
vn 0.61719 -0.78676 -0.00864
vn -0.93959 0.30814 -0.14906
vn -0.94190 0.33577 0.00943
vn -0.61719 0.78677 0.00864
vn -0.60851 0.71481 -0.34462
vn -0.93168 0.22730 -0.28340
vn -0.82674 -0.38607 0.40921
vn -0.82804 -0.51050 0.23181
vn -0.52959 -0.57916 0.61976
vn -0.54317 -0.76623 0.34331
vn -0.83019 -0.55747 0.00460
vn -0.55144 -0.83421 0.00104
vn -0.52101 -0.31800 0.79210
vn -0.82816 -0.21931 0.51580
vn -0.52538 -0.02530 0.85049
vn -0.83358 -0.03639 0.55121
vn -0.54476 0.26732 0.79484
vn -0.84302 0.14665 0.51751
vn -0.99617 -0.06018 0.06350
vn -0.99687 -0.04073 0.06781
vn -0.99774 -0.02133 0.06370
vn -0.85515 0.31398 0.41247
vn -0.57453 0.52853 0.62495
vn -0.60335 0.71645 0.35024
vn -0.86659 0.43955 0.23625
vn -0.61718 0.78677 0.00864
vn -0.87261 0.48832 0.00951
vn -0.91030 -0.29936 -0.28589
vn -0.91160 -0.38182 -0.15229
vn -0.91159 -0.41105 0.00593
vn -0.53972 -0.01795 -0.84165
vn -0.55810 0.27419 -0.78316
vn -0.55737 0.26532 -0.78673
vn -0.58372 0.52317 -0.62094
vn -0.53972 -0.01796 -0.84165
vn -0.53436 -0.31114 -0.78591
vn -0.53965 -0.56289 -0.62604
vn -0.53434 -0.30221 -0.78940
vn -0.54874 -0.75849 -0.35152
vn -0.55142 -0.83423 0.00104
vn -0.90892 -0.38321 0.16437
vn -0.87044 0.44152 -0.21773
vn -0.60912 0.71943 -0.33375
vn -0.86199 0.31749 -0.39520
vn -0.58498 0.53391 -0.61053
vn -0.85165 0.15108 -0.50187
vn -0.55811 0.27419 -0.78316
vn -0.99868 -0.02086 -0.04698
vn -0.99788 -0.04021 -0.05126
vn -0.84279 -0.03166 -0.53731
vn -0.53970 -0.01794 -0.84167
vn 0.52103 0.31800 -0.79209
vn 0.52540 0.02531 -0.85048
vn 0.83356 0.03640 -0.55123
vn 0.84302 -0.14666 -0.51751
vn 0.54478 -0.26731 -0.79483
vn 0.82817 0.21930 -0.51579
vn 0.52960 0.57917 -0.61975
vn 0.82676 0.38606 -0.40918
vn 0.54318 0.76623 -0.34330
vn 0.82804 0.51050 -0.23181
vn 0.99774 0.02131 -0.06370
vn 0.91031 0.29935 0.28586
vn 0.85515 -0.31398 -0.41249
vn 0.57454 -0.52853 -0.62495
vn 0.86659 -0.43955 -0.23626
vn 0.60332 -0.71646 -0.35026
vn 0.91160 0.38183 0.15230
vn 0.93167 -0.22731 0.28341
vn 0.93959 -0.30814 0.14906
vn 0.54874 0.75849 0.35153
vn 0.53968 0.56288 0.62603
vn 0.58372 -0.52317 0.62094
vn 0.55737 -0.26532 0.78673
vn 0.55810 -0.27418 0.78316
vn 0.99617 0.06016 -0.06351
vn 0.99686 0.04075 -0.06791
vn 0.53437 0.31114 0.78590
vn 0.53435 0.30222 0.78939
vn 0.53970 0.01794 0.84167
vn 0.53970 0.01794 0.84167
vn 0.60851 -0.71481 0.34462
vn -0.52541 -0.02531 0.85047
vn -0.52541 -0.02531 0.85047
vn -0.54396 0.25843 0.79832
vn -0.54475 0.26732 0.79485
vn -0.99710 -0.05970 -0.04714
vn -0.83679 -0.21488 -0.50360
vn -0.53436 -0.31114 -0.78591
vn -0.83358 -0.38255 -0.39849
vn -0.54005 -0.57379 -0.61572
vn -0.83188 -0.50853 -0.22219
vn -0.54896 -0.76325 -0.34072
vn -0.93691 0.30677 0.16761
vn -0.92672 0.22478 0.30110
vn -0.60253 0.71175 0.36107
vn -0.57309 0.51771 0.63525
vn -0.96112 -0.23516 0.14475
vn -0.51626 -0.44905 0.72927
vn -0.52094 -0.30910 0.79566
vn -0.52102 -0.31800 0.79210
vn -0.52903 -0.56835 0.63016
vn -0.54277 -0.76156 0.35415
# 2915 normal vertices

g item_blade
s 1
f 2/3/3 1/2/2 5/1/1
f 6/4/4 2/3/3 5/1/1
f 4/5/5 2/3/3 6/4/4
f 8/6/6 4/5/5 6/4/4
f 3/7/7 4/5/5 8/6/6
f 7/8/8 3/7/7 8/6/6
f 1/2/2 3/7/7 7/8/8
f 5/1/1 1/2/2 7/8/8
f 7/11/8 8/10/6 6/9/4
f 5/12/1 7/11/8 6/9/4
f 9/15/11 1/14/10 2/13/9
f 10/16/12 9/15/11 2/13/9
f 10/16/12 2/13/9 4/17/13
f 12/18/14 10/16/12 4/17/13
f 12/18/14 4/17/13 3/19/15
f 11/20/16 12/18/14 3/19/15
f 11/20/16 3/19/15 1/14/10
f 9/15/11 11/20/16 1/14/10
f 10/23/12 12/22/14 11/21/16
f 9/24/11 10/23/12 11/21/16
g blade
s 1
f 15/27/19 14/26/18 13/25/17
f 16/28/20 15/27/19 13/25/17
f 17/29/21 14/26/18 15/27/19
f 17/29/21 15/27/19 18/30/22
f 19/31/23 18/30/22 15/27/19
f 19/31/23 15/27/19 16/28/20
f 20/32/24 18/30/22 19/31/23
f 20/32/24 19/31/23 21/33/25
f 21/33/25 19/31/23 22/34/26
f 22/34/26 19/31/23 16/28/20
f 23/35/27 21/33/25 22/34/26
f 23/35/27 24/36/28 21/33/25
f 24/36/28 23/35/27 25/37/29
f 25/37/29 23/35/27 26/38/30
f 27/39/31 25/37/29 26/38/30
f 26/38/30 28/40/32 27/39/31
f 28/40/32 29/41/33 27/39/31
f 29/41/33 28/40/32 30/42/34
f 31/43/35 29/41/33 30/42/34
f 32/44/36 31/43/35 30/42/34
f 24/36/28 33/45/37 21/33/25
f 21/33/25 33/45/37 34/46/38
f 34/46/38 20/32/24 21/33/25
f 34/46/38 33/45/37 35/47/39
f 13/25/42 14/26/41 36/48/40
f 14/26/41 37/49/43 36/48/40
f 14/26/41 17/29/44 37/49/43
f 37/49/43 17/29/44 38/50/45
f 17/29/44 18/30/46 38/50/45
f 41/53/49 40/52/48 39/51/47
f 42/54/50 41/53/49 39/51/47
f 39/51/47 40/52/48 43/55/51
f 40/52/48 44/56/52 43/55/51
f 43/55/51 44/56/52 38/50/53
f 44/56/52 45/57/54 38/50/53
f 45/57/54 46/58/55 38/50/53
f 46/58/55 47/59/56 38/50/53
f 48/60/57 46/58/55 45/57/54
f 49/61/58 46/58/55 48/60/57
f 50/62/59 41/53/49 42/54/50
f 51/63/60 50/62/59 42/54/50
f 52/64/61 51/63/60 42/54/50
f 53/65/62 51/63/60 52/64/61
f 54/66/63 51/63/60 53/65/62
f 55/67/65 37/49/64 38/50/45
f 38/50/45 56/68/66 55/67/65
f 47/59/56 56/68/66 38/50/45
f 57/69/67 37/49/64 55/67/65
f 57/69/67 58/70/68 37/49/64
f 59/71/69 58/70/68 57/69/67
f 60/72/70 59/71/69 57/69/67
f 61/73/71 59/71/69 60/72/70
f 64/76/74 63/75/73 62/74/72
f 62/74/72 63/75/73 65/77/75
f 65/77/75 63/75/73 66/78/76
f 63/75/73 67/79/77 66/78/76
f 67/79/77 68/80/78 66/78/76
f 69/81/79 68/80/78 67/79/77
f 70/82/80 68/80/78 69/81/79
f 71/83/81 70/82/80 69/81/79
f 72/84/82 71/83/81 69/81/79
f 64/76/74 73/85/83 63/75/73
f 74/86/84 73/85/83 64/76/74
f 75/87/85 74/86/84 64/76/74
f 45/57/54 70/82/86 48/60/57
f 68/80/87 70/82/86 45/57/54
f 66/78/88 68/80/87 45/57/54
f 66/78/88 45/57/54 44/56/52
f 66/78/88 44/56/52 65/77/89
f 44/56/52 40/52/48 65/77/89
f 65/77/89 40/52/48 62/74/90
f 40/52/48 41/53/49 62/74/90
f 62/74/90 41/53/49 50/62/59
f 64/76/91 62/74/90 50/62/59
f 70/82/86 71/83/92 48/60/57
f 48/60/57 71/83/92 76/88/93
f 49/61/58 48/60/57 76/88/93
f 49/61/58 76/88/93 77/89/94
f 78/90/95 49/61/58 77/89/94
f 78/90/95 77/89/94 79/91/96
f 64/76/91 50/62/59 51/63/60
f 75/87/97 64/76/91 51/63/60
f 80/92/98 75/87/97 51/63/60
f 81/93/99 80/92/98 51/63/60
f 76/88/100 71/83/81 72/84/82
f 82/94/101 76/88/100 72/84/82
f 77/89/102 76/88/100 82/94/101
f 83/95/103 77/89/102 82/94/101
f 84/96/104 77/89/102 83/95/103
f 79/91/105 77/89/102 84/96/104
f 85/97/106 79/91/105 84/96/104
f 38/50/45 18/30/46 20/32/107
f 43/55/108 38/50/45 20/32/107
f 43/55/108 20/32/107 34/46/109
f 39/51/110 43/55/108 34/46/109
f 42/54/112 35/47/39 86/98/111
f 35/47/39 33/45/37 86/98/111
f 33/45/37 24/36/28 86/98/111
f 24/36/28 87/99/113 86/98/111
f 87/99/113 24/36/28 88/100/114
f 24/36/28 25/37/29 88/100/114
f 88/100/114 25/37/29 27/39/31
f 89/101/115 88/100/114 27/39/31
f 89/101/115 27/39/31 90/102/116
f 27/39/31 29/41/33 90/102/116
f 90/102/116 29/41/33 91/103/117
f 29/41/33 31/43/35 91/103/117
f 91/103/117 31/43/35 32/44/36
f 32/44/36 53/65/118 91/103/117
f 53/65/62 52/64/61 91/103/117
f 54/66/63 53/65/62 32/44/119
f 30/42/120 54/66/63 32/44/119
f 92/104/122 30/42/121 28/40/32
f 93/105/124 92/104/122 28/40/123
f 81/93/99 51/63/60 54/66/63
f 94/106/125 81/93/99 54/66/63
f 95/107/127 74/86/126 75/87/85
f 80/92/128 95/107/127 75/87/85
f 94/106/125 54/66/63 30/42/120
f 92/104/129 94/106/125 30/42/120
f 91/103/117 52/64/61 42/54/50
f 86/98/130 91/103/117 42/54/50
f 90/102/116 91/103/117 86/98/130
f 87/99/113 90/102/116 86/98/111
f 89/101/115 90/102/116 87/99/113
f 88/100/114 89/101/115 87/99/113
f 34/46/38 35/47/39 42/54/50
f 39/51/132 34/46/132 42/54/131
f 96/27/133 16/28/20 13/25/17
f 97/26/134 96/27/133 13/25/17
f 97/26/134 98/29/135 96/27/133
f 96/27/133 98/29/135 99/30/136
f 99/30/136 100/31/137 96/27/133
f 96/27/133 100/31/137 16/28/20
f 99/30/136 101/32/138 100/31/137
f 100/31/137 101/32/138 102/33/139
f 100/31/137 102/33/139 22/34/26
f 100/31/137 22/34/26 16/28/20
f 102/33/139 23/35/140 22/34/26
f 103/36/141 23/35/140 102/33/139
f 23/35/140 103/36/141 104/37/142
f 23/35/140 104/37/142 26/38/143
f 104/37/142 105/39/144 26/38/143
f 28/40/145 26/38/143 105/39/144
f 106/41/146 28/40/145 105/39/144
f 28/40/32 106/41/146 107/42/147
f 106/41/146 108/43/148 107/42/147
f 108/43/148 109/44/149 107/42/147
f 110/45/150 103/36/141 102/33/139
f 110/45/150 102/33/139 111/46/151
f 101/32/138 111/46/151 102/33/139
f 110/45/150 111/46/151 112/47/152
f 113/49/155 98/29/154 97/26/153
f 113/49/155 97/26/153 36/48/40
f 97/26/153 13/25/42 36/48/40
f 98/29/154 113/49/155 114/50/156
f 99/30/157 98/29/154 114/50/156
f 117/53/160 116/54/159 115/51/158
f 118/52/161 117/53/160 115/51/158
f 118/52/161 115/51/158 119/55/162
f 120/56/163 118/52/161 119/55/162
f 120/56/163 119/55/162 114/50/164
f 121/57/165 120/56/163 114/50/164
f 122/58/166 121/57/165 114/50/164
f 123/59/167 122/58/166 114/50/164
f 122/58/166 124/60/168 121/57/165
f 122/58/166 125/61/169 124/60/168
f 117/53/160 126/62/170 116/54/159
f 126/62/170 127/63/171 116/54/159
f 127/63/171 128/64/172 116/54/159
f 127/63/171 129/65/173 128/64/172
f 127/63/171 130/66/174 129/65/173
f 113/49/176 131/67/175 114/50/156
f 132/68/177 114/50/156 131/67/175
f 132/68/177 123/59/167 114/50/156
f 113/49/176 133/69/178 131/67/175
f 113/49/176 58/70/179 133/69/178
f 58/70/179 59/71/180 133/69/178
f 59/71/180 134/72/181 133/69/178
f 59/71/180 135/73/182 134/72/181
f 63/75/185 137/76/184 136/74/183
f 63/75/185 136/74/183 138/77/186
f 63/75/185 138/77/186 139/78/187
f 67/79/77 63/75/73 139/78/187
f 140/80/188 67/79/77 139/78/187
f 140/80/188 69/81/79 67/79/77
f 140/80/188 141/82/189 69/81/79
f 141/82/189 142/83/190 69/81/79
f 142/83/190 72/84/82 69/81/79
f 63/75/73 73/85/83 137/76/184
f 73/85/83 74/86/84 137/76/184
f 74/86/84 143/87/191 137/76/184
f 141/82/192 121/57/165 124/60/168
f 141/82/192 140/80/193 121/57/165
f 140/80/193 139/78/194 121/57/165
f 121/57/165 139/78/194 120/56/163
f 120/56/163 139/78/194 138/77/195
f 118/52/161 120/56/163 138/77/195
f 118/52/161 138/77/195 136/74/196
f 117/53/160 118/52/161 136/74/196
f 117/53/160 136/74/196 126/62/170
f 136/74/196 137/76/197 126/62/170
f 142/83/198 141/82/192 124/60/168
f 142/83/198 124/60/168 144/88/199
f 124/60/168 125/61/169 144/88/199
f 144/88/199 125/61/169 145/89/200
f 125/61/169 146/90/201 145/89/200
f 145/89/200 146/90/201 147/91/202
f 126/62/170 137/76/197 127/63/171
f 137/76/197 143/87/203 127/63/171
f 143/87/203 148/92/204 127/63/171
f 148/92/204 149/93/205 127/63/171
f 144/88/206 82/94/101 72/84/82
f 142/83/190 144/88/206 72/84/82
f 144/88/206 145/89/207 82/94/101
f 145/89/207 83/95/103 82/94/101
f 145/89/207 84/96/208 83/95/103
f 145/89/207 147/91/209 84/96/208
f 147/91/209 85/97/210 84/96/208
f 114/50/156 119/55/212 101/32/211
f 99/30/157 114/50/156 101/32/211
f 119/55/212 115/51/214 111/46/213
f 101/32/211 119/55/212 111/46/213
f 112/47/152 116/54/216 150/98/215
f 110/45/150 112/47/152 150/98/215
f 103/36/141 110/45/150 150/98/215
f 151/99/217 103/36/141 150/98/215
f 103/36/141 151/99/217 152/100/218
f 104/37/142 103/36/141 152/100/218
f 104/37/142 152/100/218 105/39/144
f 152/100/218 153/101/219 105/39/144
f 105/39/144 153/101/219 154/102/220
f 106/41/146 105/39/144 154/102/220
f 106/41/146 154/102/220 155/103/221
f 108/43/148 106/41/146 155/103/221
f 108/43/148 155/103/221 109/44/149
f 129/65/222 109/44/149 155/103/221
f 128/64/172 129/65/173 155/103/221
f 130/66/174 107/42/224 109/44/223
f 129/65/173 130/66/174 109/44/223
f 156/104/225 93/105/124 28/40/123
f 107/42/226 156/104/225 28/40/123
f 149/93/205 157/106/227 130/66/174
f 127/63/171 149/93/205 130/66/174
f 95/107/127 148/92/228 143/87/191
f 74/86/126 95/107/127 143/87/191
f 157/106/227 156/104/229 107/42/224
f 130/66/174 157/106/227 107/42/224
f 155/103/221 150/98/230 116/54/159
f 128/64/172 155/103/221 116/54/159
f 155/103/221 154/102/220 150/98/230
f 154/102/220 151/99/217 150/98/215
f 154/102/220 153/101/219 151/99/217
f 153/101/219 152/100/218 151/99/217
f 111/46/232 115/51/231 116/54/231
f 112/47/152 111/46/151 116/54/159
f 160/110/235 159/109/234 158/108/233
f 161/111/236 160/110/235 158/108/233
f 158/108/233 159/109/234 162/112/237
f 159/109/234 163/113/238 162/112/237
f 164/114/239 160/110/235 161/111/236
f 165/115/240 164/114/239 161/111/236
f 166/116/241 164/114/239 165/115/240
f 167/117/242 166/116/241 165/115/240
f 163/113/238 169/119/244 168/118/243
f 170/120/245 163/113/238 168/118/243
f 168/118/243 169/119/244 171/121/246
f 169/119/249 172/122/248 171/121/247
f 172/122/248 169/119/249 173/123/250
f 169/119/249 163/113/251 173/123/250
f 173/123/250 163/113/251 159/109/252
f 174/124/253 173/123/250 159/109/252
f 174/124/253 159/109/252 160/110/254
f 175/125/255 174/124/253 160/110/254
f 175/125/255 160/110/254 164/114/256
f 176/126/257 175/125/255 164/114/256
f 176/126/257 164/114/256 166/116/258
f 177/127/259 176/126/257 166/116/258
f 162/112/237 163/113/238 170/120/245
f 178/110/262 161/111/261 158/108/260
f 179/109/263 178/110/262 158/108/260
f 179/109/263 158/108/260 162/112/264
f 180/113/265 179/109/263 162/112/264
f 178/110/262 181/114/266 161/111/261
f 181/114/266 165/115/267 161/111/261
f 181/114/266 182/116/268 165/115/267
f 182/116/268 167/117/269 165/115/267
f 180/113/265 184/120/271 183/118/270
f 185/119/272 180/113/265 183/118/270
f 185/119/272 183/118/270 186/121/273
f 187/122/276 185/119/275 186/121/274
f 185/119/275 187/122/276 188/123/277
f 180/113/278 185/119/275 188/123/277
f 180/113/278 188/123/277 179/109/279
f 188/123/277 174/124/253 179/109/279
f 179/109/279 174/124/253 178/110/280
f 174/124/253 175/125/255 178/110/280
f 178/110/280 175/125/255 181/114/281
f 175/125/255 176/126/257 181/114/281
f 181/114/281 176/126/257 182/116/282
f 176/126/257 177/127/259 182/116/282
f 180/113/265 162/112/264 184/120/271
f 171/130/247 172/129/248 187/128/276
f 186/131/274 171/130/247 187/128/276
f 172/129/248 173/133/250 188/132/277
f 187/128/276 172/129/248 188/132/277
f 188/132/277 173/133/250 174/134/253
f 170/137/245 184/136/271 162/135/237
f 183/138/270 184/136/271 170/137/245
f 168/139/243 183/138/270 170/137/245
f 186/131/273 183/138/270 168/139/243
f 171/130/246 186/131/273 168/139/243
f 191/142/285 190/141/284 189/140/283
f 192/143/286 191/142/285 189/140/283
f 191/142/285 192/143/286 193/144/287
f 192/143/286 194/145/288 193/144/287
f 189/140/283 190/141/284 195/146/289
f 196/147/290 189/140/283 195/146/289
f 196/147/290 195/146/289 197/148/291
f 195/146/289 198/149/292 197/148/291
f 198/149/292 199/150/293 197/148/291
f 199/150/293 200/151/294 197/148/291
f 200/151/294 199/150/293 201/152/295
f 199/150/293 202/153/296 201/152/295
f 201/152/295 202/153/296 203/154/297
f 202/153/296 204/155/298 203/154/297
f 203/154/297 204/155/298 205/156/299
f 206/157/300 203/154/297 205/156/299
f 206/157/300 205/156/299 207/158/301
f 208/159/302 206/157/300 207/158/301
f 208/159/302 207/158/301 209/160/303
f 210/161/304 208/159/302 209/160/303
f 210/161/304 209/160/303 211/162/305
f 212/163/306 210/161/304 211/162/305
f 212/163/306 211/162/305 213/164/307
f 214/165/308 212/163/306 213/164/307
f 214/165/308 213/164/307 215/166/309
f 216/167/310 214/165/308 215/166/309
f 216/167/310 215/166/309 217/168/311
f 220/171/314 219/170/313 218/169/312
f 220/171/314 200/151/315 219/170/313
f 200/151/315 201/152/316 219/170/313
f 219/170/313 201/152/316 203/154/317
f 219/170/313 203/154/317 221/172/318
f 221/172/318 203/154/317 222/173/319
f 203/154/317 206/157/320 222/173/319
f 223/174/321 222/173/319 206/157/320
f 208/159/322 223/174/321 206/157/320
f 224/175/323 223/174/321 208/159/322
f 210/161/324 224/175/323 208/159/322
f 225/176/325 224/175/323 210/161/324
f 219/170/313 221/172/318 218/169/312
f 212/163/326 225/176/325 210/161/324
f 226/177/327 225/176/325 212/163/326
f 226/177/327 227/178/328 225/176/325
f 214/165/329 226/177/327 212/163/326
f 228/179/330 226/177/327 214/165/329
f 216/167/331 228/179/330 214/165/329
f 228/179/330 216/167/331 217/168/332
f 231/182/335 230/181/334 229/180/333
f 231/182/335 232/183/336 230/181/334
f 232/183/336 233/184/337 230/181/334
f 234/185/338 233/184/337 232/183/336
f 235/186/339 234/185/338 232/183/336
f 236/187/340 234/185/338 235/186/339
f 237/188/341 236/187/340 235/186/339
f 238/189/342 236/187/340 237/188/341
f 239/190/343 238/189/342 237/188/341
f 218/169/344 238/189/342 239/190/343
f 240/191/345 218/169/344 239/190/343
f 218/169/344 240/191/345 220/171/314
f 241/192/347 220/171/314 240/191/346
f 241/192/347 242/193/348 220/171/314
f 240/191/346 243/194/349 241/192/347
f 243/194/349 240/191/346 244/195/350
f 240/191/346 239/190/351 244/195/350
f 220/171/314 242/193/348 245/196/352
f 242/193/348 246/197/353 245/196/352
f 246/197/353 242/193/348 247/198/354
f 242/193/348 248/199/355 247/198/354
f 248/199/355 249/200/356 247/198/354
f 247/198/354 249/200/356 250/201/357
f 249/200/356 251/202/358 250/201/357
f 250/201/357 251/202/358 252/203/359
f 251/202/358 253/204/360 252/203/359
f 252/203/359 253/204/360 254/205/361
f 255/206/362 245/196/352 246/197/353
f 256/207/363 245/196/352 255/206/362
f 245/196/352 256/207/363 197/148/364
f 220/171/314 245/196/352 197/148/364
f 256/207/363 196/147/365 197/148/364
f 196/147/365 256/207/363 189/140/366
f 256/207/363 257/208/367 189/140/366
f 256/207/363 258/209/368 257/208/367
f 192/143/369 189/140/366 257/208/367
f 259/210/370 192/143/369 257/208/367
f 192/143/369 259/210/370 194/145/371
f 259/210/370 260/211/372 194/145/371
f 256/207/363 255/206/362 261/212/373
f 258/209/368 256/207/363 261/212/373
f 255/206/362 262/213/374 261/212/373
f 255/206/362 246/197/353 262/213/374
f 246/197/353 247/198/354 262/213/374
f 247/198/354 263/214/375 262/213/374
f 247/198/354 250/201/357 263/214/375
f 250/201/357 252/203/376 263/214/375
f 252/203/376 264/215/377 263/214/375
f 252/203/376 254/205/378 264/215/377
f 231/182/381 266/217/380 265/216/379
f 232/183/382 231/182/381 265/216/379
f 232/183/382 265/216/379 267/218/383
f 235/186/384 232/183/382 267/218/383
f 235/186/384 267/218/383 268/219/385
f 237/188/386 235/186/384 268/219/385
f 237/188/386 268/219/385 244/195/350
f 239/190/351 237/188/386 244/195/350
f 231/182/381 229/180/387 266/217/380
f 217/222/390 215/221/389 228/220/388
f 228/220/388 215/221/389 226/223/391
f 215/221/389 213/224/392 226/223/391
f 226/223/391 213/224/392 227/225/393
f 213/224/392 211/226/394 227/225/393
f 211/226/394 209/228/396 224/227/395
f 225/229/397 211/226/394 224/227/395
f 224/227/395 209/228/396 223/230/398
f 209/228/396 207/231/399 223/230/398
f 223/230/398 207/231/399 222/232/400
f 207/231/399 205/233/401 222/232/400
f 222/232/400 205/233/401 221/234/402
f 205/233/401 204/235/403 221/234/402
f 221/234/402 204/235/403 218/236/404
f 204/235/403 202/237/405 218/236/404
f 202/237/405 199/238/406 218/236/404
f 199/238/406 242/239/407 218/236/404
f 241/240/408 218/236/404 242/239/407
f 199/238/406 262/241/409 242/239/407
f 199/238/406 198/242/410 262/241/409
f 262/241/409 198/242/410 261/243/411
f 261/243/411 198/242/410 258/244/412
f 198/242/410 195/245/413 258/244/412
f 242/239/407 262/241/409 248/246/414
f 248/246/414 262/241/409 249/247/415
f 262/241/409 263/248/416 249/247/415
f 249/247/415 263/248/416 251/249/417
f 251/249/417 263/248/416 253/250/418
f 263/248/416 264/251/419 253/250/418
f 253/250/418 264/251/419 254/252/420
f 258/244/412 195/245/413 257/253/421
f 195/245/413 269/254/422 257/253/421
f 257/253/421 269/254/422 270/255/423
f 269/254/422 271/256/424 270/255/423
f 270/255/423 271/256/424 272/257/425
f 271/256/424 273/258/426 272/257/425
f 211/226/429 225/229/428 227/225/427
f 238/260/431 218/236/404 243/259/430
f 244/261/432 238/260/431 243/259/430
f 236/262/433 238/260/431 244/261/432
f 268/263/434 236/262/433 244/261/432
f 234/264/435 236/262/433 268/263/434
f 267/265/436 234/264/435 268/263/434
f 233/266/437 234/264/435 267/265/436
f 265/267/438 233/266/437 267/265/436
f 230/268/439 233/266/437 265/267/438
f 266/269/440 230/268/439 265/267/438
f 229/270/441 230/268/439 266/269/440
f 243/259/430 218/236/404 241/240/408
f 257/208/421 270/271/423 259/210/442
f 259/210/442 270/271/423 260/211/443
f 270/271/423 272/272/444 260/211/372
f 195/146/447 190/141/446 269/273/445
f 269/273/445 190/141/446 271/274/424
f 190/141/446 191/142/449 271/274/448
f 191/142/449 193/144/451 273/275/450
f 271/274/424 191/142/449 273/275/426
f 220/171/314 197/148/364 200/151/315
f 276/142/454 275/143/453 274/140/452
f 277/141/455 276/142/454 274/140/452
f 275/143/453 276/142/454 278/144/456
f 279/145/457 275/143/453 278/144/456
f 277/141/455 274/140/452 280/146/458
f 274/140/452 281/147/459 280/146/458
f 280/146/458 281/147/459 282/148/460
f 283/149/461 280/146/458 282/148/460
f 284/150/462 283/149/461 282/148/460
f 285/151/463 284/150/462 282/148/460
f 284/150/462 285/151/463 286/152/464
f 287/153/465 284/150/462 286/152/464
f 287/153/465 286/152/464 288/154/466
f 289/155/467 287/153/465 288/154/466
f 289/155/467 288/154/466 290/156/468
f 288/154/466 291/157/469 290/156/468
f 291/157/469 293/159/471 292/158/470
f 290/156/468 291/157/469 292/158/470
f 292/158/470 293/159/471 294/160/472
f 293/159/471 295/161/473 294/160/472
f 294/160/472 295/161/473 296/162/474
f 295/161/473 297/163/475 296/162/474
f 296/162/474 297/163/475 298/164/476
f 297/163/475 299/165/477 298/164/476
f 298/164/476 299/165/477 300/166/478
f 299/165/477 301/167/479 300/166/478
f 300/166/478 301/167/479 302/168/480
f 305/170/483 304/171/482 303/169/481
f 285/151/484 304/171/482 305/170/483
f 286/152/485 285/151/484 305/170/483
f 286/152/485 305/170/483 288/154/486
f 288/154/486 305/170/483 306/172/487
f 288/154/486 306/172/487 307/173/488
f 291/157/489 288/154/486 307/173/488
f 307/173/488 308/174/490 291/157/489
f 308/174/490 293/159/491 291/157/489
f 308/174/490 309/175/492 293/159/491
f 309/175/492 295/161/493 293/159/491
f 309/175/492 310/176/494 295/161/493
f 306/172/487 305/170/483 303/169/481
f 310/176/494 297/163/495 295/161/493
f 310/176/494 311/177/496 297/163/495
f 312/178/497 311/177/496 310/176/494
f 311/177/496 299/165/498 297/163/495
f 311/177/496 313/179/499 299/165/498
f 313/179/499 301/167/500 299/165/498
f 301/167/500 313/179/499 302/168/501
f 316/181/504 315/182/503 314/180/502
f 317/183/505 315/182/503 316/181/504
f 318/184/506 317/183/505 316/181/504
f 318/184/506 319/185/507 317/183/505
f 319/185/507 320/186/508 317/183/505
f 319/185/507 321/187/509 320/186/508
f 321/187/509 322/188/510 320/186/508
f 321/187/509 323/189/511 322/188/510
f 323/189/511 324/190/512 322/188/510
f 323/189/511 303/169/513 324/190/512
f 303/169/513 325/191/514 324/190/512
f 325/191/514 303/169/513 304/171/482
f 328/196/517 327/207/516 326/206/515
f 328/196/517 326/206/515 329/197/518
f 329/197/518 330/193/519 328/196/517
f 330/193/519 304/171/482 328/196/517
f 330/193/519 331/192/520 304/171/482
f 328/196/517 304/171/482 282/148/521
f 327/207/516 328/196/517 282/148/521
f 281/147/522 327/207/516 282/148/521
f 327/207/516 281/147/522 274/140/523
f 332/208/524 327/207/516 274/140/523
f 333/209/525 327/207/516 332/208/524
f 274/140/523 275/143/526 332/208/524
f 275/143/526 334/210/527 332/208/524
f 334/210/527 275/143/526 279/145/528
f 335/211/529 334/210/527 279/145/528
f 327/207/516 333/209/525 336/212/530
f 326/206/515 327/207/516 336/212/530
f 337/213/531 326/206/515 336/212/530
f 329/197/518 326/206/515 337/213/531
f 338/198/532 329/197/518 337/213/531
f 339/214/533 338/198/532 337/213/531
f 340/201/534 338/198/532 339/214/533
f 341/203/535 340/201/534 339/214/533
f 342/215/536 341/203/535 339/214/533
f 343/205/537 341/203/535 342/215/536
f 304/171/482 331/192/520 325/191/538
f 325/191/538 345/194/540 344/195/539
f 324/190/541 325/191/538 344/195/539
f 345/194/540 325/191/538 331/192/520
f 322/188/542 324/190/541 344/195/539
f 346/219/543 322/188/542 344/195/539
f 320/186/544 322/188/542 346/219/543
f 347/218/545 320/186/544 346/219/543
f 317/183/546 320/186/544 347/218/545
f 348/216/547 317/183/546 347/218/545
f 315/182/548 317/183/546 348/216/547
f 349/217/549 315/182/548 348/216/547
f 314/180/550 315/182/548 349/217/549
f 282/148/521 304/171/482 285/151/484
f 350/204/553 341/203/552 343/205/551
f 350/204/553 351/202/554 341/203/552
f 351/202/554 340/201/534 341/203/552
f 351/202/554 352/200/555 340/201/534
f 352/200/555 338/198/532 340/201/534
f 352/200/555 353/199/556 338/198/532
f 353/199/556 330/193/519 338/198/532
f 330/193/519 329/197/518 338/198/532
f 300/221/559 302/222/558 313/220/557
f 300/221/559 313/220/557 311/223/560
f 298/224/561 300/221/559 311/223/560
f 298/224/561 311/223/560 312/225/562
f 296/226/563 298/224/561 312/225/562
f 296/226/563 310/229/565 309/227/564
f 294/228/566 296/226/563 309/227/564
f 294/228/566 309/227/564 308/230/567
f 292/231/568 294/228/566 308/230/567
f 292/231/568 308/230/567 307/232/569
f 290/233/570 292/231/568 307/232/569
f 290/233/570 307/232/569 306/234/571
f 289/235/572 290/233/570 306/234/571
f 289/235/572 306/234/571 303/236/573
f 287/237/574 289/235/572 303/236/573
f 284/238/575 287/237/574 303/236/573
f 330/239/576 284/238/575 303/236/573
f 303/236/573 331/240/577 330/239/576
f 337/241/578 284/238/575 330/239/576
f 283/242/579 284/238/575 337/241/578
f 283/242/579 337/241/578 336/243/580
f 283/242/579 336/243/580 333/244/581
f 280/245/582 283/242/579 333/244/581
f 337/241/578 330/239/576 353/246/583
f 337/241/578 353/246/583 352/247/584
f 339/248/585 337/241/578 352/247/584
f 339/248/585 352/247/584 351/249/586
f 339/248/585 351/249/586 350/250/587
f 342/251/588 339/248/585 350/250/587
f 342/251/588 350/250/587 343/252/589
f 280/245/582 333/244/581 332/253/590
f 354/254/591 280/245/582 332/253/590
f 354/254/591 332/253/590 355/255/592
f 356/256/593 354/254/591 355/255/592
f 356/256/593 355/255/592 272/257/594
f 273/258/595 356/256/593 272/257/594
f 310/229/597 296/226/596 312/225/596
f 323/260/600 344/261/599 345/259/598
f 303/236/573 323/260/600 345/259/598
f 323/260/600 321/262/601 344/261/599
f 321/262/601 346/263/602 344/261/599
f 321/262/601 319/264/603 346/263/602
f 319/264/603 347/265/604 346/263/602
f 319/264/603 318/266/605 347/265/604
f 318/266/605 348/267/606 347/265/604
f 318/266/605 316/268/607 348/267/606
f 316/268/607 349/269/608 348/267/606
f 316/268/607 314/270/609 349/269/608
f 303/236/573 345/259/598 331/240/577
f 355/271/592 332/208/590 334/210/610
f 277/141/613 280/146/612 354/273/611
f 277/141/613 354/273/611 356/274/593
f 276/142/615 277/141/613 356/274/614
f 355/271/592 334/210/610 335/211/616
f 272/272/444 355/271/592 335/211/529
f 276/142/615 356/274/593 273/275/450
f 278/144/617 276/142/615 273/275/450
f 36/48/618 37/49/64 58/70/68
f 359/278/621 358/277/620 357/276/619
f 360/279/622 359/278/621 357/276/619
f 360/279/622 362/281/624 361/280/623
f 361/280/623 362/281/624 363/282/625
f 362/281/624 364/283/626 363/282/625
f 359/278/621 360/279/622 361/280/623
f 363/282/625 364/283/626 365/284/627
f 365/284/627 364/283/626 366/285/628
f 367/286/629 59/71/69 61/73/71
f 368/287/630 367/286/629 61/73/71
f 367/286/629 368/287/630 357/276/619
f 358/277/620 367/286/629 357/276/619
f 366/290/628 370/289/632 369/288/631
f 366/290/628 364/291/626 370/289/632
f 370/289/632 371/292/633 369/288/631
f 372/293/634 371/292/633 370/289/632
f 373/294/635 371/292/633 372/293/634
f 369/288/631 371/292/633 373/294/635
f 374/295/636 373/294/635 372/293/634
f 373/294/635 374/295/636 375/296/637
f 376/297/638 373/294/635 375/296/637
f 377/298/639 373/294/635 376/297/638
f 377/298/639 369/288/631 373/294/635
f 374/295/636 372/293/634 378/299/640
f 374/295/636 378/299/640 379/300/641
f 380/301/642 374/295/636 379/300/641
f 381/302/643 374/295/636 380/301/642
f 375/296/637 374/295/636 381/302/643
f 379/300/641 378/299/640 382/303/644
f 378/299/640 383/304/645 382/303/644
f 382/303/644 383/304/645 384/305/646
f 383/304/645 385/306/647 384/305/646
f 385/306/647 386/307/648 384/305/646
f 386/307/648 385/306/647 387/308/649
f 388/309/650 386/307/648 387/308/649
f 388/309/650 387/308/649 47/310/651
f 47/310/56 387/308/652 56/311/66
f 383/304/645 378/299/640 389/312/653
f 390/313/654 383/304/645 389/312/653
f 385/306/647 383/304/645 390/313/654
f 390/313/654 389/312/653 391/314/655
f 392/315/656 391/314/655 389/312/653
f 372/293/634 392/315/656 389/312/653
f 393/316/657 390/313/654 391/314/655
f 394/317/658 390/313/654 393/316/657
f 394/317/658 385/306/647 390/313/654
f 387/308/649 385/306/647 394/317/658
f 395/318/659 394/317/658 393/316/657
f 394/317/658 395/318/659 396/319/660
f 396/319/660 387/308/649 394/317/658
f 387/308/649 396/319/660 56/311/66
f 396/319/660 55/320/65 56/311/66
f 395/318/659 397/321/661 396/319/660
f 397/321/661 55/320/65 396/319/660
f 57/322/663 55/320/662 397/321/661
f 372/293/634 389/312/653 378/299/640
f 392/315/656 362/323/624 391/314/655
f 364/291/626 362/323/624 392/315/656
f 362/323/624 360/324/622 391/314/655
f 360/324/622 357/325/619 391/314/655
f 391/314/655 357/325/619 393/316/657
f 357/325/619 368/326/630 393/316/657
f 368/326/630 61/327/71 393/316/657
f 393/316/657 61/327/71 395/318/659
f 61/327/71 60/328/70 395/318/659
f 397/321/661 395/318/659 60/328/70
f 57/322/663 397/321/661 60/328/70
f 392/315/656 372/293/634 370/289/632
f 370/289/632 364/291/626 392/315/656
f 400/331/666 399/330/665 398/329/664
f 401/332/667 400/331/666 398/329/664
f 398/329/664 399/330/665 402/333/668
f 399/330/665 403/334/669 402/333/668
f 402/333/668 403/334/669 404/335/670
f 403/334/669 405/336/671 404/335/670
f 404/335/670 405/336/671 406/337/672
f 407/338/673 400/331/666 401/332/667
f 408/339/674 407/338/673 401/332/667
f 409/340/675 407/338/673 408/339/674
f 410/341/676 409/340/675 408/339/674
f 410/341/676 411/342/677 409/340/675
f 411/342/677 412/343/678 409/340/675
f 411/342/677 413/344/679 412/343/678
f 413/344/679 414/345/680 412/343/678
f 413/344/679 415/346/681 414/345/680
f 415/346/681 416/347/682 414/345/680
f 415/346/681 417/348/683 416/347/682
f 417/348/683 418/349/684 416/347/682
f 417/348/683 419/350/685 418/349/684
f 419/350/685 420/351/686 418/349/684
f 419/350/685 421/352/687 420/351/686
f 421/352/687 422/353/688 420/351/686
f 421/352/687 423/354/689 422/353/688
f 404/335/692 406/337/691 424/355/690
f 404/335/692 424/355/690 425/356/693
f 402/333/694 404/335/692 425/356/693
f 402/333/694 425/356/693 426/357/695
f 398/329/696 402/333/694 426/357/695
f 398/329/696 426/357/695 427/358/697
f 401/332/698 398/329/696 427/358/697
f 401/332/698 427/358/697 428/359/699
f 408/339/700 401/332/698 428/359/699
f 410/341/701 408/339/700 428/359/699
f 429/360/702 410/341/701 428/359/699
f 410/341/701 429/360/702 411/342/703
f 429/360/702 430/361/704 411/342/703
f 411/342/703 430/361/704 413/344/705
f 430/361/704 431/362/706 413/344/705
f 413/344/705 431/362/706 415/346/707
f 431/362/706 432/363/708 415/346/707
f 432/363/708 433/364/710 417/348/709
f 415/346/707 432/363/708 417/348/709
f 417/348/709 433/364/710 419/350/711
f 433/364/710 434/365/712 419/350/711
f 419/350/711 434/365/712 421/352/713
f 434/365/712 435/366/714 421/352/713
f 421/352/713 435/366/714 423/354/715
f 403/369/718 399/368/717 436/367/716
f 403/369/718 436/367/716 437/370/719
f 405/371/720 403/369/718 437/370/719
f 438/372/721 405/371/720 437/370/719
f 438/372/721 437/370/719 439/373/722
f 440/374/723 438/372/721 439/373/722
f 440/374/723 439/373/722 441/375/724
f 442/376/725 440/374/723 441/375/724
f 400/378/727 407/377/726 436/367/716
f 445/381/730 444/380/729 443/379/728
f 446/382/731 445/381/730 443/379/728
f 446/382/731 443/379/728 447/383/732
f 448/384/733 446/382/731 447/383/732
f 448/384/733 447/383/732 449/385/734
f 450/386/735 448/384/733 449/385/734
f 449/385/734 451/387/736 450/386/735
f 451/387/736 452/388/737 450/386/735
f 451/387/736 453/389/738 452/388/737
f 453/389/738 454/390/739 452/388/737
f 455/391/740 453/389/738 451/387/736
f 453/389/738 456/392/741 454/390/739
f 455/391/740 456/392/741 453/389/738
f 457/393/742 456/392/741 455/391/740
f 457/393/742 455/391/740 458/394/743
f 458/394/743 459/395/744 457/393/742
f 460/396/746 457/393/745 459/395/744
f 461/397/747 460/396/746 459/395/744
f 436/367/748 458/394/743 455/391/740
f 437/370/749 436/367/716 455/391/740
f 437/370/749 455/391/740 451/387/750
f 439/373/722 437/370/749 451/387/750
f 439/373/722 451/387/750 449/385/751
f 441/375/724 439/373/722 449/385/751
f 449/385/751 462/398/752 441/375/724
f 449/385/751 447/383/753 462/398/752
f 447/383/753 463/399/754 462/398/752
f 447/383/753 464/400/755 463/399/754
f 447/383/753 465/401/756 464/400/755
f 447/383/753 466/402/757 465/401/756
f 447/383/753 467/403/758 466/402/757
f 447/383/753 468/404/759 467/403/758
f 447/383/753 469/405/760 468/404/759
f 447/383/753 443/379/761 469/405/760
f 443/379/761 470/406/762 469/405/760
f 443/379/761 471/407/763 470/406/762
f 471/407/763 443/379/761 472/408/764
f 471/407/763 472/408/764 473/409/765
f 474/410/766 471/407/763 473/409/765
f 474/410/766 473/409/765 475/411/767
f 476/412/768 474/410/766 475/411/767
f 477/413/769 476/412/768 475/411/767
f 475/411/767 478/414/770 477/413/769
f 479/415/771 477/413/769 478/414/770
f 480/416/772 479/415/771 478/414/770
f 480/416/772 478/414/770 481/417/773
f 443/379/761 482/418/774 472/408/764
f 443/379/761 444/380/775 482/418/774
f 444/380/775 483/419/776 482/418/774
f 444/380/775 484/420/777 483/419/776
f 484/420/777 485/421/778 483/419/776
f 485/421/778 486/422/779 483/419/776
f 485/421/778 487/423/780 486/422/779
f 487/423/780 488/424/781 486/422/779
f 487/423/780 489/425/782 488/424/781
f 489/425/782 490/426/783 488/424/781
f 490/426/783 491/427/784 488/424/781
f 491/427/784 492/428/785 488/424/781
f 492/428/785 493/429/786 488/424/781
f 444/380/775 495/431/788 494/430/787
f 484/420/777 444/380/775 494/430/787
f 494/430/787 495/431/788 496/432/789
f 497/433/790 494/430/787 496/432/789
f 497/433/790 496/432/789 498/434/791
f 498/434/791 496/432/789 499/435/792
f 498/434/791 499/435/792 500/436/793
f 501/437/794 498/434/791 500/436/793
f 501/437/794 500/436/793 502/438/795
f 503/439/796 501/437/794 502/438/795
f 504/440/797 497/433/790 498/434/791
f 504/440/797 505/441/798 497/433/790
f 505/441/798 506/442/799 497/433/790
f 505/441/798 507/443/800 506/442/799
f 507/443/800 508/444/801 506/442/799
f 508/444/801 509/445/802 506/442/799
f 496/432/789 495/431/788 510/446/803
f 495/431/788 444/380/775 510/446/803
f 503/439/796 502/438/795 511/447/804
f 512/448/805 503/439/796 511/447/804
f 512/448/805 511/447/804 513/449/806
f 511/447/804 514/450/807 513/449/806
f 515/451/808 513/449/806 514/450/807
f 515/451/808 514/450/807 516/452/809
f 515/451/808 516/452/809 517/453/810
f 513/449/806 518/454/811 512/448/805
f 512/448/805 518/454/811 519/455/812
f 519/455/812 520/456/813 512/448/805
f 518/454/811 521/457/814 519/455/812
f 496/432/789 510/446/803 522/458/815
f 499/435/792 496/432/789 522/458/815
f 500/436/793 499/435/792 522/458/815
f 523/459/816 500/436/793 522/458/815
f 502/438/795 500/436/793 523/459/816
f 524/460/817 502/438/795 523/459/816
f 511/447/804 502/438/795 524/460/817
f 514/450/807 511/447/804 524/460/817
f 525/461/818 514/450/807 524/460/817
f 526/462/820 516/452/819 514/450/807
f 525/461/818 526/462/820 514/450/807
f 527/465/821 484/464/777 494/463/787
f 485/466/778 484/464/777 527/465/821
f 528/467/822 485/466/778 527/465/821
f 487/468/780 485/466/778 528/467/822
f 529/469/823 487/468/780 528/467/822
f 489/470/782 487/468/780 529/469/823
f 530/471/824 489/470/782 529/469/823
f 490/472/783 489/470/782 530/471/824
f 531/473/825 490/472/783 530/471/824
f 490/472/783 531/473/825 532/474/826
f 531/473/825 533/475/827 532/474/826
f 532/474/826 534/476/828 490/472/783
f 534/476/828 491/477/784 490/472/783
f 491/477/784 534/476/828 535/478/829
f 492/479/785 491/477/784 535/478/829
f 493/480/786 492/479/785 535/478/829
f 536/481/830 493/480/786 535/478/829
f 535/478/829 537/482/831 536/481/830
f 534/476/834 539/484/833 538/483/832
f 535/478/829 534/476/834 538/483/832
f 537/482/831 538/483/832 540/485/835
f 537/482/831 535/478/829 538/483/832
f 534/476/834 532/474/836 539/484/833
f 543/488/839 542/487/838 541/486/837
f 544/489/840 543/488/839 541/486/837
f 544/489/840 541/486/837 545/490/841
f 541/486/837 546/491/842 545/490/841
f 549/494/845 548/493/844 547/492/843
f 550/495/846 549/494/845 547/492/843
f 549/494/845 551/496/847 548/493/844
f 551/496/847 552/497/848 548/493/844
f 551/496/847 553/498/849 552/497/848
f 553/498/849 554/499/850 552/497/848
f 553/498/849 555/500/851 554/499/850
f 555/500/851 556/501/852 554/499/850
f 555/500/851 557/502/853 556/501/852
f 557/502/853 558/503/854 556/501/852
f 558/503/854 559/504/855 556/501/852
f 558/503/854 560/505/856 559/504/855
f 560/505/856 561/506/857 559/504/855
f 560/505/856 562/507/858 561/506/857
f 562/507/858 563/508/859 561/506/857
f 562/507/858 564/509/860 563/508/859
f 564/509/860 565/510/861 563/508/859
f 436/367/748 567/512/863 566/511/862
f 412/514/865 414/513/864 436/367/716
f 436/367/748 566/511/862 458/394/743
f 414/513/680 416/515/682 567/512/863
f 445/381/730 568/516/866 444/380/729
f 571/519/869 570/518/868 569/517/867
f 572/520/870 570/518/868 571/519/869
f 569/517/867 570/518/868 573/521/871
f 569/517/867 573/521/871 574/522/872
f 576/524/875 575/523/874 517/453/873
f 516/452/876 576/524/875 517/453/873
f 575/527/874 577/526/877 517/525/873
f 580/530/880 579/529/879 578/528/878
f 581/531/881 580/530/880 578/528/878
f 148/532/204 578/528/878 579/529/879
f 579/529/879 582/533/882 148/532/204
f 582/533/882 149/534/205 148/532/204
f 582/533/882 583/535/883 149/534/205
f 583/535/883 157/536/227 149/534/205
f 583/535/883 577/526/884 157/536/227
f 156/537/229 157/536/227 577/526/884
f 518/539/811 513/538/806 582/533/885
f 513/538/806 583/535/886 582/533/882
f 513/538/806 515/540/808 583/535/883
f 515/540/808 517/525/810 583/535/883
f 583/535/883 517/525/810 577/526/884
f 518/539/811 582/533/882 579/529/887
f 518/539/811 579/529/879 580/530/888
f 521/541/814 518/539/811 580/530/880
f 521/541/814 580/530/880 581/531/881
f 521/541/814 581/531/881 584/542/889
f 519/543/812 521/541/814 584/542/889
f 519/543/812 584/542/889 585/544/890
f 520/545/813 519/543/812 585/544/890
f 93/546/891 156/537/225 577/526/877
f 575/527/874 93/546/891 577/526/877
f 570/518/868 586/547/892 573/521/871
f 570/518/868 584/542/893 586/547/892
f 570/518/868 585/544/894 584/542/893
f 584/542/893 581/531/895 586/547/892
f 572/520/870 585/544/894 570/518/868
f 572/520/870 520/545/813 585/544/890
f 589/550/898 588/549/897 587/548/896
f 589/550/898 587/548/896 590/551/899
f 590/551/899 586/547/892 589/550/898
f 581/531/895 589/550/898 586/547/892
f 581/531/895 578/528/878 589/550/898
f 589/550/898 578/528/878 591/552/900
f 589/550/898 591/552/900 588/549/897
f 590/551/899 573/521/871 586/547/892
f 594/555/903 593/554/902 592/553/901
f 592/553/901 595/556/904 594/555/903
f 592/553/901 596/557/905 595/556/904
f 595/556/904 596/557/905 597/558/906
f 596/557/905 598/559/907 597/558/906
f 597/558/906 598/559/907 599/560/908
f 598/559/907 600/561/909 599/560/908
f 601/562/910 599/560/908 600/561/909
f 602/563/911 599/560/908 601/562/910
f 603/564/912 601/562/910 600/561/909
f 604/567/913 572/566/870 571/565/869
f 605/568/914 604/567/913 571/565/869
f 520/569/813 572/566/870 604/567/913
f 606/570/915 520/569/813 604/567/913
f 606/570/915 607/571/916 520/569/813
f 607/571/916 512/572/805 520/569/813
f 607/571/916 503/573/796 512/572/805
f 605/568/914 571/565/869 594/555/917
f 569/575/867 574/574/872 594/555/903
f 571/565/869 569/575/867 594/555/903
f 574/574/872 593/554/902 594/555/903
f 531/473/918 602/563/911 601/562/910
f 533/475/919 531/473/918 601/562/910
f 601/562/910 603/564/912 533/475/919
f 533/475/919 603/564/912 608/576/920
f 531/473/918 609/577/921 602/563/911
f 531/473/825 530/471/824 609/577/921
f 530/471/824 529/469/823 609/577/921
f 529/469/823 610/578/922 609/577/921
f 529/469/823 528/467/822 610/578/922
f 528/467/822 509/579/802 610/578/922
f 528/467/822 527/465/821 509/579/802
f 527/465/821 506/580/799 509/579/802
f 527/465/821 497/581/790 506/580/799
f 527/465/821 494/463/787 497/581/790
f 532/474/836 611/582/923 539/484/833
f 546/491/842 442/584/725 441/583/724
f 545/490/841 546/491/925 441/583/924
f 613/586/927 612/585/926 542/487/838
f 543/488/839 613/586/927 542/487/838
f 613/586/927 550/495/846 612/585/926
f 550/495/846 547/492/843 612/585/926
f 470/589/762 471/588/763 614/587/928
f 470/589/762 614/587/928 615/590/929
f 469/591/760 470/589/762 615/590/929
f 469/591/760 615/590/929 616/592/930
f 468/593/759 469/591/760 616/592/930
f 468/593/759 616/592/930 617/594/931
f 468/593/759 617/594/931 618/595/932
f 467/596/758 468/593/759 618/595/932
f 467/596/758 618/595/932 466/597/757
f 618/595/932 557/502/933 466/597/757
f 555/500/934 466/597/757 557/502/853
f 555/500/934 553/498/849 466/597/757
f 551/496/935 466/597/757 553/498/849
f 551/496/935 465/598/756 466/597/757
f 551/496/847 549/494/845 465/598/756
f 464/599/755 465/598/756 549/494/845
f 550/495/936 464/599/755 549/494/845
f 463/600/754 464/599/755 550/495/936
f 613/586/927 463/600/754 550/495/846
f 462/601/752 463/600/754 613/586/927
f 543/488/839 462/601/752 613/586/927
f 441/583/724 462/601/752 543/488/839
f 544/489/840 441/583/724 543/488/839
f 544/489/840 545/490/841 441/583/724
f 616/592/930 615/590/929 476/602/768
f 477/603/769 616/592/930 476/602/768
f 617/594/931 616/592/930 477/603/769
f 479/604/771 617/594/931 477/603/769
f 618/595/932 617/594/931 479/604/771
f 480/605/772 618/595/932 479/604/771
f 557/502/853 618/595/932 480/605/772
f 558/503/854 557/502/853 480/605/772
f 476/602/768 615/590/929 474/606/766
f 615/590/929 614/587/928 474/606/766
f 474/606/766 614/587/928 471/588/763
f 558/503/854 480/605/772 481/607/773
f 562/507/858 478/608/770 564/509/860
f 481/607/773 478/608/770 562/507/858
f 560/505/856 481/607/773 562/507/858
f 560/505/856 558/503/854 481/607/773
f 619/611/937 486/610/779 488/609/781
f 620/612/938 619/611/937 488/609/781
f 483/613/776 486/610/779 619/611/937
f 620/612/938 488/609/781 493/480/786
f 621/614/939 620/612/938 493/480/786
f 621/614/939 493/480/786 536/481/830
f 622/615/940 621/614/939 536/481/830
f 622/615/940 536/481/830 537/482/831
f 623/616/941 622/615/940 537/482/831
f 610/578/922 599/560/908 602/563/911
f 609/577/921 610/578/922 602/563/911
f 610/578/922 508/617/801 599/560/908
f 610/578/922 509/579/802 508/617/801
f 508/617/801 597/558/906 599/560/908
f 595/556/904 597/558/906 508/617/801
f 507/618/800 595/556/904 508/617/801
f 507/618/800 505/619/798 595/556/904
f 505/619/798 605/568/914 595/556/904
f 505/619/798 504/620/797 605/568/914
f 504/620/797 604/567/913 605/568/914
f 504/620/797 498/621/791 604/567/913
f 498/621/791 606/570/915 604/567/913
f 606/570/915 498/621/791 501/622/794
f 607/571/916 606/570/915 501/622/794
f 607/571/916 501/622/794 503/573/796
f 605/568/914 594/555/917 595/556/904
f 475/623/767 564/509/860 478/608/770
f 625/625/943 624/624/942 565/510/861
f 564/509/860 625/625/943 565/510/861
f 625/625/943 623/616/941 540/485/835
f 623/616/941 537/482/831 540/485/835
f 625/625/943 540/485/835 624/624/942
f 475/623/767 623/616/945 625/625/944
f 475/623/767 625/625/944 564/509/860
f 622/615/940 623/616/945 475/623/767
f 475/623/767 473/626/765 622/615/940
f 473/626/765 621/614/939 622/615/940
f 473/626/765 472/627/764 621/614/939
f 472/627/764 620/612/938 621/614/939
f 620/612/938 472/627/764 482/628/774
f 619/611/937 620/612/938 482/628/774
f 482/628/774 483/613/776 619/611/937
f 608/576/920 611/582/923 532/474/836
f 533/475/919 608/576/920 532/474/836
f 600/561/909 626/629/946 603/564/912
f 603/564/912 626/629/946 608/576/920
f 578/528/878 148/532/204 591/552/900
f 591/552/900 148/532/948 95/630/947
f 591/552/900 95/630/947 588/549/897
f 407/377/726 409/631/949 436/367/716
f 409/631/949 412/514/865 436/367/716
f 525/461/952 524/460/951 627/632/950
f 628/633/953 525/461/952 627/632/950
f 627/632/950 524/460/951 523/459/954
f 629/634/955 627/632/950 523/459/954
f 525/461/952 628/633/953 526/462/956
f 628/633/953 630/635/957 526/462/956
f 631/636/958 526/462/956 630/635/957
f 523/459/954 522/458/959 629/634/955
f 522/458/959 632/637/960 629/634/955
f 568/516/866 632/637/960 522/458/961
f 510/446/962 568/516/866 522/458/961
f 444/380/729 568/516/866 510/446/962
f 633/638/964 576/524/963 516/452/819
f 516/452/819 526/462/820 633/638/964
f 631/636/958 633/638/965 526/462/956
f 399/368/717 400/378/727 436/367/716
f 113/49/176 36/48/966 58/70/179
f 359/278/969 635/279/968 634/276/967
f 358/277/970 359/278/969 634/276/967
f 635/279/968 359/278/969 361/280/971
f 636/281/972 635/279/968 361/280/971
f 636/281/972 361/280/971 363/282/973
f 637/283/974 636/281/972 363/282/973
f 637/283/974 363/282/973 638/284/975
f 637/283/974 638/284/975 639/285/976
f 367/286/978 640/287/977 135/73/182
f 59/71/180 367/286/978 135/73/182
f 367/286/978 358/277/970 634/276/967
f 640/287/977 367/286/978 634/276/967
f 642/289/980 639/290/976 641/288/979
f 637/291/974 639/290/976 642/289/980
f 643/292/981 642/289/980 641/288/979
f 643/292/981 644/293/982 642/289/980
f 643/292/981 645/294/983 644/293/982
f 643/292/981 641/288/979 645/294/983
f 645/294/983 646/295/984 644/293/982
f 646/295/984 645/294/983 647/296/985
f 645/294/983 648/297/986 647/296/985
f 645/294/983 649/298/987 648/297/986
f 641/288/979 649/298/987 645/294/983
f 644/293/982 646/295/984 650/299/988
f 650/299/988 646/295/984 379/300/989
f 646/295/984 380/301/990 379/300/989
f 646/295/984 381/302/991 380/301/990
f 646/295/984 647/296/985 381/302/991
f 650/299/988 379/300/989 382/303/992
f 651/304/993 650/299/988 382/303/992
f 651/304/993 382/303/992 384/305/994
f 652/306/995 651/304/993 384/305/994
f 386/307/648 652/306/995 384/305/646
f 652/306/995 386/307/648 653/308/996
f 386/307/648 388/309/650 653/308/996
f 653/308/996 388/309/650 123/310/997
f 653/308/998 123/310/167 132/311/177
f 650/299/988 651/304/993 654/312/999
f 651/304/993 655/313/1000 654/312/999
f 651/304/993 652/306/995 655/313/1000
f 654/312/999 655/313/1000 656/314/1001
f 656/314/1001 657/315/1002 654/312/999
f 657/315/1002 644/293/982 654/312/999
f 655/313/1000 658/316/1003 656/314/1001
f 655/313/1000 659/317/1004 658/316/1003
f 652/306/995 659/317/1004 655/313/1000
f 652/306/995 653/308/996 659/317/1004
f 659/317/1004 660/318/1005 658/316/1003
f 660/318/1005 659/317/1004 661/319/1006
f 653/308/996 661/319/1006 659/317/1004
f 661/319/1006 653/308/996 132/311/177
f 131/320/175 661/319/1006 132/311/177
f 662/321/1007 660/318/1005 661/319/1006
f 131/320/175 662/321/1007 661/319/1006
f 131/320/1009 133/322/1008 662/321/1007
f 654/312/999 644/293/982 650/299/988
f 636/323/972 657/315/1002 656/314/1001
f 636/323/972 637/291/974 657/315/1002
f 635/324/968 636/323/972 656/314/1001
f 634/325/967 635/324/968 656/314/1001
f 634/325/967 656/314/1001 658/316/1003
f 640/326/977 634/325/967 658/316/1003
f 135/327/182 640/326/977 658/316/1003
f 135/327/182 658/316/1003 660/318/1005
f 134/328/181 135/327/182 660/318/1005
f 662/321/1007 133/322/1008 134/328/181
f 660/318/1005 662/321/1007 134/328/181
f 644/293/982 657/315/1002 642/289/980
f 637/291/974 642/289/980 657/315/1002
f 665/641/1012 664/640/1011 663/639/1010
f 664/640/1011 666/642/1013 663/639/1010
f 667/643/1014 666/642/1013 664/640/1011
f 670/646/1017 669/645/1016 668/644/1015
f 671/647/1018 670/646/1017 668/644/1015
f 668/644/1015 669/645/1016 167/117/242
f 669/645/1016 166/116/241 167/117/242
f 177/127/259 166/116/258 669/645/1019
f 672/648/1020 177/127/259 669/645/1019
f 672/648/1020 669/645/1019 673/649/1021
f 669/645/1019 670/646/1022 673/649/1021
f 675/651/1023 670/646/1023 674/650/1023
f 677/653/1025 670/646/1017 676/652/1024
f 673/649/1021 670/646/1022 675/651/1026
f 676/652/1029 670/646/1028 671/647/1027
f 674/650/1031 670/646/1022 663/654/1030
f 678/655/1032 674/650/1031 663/654/1030
f 663/654/1010 670/646/1017 677/653/1025
f 665/656/1012 663/654/1010 677/653/1025
f 680/659/1035 679/658/1034 454/657/1033
f 683/662/1038 682/661/1037 681/660/1036
f 682/661/1037 683/662/1038 679/658/1034
f 686/665/1041 685/664/1040 684/663/1039
f 687/666/1042 686/665/1041 684/663/1039
f 684/663/1039 685/664/1040 680/659/1035
f 685/664/1040 682/661/1037 680/659/1035
f 682/661/1037 679/658/1034 680/659/1035
f 688/667/1043 686/665/1041 687/666/1042
f 689/668/1044 688/667/1043 687/666/1042
f 666/642/1045 688/667/1043 689/668/1044
f 690/669/1046 666/642/1045 689/668/1044
f 663/639/1047 666/642/1045 690/669/1046
f 685/664/1050 686/665/1049 691/670/1048
f 681/660/1036 685/664/1050 691/670/1048
f 691/670/1048 686/665/1049 692/671/1051
f 686/665/1049 688/667/1052 692/671/1051
f 692/671/1051 688/667/1052 667/643/1014
f 688/667/1052 666/642/1013 667/643/1014
f 682/661/1037 685/664/1050 681/660/1036
f 690/672/1046 678/655/1032 663/654/1030
f 695/675/1055 694/674/1054 693/673/1053
f 696/676/1056 694/674/1054 695/675/1055
f 697/677/1057 696/676/1056 695/675/1055
f 698/678/1058 696/676/1056 697/677/1057
f 699/679/1059 698/678/1058 697/677/1057
f 700/680/1060 698/678/1058 699/679/1059
f 701/681/1061 700/680/1060 699/679/1059
f 702/682/1062 700/680/1060 701/681/1061
f 702/682/1062 701/681/1061 703/683/1063
f 704/684/1064 702/682/1062 703/683/1063
f 705/685/1065 704/684/1064 703/683/1063
f 706/686/1066 705/685/1065 703/683/1063
f 707/687/1067 705/685/1065 706/686/1066
f 708/688/1068 707/687/1067 706/686/1066
f 709/689/1069 707/687/1067 708/688/1068
f 710/690/1070 709/689/1069 708/688/1068
f 711/691/1071 709/689/1069 710/690/1070
f 712/692/1072 711/691/1071 710/690/1070
f 714/694/1074 712/692/1072 713/693/1073
f 715/695/1075 714/694/1074 713/693/1073
f 716/696/1076 715/695/1075 713/693/1073
f 717/697/1077 716/696/1076 713/693/1073
f 714/694/1074 711/691/1071 712/692/1072
f 718/698/1080 705/685/1079 707/687/1078
f 719/699/1081 718/698/1080 707/687/1078
f 719/699/1081 707/687/1078 709/689/1082
f 720/700/1083 719/699/1081 709/689/1082
f 718/698/1080 721/701/1084 705/685/1079
f 721/701/1084 704/684/1085 705/685/1079
f 721/701/1084 722/702/1086 704/684/1085
f 722/702/1086 702/682/1087 704/684/1085
f 722/702/1086 723/703/1088 702/682/1087
f 723/703/1088 700/680/1089 702/682/1087
f 720/700/1083 709/689/1082 711/691/1090
f 724/704/1091 720/700/1083 711/691/1090
f 727/707/1094 726/706/1093 725/705/1092
f 728/708/1095 727/707/1094 725/705/1092
f 728/708/1095 725/705/1092 729/709/1096
f 727/707/1094 730/710/1097 726/706/1093
f 730/710/1097 731/711/1098 726/706/1093
f 731/711/1098 730/710/1097 732/712/1099
f 730/710/1097 733/713/1100 732/712/1099
f 732/712/1099 733/713/1100 734/714/1101
f 735/715/1102 732/712/1099 734/714/1101
f 736/716/1103 735/715/1102 734/714/1101
f 737/717/1104 736/716/1103 734/714/1101
f 737/717/1104 738/718/1105 736/716/1103
f 738/718/1105 739/719/1106 736/716/1103
f 738/718/1105 700/680/1107 739/719/1106
f 738/718/1105 740/720/1108 700/680/1089
f 740/720/1108 698/678/1109 700/680/1089
f 696/676/1110 698/678/1109 740/720/1108
f 741/721/1111 696/676/1110 740/720/1108
f 741/721/1111 742/722/1112 696/676/1110
f 742/722/1112 694/674/1113 696/676/1110
f 729/709/1116 725/705/1115 743/723/1114
f 743/723/1114 725/705/1115 744/724/1117
f 725/705/1115 726/706/1118 744/724/1117
f 744/724/1117 726/706/1118 745/725/1119
f 726/706/1118 731/711/1120 745/725/1119
f 731/711/1120 746/726/1121 745/725/1119
f 724/704/1124 711/691/1123 714/694/1122
f 747/727/1125 724/704/1124 714/694/1122
f 747/727/1125 714/694/1122 715/695/1126
f 748/728/1127 747/727/1125 715/695/1126
f 748/728/1127 715/695/1126 716/696/1128
f 749/729/1129 748/728/1127 716/696/1128
f 749/729/1129 716/696/1128 750/730/1130
f 751/731/1131 749/729/1129 750/730/1130
f 752/732/1132 751/731/1131 750/730/1130
f 753/733/1135 735/715/1134 736/716/1133
f 754/734/1136 753/733/1135 736/716/1133
f 754/734/1136 736/716/1133 755/735/1137
f 735/715/1134 753/733/1135 756/736/1138
f 753/733/1135 757/737/1139 756/736/1138
f 756/736/1138 757/737/1139 758/738/1140
f 757/737/1139 759/739/1141 758/738/1140
f 759/739/1141 760/740/1142 758/738/1140
f 759/739/1141 761/741/1143 760/740/1142
f 761/741/1143 762/742/1144 760/740/1142
f 758/738/1140 760/740/1142 746/726/1121
f 736/716/1133 739/719/1145 755/735/1137
f 755/735/1137 739/719/1145 763/743/1146
f 739/719/1145 723/703/1147 763/743/1146
f 735/715/1134 756/736/1138 732/712/1148
f 756/736/1138 758/738/1140 731/711/1120
f 746/726/1121 731/711/1120 758/738/1140
f 732/712/1148 756/736/1138 731/711/1120
f 763/743/1146 723/703/1088 722/702/1086
f 763/743/1146 722/702/1086 721/701/1084
f 764/744/1149 763/743/1146 721/701/1084
f 764/744/1149 721/701/1084 718/698/1080
f 765/745/1150 764/744/1149 718/698/1080
f 765/745/1150 718/698/1080 719/699/1081
f 766/746/1151 765/745/1150 719/699/1081
f 766/746/1151 719/699/1081 720/700/1083
f 767/747/1152 766/746/1151 720/700/1083
f 767/747/1152 720/700/1083 761/741/1143
f 761/741/1143 720/700/1083 724/704/1091
f 762/742/1144 761/741/1143 724/704/1091
f 746/726/1121 760/740/1142 768/748/1153
f 745/725/1119 746/726/1121 768/748/1153
f 762/742/1144 770/750/1155 769/749/1154
f 771/751/1156 762/742/1144 769/749/1154
f 769/749/1154 770/750/1155 772/752/1157
f 770/750/1155 773/753/1158 772/752/1157
f 772/752/1157 773/753/1158 774/754/1159
f 774/754/1159 773/753/1158 751/731/1131
f 773/753/1158 749/729/1129 751/731/1131
f 748/728/1127 749/729/1129 773/753/1158
f 748/728/1127 773/753/1158 770/750/1155
f 747/727/1125 748/728/1127 770/750/1155
f 747/727/1125 770/750/1155 762/742/1144
f 724/704/1124 747/727/1125 762/742/1144
f 760/740/1142 762/742/1144 771/751/1156
f 768/748/1153 760/740/1142 771/751/1156
f 776/756/1162 750/730/1161 775/755/1160
f 777/757/1163 750/730/1161 776/756/1162
f 775/755/1164 750/730/1130 717/697/1077
f 750/730/1161 716/696/1076 717/697/1077
f 778/758/1165 777/757/1163 776/756/1162
f 779/759/1166 778/758/1165 776/756/1162
f 780/760/1167 778/758/1165 779/759/1166
f 781/761/1168 780/760/1167 779/759/1166
f 782/762/1169 780/760/1167 781/761/1168
f 783/763/1170 782/762/1169 781/761/1168
f 752/732/1172 750/730/1161 784/764/1171
f 784/764/1171 750/730/1130 777/757/1173
f 777/757/1173 778/758/1175 785/765/1174
f 784/764/1176 777/757/1173 785/765/1174
f 785/765/1174 778/758/1175 780/760/1177
f 786/766/1178 785/765/1174 780/760/1177
f 422/767/1179 786/766/1178 780/760/1177
f 700/680/1180 723/703/1147 739/719/1145
f 787/768/1182 693/673/1181 694/674/1113
f 787/768/1182 694/674/1113 742/722/1112
f 788/769/1183 782/762/1169 783/763/1170
f 789/770/1184 788/769/1183 783/763/1170
f 433/771/1185 788/769/1183 789/770/1184
f 791/640/1188 665/641/1187 790/639/1186
f 792/642/1189 791/640/1188 790/639/1186
f 792/642/1189 458/643/743 791/640/1188
f 793/646/1192 671/647/1191 668/644/1190
f 794/645/1193 793/646/1192 668/644/1190
f 794/645/1193 668/644/1190 167/117/269
f 182/116/268 794/645/1193 167/117/269
f 793/646/1194 676/652/1029 671/647/1027
f 177/127/259 672/648/1196 794/645/1195
f 182/116/282 177/127/259 794/645/1195
f 794/645/1195 672/648/1196 673/649/1197
f 793/646/1198 794/645/1195 673/649/1021
f 793/646/1194 673/649/1021 675/651/1026
f 793/646/1200 675/651/1199 674/650/1199
f 793/646/1192 677/653/1202 676/652/1201
f 674/650/1031 678/655/1032 790/654/1203
f 793/646/1198 674/650/1031 790/654/1203
f 790/654/1186 665/656/1187 677/653/1202
f 793/646/1192 790/654/1186 677/653/1202
f 456/658/741 680/659/1204 454/657/739
f 456/658/741 795/661/1205 680/659/1204
f 795/661/1205 796/664/1206 680/659/1204
f 796/664/1206 684/663/1207 680/659/1204
f 796/664/1206 797/665/1208 684/663/1207
f 797/665/1208 687/666/1209 684/663/1207
f 798/667/1210 689/668/1044 687/666/1042
f 797/665/1208 798/667/1210 687/666/1042
f 798/667/1210 792/642/1211 689/668/1044
f 792/642/1211 690/669/1046 689/668/1044
f 792/642/1211 790/639/1212 690/669/1046
f 795/661/1205 457/662/745 460/660/746
f 796/664/1213 795/661/1205 460/660/746
f 796/664/1213 460/660/746 461/670/747
f 797/665/1214 796/664/1213 461/670/747
f 797/665/1214 461/670/747 459/671/1215
f 798/667/1216 797/665/1214 459/671/1215
f 798/667/1216 459/671/1215 458/643/1217
f 792/642/1189 798/667/1216 458/643/1217
f 457/662/745 795/661/1205 456/658/1218
f 678/655/1032 690/672/1046 790/654/1203
f 799/674/1221 695/675/1220 693/673/1219
f 799/674/1221 800/676/1222 695/675/1220
f 800/676/1222 697/677/1223 695/675/1220
f 800/676/1222 801/678/1224 697/677/1223
f 801/678/1224 699/679/1225 697/677/1223
f 801/678/1224 802/680/1226 699/679/1225
f 802/680/1226 701/681/1227 699/679/1225
f 802/680/1226 803/682/1228 701/681/1061
f 701/681/1061 803/682/1228 703/683/1063
f 803/682/1228 804/684/1229 703/683/1063
f 804/684/1229 805/685/1230 703/683/1063
f 805/685/1230 706/686/1231 703/683/1063
f 805/685/1230 806/687/1232 706/686/1231
f 806/687/1232 708/688/1233 706/686/1231
f 806/687/1232 807/689/1234 708/688/1233
f 807/689/1234 710/690/1235 708/688/1233
f 807/689/1234 808/691/1236 710/690/1235
f 808/691/1236 712/692/1237 710/690/1235
f 712/692/1237 809/694/1239 713/693/1238
f 809/694/1239 810/695/1240 713/693/1238
f 810/695/1240 811/696/1241 713/693/1238
f 811/696/1241 717/697/1242 713/693/1238
f 808/691/1236 809/694/1239 712/692/1237
f 813/698/1245 812/699/1244 806/687/1243
f 805/685/1246 813/698/1245 806/687/1243
f 806/687/1243 812/699/1244 807/689/1247
f 812/699/1244 814/700/1248 807/689/1247
f 815/701/1249 813/698/1245 805/685/1246
f 804/684/1250 815/701/1249 805/685/1246
f 816/702/1251 815/701/1249 804/684/1250
f 803/682/1252 816/702/1251 804/684/1250
f 817/703/1253 816/702/1251 803/682/1252
f 802/680/1254 817/703/1253 803/682/1252
f 814/700/1248 818/704/1256 808/691/1255
f 807/689/1247 814/700/1248 808/691/1255
f 727/707/1094 728/708/1095 819/705/1257
f 820/706/1258 727/707/1094 819/705/1257
f 819/705/1257 728/708/1095 729/709/1096
f 730/710/1259 727/707/1094 820/706/1258
f 821/711/1260 730/710/1259 820/706/1258
f 730/710/1259 821/711/1260 822/712/1261
f 733/713/1100 730/710/1097 822/712/1261
f 733/713/1100 822/712/1261 734/714/1101
f 822/712/1261 823/715/1262 734/714/1101
f 824/716/1264 737/717/1263 734/714/1101
f 738/718/1265 737/717/1263 824/716/1264
f 825/719/1266 738/718/1265 824/716/1264
f 802/680/1267 738/718/1265 825/719/1266
f 823/715/1262 824/716/1264 734/714/1101
f 740/720/1268 738/718/1265 802/680/1254
f 801/678/1269 740/720/1268 802/680/1254
f 801/678/1269 800/676/1270 740/720/1268
f 800/676/1270 741/721/1111 740/720/1108
f 742/722/1112 741/721/1111 800/676/1270
f 799/674/1271 742/722/1112 800/676/1270
f 819/705/1273 729/709/1116 743/723/1272
f 819/705/1273 743/723/1272 744/724/1274
f 820/706/1275 819/705/1273 744/724/1274
f 820/706/1275 744/724/1274 745/725/1276
f 821/711/1277 820/706/1275 745/725/1276
f 826/726/1278 821/711/1277 745/725/1276
f 818/704/1281 827/727/1280 809/694/1279
f 808/691/1282 818/704/1281 809/694/1279
f 809/694/1279 827/727/1280 810/695/1283
f 827/727/1280 828/728/1284 810/695/1283
f 810/695/1283 828/728/1284 811/696/1285
f 828/728/1284 829/729/1286 811/696/1285
f 753/733/1135 754/734/1136 824/716/1287
f 823/715/1288 753/733/1135 824/716/1287
f 824/716/1287 754/734/1136 755/735/1289
f 753/733/1135 823/715/1288 830/736/1290
f 757/737/1291 753/733/1135 830/736/1290
f 757/737/1291 830/736/1290 831/738/1292
f 759/739/1293 757/737/1291 831/738/1292
f 832/740/1294 759/739/1293 831/738/1292
f 761/741/1295 759/739/1293 832/740/1294
f 184/742/1296 761/741/1295 832/740/1294
f 832/740/1294 831/738/1292 826/726/1278
f 825/719/1297 824/716/1287 755/735/1289
f 825/719/1297 755/735/1289 763/743/1298
f 817/703/1299 825/719/1297 763/743/1298
f 817/703/1253 763/743/1298 816/702/1251
f 816/702/1251 763/743/1298 815/701/1249
f 763/743/1298 764/744/1300 815/701/1249
f 815/701/1249 764/744/1300 813/698/1245
f 764/744/1300 765/745/1301 813/698/1245
f 813/698/1245 765/745/1301 812/699/1244
f 765/745/1301 766/746/1302 812/699/1244
f 812/699/1244 766/746/1302 814/700/1248
f 766/746/1302 767/747/1303 814/700/1248
f 814/700/1248 767/747/1303 761/741/1295
f 814/700/1248 761/741/1295 818/704/1256
f 761/741/1295 184/742/1296 818/704/1256
f 830/736/1290 823/715/1288 822/712/1304
f 831/738/1292 830/736/1290 821/711/1277
f 821/711/1277 826/726/1278 831/738/1292
f 830/736/1290 822/712/1304 821/711/1277
f 829/729/1286 751/731/1306 833/730/1305
f 811/696/1285 829/729/1286 833/730/1305
f 751/731/1306 752/732/1307 833/730/1305
f 826/726/1278 745/725/1276 768/748/1308
f 832/740/1294 826/726/1278 768/748/1308
f 184/742/1296 771/751/1310 769/749/1309
f 834/750/1311 184/742/1296 769/749/1309
f 834/750/1311 769/749/1309 772/752/1312
f 835/753/1313 834/750/1311 772/752/1312
f 835/753/1313 772/752/1312 774/754/1314
f 835/753/1313 774/754/1314 751/731/1306
f 829/729/1286 835/753/1313 751/731/1306
f 829/729/1286 828/728/1284 835/753/1313
f 835/753/1313 828/728/1284 834/750/1311
f 828/728/1284 827/727/1280 834/750/1311
f 834/750/1311 827/727/1280 184/742/1296
f 827/727/1280 818/704/1281 184/742/1296
f 832/740/1294 768/748/1308 771/751/1310
f 184/742/1296 832/740/1294 771/751/1310
f 833/730/1317 776/756/1316 775/755/1315
f 833/730/1317 836/757/1318 776/756/1316
f 833/730/1305 775/755/1319 717/697/1242
f 811/696/1241 833/730/1317 717/697/1242
f 837/758/1321 779/759/1320 776/756/1316
f 836/757/1318 837/758/1321 776/756/1316
f 837/758/1321 423/760/715 779/759/1320
f 423/760/715 781/761/1322 779/759/1320
f 423/760/715 435/762/714 781/761/1322
f 435/762/714 783/763/1323 781/761/1322
f 833/730/1317 752/732/1325 784/764/1324
f 833/730/1305 784/764/1324 836/757/1326
f 836/757/1326 784/764/1328 785/765/1327
f 837/758/1329 836/757/1326 785/765/1327
f 837/758/1329 785/765/1327 423/760/689
f 785/765/1327 786/766/1330 423/760/689
f 786/766/1330 422/767/688 423/760/689
f 817/703/1299 802/680/1331 825/719/1297
f 693/673/1181 787/768/1182 799/674/1271
f 799/674/1271 787/768/1182 742/722/1112
f 434/769/712 789/770/1332 783/763/1323
f 435/762/714 434/769/712 783/763/1323
f 434/769/712 433/771/710 789/770/1332
f 840/774/1335 839/773/1334 838/772/1333
f 841/775/1336 840/774/1335 838/772/1333
f 841/775/1336 838/772/1333 842/776/1337
f 843/777/1338 841/775/1336 842/776/1337
f 839/773/1334 840/774/1335 844/778/1339
f 840/774/1335 845/779/1340 844/778/1339
f 843/777/1338 842/776/1337 846/780/1341
f 847/781/1342 844/778/1339 845/779/1340
f 848/782/1343 847/781/1342 845/779/1340
f 847/781/1342 848/782/1343 849/783/1344
f 850/784/1345 847/781/1342 849/783/1344
f 850/784/1345 849/783/1344 851/785/1346
f 852/786/1347 850/784/1345 851/785/1346
f 853/787/1348 852/786/1347 851/785/1346
f 854/788/1349 853/787/1348 851/785/1346
f 855/789/1350 853/787/1348 854/788/1349
f 856/790/1351 855/789/1350 854/788/1349
f 857/791/1352 856/790/1351 854/788/1349
f 856/790/1351 857/791/1352 858/792/1353
f 859/793/1354 856/790/1351 858/792/1353
f 860/794/1355 859/793/1354 858/792/1353
f 858/792/1353 861/795/1356 860/794/1355
f 861/795/1356 858/792/1353 862/796/1357
f 863/797/1358 861/795/1356 862/796/1357
f 864/798/1359 861/795/1356 863/797/1358
f 860/794/1355 861/795/1356 864/798/1359
f 865/799/1360 860/794/1355 864/798/1359
f 866/800/1361 865/799/1360 864/798/1359
f 867/801/1362 866/800/1361 864/798/1359
f 868/802/1363 866/800/1361 867/801/1362
f 869/803/1364 868/802/1363 867/801/1362
f 870/804/1365 868/802/1363 869/803/1364
f 871/805/1366 870/804/1365 869/803/1364
f 872/806/1367 870/804/1365 871/805/1366
f 873/807/1368 872/806/1367 871/805/1366
f 874/808/1369 872/806/1367 873/807/1368
f 875/809/1370 874/808/1369 873/807/1368
f 876/810/1371 874/808/1369 875/809/1370
f 877/811/1372 876/810/1371 875/809/1370
f 878/812/1373 876/810/1371 877/811/1372
f 879/813/1374 876/810/1371 878/812/1373
f 880/814/1375 879/813/1374 878/812/1373
f 879/813/1374 880/814/1375 881/815/1376
f 879/813/1374 881/815/1376 882/816/1377
f 879/813/1374 883/817/1378 876/810/1371
f 883/817/1378 879/813/1374 882/816/1377
f 882/816/1377 884/818/1379 883/817/1378
f 884/818/1379 882/816/1377 885/819/1380
f 886/820/1381 884/818/1379 885/819/1380
f 886/820/1381 885/819/1380 887/821/1382
f 888/822/1383 886/820/1381 887/821/1382
f 888/822/1383 887/821/1382 889/823/1384
f 887/821/1382 890/824/1385 889/823/1384
f 889/823/1384 890/824/1385 891/825/1386
f 335/826/1387 889/823/1384 891/825/1386
f 893/828/1389 892/827/1388 865/799/1360
f 894/829/1390 892/827/1388 893/828/1389
f 893/828/1389 865/799/1360 895/830/1391
f 892/827/1388 896/831/1392 865/799/1360
f 895/830/1391 865/799/1360 897/832/1393
f 865/799/1360 866/800/1361 897/832/1393
f 897/832/1393 866/800/1361 868/802/1363
f 898/833/1394 897/832/1393 868/802/1363
f 896/831/1392 860/794/1355 865/799/1360
f 896/831/1392 899/834/1395 860/794/1355
f 899/834/1395 859/793/1354 860/794/1355
f 856/790/1351 859/793/1354 899/834/1395
f 900/835/1396 856/790/1351 899/834/1395
f 900/835/1396 901/836/1397 856/790/1351
f 901/836/1397 855/789/1350 856/790/1351
f 901/836/1397 902/837/1398 855/789/1350
f 902/837/1398 853/787/1348 855/789/1350
f 902/837/1398 903/838/1399 853/787/1348
f 903/838/1399 852/786/1347 853/787/1348
f 903/838/1399 904/839/1400 852/786/1347
f 904/839/1400 850/784/1345 852/786/1347
f 904/839/1400 905/840/1401 850/784/1345
f 905/840/1401 847/781/1342 850/784/1345
f 905/840/1401 906/841/1402 847/781/1342
f 906/841/1402 844/778/1339 847/781/1342
f 906/841/1402 907/842/1403 844/778/1339
f 907/842/1403 839/773/1404 844/778/1339
f 839/773/1404 907/842/1403 908/843/1405
f 838/772/1406 839/773/1404 908/843/1405
f 842/776/1407 838/772/1406 908/843/1405
f 909/844/1408 842/776/1407 908/843/1405
f 846/780/1409 842/776/1407 909/844/1408
f 910/845/1410 868/802/1363 870/804/1365
f 911/846/1411 898/833/1394 868/802/1363
f 910/845/1410 911/846/1411 868/802/1363
f 912/847/1412 897/832/1393 898/833/1394
f 913/848/1413 910/845/1410 870/804/1365
f 913/848/1413 870/804/1365 872/806/1367
f 914/849/1414 913/848/1413 872/806/1367
f 914/849/1414 872/806/1367 874/808/1369
f 915/850/1415 914/849/1414 874/808/1369
f 915/850/1415 874/808/1369 916/851/1416
f 874/808/1369 876/810/1371 916/851/1416
f 916/851/1416 876/810/1371 883/817/1378
f 917/852/1417 916/851/1416 883/817/1378
f 917/852/1417 883/817/1378 884/818/1379
f 918/853/1418 917/852/1417 884/818/1379
f 918/853/1418 884/818/1379 886/820/1381
f 919/854/1419 918/853/1418 886/820/1381
f 919/854/1419 886/820/1381 888/822/1383
f 920/855/1420 919/854/1419 888/822/1383
f 920/855/1420 888/822/1383 278/856/456
f 888/822/1383 279/857/457 278/856/456
f 921/858/1421 920/855/1420 278/856/456
f 921/858/1421 278/856/456 922/859/1422
f 922/859/1422 923/860/1423 921/858/1421
f 923/860/1423 922/859/1422 924/861/1424
f 927/864/1427 926/863/1426 925/862/1425
f 365/865/627 927/864/1427 925/862/1425
f 365/865/627 925/862/1425 928/866/1428
f 928/866/1428 925/862/1425 929/867/1429
f 930/868/1430 926/863/1426 927/864/1427
f 931/869/1431 930/868/1430 927/864/1427
f 931/869/1431 932/870/1432 930/868/1430
f 932/870/1432 933/871/1433 930/868/1430
f 933/871/1433 934/872/1434 930/868/1430
f 935/873/1435 934/872/1434 933/871/1433
f 935/873/1435 937/875/1437 936/874/1436
f 938/876/1438 935/873/1435 936/874/1436
f 934/872/1434 935/873/1435 938/876/1438
f 939/877/1439 934/872/1434 938/876/1438
f 930/868/1430 934/872/1434 939/877/1439
f 940/878/1440 930/868/1430 939/877/1439
f 941/879/1441 936/874/1436 937/875/1437
f 942/880/1442 941/879/1441 937/875/1437
f 942/880/1442 887/881/1382 941/879/1441
f 941/879/1441 887/881/1382 943/882/1443
f 887/881/1382 885/883/1380 943/882/1443
f 943/882/1443 885/883/1380 944/884/1444
f 885/883/1380 882/885/1377 944/884/1444
f 944/884/1444 882/885/1377 881/886/1376
f 890/887/1385 887/881/1382 942/880/1442
f 926/863/1426 930/868/1430 940/878/1440
f 945/888/1445 926/863/1426 940/878/1440
f 925/862/1425 926/863/1426 945/888/1445
f 946/889/1446 925/862/1425 945/888/1445
f 947/890/1447 925/862/1425 946/889/1446
f 948/891/1448 947/890/1447 946/889/1446
f 949/892/1449 947/890/1447 948/891/1448
f 950/893/1450 949/892/1449 948/891/1448
f 952/895/1452 951/894/1451 949/892/1449
f 953/896/1453 951/894/1451 952/895/1452
f 954/897/1454 953/896/1453 952/895/1452
f 955/898/1455 953/896/1453 954/897/1454
f 950/893/1450 952/895/1452 949/892/1449
f 365/901/627 369/900/631 927/899/1427
f 957/904/1457 956/903/1456 931/902/1431
f 958/905/1458 956/903/1456 957/904/1457
f 958/905/1458 959/906/1459 956/903/1456
f 956/903/1456 959/906/1459 891/907/1386
f 891/907/1386 959/906/1459 335/908/1387
f 960/909/1460 957/904/1457 931/902/1431
f 960/909/1460 931/902/1431 961/910/1461
f 931/902/1431 369/900/631 961/910/1461
f 927/899/1427 369/900/631 931/902/1431
f 889/823/1384 279/857/528 888/822/1383
f 335/826/529 279/857/528 889/823/1384
f 962/911/1462 892/827/1388 894/829/1390
f 959/906/1465 958/905/1464 963/912/1463
f 964/913/1466 959/906/1465 963/912/1463
f 963/912/1463 958/905/1464 965/914/1467
f 958/905/1464 957/904/1468 965/914/1467
f 335/908/1387 959/906/1465 964/913/1466
f 272/915/425 335/908/1387 964/913/1466
f 965/914/1467 957/904/1468 960/909/1469
f 966/916/1470 965/914/1467 960/909/1469
f 966/916/1470 960/909/1469 967/917/1471
f 960/909/1469 961/910/1472 967/917/1471
f 967/917/1471 961/910/1472 968/918/1473
f 969/919/1474 967/917/1471 968/918/1473
f 365/901/627 366/920/628 369/900/631
f 273/923/1477 193/922/1476 970/921/1475
f 273/923/1477 970/921/1475 922/924/1478
f 278/925/1479 273/923/1477 922/924/1478
f 922/924/1478 970/921/1475 924/926/1480
f 968/918/1481 377/928/639 376/927/638
f 369/900/631 377/928/639 968/918/1481
f 961/910/1461 369/900/631 968/918/1481
f 962/931/1484 971/930/1483 892/929/1482
f 857/934/1487 972/933/1486 858/932/1485
f 974/937/1490 973/936/1489 891/935/1488
f 890/938/1491 974/937/1490 891/935/1488
f 973/936/1489 975/940/1493 956/939/1492
f 891/935/1488 973/936/1489 956/939/1492
f 975/940/1493 976/942/1495 931/941/1494
f 956/939/1492 975/940/1493 931/941/1494
f 976/945/1498 977/944/1497 932/943/1496
f 931/946/1499 976/945/1498 932/943/1496
f 979/949/1502 978/948/1501 935/947/1500
f 933/950/1503 979/949/1502 935/947/1500
f 935/947/1500 978/948/1501 937/951/1504
f 978/948/1501 980/952/1505 937/951/1504
f 937/951/1504 980/952/1505 942/953/1506
f 980/952/1505 981/954/1507 942/953/1506
f 942/953/1506 981/954/1507 890/955/1508
f 981/954/1507 974/956/1509 890/955/1508
f 977/944/1497 979/949/1502 933/950/1503
f 932/943/1496 977/944/1497 933/950/1503
f 363/959/1512 928/958/1511 929/957/1510
f 363/959/1512 365/960/1513 928/958/1511
f 929/957/1510 982/961/1514 363/959/1512
f 983/962/1515 363/959/1512 982/961/1514
f 638/963/1516 363/959/1512 983/962/1515
f 955/966/1519 984/965/1518 953/964/1517
f 984/965/1518 985/968/1521 951/967/1520
f 953/964/1517 984/965/1518 951/967/1520
f 985/968/1521 986/969/1522 951/967/1520
f 986/969/1522 949/970/1523 951/967/1520
f 949/970/1523 986/969/1522 947/971/1524
f 986/969/1522 987/972/1525 947/971/1524
f 947/971/1524 987/972/1525 988/973/1526
f 925/974/1527 947/971/1524 988/973/1526
f 840/774/1530 841/775/1529 989/772/1528
f 990/773/1531 840/774/1530 989/772/1528
f 989/772/1528 841/775/1529 991/776/1532
f 841/775/1529 843/777/1533 991/776/1532
f 840/774/1530 990/773/1531 992/778/1534
f 845/779/1535 840/774/1530 992/778/1534
f 991/776/1532 843/777/1533 846/780/1536
f 992/778/1534 993/781/1537 845/779/1535
f 993/781/1537 848/782/1538 845/779/1535
f 848/782/1538 993/781/1537 994/784/1539
f 849/783/1540 848/782/1538 994/784/1539
f 849/783/1540 994/784/1539 851/785/1541
f 994/784/1539 995/786/1542 851/785/1541
f 995/786/1542 996/787/1543 851/785/1541
f 996/787/1543 854/788/1544 851/785/1541
f 996/787/1543 997/789/1545 854/788/1544
f 997/789/1545 998/790/1546 854/788/1544
f 998/790/1546 857/791/1547 854/788/1544
f 857/791/1547 998/790/1546 972/792/1548
f 998/790/1546 999/793/1549 972/792/1548
f 999/793/1549 1000/794/1550 972/792/1548
f 1001/795/1551 972/792/1548 1000/794/1550
f 972/792/1486 1001/795/1551 862/796/1552
f 1001/795/1551 863/797/1553 862/796/1552
f 1001/795/1551 864/798/1554 863/797/1553
f 1001/795/1551 1000/794/1550 864/798/1554
f 1000/794/1550 1002/799/1555 864/798/1554
f 1002/799/1555 1003/800/1556 864/798/1554
f 1003/800/1556 867/801/1557 864/798/1554
f 1003/800/1556 1004/802/1558 867/801/1557
f 1004/802/1558 869/803/1559 867/801/1557
f 1004/802/1558 1005/804/1560 869/803/1559
f 1005/804/1560 871/805/1561 869/803/1559
f 1005/804/1560 1006/806/1562 871/805/1561
f 1006/806/1562 873/807/1563 871/805/1561
f 1006/806/1562 1007/808/1564 873/807/1563
f 1007/808/1564 875/809/1565 873/807/1563
f 1007/808/1564 1008/810/1566 875/809/1565
f 1008/810/1566 877/811/1567 875/809/1565
f 1008/810/1566 878/812/1568 877/811/1567
f 1009/813/1569 878/812/1568 1008/810/1566
f 1009/813/1569 880/814/1570 878/812/1568
f 880/814/1570 1009/813/1569 881/815/1571
f 881/815/1571 1009/813/1569 1010/816/1572
f 1009/813/1569 1008/810/1566 1011/817/1573
f 1010/816/1572 1009/813/1569 1011/817/1573
f 1011/817/1573 1012/818/1574 1010/816/1572
f 1012/818/1574 1014/820/1576 1013/819/1575
f 1010/816/1572 1012/818/1574 1013/819/1575
f 1013/819/1575 1014/820/1576 1015/821/1577
f 1014/820/1576 1016/822/1578 1015/821/1577
f 1015/821/1577 1016/822/1578 1017/823/1579
f 974/824/1580 1015/821/1577 1017/823/1579
f 974/824/1580 1017/823/1579 973/825/1581
f 1017/823/1579 260/826/1582 973/825/1581
f 971/827/1584 893/828/1583 1002/799/1555
f 1018/831/1585 971/827/1584 1002/799/1555
f 971/827/1584 894/829/1586 893/828/1583
f 1000/794/1550 1018/831/1585 1002/799/1555
f 899/834/1587 1018/831/1585 1000/794/1550
f 999/793/1549 899/834/1587 1000/794/1550
f 998/790/1546 900/835/1588 899/834/1587
f 901/836/1589 900/835/1588 998/790/1546
f 997/789/1545 901/836/1589 998/790/1546
f 902/837/1590 901/836/1589 997/789/1545
f 996/787/1543 902/837/1590 997/789/1545
f 903/838/1591 902/837/1590 996/787/1543
f 995/786/1542 903/838/1591 996/787/1543
f 904/839/1592 903/838/1591 995/786/1542
f 994/784/1539 904/839/1592 995/786/1542
f 999/793/1549 998/790/1546 899/834/1587
f 994/784/1539 993/781/1537 904/839/1592
f 993/781/1537 905/840/1593 904/839/1592
f 906/841/1594 905/840/1593 993/781/1537
f 992/778/1534 906/841/1594 993/781/1537
f 907/842/1595 906/841/1594 992/778/1534
f 990/773/1596 907/842/1595 992/778/1534
f 907/842/1595 990/773/1596 908/843/1597
f 990/773/1596 989/772/1598 908/843/1597
f 989/772/1598 991/776/1599 908/843/1597
f 991/776/1599 909/844/1600 908/843/1597
f 991/776/1599 846/780/1601 909/844/1600
f 1019/832/1603 898/833/1602 1004/802/1558
f 1003/800/1556 1019/832/1603 1004/802/1558
f 1003/800/1556 1020/830/1604 1019/832/1603
f 1003/800/1556 1002/799/1555 1020/830/1604
f 1002/799/1555 893/828/1583 1020/830/1604
f 1019/832/1603 912/847/1605 898/833/1602
f 898/833/1602 911/846/1606 1004/802/1558
f 1004/802/1558 911/846/1606 910/845/1607
f 1004/802/1558 910/845/1607 1005/804/1560
f 910/845/1607 913/848/1608 1005/804/1560
f 1005/804/1560 913/848/1608 1006/806/1562
f 913/848/1608 914/849/1609 1006/806/1562
f 1006/806/1562 914/849/1609 1007/808/1564
f 914/849/1609 915/850/1610 1007/808/1564
f 1007/808/1564 915/850/1610 916/851/1611
f 1008/810/1566 1007/808/1564 916/851/1611
f 1008/810/1566 916/851/1611 1011/817/1573
f 916/851/1611 917/852/1612 1011/817/1573
f 1011/817/1573 917/852/1612 1012/818/1574
f 917/852/1612 918/853/1613 1012/818/1574
f 1012/818/1574 918/853/1613 1014/820/1576
f 918/853/1613 919/854/1614 1014/820/1576
f 1014/820/1576 919/854/1614 1016/822/1578
f 919/854/1614 920/855/1615 1016/822/1578
f 1016/822/1578 920/855/1615 193/856/287
f 194/857/288 1016/822/1578 193/856/287
f 920/855/1615 921/858/1616 193/856/287
f 970/859/1617 193/856/287 921/858/1616
f 921/858/1616 923/860/1618 970/859/1617
f 970/859/1617 923/860/1618 924/861/1619
f 1021/864/1621 638/865/975 988/862/1620
f 1022/863/1622 1021/864/1621 988/862/1620
f 988/862/1620 638/865/975 983/866/1623
f 988/862/1620 983/866/1623 982/867/1624
f 1022/863/1622 1023/868/1625 1021/864/1621
f 1023/868/1625 976/869/1626 1021/864/1621
f 977/870/1627 976/869/1626 1023/868/1625
f 979/871/1628 977/870/1627 1023/868/1625
f 1024/872/1629 979/871/1628 1023/868/1625
f 1024/872/1629 978/873/1630 979/871/1628
f 978/873/1630 938/876/1632 936/874/1631
f 980/875/1633 978/873/1630 936/874/1631
f 978/873/1630 1024/872/1629 938/876/1632
f 1024/872/1629 939/877/1634 938/876/1632
f 1024/872/1629 1023/868/1625 939/877/1634
f 1023/868/1625 940/878/1635 939/877/1634
f 936/874/1631 941/879/1636 980/875/1633
f 941/879/1636 981/880/1637 980/875/1633
f 1015/881/1577 981/880/1637 941/879/1636
f 1015/881/1577 941/879/1636 943/882/1638
f 1013/883/1575 1015/881/1577 943/882/1638
f 1013/883/1575 943/882/1638 944/884/1639
f 1010/885/1572 1013/883/1575 944/884/1639
f 1010/885/1572 944/884/1639 881/886/1571
f 1015/881/1577 974/887/1580 981/880/1637
f 1023/868/1625 1022/863/1622 940/878/1635
f 1022/863/1622 945/888/1640 940/878/1635
f 1022/863/1622 988/862/1620 945/888/1640
f 988/862/1620 946/889/1641 945/888/1640
f 988/862/1620 987/890/1642 946/889/1641
f 987/890/1642 948/891/1643 946/889/1641
f 987/890/1642 986/892/1644 948/891/1643
f 986/892/1644 950/893/1645 948/891/1643
f 952/895/1646 950/893/1645 986/892/1644
f 985/894/1647 952/895/1646 986/892/1644
f 985/894/1647 984/896/1648 952/895/1646
f 984/896/1648 954/897/1649 952/895/1646
f 984/896/1648 955/898/1650 954/897/1649
f 641/900/979 638/901/975 1021/899/1621
f 639/920/976 638/901/975 641/900/979
f 641/900/979 1021/899/1621 976/902/1626
f 641/900/979 976/902/1626 1025/910/1651
f 976/902/1626 1026/909/1652 1025/910/1651
f 1027/904/1653 1026/909/1652 976/902/1626
f 975/903/1654 1027/904/1653 976/902/1626
f 975/903/1654 1028/905/1655 1027/904/1653
f 1029/906/1656 1028/905/1655 975/903/1654
f 1029/906/1656 975/903/1654 973/907/1581
f 1029/906/1656 973/907/1581 260/908/1582
f 194/857/371 1017/823/1579 1016/822/1578
f 194/857/371 260/826/372 1017/823/1579
f 971/827/1584 962/911/1657 894/829/1586
f 1029/906/1660 964/913/1659 963/912/1658
f 1028/905/1661 1029/906/1660 963/912/1658
f 1028/905/1661 963/912/1658 965/914/1662
f 1027/904/1663 1028/905/1661 965/914/1662
f 1029/906/1660 260/908/1582 964/913/1659
f 260/908/1582 272/915/594 964/913/1466
f 965/914/1662 966/916/1665 1026/909/1664
f 1027/904/1663 965/914/1662 1026/909/1664
f 1026/909/1664 966/916/1665 967/917/1666
f 1025/910/1667 1026/909/1664 967/917/1666
f 1025/910/1667 967/917/1666 1030/918/1668
f 967/917/1666 969/919/1474 1030/918/1668
f 649/928/987 1030/918/1669 648/927/986
f 641/900/979 1025/910/1651 1030/918/1669
f 649/928/987 641/900/979 1030/918/1669
f 1018/976/1672 896/975/1671 892/929/1670
f 971/930/1673 1018/976/1672 892/929/1670
f 1018/976/1672 899/977/1674 896/975/1671
f 1020/980/1677 893/979/1676 895/978/1675
f 1020/980/1677 895/978/1675 897/981/1678
f 1019/982/1679 1020/980/1677 897/981/1678
f 1019/982/1681 897/981/1681 912/983/1680
f 972/933/1684 862/984/1683 858/932/1682
f 400/331/666 1032/332/1686 1031/329/1685
f 1033/330/1688 400/331/1687 1031/329/1685
f 1033/330/1688 1031/329/1685 1034/333/1689
f 1035/334/1690 1033/330/1688 1034/333/1689
f 1035/334/1690 1034/333/1689 1036/335/1691
f 405/336/1692 1035/334/1690 1036/335/1691
f 405/336/1692 1036/335/1691 406/337/1693
f 400/331/666 407/338/673 1032/332/1686
f 407/338/673 1037/339/1694 1032/332/1686
f 407/338/673 1038/340/1695 1037/339/1694
f 1038/340/1695 1039/341/1696 1037/339/1694
f 1040/342/1697 1039/341/1696 1038/340/1695
f 1041/343/1698 1040/342/1697 1038/340/1695
f 1042/344/1699 1040/342/1697 1041/343/1698
f 1043/345/1700 1042/344/1699 1041/343/1698
f 1044/346/1701 1042/344/1699 1043/345/1700
f 1045/347/1702 1044/346/1701 1043/345/1700
f 1046/348/1703 1044/346/1701 1045/347/1702
f 418/349/1704 1046/348/1703 1045/347/1702
f 1047/350/1705 1046/348/1703 418/349/1704
f 420/351/1706 1047/350/1705 418/349/1704
f 1048/352/1707 1047/350/1705 420/351/1706
f 422/353/1179 1048/352/1707 420/351/1706
f 780/354/1177 1048/352/1707 422/353/1179
f 406/337/691 1036/335/1708 424/355/690
f 424/355/690 1036/335/1708 425/356/693
f 1036/335/1708 1034/333/1709 425/356/693
f 425/356/693 1034/333/1709 426/357/695
f 1034/333/1709 1031/329/1710 426/357/695
f 426/357/695 1031/329/1710 427/358/697
f 1031/329/1710 1032/332/1711 427/358/697
f 427/358/697 1032/332/1711 428/359/1712
f 1032/332/1711 1037/339/1713 428/359/1712
f 1037/339/1713 1039/341/1714 428/359/1712
f 1039/341/1714 429/360/1715 428/359/1712
f 429/360/702 1039/341/1714 1040/342/1716
f 430/361/1717 429/360/702 1040/342/1716
f 430/361/1717 1040/342/1716 1042/344/1718
f 431/362/1719 430/361/1717 1042/344/1718
f 431/362/1719 1042/344/1718 1044/346/1720
f 432/363/1721 431/362/1719 1044/346/1720
f 432/363/1721 1044/346/1720 1046/348/1722
f 433/364/1185 432/363/1721 1046/348/1722
f 433/364/1185 1046/348/1722 1047/350/1723
f 788/365/1183 433/364/1185 1047/350/1723
f 788/365/1183 1047/350/1723 1048/352/1724
f 782/366/1169 788/365/1183 1048/352/1724
f 782/366/1169 1048/352/1724 780/354/1167
f 1033/368/1727 1035/369/1726 1049/367/1725
f 1049/367/1725 1035/369/1726 1050/370/1728
f 1035/369/1726 405/371/1729 1050/370/1728
f 405/371/720 438/372/721 1050/370/1728
f 1050/370/1728 438/372/721 1051/373/1730
f 438/372/721 440/374/1731 1051/373/1730
f 1051/373/1730 440/374/1731 1052/375/1732
f 440/374/1731 442/376/1733 1052/375/1732
f 407/377/1735 400/378/1734 1049/367/1725
f 445/381/730 446/382/731 1053/379/1736
f 1054/380/1737 445/381/730 1053/379/1736
f 1053/379/1736 446/382/731 1055/383/1738
f 446/382/731 448/384/733 1055/383/1738
f 448/384/733 450/386/735 1056/385/1739
f 1055/383/1738 448/384/733 1056/385/1739
f 1057/387/1740 1056/385/1739 450/386/735
f 452/388/737 1057/387/1740 450/386/735
f 1058/389/1741 1057/387/1740 452/388/737
f 454/390/739 1058/389/1741 452/388/737
f 1058/389/1741 1059/391/1742 1057/387/1740
f 679/392/1034 1058/389/1741 454/390/739
f 679/392/1034 1059/391/1742 1058/389/1741
f 568/516/866 445/381/730 1054/380/1737
f 1062/464/1745 1061/465/1744 1060/463/1743
f 1062/464/1745 1063/466/1746 1061/465/1744
f 1063/466/1746 1064/467/1747 1061/465/1744
f 1063/466/1746 1065/468/1748 1064/467/1747
f 1065/468/1748 1066/469/1749 1064/467/1747
f 1065/468/1748 1067/470/1750 1066/469/1749
f 1067/470/1750 1068/471/1751 1066/469/1749
f 1067/470/1750 1069/472/1752 1068/471/1751
f 1069/472/1752 1070/473/1753 1068/471/1751
f 1070/473/1753 1069/472/1752 1071/474/1754
f 1072/475/1755 1070/473/1753 1071/474/1754
f 1073/476/1756 1071/474/1754 1069/472/1752
f 1074/477/1757 1073/476/1756 1069/472/1752
f 1073/476/1756 1074/477/1757 1075/478/1758
f 1074/477/1757 1076/479/1759 1075/478/1758
f 1075/478/1758 1076/479/1759 1077/480/1760
f 1075/478/1758 1077/480/1760 1078/481/1761
f 1078/481/1761 1079/482/1762 1075/478/1758
f 1073/476/1763 1075/478/1758 538/483/832
f 539/484/833 1073/476/1763 538/483/832
f 538/483/832 1079/482/1762 540/485/835
f 1075/478/1758 1079/482/1762 538/483/832
f 1071/474/1764 1073/476/1763 539/484/833
f 1081/488/1766 1080/489/1765 541/486/837
f 542/487/838 1081/488/1766 541/486/837
f 541/486/837 1080/489/1765 1082/490/1767
f 546/491/925 541/486/837 1082/490/1767
f 546/491/925 1082/490/1767 1052/583/1732
f 442/584/1733 546/491/925 1052/583/1732
f 1083/586/1768 1081/488/1766 542/487/838
f 612/585/926 1083/586/1768 542/487/838
f 1084/495/1769 1083/586/1768 612/585/926
f 547/492/843 1084/495/1769 612/585/926
f 1085/494/1770 1084/495/1769 547/492/843
f 548/493/844 1085/494/1770 547/492/843
f 1086/496/1771 1085/494/1770 548/493/844
f 552/497/848 1086/496/1771 548/493/844
f 1087/498/1772 1086/496/1771 552/497/848
f 554/499/1773 1087/498/1772 552/497/848
f 1088/500/1774 1087/498/1772 554/499/1773
f 556/501/852 1088/500/1774 554/499/850
f 1089/502/1775 1088/500/1774 556/501/852
f 1090/503/1776 1089/502/1775 556/501/852
f 1089/502/1775 1090/503/1776 1091/605/1777
f 1092/595/1778 1089/502/1775 1091/605/1777
f 1092/595/1778 1091/605/1777 1093/604/1779
f 1094/594/1780 1092/595/1778 1093/604/1779
f 1094/594/1780 1093/604/1779 1095/603/1781
f 1096/592/1782 1094/594/1780 1095/603/1781
f 1096/592/1782 1095/603/1781 1097/602/1783
f 1098/590/1784 1096/592/1782 1097/602/1783
f 1098/590/1784 1097/602/1783 1099/606/1785
f 1100/587/1786 1098/590/1784 1099/606/1785
f 1100/587/1786 1099/606/1785 1101/588/1787
f 559/504/855 1090/503/1776 556/501/852
f 1102/505/1788 1090/503/1776 559/504/855
f 561/506/857 1102/505/1788 559/504/855
f 1103/507/1789 1102/505/1788 561/506/857
f 563/508/859 1103/507/1789 561/506/857
f 1104/509/1790 1103/507/1789 563/508/859
f 565/510/1791 1104/509/1790 563/508/859
f 1105/398/1793 1056/385/1792 1052/375/1732
f 1105/398/1793 1106/399/1794 1056/385/1792
f 1106/399/1794 1055/383/1795 1056/385/1792
f 1106/399/1794 1107/400/1796 1055/383/1795
f 1108/401/1797 1055/383/1795 1107/400/1796
f 1109/402/1798 1055/383/1795 1108/401/1797
f 1051/373/1730 1052/375/1732 1056/385/1792
f 1057/387/1799 1051/373/1730 1056/385/1792
f 1110/403/1800 1055/383/1795 1109/402/1798
f 1111/404/1801 1055/383/1795 1110/403/1800
f 1112/405/1802 1055/383/1795 1111/404/1801
f 1053/379/1803 1055/383/1795 1112/405/1802
f 1113/406/1804 1053/379/1803 1112/405/1802
f 1101/407/1787 1053/379/1803 1113/406/1804
f 1053/379/1803 1101/407/1787 1114/408/1805
f 1114/408/1805 1101/407/1787 1115/409/1806
f 1101/407/1787 1099/410/1785 1115/409/1806
f 1115/409/1806 1099/410/1785 1116/411/1807
f 1099/410/1785 1097/412/1783 1116/411/1807
f 1097/412/1783 1095/413/1781 1116/411/1807
f 1117/414/1808 1116/411/1807 1095/413/1781
f 1095/413/1781 1093/415/1779 1117/414/1808
f 1093/415/1779 1091/416/1777 1117/414/1808
f 1117/414/1808 1091/416/1777 1118/417/1809
f 1119/418/1810 1053/379/1803 1114/408/1805
f 1054/380/1811 1053/379/1803 1119/418/1810
f 1120/419/1812 1054/380/1811 1119/418/1810
f 1062/420/1745 1054/380/1811 1120/419/1812
f 1063/421/1746 1062/420/1745 1120/419/1812
f 1121/422/1813 1063/421/1746 1120/419/1812
f 1065/423/1748 1063/421/1746 1121/422/1813
f 1122/424/1814 1065/423/1748 1121/422/1813
f 1067/425/1750 1065/423/1748 1122/424/1814
f 1069/426/1752 1067/425/1750 1122/424/1814
f 1074/427/1757 1069/426/1752 1122/424/1814
f 1076/428/1759 1074/427/1757 1122/424/1814
f 1077/429/1760 1076/428/1759 1122/424/1814
f 1054/380/1811 1062/420/1745 1060/430/1743
f 1123/431/1815 1054/380/1811 1060/430/1743
f 1123/431/1815 1060/430/1743 1124/432/1816
f 1060/430/1743 1125/433/1817 1124/432/1816
f 1124/432/1816 1125/433/1817 1126/434/1818
f 1124/432/1816 1126/434/1818 1127/435/1819
f 1127/435/1819 1126/434/1818 1128/436/1820
f 1126/434/1818 1129/437/1821 1128/436/1820
f 1128/436/1820 1129/437/1821 1130/438/1822
f 1129/437/1821 1131/439/1823 1130/438/1822
f 1125/433/1817 1132/440/1824 1126/434/1818
f 1133/441/1825 1132/440/1824 1125/433/1817
f 1134/442/1826 1133/441/1825 1125/433/1817
f 1135/443/1827 1133/441/1825 1134/442/1826
f 1136/444/1828 1135/443/1827 1134/442/1826
f 1137/445/1829 1136/444/1828 1134/442/1826
f 1123/431/1815 1124/432/1816 1138/446/1830
f 1054/380/1811 1123/431/1815 1138/446/1830
f 1138/446/1830 1124/432/1816 1139/458/1831
f 1124/432/1816 1127/435/1819 1139/458/1831
f 1130/438/1822 1131/439/1823 1140/447/1832
f 1131/439/1823 1141/448/1833 1140/447/1832
f 1140/447/1832 1141/448/1833 1142/449/1834
f 1143/450/1835 1140/447/1832 1142/449/1834
f 1142/449/1834 1144/451/1836 1143/450/1835
f 1143/450/1835 1144/451/1836 1145/452/1837
f 1146/454/1838 1142/449/1834 1141/448/1833
f 1147/455/1839 1146/454/1838 1141/448/1833
f 1141/448/1833 1148/456/1840 1147/455/1839
f 1147/455/1839 1149/457/1841 1146/454/1838
f 1127/435/1819 1128/436/1820 1139/458/1831
f 1128/436/1820 1150/459/1842 1139/458/1831
f 1128/436/1820 1130/438/1822 1150/459/1842
f 1130/438/1822 1151/460/1843 1150/459/1842
f 1130/438/1822 1140/447/1832 1151/460/1843
f 1143/450/1835 1152/461/1844 1151/460/1843
f 1140/447/1832 1143/450/1835 1151/460/1843
f 1153/462/1845 1152/461/1844 1143/450/1835
f 1155/512/1848 1049/367/1847 1154/511/1846
f 1155/512/1848 1043/513/1700 1049/367/1847
f 1043/513/1850 1041/514/1849 1049/367/1725
f 1154/511/1846 1049/367/1847 667/394/1851
f 1045/515/1702 1043/513/1700 1155/512/1848
f 681/396/1036 691/397/1048 692/395/1051
f 683/393/1038 681/396/1036 692/395/1051
f 692/395/1852 667/394/1851 683/393/1038
f 1059/391/1742 683/393/1853 667/394/1851
f 679/392/1034 683/393/1853 1059/391/1742
f 1158/518/1856 1157/519/1855 1156/517/1854
f 1158/518/1856 1156/517/1854 573/521/1857
f 573/521/1857 1156/517/1854 574/522/872
f 576/524/875 1145/452/1859 1159/453/1858
f 575/523/874 576/524/875 1159/453/1858
f 1145/452/1837 1144/451/1836 1159/453/1860
f 1160/526/1861 575/527/874 1159/525/1858
f 1163/529/1864 1162/530/1863 1161/528/1862
f 1162/530/1863 1164/531/1865 1161/528/1862
f 1161/528/1862 80/532/98 1163/529/1864
f 1165/533/1866 1163/529/1864 80/532/98
f 81/534/99 1165/533/1866 80/532/98
f 1166/535/1867 1165/533/1866 81/534/99
f 94/536/125 1166/535/1867 81/534/99
f 1160/526/1868 1166/535/1867 94/536/125
f 94/536/125 92/537/129 1160/526/1868
f 1142/538/1834 1146/539/1838 1165/533/1869
f 1166/535/1870 1142/538/1834 1165/533/1866
f 1144/540/1836 1142/538/1834 1166/535/1867
f 1159/525/1858 1144/540/1836 1166/535/1867
f 1159/525/1858 1166/535/1867 1160/526/1868
f 1165/533/1866 1146/539/1838 1163/529/1871
f 1163/529/1864 1146/539/1838 1162/530/1872
f 1146/539/1838 1149/541/1841 1162/530/1863
f 1162/530/1863 1149/541/1841 1164/531/1865
f 1149/541/1841 1147/543/1839 1167/542/1873
f 1164/531/1865 1149/541/1841 1167/542/1873
f 1167/542/1873 1147/543/1839 1168/544/1874
f 1147/543/1839 1148/545/1840 1168/544/1874
f 93/546/891 575/527/874 1160/526/1861
f 92/537/122 93/546/891 1160/526/1861
f 1169/547/1875 1158/518/1856 573/521/871
f 1167/542/1876 1158/518/1856 1169/547/1875
f 1168/544/1877 1158/518/1856 1167/542/1876
f 1164/531/1878 1167/542/1876 1169/547/1875
f 1168/544/1877 1170/520/1879 1158/518/1856
f 1148/545/1840 1170/520/1879 1168/544/1874
f 588/549/897 1171/550/1880 587/548/896
f 1172/552/1881 1171/550/1880 588/549/897
f 587/548/896 1171/550/1880 590/551/899
f 1169/547/1875 590/551/899 1171/550/1880
f 573/521/871 590/551/899 1169/547/1875
f 1161/528/1862 1171/550/1880 1172/552/1881
f 1161/528/1862 1164/531/1878 1171/550/1880
f 1171/550/1880 1164/531/1878 1169/547/1875
f 1158/518/1856 1170/520/1879 1157/519/1855
f 593/554/902 1173/555/1882 592/553/901
f 1174/556/1883 592/553/901 1173/555/1882
f 596/557/905 592/553/901 1174/556/1883
f 596/557/905 1174/556/1883 1175/558/1884
f 598/559/907 596/557/905 1175/558/1884
f 598/559/907 1175/558/1884 1176/560/1885
f 600/561/909 598/559/907 1176/560/1885
f 1176/560/1885 1177/562/1886 600/561/909
f 1179/567/1888 1178/568/1887 1157/565/1855
f 1170/566/1879 1179/567/1888 1157/565/1855
f 1170/566/1879 1148/569/1840 1179/567/1888
f 1148/569/1840 1180/570/1889 1179/567/1888
f 1181/571/1890 1180/570/1889 1148/569/1840
f 1141/572/1833 1181/571/1890 1148/569/1840
f 1131/573/1823 1181/571/1890 1141/572/1833
f 1157/565/1855 1178/568/1887 1173/555/1891
f 1156/575/1854 1157/565/1855 1173/555/1882
f 574/574/872 1156/575/1854 1173/555/1882
f 593/554/902 574/574/872 1173/555/1882
f 1182/563/1893 1070/473/1892 1177/562/1886
f 1183/577/1894 1070/473/1892 1182/563/1893
f 1184/564/1896 1072/475/1895 608/576/920
f 611/582/923 1071/474/1764 539/484/833
f 1101/588/1787 1113/589/1804 1100/587/1786
f 1100/587/1786 1113/589/1804 1098/590/1784
f 1113/589/1804 1112/591/1802 1098/590/1784
f 1098/590/1784 1112/591/1802 1096/592/1782
f 1112/591/1802 1111/593/1801 1096/592/1782
f 1096/592/1782 1111/593/1801 1094/594/1780
f 1094/594/1780 1111/593/1801 1092/595/1778
f 1111/593/1801 1110/596/1800 1092/595/1778
f 1092/595/1778 1110/596/1800 1109/597/1798
f 1089/502/1897 1092/595/1778 1109/597/1798
f 1109/597/1798 1088/500/1898 1089/502/1775
f 1087/498/1772 1088/500/1898 1109/597/1798
f 1109/597/1798 1086/496/1899 1087/498/1772
f 1108/598/1797 1086/496/1899 1109/597/1798
f 1085/494/1770 1086/496/1771 1108/598/1797
f 1108/598/1797 1107/599/1796 1085/494/1770
f 1107/599/1796 1084/495/1900 1085/494/1770
f 1107/599/1796 1106/600/1794 1084/495/1900
f 1106/600/1794 1083/586/1768 1084/495/1769
f 1106/600/1794 1105/601/1793 1083/586/1768
f 1105/601/1793 1081/488/1766 1083/586/1768
f 1105/601/1793 1052/583/1732 1081/488/1766
f 1052/583/1732 1080/489/1765 1081/488/1766
f 1082/490/1767 1080/489/1765 1052/583/1732
f 1091/605/1777 1090/503/1776 1118/607/1809
f 1117/608/1808 1103/507/1789 1104/509/1790
f 1186/611/1902 1185/612/1901 1122/609/1814
f 1121/610/1813 1186/611/1902 1122/609/1814
f 1121/610/1813 1120/613/1812 1186/611/1902
f 1122/609/1814 1185/612/1901 1077/480/1760
f 1185/612/1901 1187/614/1903 1077/480/1760
f 1188/578/1904 1183/577/1894 1182/563/1893
f 1176/560/1885 1188/578/1904 1182/563/1893
f 1136/617/1828 1188/578/1904 1176/560/1885
f 1175/558/1884 1136/617/1828 1176/560/1885
f 1175/558/1884 1174/556/1883 1136/617/1828
f 1174/556/1883 1135/618/1827 1136/617/1828
f 1133/619/1825 1135/618/1827 1174/556/1883
f 1178/568/1887 1133/619/1825 1174/556/1883
f 1132/620/1824 1133/619/1825 1178/568/1887
f 1179/567/1888 1132/620/1824 1178/568/1887
f 1126/621/1818 1132/620/1824 1179/567/1888
f 1180/570/1889 1126/621/1818 1179/567/1888
f 1126/621/1818 1180/570/1889 1129/622/1821
f 1180/570/1889 1181/571/1890 1129/622/1821
f 1129/622/1821 1181/571/1890 1131/573/1823
f 1173/555/1891 1178/568/1887 1174/556/1883
f 1176/560/1885 1182/563/1893 1177/562/1886
f 1118/607/1809 1102/505/1788 1103/507/1789
f 1117/608/1808 1118/607/1809 1103/507/1789
f 1090/503/1776 1102/505/1788 1118/607/1809
f 1104/509/1790 1116/623/1807 1117/608/1808
f 1189/625/1905 1104/509/1790 565/510/1791
f 624/624/942 1189/625/1905 565/510/861
f 1190/616/1906 1189/625/1905 540/485/835
f 1079/482/1762 1190/616/1906 540/485/835
f 540/485/835 1189/625/1905 624/624/942
f 1190/616/1908 1116/623/1807 1189/625/1907
f 1189/625/1907 1116/623/1807 1104/509/1790
f 1190/616/1908 1191/615/1909 1116/623/1807
f 1115/626/1806 1116/623/1807 1191/615/1909
f 1187/614/1903 1115/626/1806 1191/615/1909
f 1114/627/1805 1115/626/1806 1187/614/1903
f 1185/612/1901 1114/627/1805 1187/614/1903
f 1114/627/1805 1185/612/1901 1119/628/1810
f 1185/612/1901 1186/611/1902 1119/628/1810
f 1120/613/1812 1119/628/1810 1186/611/1902
f 1191/615/1910 1190/616/1906 1079/482/1762
f 1078/481/1761 1191/615/1909 1079/482/1762
f 1187/614/1903 1191/615/1909 1078/481/1761
f 1077/480/1760 1187/614/1903 1078/481/1761
f 1060/463/1743 1061/465/1744 1125/581/1817
f 1125/581/1817 1061/465/1744 1134/580/1826
f 1134/580/1826 1061/465/1744 1137/579/1829
f 1061/465/1744 1064/467/1747 1137/579/1829
f 1137/579/1829 1064/467/1747 1188/578/1904
f 1064/467/1747 1066/469/1749 1188/578/1904
f 1188/578/1904 1066/469/1749 1183/577/1894
f 1066/469/1749 1068/471/1751 1183/577/1894
f 1068/471/1751 1070/473/1753 1183/577/1894
f 1184/564/1896 1177/562/1886 1072/475/1895
f 608/576/920 1072/475/1895 1071/474/1764
f 611/582/923 608/576/920 1071/474/1764
f 1070/473/1892 1072/475/1895 1177/562/1886
f 626/629/946 600/561/909 1184/564/1896
f 626/629/946 1184/564/1896 608/576/920
f 1137/579/1829 1188/578/1904 1136/617/1828
f 1177/562/1886 1184/564/1896 600/561/909
f 80/532/98 1161/528/1862 1172/552/1881
f 80/532/1911 1172/552/1881 95/630/947
f 95/630/947 1172/552/1881 588/549/897
f 1038/631/1912 407/377/1735 1049/367/1725
f 1041/514/1849 1038/631/1912 1049/367/1725
f 1152/461/1913 628/633/953 627/632/950
f 1151/460/1914 1152/461/1913 627/632/950
f 1151/460/1914 627/632/950 1150/459/1915
f 627/632/950 629/634/955 1150/459/1915
f 628/633/953 1152/461/1913 1153/462/1916
f 630/635/957 628/633/953 1153/462/1916
f 1153/462/1916 631/636/958 630/635/957
f 1139/458/1917 1150/459/1915 629/634/955
f 632/637/960 1139/458/1917 629/634/955
f 1145/452/1918 1153/462/1845 1143/450/1835
f 568/516/866 1138/446/1920 1139/458/1919
f 632/637/960 568/516/866 1139/458/1919
f 568/516/866 1054/380/1737 1138/446/1920
f 576/524/963 633/638/964 1145/452/1918
f 1153/462/1845 1145/452/1918 633/638/964
f 633/638/965 631/636/958 1153/462/1916
f 400/378/1734 1033/368/1727 1049/367/1725
f 1049/367/1725 1050/370/1921 1059/391/1742
f 667/394/1014 1049/367/1847 1059/391/1742
f 1059/391/1742 1050/370/1921 1057/387/1799
f 1050/370/1921 1051/373/1730 1057/387/1799
f 1154/987/1846 667/986/1851 458/985/1922
f 566/988/862 1154/987/1846 458/985/1922
f 1155/989/1923 1154/987/1846 566/988/862
f 567/990/1924 1155/989/1923 566/988/862
f 416/991/682 1155/989/1923 567/990/1924
f 791/994/1926 664/993/1925 665/992/1012
f 667/986/1927 664/993/1925 791/994/1926
f 458/985/1928 667/986/1927 791/994/1926
f 436/367/748 414/513/680 567/512/863
f 47/997/1931 46/996/1930 122/995/1929
f 123/998/1932 47/997/1931 122/995/1929
f 122/995/1929 46/996/1930 125/999/1933
f 46/996/1930 49/1000/1934 125/999/1933
f 125/999/169 49/1000/58 146/1001/201
f 49/1000/58 78/1002/95 146/1001/201
f 146/1001/201 78/1002/95 147/1003/202
f 78/1002/95 79/1004/96 147/1003/202
f 147/1003/202 79/1004/96 85/1005/1935
f 388/1006/650 47/997/651 123/998/997
f 1030/1009/1668 969/1008/1474 968/1007/1473
f 1030/1009/1668 968/1007/1473 376/1010/1936
f 648/1011/1937 1030/1009/1668 376/1010/1936
f 648/1011/1937 376/1010/1936 375/1012/637
f 647/1013/985 648/1011/1937 375/1012/637
f 381/1014/643 647/1013/985 375/1012/637
f 929/957/1940 925/974/1939 988/973/1938
f 982/961/1941 929/957/1940 988/973/1938
f 1194/1017/1944 1193/1016/1943 1192/1015/1942
f 1195/1018/1945 1194/1017/1944 1192/1015/1942
f 1196/1019/1946 1194/1017/1944 1195/1018/1945
f 1197/1020/1947 1196/1019/1946 1195/1018/1945
f 1196/1019/1946 1197/1020/1947 1198/1021/1948
f 1199/1022/1949 1196/1019/1946 1198/1021/1948
f 1200/1023/1950 1199/1022/1949 1198/1021/1948
f 1201/1024/1951 1200/1023/1950 1198/1021/1948
f 1202/1025/1952 1200/1023/1950 1201/1024/1951
f 1203/1026/1953 1202/1025/1952 1201/1024/1951
f 1194/1017/1956 1205/1028/1955 1204/1027/1954
f 1193/1016/1957 1194/1017/1956 1204/1027/1954
f 1206/1029/1958 1205/1028/1955 1194/1017/1956
f 1196/1019/1959 1206/1029/1958 1194/1017/1956
f 1206/1029/1958 1196/1019/1959 1199/1022/1960
f 1207/1030/1961 1206/1029/1958 1199/1022/1960
f 1208/1031/1962 1207/1030/1961 1199/1022/1960
f 1200/1023/1963 1208/1031/1962 1199/1022/1960
f 1209/1032/1964 1208/1031/1962 1200/1023/1963
f 1202/1025/1965 1209/1032/1964 1200/1023/1963
f 1212/1035/1968 1211/1034/1967 1210/1033/1966
f 1211/1034/1967 1214/1037/1970 1213/1036/1969
f 1214/1037/1970 1202/1025/1952 1213/1036/1969
f 1202/1025/1952 1203/1026/1953 1213/1036/1969
f 1210/1033/1966 1211/1034/1967 1213/1036/1969
f 1217/1035/1973 1216/1034/1972 1215/1038/1971
f 1218/1039/1974 1217/1035/1973 1215/1038/1971
f 1219/1040/1975 1215/1038/1971 1216/1034/1972
f 1220/1037/1976 1219/1040/1975 1216/1034/1972
f 1221/1025/1977 1209/1032/1964 1219/1040/1975
f 1220/1037/1976 1221/1025/1977 1219/1040/1975
f 1217/1035/1980 1210/1033/1979 1216/1034/1978
f 1210/1033/1979 1213/1036/1981 1216/1034/1978
f 1213/1036/1981 1220/1037/1976 1216/1034/1978
f 1220/1037/1976 1213/1036/1981 1203/1026/1982
f 1221/1025/1983 1220/1037/1976 1203/1026/1982
f 1218/1039/1986 1215/1038/1985 1211/1034/1984
f 1212/1035/1968 1218/1039/1986 1211/1034/1984
f 1211/1034/1984 1215/1038/1985 1214/1037/1987
f 1215/1038/1985 1219/1040/1988 1214/1037/1987
f 1219/1040/1988 1209/1032/1964 1214/1037/1987
f 1209/1032/1964 1202/1025/1965 1214/1037/1987
f 1204/1027/1991 1205/1028/1990 1222/1017/1989
f 1223/1041/1992 1204/1027/1991 1222/1017/1989
f 1205/1028/1990 1206/1029/1994 1224/1019/1993
f 1224/1019/1993 1206/1029/1994 1207/1030/1961
f 1225/1022/1995 1224/1019/1993 1207/1030/1961
f 1222/1017/1989 1205/1028/1990 1224/1019/1993
f 1225/1022/1995 1207/1030/1961 1226/1023/1996
f 1207/1030/1961 1208/1031/1962 1226/1023/1996
f 1226/1023/1996 1208/1031/1962 1221/1025/1977
f 1208/1031/1962 1209/1032/1964 1221/1025/1977
f 1223/1041/1999 1222/1017/1998 1195/1018/1997
f 1192/1015/1942 1223/1041/1999 1195/1018/1945
f 1222/1017/1998 1224/1019/2001 1197/1020/2000
f 1224/1019/2001 1225/1022/2002 1197/1020/2000
f 1225/1022/2002 1198/1021/2003 1197/1020/2000
f 1195/1018/1997 1222/1017/1998 1197/1020/2000
f 1198/1021/2003 1225/1022/2002 1201/1024/2004
f 1225/1022/2002 1226/1023/2005 1201/1024/2004
f 1201/1024/2004 1226/1023/2005 1203/1026/1982
f 1226/1023/2005 1221/1025/1983 1203/1026/1982
f 1223/1044/2008 1192/1043/2007 1204/1042/2006
f 1210/1047/1966 1217/1046/2010 1212/1045/2009
f 1217/1046/2010 1218/1048/2011 1212/1045/2009
f 1192/1043/2007 1193/1049/1943 1204/1042/2006
f 1229/1052/2014 1228/1051/2013 1227/1050/2012
f 1227/1050/2017 1228/1051/2016 1230/1053/2015
f 1230/1053/2015 1228/1051/2013 1231/1054/2018
f 1232/1055/2019 1231/1054/2018 1228/1051/2013
f 1233/1056/2020 1231/1054/2018 1232/1055/2019
f 1234/1057/2021 1233/1056/2020 1232/1055/2019
f 1234/1057/2021 1232/1055/2019 1235/1058/2022
f 1235/1058/2022 1232/1055/2019 1236/1059/2023
f 1232/1055/2019 1237/1060/2024 1236/1059/2023
f 1232/1055/2019 1228/1051/2013 1237/1060/2024
f 1238/1061/2025 1236/1059/2023 1237/1060/2024
f 1239/1062/2026 1238/1061/2025 1237/1060/2024
f 1238/1061/2025 1240/1063/2027 1236/1059/2023
f 1240/1063/2027 1241/1064/2028 1236/1059/2023
f 1235/1058/2022 1236/1059/2023 1241/1064/2028
f 1240/1063/2027 1242/1065/2029 1241/1064/2028
f 1242/1065/2029 1243/1066/2030 1241/1064/2028
f 1244/1067/2031 1235/1058/2022 1241/1064/2028
f 1244/1067/2031 1241/1064/2028 1243/1066/2030
f 1245/1068/2032 1244/1067/2031 1243/1066/2030
f 1246/1069/2033 1234/1057/2021 1235/1058/2022
f 1246/1069/2033 1235/1058/2022 1244/1067/2031
f 1247/1070/2034 1246/1069/2033 1244/1067/2031
f 1247/1070/2034 1244/1067/2031 1245/1068/2032
f 1248/1071/2035 1247/1070/2034 1245/1068/2032
f 1239/1062/2026 1237/1060/2024 1249/1072/2036
f 1250/1073/2037 1239/1062/2026 1249/1072/2036
f 1251/1074/2038 1246/1069/2033 1247/1070/2034
f 1251/1074/2038 1247/1070/2034 1248/1071/2035
f 1251/1074/2039 1234/1057/2021 1246/1069/2033
f 1251/1074/2039 1233/1056/2020 1234/1057/2021
f 1252/1075/2040 1239/1062/2026 1250/1073/2037
f 1253/1076/2041 1252/1075/2040 1250/1073/2037
f 1252/1075/2040 1253/1076/2041 1254/1077/2042
f 1255/1078/2043 1252/1075/2040 1254/1077/2042
f 1256/1079/2044 1252/1075/2040 1255/1078/2043
f 1257/1080/2045 1256/1079/2044 1255/1078/2043
f 1258/1081/2046 1256/1079/2044 1257/1080/2045
f 1259/1082/2047 1258/1081/2046 1257/1080/2045
f 1260/1083/2048 1258/1081/2046 1259/1082/2047
f 1261/1084/2049 1260/1083/2048 1259/1082/2047
f 1252/1075/2040 1256/1079/2044 1239/1062/2026
f 1256/1079/2044 1238/1061/2025 1239/1062/2026
f 1256/1079/2044 1258/1081/2046 1238/1061/2025
f 1258/1081/2046 1240/1063/2027 1238/1061/2025
f 1258/1081/2046 1260/1083/2048 1240/1063/2027
f 1260/1083/2048 1242/1065/2029 1240/1063/2027
f 1262/1085/2050 1257/1080/2045 1255/1078/2043
f 1263/1086/2051 1262/1085/2050 1255/1078/2043
f 1264/1087/2052 1262/1085/2050 1263/1086/2051
f 1265/1088/2053 1264/1087/2052 1263/1086/2051
f 1265/1088/2053 1263/1086/2051 1266/1089/2054
f 1267/1090/2055 1265/1088/2053 1266/1089/2054
f 1264/1087/2052 1268/1091/2056 1262/1085/2050
f 1268/1091/2056 1269/1092/2057 1262/1085/2050
f 1268/1091/2056 1270/1093/2058 1269/1092/2057
f 1270/1093/2058 1271/1094/2059 1269/1092/2057
f 1272/1095/2060 1265/1088/2053 1267/1090/2055
f 1273/1096/2061 1272/1095/2060 1267/1090/2055
f 1274/1097/2062 1264/1087/2052 1265/1088/2053
f 1272/1095/2060 1274/1097/2062 1265/1088/2053
f 1275/1098/2063 1268/1091/2056 1264/1087/2052
f 1274/1097/2062 1275/1098/2063 1264/1087/2052
f 1276/1099/2064 1270/1093/2058 1268/1091/2056
f 1275/1098/2063 1276/1099/2064 1268/1091/2056
f 1277/1100/2065 1272/1095/2060 1273/1096/2061
f 1277/1100/2065 1274/1097/2062 1272/1095/2060
f 1277/1100/2066 1275/1098/2063 1274/1097/2062
f 1277/1100/2066 1276/1099/2064 1275/1098/2063
f 1266/1089/2054 1263/1086/2051 1254/1077/2042
f 1263/1086/2051 1255/1078/2043 1254/1077/2042
f 1269/1092/2057 1271/1094/2059 1259/1082/2047
f 1269/1092/2057 1259/1082/2047 1257/1080/2045
f 1262/1085/2050 1269/1092/2057 1257/1080/2045
f 1271/1094/2059 1261/1084/2049 1259/1082/2047
f 1249/1072/2036 1228/1051/2013 1229/1052/2014
f 1237/1060/2024 1228/1051/2013 1249/1072/2036
f 1280/1017/2069 1279/1018/2068 1278/1015/2067
f 1281/1016/2070 1280/1017/2069 1278/1015/2067
f 1280/1017/2069 1282/1019/2071 1279/1018/2068
f 1282/1019/2071 1283/1020/2072 1279/1018/2068
f 1282/1019/2071 1285/1022/2074 1284/1021/2073
f 1283/1020/2072 1282/1019/2071 1284/1021/2073
f 1285/1022/2074 1286/1023/2075 1284/1021/2073
f 1286/1023/2075 1287/1024/2076 1284/1021/2073
f 1286/1023/2075 1288/1025/2077 1287/1024/2076
f 1288/1025/2077 1289/1026/2078 1287/1024/2076
f 1289/1026/2078 1288/1025/2077 1290/1036/2079
f 1288/1025/2077 1291/1037/2080 1290/1036/2079
f 1291/1037/2080 1292/1034/2081 1290/1036/2079
f 1292/1034/2081 1293/1033/2082 1290/1036/2079
f 1292/1034/2081 1294/1035/2083 1293/1033/2082
f 1280/1017/2086 1281/1016/2085 1295/1027/2084
f 1296/1028/2087 1280/1017/2086 1295/1027/2084
f 1296/1028/2087 1297/1029/2088 1280/1017/2086
f 1297/1029/2088 1282/1019/2089 1280/1017/2086
f 1282/1019/2089 1297/1029/2088 1285/1022/2090
f 1297/1029/2088 1298/1030/2091 1285/1022/2090
f 1298/1030/2091 1299/1031/2092 1285/1022/2090
f 1299/1031/2092 1286/1023/2093 1285/1022/2090
f 1299/1031/2092 1300/1032/2094 1286/1023/2093
f 1300/1032/2094 1288/1025/2095 1286/1023/2093
f 1300/1032/2094 1301/1040/2097 1291/1037/2096
f 1288/1025/2095 1300/1032/2094 1291/1037/2096
f 1301/1040/2097 1302/1038/2098 1291/1037/2096
f 1302/1038/2098 1292/1034/2099 1291/1037/2096
f 1302/1038/2098 1303/1039/2100 1292/1034/2099
f 1303/1039/2100 1294/1035/2083 1292/1034/2099
f 1304/1035/2103 1303/1039/2102 1302/1038/2101
f 1305/1034/2104 1304/1035/2103 1302/1038/2101
f 1302/1038/2101 1301/1040/2105 1305/1034/2104
f 1301/1040/2105 1306/1037/2106 1305/1034/2104
f 1307/1025/2107 1306/1037/2106 1301/1040/2105
f 1300/1032/2094 1307/1025/2107 1301/1040/2097
f 1300/1032/2094 1299/1031/2092 1307/1025/2107
f 1299/1031/2092 1308/1023/2108 1307/1025/2107
f 1299/1031/2092 1298/1030/2091 1308/1023/2108
f 1298/1030/2091 1309/1022/2109 1308/1023/2108
f 1310/1019/2110 1309/1022/2109 1298/1030/2091
f 1297/1029/2111 1310/1019/2110 1298/1030/2091
f 1297/1029/2111 1296/1028/2112 1310/1019/2110
f 1296/1028/2112 1311/1017/2113 1310/1019/2110
f 1296/1028/2112 1295/1027/2114 1311/1017/2113
f 1295/1027/2114 1312/1041/2115 1311/1017/2113
f 1293/1033/2118 1304/1035/2117 1305/1034/2116
f 1290/1036/2119 1293/1033/2118 1305/1034/2116
f 1306/1037/2120 1290/1036/2119 1305/1034/2116
f 1290/1036/2119 1306/1037/2120 1289/1026/2121
f 1306/1037/2120 1307/1025/2122 1289/1026/2121
f 1307/1025/2122 1308/1023/2123 1289/1026/2121
f 1308/1023/2123 1287/1024/2124 1289/1026/2121
f 1308/1023/2123 1309/1022/2125 1287/1024/2124
f 1309/1022/2125 1284/1021/2126 1287/1024/2124
f 1284/1021/2126 1309/1022/2125 1283/1020/2127
f 1309/1022/2125 1310/1019/2128 1283/1020/2127
f 1310/1019/2128 1311/1017/2129 1283/1020/2127
f 1311/1017/2129 1279/1018/2130 1283/1020/2127
f 1311/1017/2129 1312/1041/2131 1279/1018/2130
f 1312/1041/2131 1278/1015/2067 1279/1018/2068
f 1278/1043/2134 1312/1044/2133 1295/1042/2132
f 1304/1046/2136 1293/1047/2082 1294/1045/2135
f 1303/1048/2137 1304/1046/2136 1294/1045/2135
f 1281/1049/2070 1278/1043/2134 1295/1042/2132
f 1313/1051/2140 1229/1052/2139 1227/1050/2138
f 1313/1051/2143 1227/1050/2142 1230/1053/2141
f 1313/1051/2140 1230/1053/2141 1231/1054/2018
f 1313/1051/2140 1231/1054/2018 1314/1055/2144
f 1231/1054/2018 1233/1056/2020 1314/1055/2144
f 1233/1056/2020 1315/1057/2145 1314/1055/2144
f 1314/1055/2144 1315/1057/2145 1316/1058/2146
f 1314/1055/2144 1316/1058/2146 1317/1059/2147
f 1318/1060/2148 1314/1055/2144 1317/1059/2147
f 1313/1051/2140 1314/1055/2144 1318/1060/2148
f 1317/1059/2147 1319/1061/2149 1318/1060/2148
f 1319/1061/2149 1320/1062/2150 1318/1060/2148
f 1321/1063/2151 1319/1061/2149 1317/1059/2147
f 1322/1064/2152 1321/1063/2151 1317/1059/2147
f 1317/1059/2147 1316/1058/2146 1322/1064/2152
f 1242/1065/2029 1321/1063/2151 1322/1064/2152
f 1243/1066/2030 1242/1065/2029 1322/1064/2152
f 1316/1058/2146 1323/1067/2153 1322/1064/2152
f 1322/1064/2152 1323/1067/2153 1243/1066/2030
f 1323/1067/2153 1245/1068/2032 1243/1066/2030
f 1315/1057/2145 1324/1069/2154 1316/1058/2146
f 1316/1058/2146 1324/1069/2154 1323/1067/2153
f 1324/1069/2154 1325/1070/2155 1323/1067/2153
f 1323/1067/2153 1325/1070/2155 1245/1068/2032
f 1325/1070/2155 1248/1071/2035 1245/1068/2032
f 1318/1060/2148 1320/1062/2150 1249/1072/2036
f 1320/1062/2150 1250/1073/2037 1249/1072/2036
f 1324/1069/2154 1251/1074/2156 1325/1070/2155
f 1325/1070/2155 1251/1074/2156 1248/1071/2035
f 1315/1057/2145 1251/1074/2157 1324/1069/2154
f 1233/1056/2020 1251/1074/2039 1315/1057/2145
f 1320/1062/2150 1326/1075/2158 1250/1073/2037
f 1326/1075/2158 1253/1076/2041 1250/1073/2037
f 1253/1076/2041 1326/1075/2158 1254/1077/2042
f 1326/1075/2158 1327/1078/2159 1254/1077/2042
f 1326/1075/2158 1328/1079/2160 1327/1078/2159
f 1328/1079/2160 1329/1080/2161 1327/1078/2159
f 1328/1079/2160 1330/1081/2162 1329/1080/2161
f 1330/1081/2162 1331/1082/2163 1329/1080/2161
f 1330/1081/2162 1260/1083/2048 1331/1082/2163
f 1260/1083/2048 1261/1084/2049 1331/1082/2163
f 1328/1079/2160 1326/1075/2158 1320/1062/2150
f 1319/1061/2149 1328/1079/2160 1320/1062/2150
f 1330/1081/2162 1328/1079/2160 1319/1061/2149
f 1321/1063/2151 1330/1081/2162 1319/1061/2149
f 1260/1083/2048 1330/1081/2162 1321/1063/2151
f 1242/1065/2029 1260/1083/2048 1321/1063/2151
f 1329/1080/2161 1332/1085/2164 1327/1078/2159
f 1332/1085/2164 1333/1086/2165 1327/1078/2159
f 1332/1085/2164 1334/1087/2166 1333/1086/2165
f 1334/1087/2166 1335/1088/2167 1333/1086/2165
f 1333/1086/2165 1335/1088/2167 1266/1089/2054
f 1335/1088/2167 1267/1090/2055 1266/1089/2054
f 1336/1091/2168 1334/1087/2166 1332/1085/2164
f 1337/1092/2169 1336/1091/2168 1332/1085/2164
f 1270/1093/2058 1336/1091/2168 1337/1092/2169
f 1271/1094/2059 1270/1093/2058 1337/1092/2169
f 1335/1088/2167 1338/1095/2170 1267/1090/2055
f 1338/1095/2170 1273/1096/2061 1267/1090/2055
f 1339/1097/2171 1338/1095/2170 1335/1088/2167
f 1334/1087/2166 1339/1097/2171 1335/1088/2167
f 1340/1098/2172 1339/1097/2171 1334/1087/2166
f 1336/1091/2168 1340/1098/2172 1334/1087/2166
f 1276/1099/2064 1340/1098/2172 1336/1091/2168
f 1270/1093/2058 1276/1099/2064 1336/1091/2168
f 1338/1095/2170 1277/1100/2173 1273/1096/2061
f 1339/1097/2171 1277/1100/2173 1338/1095/2170
f 1340/1098/2172 1277/1100/2174 1339/1097/2171
f 1276/1099/2064 1277/1100/2066 1340/1098/2172
f 1333/1086/2165 1266/1089/2054 1254/1077/2042
f 1327/1078/2159 1333/1086/2165 1254/1077/2042
f 1271/1094/2059 1337/1092/2169 1331/1082/2163
f 1331/1082/2163 1337/1092/2169 1329/1080/2161
f 1337/1092/2169 1332/1085/2164 1329/1080/2161
f 1261/1084/2049 1271/1094/2059 1331/1082/2163
f 1313/1051/2140 1249/1072/2036 1229/1052/2139
f 1313/1051/2140 1318/1060/2148 1249/1072/2036
f 1343/1103/2177 1342/1102/2176 1341/1101/2175
f 1344/1104/2178 1343/1103/2177 1341/1101/2175
f 1345/1105/2179 1342/1102/2176 1343/1103/2177
f 1345/1105/2179 1346/1106/2180 1342/1102/2176
f 1347/1107/2181 1342/1102/2176 1346/1106/2180
f 1346/1106/2180 1348/1108/2182 1347/1107/2181
f 1344/1104/2178 1341/1101/2175 1349/1109/2183
f 1350/1110/2184 1344/1104/2178 1349/1109/2183
f 1350/1110/2184 1349/1109/2183 1351/1111/2185
f 1352/1112/2186 1350/1110/2184 1351/1111/2185
f 1353/1113/2187 1348/1108/2182 1346/1106/2180
f 1356/1116/2190 1355/1115/2189 1354/1114/2188
f 1353/1113/2187 1357/1117/2191 1348/1108/2182
f 1358/1118/2192 1357/1117/2191 1353/1113/2187
f 1356/1116/2193 1357/1117/2191 1358/1118/2192
f 1355/1115/2189 1356/1116/2190 1358/1118/2192
f 1361/1121/2196 1360/1120/2195 1359/1119/2194
f 1361/1121/2196 1362/1122/2197 1360/1120/2195
f 1362/1122/2197 1363/1123/2198 1360/1120/2195
f 1362/1122/2197 1364/1124/2199 1363/1123/2198
f 1364/1124/2199 1365/1125/2200 1363/1123/2198
f 1351/1111/2185 1365/1125/2200 1364/1124/2199
f 1352/1112/2186 1351/1111/2185 1364/1124/2199
f 1359/1119/2203 1360/1120/2202 1366/1126/2201
f 1366/1126/2201 1360/1120/2202 1367/1127/2204
f 1360/1120/2202 1363/1123/2205 1367/1127/2204
f 1367/1127/2204 1363/1123/2205 1368/1128/2206
f 1363/1123/2205 1365/1125/2207 1368/1128/2206
f 1368/1128/2206 1365/1125/2207 1369/1129/2208
f 1365/1125/2207 1351/1111/2209 1369/1129/2208
f 1369/1129/2208 1351/1111/2209 1370/1130/2210
f 1351/1111/2209 1349/1109/2211 1370/1130/2210
f 1370/1130/2210 1349/1109/2211 1371/1131/2212
f 1349/1109/2211 1341/1101/2213 1371/1131/2212
f 1371/1131/2212 1341/1101/2213 1372/1132/2214
f 1341/1101/2213 1342/1102/2215 1372/1132/2214
f 1372/1132/2214 1342/1102/2215 1373/1133/2216
f 1342/1102/2215 1347/1107/2217 1373/1133/2216
f 1373/1133/2216 1347/1107/2217 1374/1134/2218
f 1347/1107/2217 1348/1108/2219 1374/1134/2218
f 1374/1134/2218 1348/1108/2219 1375/1135/2220
f 1348/1108/2219 1357/1117/2221 1375/1135/2220
f 1357/1117/2221 1354/1114/2222 1375/1135/2220
f 1356/1116/2223 1354/1114/2222 1357/1117/2221
f 1355/1138/2226 1375/1137/2225 1354/1136/2224
f 1374/1139/2227 1375/1137/2225 1355/1138/2226
f 1374/1139/2227 1355/1138/2226 1358/1140/2228
f 1358/1140/2228 1353/1141/2229 1374/1139/2227
f 1353/1141/2229 1346/1142/2230 1374/1139/2227
f 1346/1142/2230 1373/1143/2231 1374/1139/2227
f 1346/1142/2230 1345/1144/2232 1373/1143/2231
f 1345/1144/2232 1372/1145/2233 1373/1143/2231
f 1345/1144/2232 1343/1146/2234 1372/1145/2233
f 1343/1146/2234 1371/1147/2235 1372/1145/2233
f 1343/1146/2234 1344/1148/2236 1371/1147/2235
f 1352/1151/2239 1369/1150/2238 1370/1149/2237
f 1350/1152/2240 1352/1151/2239 1370/1149/2237
f 1367/1155/2243 1368/1154/2242 1364/1153/2241
f 1362/1156/2244 1367/1155/2243 1364/1153/2241
f 1362/1156/2244 1361/1157/2245 1367/1155/2243
f 1361/1157/2245 1366/1158/2246 1367/1155/2243
f 1361/1157/2245 1359/1159/2247 1366/1158/2246
f 1350/1152/2240 1370/1149/2237 1344/1148/2236
f 1344/1148/2236 1370/1149/2237 1371/1147/2235
f 1364/1153/2241 1368/1154/2242 1369/1150/2238
f 1352/1151/2239 1364/1153/2241 1369/1150/2238
f 1378/1102/2250 1377/1103/2249 1376/1101/2248
f 1377/1103/2249 1379/1104/2251 1376/1101/2248
f 1378/1102/2250 1380/1105/2252 1377/1103/2249
f 1381/1106/2253 1380/1105/2252 1378/1102/2250
f 1378/1102/2250 1382/1107/2254 1381/1106/2253
f 1383/1108/2255 1381/1106/2253 1382/1107/2254
f 1376/1101/2248 1379/1104/2251 1384/1109/2256
f 1379/1104/2251 1385/1110/2257 1384/1109/2256
f 1384/1109/2256 1385/1110/2257 1386/1111/2258
f 1385/1110/2257 1387/1112/2259 1386/1111/2258
f 1383/1108/2255 1388/1113/2260 1381/1106/2253
f 1389/1117/2261 1388/1113/2260 1383/1108/2255
f 1389/1117/2261 1390/1118/2262 1388/1113/2260
f 1389/1117/2261 1391/1116/2263 1390/1118/2262
f 1391/1116/2263 1392/1115/2264 1390/1118/2262
f 1392/1115/2264 1391/1116/2266 1393/1114/2265
f 1396/1120/2269 1395/1121/2268 1394/1119/2267
f 1397/1122/2270 1395/1121/2268 1396/1120/2269
f 1398/1123/2271 1397/1122/2270 1396/1120/2269
f 1399/1124/2272 1397/1122/2270 1398/1123/2271
f 1400/1125/2273 1399/1124/2272 1398/1123/2271
f 1400/1125/2273 1386/1111/2258 1399/1124/2272
f 1386/1111/2258 1387/1112/2259 1399/1124/2272
f 1396/1120/2276 1394/1119/2275 1401/1126/2274
f 1396/1120/2276 1401/1126/2274 1402/1127/2277
f 1398/1123/2278 1396/1120/2276 1402/1127/2277
f 1398/1123/2278 1402/1127/2277 1403/1128/2279
f 1400/1125/2280 1398/1123/2278 1403/1128/2279
f 1400/1125/2280 1403/1128/2279 1404/1129/2281
f 1386/1111/2282 1400/1125/2280 1404/1129/2281
f 1386/1111/2282 1404/1129/2281 1405/1130/2283
f 1384/1109/2284 1386/1111/2282 1405/1130/2283
f 1384/1109/2284 1405/1130/2283 1406/1131/2285
f 1376/1101/2286 1384/1109/2284 1406/1131/2285
f 1376/1101/2286 1406/1131/2285 1407/1132/2287
f 1378/1102/2288 1376/1101/2286 1407/1132/2287
f 1378/1102/2288 1407/1132/2287 1408/1133/2289
f 1382/1107/2290 1378/1102/2288 1408/1133/2289
f 1382/1107/2290 1408/1133/2289 1409/1134/2291
f 1383/1108/2292 1382/1107/2290 1409/1134/2291
f 1383/1108/2292 1409/1134/2291 1410/1135/2293
f 1389/1117/2294 1383/1108/2292 1410/1135/2293
f 1393/1114/2295 1389/1117/2294 1410/1135/2293
f 1393/1114/2295 1391/1116/2296 1389/1117/2294
f 1410/1137/2299 1392/1138/2298 1393/1136/2297
f 1392/1138/2298 1410/1137/2299 1409/1139/2300
f 1390/1140/2301 1392/1138/2298 1409/1139/2300
f 1409/1139/2300 1388/1141/2302 1390/1140/2301
f 1381/1142/2303 1388/1141/2302 1409/1139/2300
f 1408/1143/2304 1381/1142/2303 1409/1139/2300
f 1380/1144/2305 1381/1142/2303 1408/1143/2304
f 1407/1145/2306 1380/1144/2305 1408/1143/2304
f 1377/1146/2307 1380/1144/2305 1407/1145/2306
f 1406/1147/2308 1377/1146/2307 1407/1145/2306
f 1379/1148/2309 1377/1146/2307 1406/1147/2308
f 1387/1151/2312 1385/1152/2311 1405/1149/2310
f 1404/1150/2313 1387/1151/2312 1405/1149/2310
f 1402/1155/2316 1397/1156/2315 1399/1153/2314
f 1403/1154/2317 1402/1155/2316 1399/1153/2314
f 1395/1157/2318 1397/1156/2315 1402/1155/2316
f 1401/1158/2319 1395/1157/2318 1402/1155/2316
f 1394/1159/2320 1395/1157/2318 1401/1158/2319
f 1405/1149/2310 1385/1152/2311 1379/1148/2309
f 1405/1149/2310 1379/1148/2309 1406/1147/2308
f 1399/1153/2314 1387/1151/2312 1404/1150/2313
f 1403/1154/2317 1399/1153/2314 1404/1150/2313
f 1413/1162/2323 1412/1161/2322 1411/1160/2321
f 1411/1160/2321 1412/1161/2322 1414/1163/2324
f 1412/1161/2322 1415/1164/2325 1414/1163/2324
f 1416/1165/2326 1412/1161/2322 1413/1162/2323
f 1417/1166/2327 1416/1165/2326 1413/1162/2323
f 1416/1165/2326 1417/1166/2327 1418/1167/2328
f 1419/1168/2329 1416/1165/2326 1418/1167/2328
f 1420/1169/2330 1419/1168/2329 1418/1167/2328
f 1421/1170/2331 1420/1169/2330 1418/1167/2328
f 1422/1171/2332 1420/1169/2330 1421/1170/2331
f 1423/1172/2333 1422/1171/2332 1421/1170/2331
f 1424/1173/2334 1422/1171/2332 1423/1172/2333
f 1425/1174/2335 1424/1173/2334 1423/1172/2333
f 1426/1175/2336 1424/1173/2334 1425/1174/2335
f 1427/1176/2337 1426/1175/2336 1425/1174/2335
f 1428/1177/2338 1426/1175/2336 1427/1176/2337
f 1431/1180/2341 1430/1179/2340 1429/1178/2339
f 1432/1181/2342 1430/1179/2340 1431/1180/2341
f 1433/1182/2343 1432/1181/2342 1431/1180/2341
f 1434/1183/2344 1432/1181/2342 1433/1182/2343
f 1435/1184/2345 1434/1183/2344 1433/1182/2343
f 1436/1185/2346 1434/1183/2344 1435/1184/2345
f 1437/1186/2347 1436/1185/2346 1435/1184/2345
f 1438/1187/2348 1437/1186/2347 1435/1184/2345
f 1439/1188/2349 1437/1186/2347 1438/1187/2348
f 1440/1189/2350 1439/1188/2349 1438/1187/2348
f 1441/1190/2351 1439/1188/2349 1440/1189/2350
f 1442/1191/2352 1441/1190/2351 1440/1189/2350
f 1443/1192/2353 1441/1190/2351 1442/1191/2352
f 1444/1193/2354 1443/1192/2353 1442/1191/2352
f 1445/1194/2355 1443/1192/2353 1444/1193/2354
f 1446/1195/2356 1445/1194/2355 1444/1193/2354
f 1447/1196/2357 1445/1194/2355 1446/1195/2356
f 1448/1197/2358 1447/1196/2357 1446/1195/2356
f 1449/1198/2359 1447/1196/2357 1448/1197/2358
f 1450/1199/2360 1449/1198/2359 1448/1197/2358
f 1451/1200/2361 1449/1198/2359 1450/1199/2360
f 1452/1201/2362 1451/1200/2361 1450/1199/2360
f 1453/1202/2363 1451/1200/2361 1452/1201/2362
f 1454/1203/2364 1453/1202/2363 1452/1201/2362
f 1415/1164/2325 1453/1202/2363 1454/1203/2364
f 1414/1163/2324 1415/1164/2325 1454/1203/2364
f 1457/1206/2367 1456/1205/2366 1455/1204/2365
f 1457/1206/2367 1458/1207/2368 1456/1205/2366
f 1459/1208/2371 1458/1207/2370 1415/1164/2369
f 1460/1209/2372 1459/1208/2371 1415/1164/2369
f 1460/1209/2372 1415/1164/2369 1461/1210/2373
f 1415/1164/2369 1412/1161/2374 1461/1210/2373
f 1456/1205/2375 1458/1207/2370 1459/1208/2371
f 1462/1211/2376 1456/1205/2375 1459/1208/2371
f 1412/1161/2374 1416/1165/2377 1461/1210/2373
f 1416/1165/2377 1463/1212/2378 1461/1210/2373
f 1463/1212/2378 1416/1165/2377 1464/1213/2379
f 1416/1165/2377 1419/1168/2380 1464/1213/2379
f 1464/1213/2379 1419/1168/2380 1420/1169/2381
f 1465/1214/2382 1464/1213/2379 1420/1169/2381
f 1465/1214/2382 1420/1169/2381 1422/1171/2383
f 1466/1215/2384 1465/1214/2382 1422/1171/2383
f 1466/1215/2384 1422/1171/2383 1424/1173/2385
f 1467/1216/2386 1466/1215/2384 1424/1173/2385
f 1467/1216/2386 1424/1173/2385 1468/1217/2387
f 1468/1217/2387 1424/1173/2385 1426/1175/2388
f 1469/1218/2389 1468/1217/2387 1426/1175/2388
f 1469/1218/2389 1426/1175/2388 1428/1177/2390
f 1470/1219/2393 1434/1183/2392 1436/1185/2391
f 1471/1220/2394 1470/1219/2393 1436/1185/2391
f 1471/1220/2394 1436/1185/2391 1472/1221/2395
f 1436/1185/2391 1437/1186/2396 1472/1221/2395
f 1472/1221/2395 1437/1186/2396 1439/1188/2397
f 1473/1222/2398 1472/1221/2395 1439/1188/2397
f 1473/1222/2398 1439/1188/2397 1441/1190/2399
f 1474/1223/2400 1473/1222/2398 1441/1190/2399
f 1441/1190/2399 1443/1192/2402 1475/1224/2401
f 1475/1224/2401 1443/1192/2402 1445/1194/2403
f 1476/1225/2404 1475/1224/2401 1445/1194/2403
f 1476/1225/2404 1445/1194/2403 1447/1196/2405
f 1477/1226/2406 1476/1225/2404 1447/1196/2405
f 1477/1226/2406 1447/1196/2405 1449/1198/2407
f 1478/1227/2408 1477/1226/2406 1449/1198/2407
f 1478/1227/2408 1449/1198/2407 1479/1228/2409
f 1449/1198/2407 1451/1200/2410 1479/1228/2409
f 1479/1228/2409 1451/1200/2410 1453/1202/2411
f 1458/1207/2370 1479/1228/2409 1453/1202/2411
f 1474/1223/2400 1441/1190/2399 1475/1224/2401
f 1458/1207/2370 1453/1202/2411 1415/1164/2369
f 1482/1231/2414 1481/1230/2413 1480/1229/2412
f 1483/1232/2415 1482/1231/2414 1480/1229/2412
f 1482/1231/2414 1471/1220/2394 1481/1230/2413
f 1480/1229/2418 1473/1222/2417 1474/1223/2416
f 1484/1233/2419 1480/1229/2418 1474/1223/2416
f 1473/1222/2417 1480/1229/2418 1481/1230/2420
f 1472/1221/2421 1473/1222/2417 1481/1230/2420
f 1481/1230/2420 1471/1220/2422 1472/1221/2421
f 1474/1223/2416 1475/1224/2423 1484/1233/2419
f 1485/1234/2424 1476/1225/2404 1477/1226/2406
f 1486/1235/2425 1485/1234/2424 1477/1226/2406
f 1485/1234/2424 1487/1236/2426 1476/1225/2404
f 1487/1236/2426 1488/1237/2427 1476/1225/2404
f 1489/1238/2428 1488/1237/2427 1487/1236/2426
f 1477/1226/2406 1478/1227/2408 1486/1235/2425
f 1486/1235/2425 1478/1227/2408 1457/1206/2429
f 1457/1206/2429 1478/1227/2408 1479/1228/2409
f 1430/1179/2432 1490/1239/2431 1429/1178/2430
f 1490/1239/2431 1430/1179/2432 1432/1181/2433
f 1491/1240/2434 1490/1239/2431 1432/1181/2433
f 1491/1240/2434 1432/1181/2433 1434/1183/2392
f 1470/1219/2393 1491/1240/2434 1434/1183/2392
f 1457/1206/2429 1479/1228/2409 1458/1207/2370
f 1455/1204/2435 1456/1205/2375 1462/1211/2376
f 1427/1243/2438 1469/1242/2437 1428/1241/2436
f 1469/1242/2437 1427/1243/2438 1425/1244/2439
f 1425/1244/2439 1468/1245/2440 1469/1242/2437
f 1425/1244/2439 1467/1246/2441 1468/1245/2440
f 1425/1244/2439 1423/1247/2442 1467/1246/2441
f 1423/1247/2442 1466/1248/2443 1467/1246/2441
f 1418/1251/2446 1464/1250/2445 1465/1249/2444
f 1421/1252/2447 1418/1251/2446 1465/1249/2444
f 1464/1250/2445 1418/1251/2446 1417/1253/2448
f 1417/1253/2448 1413/1254/2449 1464/1250/2445
f 1413/1254/2449 1463/1255/2450 1464/1250/2445
f 1413/1254/2449 1461/1256/2451 1463/1255/2450
f 1413/1254/2449 1411/1257/2452 1461/1256/2451
f 1411/1257/2452 1460/1258/2453 1461/1256/2451
f 1411/1257/2452 1414/1259/2454 1460/1258/2453
f 1414/1259/2454 1459/1260/2455 1460/1258/2453
f 1414/1259/2454 1454/1261/2456 1459/1260/2455
f 1454/1261/2456 1462/1262/2457 1459/1260/2455
f 1454/1261/2456 1457/1263/2458 1462/1262/2457
f 1457/1263/2458 1455/1264/2459 1462/1262/2457
f 1452/1265/2460 1457/1263/2458 1454/1261/2456
f 1452/1265/2460 1450/1266/2461 1457/1263/2458
f 1450/1266/2461 1486/1267/2462 1457/1263/2458
f 1448/1268/2463 1486/1267/2462 1450/1266/2461
f 1448/1268/2463 1446/1269/2464 1486/1267/2462
f 1446/1269/2464 1485/1270/2465 1486/1267/2462
f 1485/1270/2465 1446/1269/2464 1444/1271/2466
f 1444/1271/2466 1487/1272/2467 1485/1270/2465
f 1444/1271/2466 1442/1273/2468 1487/1272/2467
f 1442/1273/2468 1489/1274/2469 1487/1272/2467
f 1442/1273/2468 1440/1275/2470 1489/1274/2469
f 1440/1275/2470 1483/1276/2471 1489/1274/2469
f 1440/1275/2470 1438/1277/2472 1483/1276/2471
f 1438/1277/2472 1482/1278/2473 1483/1276/2471
f 1438/1277/2472 1435/1279/2474 1482/1278/2473
f 1435/1279/2474 1471/1280/2475 1482/1278/2473
f 1435/1279/2474 1433/1281/2476 1471/1280/2475
f 1433/1281/2476 1470/1282/2477 1471/1280/2475
f 1433/1281/2476 1491/1283/2478 1470/1282/2477
f 1433/1281/2476 1431/1284/2479 1491/1283/2478
f 1431/1284/2479 1490/1285/2480 1491/1283/2478
f 1431/1284/2479 1429/1286/2481 1490/1285/2480
f 1421/1252/2447 1465/1249/2444 1466/1248/2443
f 1423/1247/2442 1421/1252/2447 1466/1248/2443
f 1483/1232/2415 1480/1229/2412 1484/1233/2482
f 1489/1238/2428 1483/1232/2415 1484/1233/2419
f 1484/1233/2419 1475/1224/2401 1489/1238/2428
f 1475/1224/2401 1488/1237/2427 1489/1238/2428
f 1488/1237/2427 1475/1224/2401 1476/1225/2404
f 1494/1161/2485 1493/1162/2484 1492/1160/2483
f 1494/1161/2485 1492/1160/2483 1495/1163/2486
f 1496/1164/2487 1494/1161/2485 1495/1163/2486
f 1494/1161/2485 1497/1165/2488 1493/1162/2484
f 1497/1165/2488 1498/1166/2489 1493/1162/2484
f 1498/1166/2489 1497/1165/2488 1499/1167/2490
f 1497/1165/2488 1500/1168/2491 1499/1167/2490
f 1500/1168/2491 1501/1169/2492 1499/1167/2490
f 1501/1169/2492 1502/1170/2493 1499/1167/2490
f 1501/1169/2492 1503/1171/2494 1502/1170/2493
f 1503/1171/2494 1504/1172/2495 1502/1170/2493
f 1503/1171/2494 1505/1173/2496 1504/1172/2495
f 1505/1173/2496 1506/1174/2497 1504/1172/2495
f 1505/1173/2496 1507/1175/2498 1506/1174/2497
f 1507/1175/2498 1508/1176/2499 1506/1174/2497
f 1507/1175/2498 1509/1177/2500 1508/1176/2499
f 1512/1179/2503 1511/1180/2502 1510/1178/2501
f 1512/1179/2503 1513/1181/2504 1511/1180/2502
f 1513/1181/2504 1514/1182/2505 1511/1180/2502
f 1513/1181/2504 1515/1183/2506 1514/1182/2505
f 1515/1183/2506 1516/1184/2507 1514/1182/2505
f 1515/1183/2506 1517/1185/2508 1516/1184/2507
f 1517/1185/2508 1518/1186/2509 1516/1184/2507
f 1518/1186/2509 1519/1187/2510 1516/1184/2507
f 1518/1186/2509 1520/1188/2511 1519/1187/2510
f 1520/1188/2511 1521/1189/2512 1519/1187/2510
f 1523/1190/2514 1522/1191/2513 1521/1189/2512
f 1520/1188/2511 1523/1190/2514 1521/1189/2512
f 1523/1190/2514 1524/1192/2515 1522/1191/2513
f 1524/1192/2515 1525/1193/2516 1522/1191/2513
f 1524/1192/2515 1526/1194/2517 1525/1193/2516
f 1526/1194/2517 1527/1195/2518 1525/1193/2516
f 1526/1194/2517 1528/1196/2519 1527/1195/2518
f 1528/1196/2519 1529/1197/2520 1527/1195/2518
f 1528/1196/2519 1530/1198/2521 1529/1197/2520
f 1530/1198/2521 1531/1199/2522 1529/1197/2520
f 1530/1198/2521 1532/1200/2523 1531/1199/2522
f 1532/1200/2523 1533/1201/2524 1531/1199/2522
f 1532/1200/2523 1534/1202/2525 1533/1201/2524
f 1534/1202/2525 1535/1203/2526 1533/1201/2524
f 1496/1164/2487 1495/1163/2486 1535/1203/2526
f 1534/1202/2525 1496/1164/2487 1535/1203/2526
f 1538/1205/2529 1537/1206/2528 1536/1204/2527
f 1539/1207/2530 1537/1206/2528 1538/1205/2529
f 1541/1208/2533 1540/1209/2532 1496/1164/2531
f 1539/1207/2534 1541/1208/2533 1496/1164/2531
f 1496/1164/2531 1540/1209/2532 1542/1210/2535
f 1494/1161/2536 1496/1164/2531 1542/1210/2535
f 1539/1207/2534 1538/1205/2537 1541/1208/2533
f 1538/1205/2537 1543/1211/2538 1541/1208/2533
f 1497/1165/2539 1494/1161/2536 1542/1210/2535
f 1544/1212/2540 1497/1165/2539 1542/1210/2535
f 1497/1165/2539 1544/1212/2540 1545/1213/2541
f 1500/1168/2542 1497/1165/2539 1545/1213/2541
f 1500/1168/2542 1545/1213/2541 1501/1169/2543
f 1545/1213/2541 1546/1214/2544 1501/1169/2543
f 1501/1169/2543 1546/1214/2544 1503/1171/2545
f 1546/1214/2544 1547/1215/2546 1503/1171/2545
f 1503/1171/2545 1547/1215/2546 1505/1173/2547
f 1547/1215/2546 1548/1216/2548 1505/1173/2547
f 1505/1173/2547 1548/1216/2548 1549/1217/2549
f 1505/1173/2547 1549/1217/2549 1507/1175/2550
f 1549/1217/2549 1550/1218/2551 1507/1175/2550
f 1507/1175/2550 1550/1218/2551 1509/1177/2552
f 1552/1219/2555 1551/1220/2554 1517/1185/2553
f 1515/1183/2556 1552/1219/2555 1517/1185/2553
f 1517/1185/2553 1551/1220/2554 1553/1221/2557
f 1518/1186/2558 1517/1185/2553 1553/1221/2557
f 1518/1186/2558 1553/1221/2557 1520/1188/2559
f 1553/1221/2557 1554/1222/2560 1520/1188/2559
f 1554/1222/2560 1555/1223/2562 1523/1190/2561
f 1520/1188/2559 1554/1222/2560 1523/1190/2561
f 1523/1190/2561 1555/1223/2562 1556/1224/2563
f 1524/1192/2564 1523/1190/2561 1556/1224/2563
f 1524/1192/2564 1556/1224/2563 1526/1194/2565
f 1556/1224/2563 1557/1225/2566 1526/1194/2565
f 1526/1194/2565 1557/1225/2566 1528/1196/2567
f 1557/1225/2566 1558/1226/2568 1528/1196/2567
f 1528/1196/2567 1558/1226/2568 1530/1198/2569
f 1558/1226/2568 1559/1227/2570 1530/1198/2569
f 1530/1198/2569 1559/1227/2570 1560/1228/2571
f 1532/1200/2572 1530/1198/2569 1560/1228/2571
f 1532/1200/2572 1560/1228/2571 1534/1202/2573
f 1560/1228/2571 1539/1207/2534 1534/1202/2573
f 1534/1202/2573 1539/1207/2534 1496/1164/2531
f 1563/1231/2576 1562/1232/2575 1561/1229/2574
f 1564/1230/2577 1563/1231/2576 1561/1229/2574
f 1551/1220/2554 1563/1231/2576 1564/1230/2577
f 1561/1229/2580 1565/1233/2579 1555/1223/2578
f 1554/1222/2581 1561/1229/2580 1555/1223/2578
f 1561/1229/2580 1554/1222/2581 1564/1230/2582
f 1554/1222/2581 1553/1221/2583 1564/1230/2582
f 1551/1220/2584 1564/1230/2582 1553/1221/2583
f 1556/1224/2585 1555/1223/2578 1565/1233/2579
f 1567/1234/2587 1566/1235/2586 1558/1226/2568
f 1557/1225/2566 1567/1234/2587 1558/1226/2568
f 1568/1236/2588 1567/1234/2587 1557/1225/2566
f 1569/1237/2589 1568/1236/2588 1557/1225/2566
f 1569/1237/2589 1570/1238/2590 1568/1236/2588
f 1559/1227/2570 1558/1226/2568 1566/1235/2586
f 1559/1227/2570 1566/1235/2586 1537/1206/2591
f 1559/1227/2570 1537/1206/2591 1560/1228/2571
f 1571/1239/2594 1512/1179/2593 1510/1178/2592
f 1512/1179/2593 1571/1239/2594 1513/1181/2595
f 1571/1239/2594 1572/1240/2596 1513/1181/2595
f 1572/1240/2596 1552/1219/2555 1515/1183/2556
f 1513/1181/2595 1572/1240/2596 1515/1183/2556
f 1560/1228/2571 1537/1206/2591 1539/1207/2534
f 1538/1205/2537 1536/1204/2597 1543/1211/2538
f 1550/1242/2600 1508/1243/2599 1509/1241/2598
f 1506/1244/2601 1508/1243/2599 1550/1242/2600
f 1550/1242/2600 1549/1245/2602 1506/1244/2601
f 1549/1245/2602 1548/1246/2603 1506/1244/2601
f 1504/1247/2604 1506/1244/2601 1548/1246/2603
f 1547/1248/2605 1504/1247/2604 1548/1246/2603
f 1499/1251/2608 1502/1252/2607 1546/1249/2606
f 1545/1250/2609 1499/1251/2608 1546/1249/2606
f 1498/1253/2610 1499/1251/2608 1545/1250/2609
f 1545/1250/2609 1493/1254/2611 1498/1253/2610
f 1545/1250/2609 1544/1255/2612 1493/1254/2611
f 1544/1255/2612 1542/1256/2613 1493/1254/2611
f 1492/1257/2614 1493/1254/2611 1542/1256/2613
f 1540/1258/2615 1492/1257/2614 1542/1256/2613
f 1495/1259/2616 1492/1257/2614 1540/1258/2615
f 1541/1260/2617 1495/1259/2616 1540/1258/2615
f 1535/1261/2618 1495/1259/2616 1541/1260/2617
f 1543/1262/2619 1535/1261/2618 1541/1260/2617
f 1537/1263/2620 1535/1261/2618 1543/1262/2619
f 1536/1264/2621 1537/1263/2620 1543/1262/2619
f 1537/1263/2620 1533/1265/2622 1535/1261/2618
f 1531/1266/2623 1533/1265/2622 1537/1263/2620
f 1566/1267/2624 1531/1266/2623 1537/1263/2620
f 1566/1267/2624 1529/1268/2625 1531/1266/2623
f 1527/1269/2626 1529/1268/2625 1566/1267/2624
f 1567/1270/2627 1527/1269/2626 1566/1267/2624
f 1525/1271/2628 1527/1269/2626 1567/1270/2627
f 1567/1270/2627 1568/1272/2629 1525/1271/2628
f 1568/1272/2629 1522/1273/2630 1525/1271/2628
f 1568/1272/2629 1570/1274/2631 1522/1273/2630
f 1521/1275/2632 1522/1273/2630 1570/1274/2631
f 1562/1276/2633 1521/1275/2632 1570/1274/2631
f 1519/1277/2634 1521/1275/2632 1562/1276/2633
f 1563/1278/2635 1519/1277/2634 1562/1276/2633
f 1516/1279/2636 1519/1277/2634 1563/1278/2635
f 1551/1280/2637 1516/1279/2636 1563/1278/2635
f 1514/1281/2638 1516/1279/2636 1551/1280/2637
f 1552/1282/2639 1514/1281/2638 1551/1280/2637
f 1572/1283/2640 1514/1281/2638 1552/1282/2639
f 1511/1284/2641 1514/1281/2638 1572/1283/2640
f 1571/1285/2642 1511/1284/2641 1572/1283/2640
f 1510/1286/2643 1511/1284/2641 1571/1285/2642
f 1502/1252/2607 1504/1247/2604 1547/1248/2605
f 1546/1249/2606 1502/1252/2607 1547/1248/2605
f 1562/1232/2575 1570/1238/2590 1565/1233/2579
f 1561/1229/2574 1562/1232/2575 1565/1233/2644
f 1556/1224/2563 1565/1233/2579 1570/1238/2590
f 1569/1237/2589 1556/1224/2563 1570/1238/2590
f 1556/1224/2563 1569/1237/2589 1557/1225/2566
f 1575/1289/2647 1574/1288/2646 1573/1287/2645
f 1576/1290/2648 1575/1289/2647 1573/1287/2645
f 1577/1291/2649 1576/1290/2648 1573/1287/2645
f 1576/1290/2648 1577/1291/2649 1578/1292/2650
f 1577/1291/2649 1579/1293/2651 1578/1292/2650
f 1579/1293/2651 1580/1294/2652 1578/1292/2650
f 1581/1297/2655 1580/1296/2654 1579/1295/2653
f 1582/1298/2656 1581/1297/2655 1579/1295/2653
f 1583/1300/2658 1578/1299/2657 1580/1296/2654
f 1581/1297/2655 1583/1300/2658 1580/1296/2654
f 1584/1302/2660 1576/1301/2659 1578/1299/2657
f 1583/1300/2658 1584/1302/2660 1578/1299/2657
f 1585/1305/2662 1575/1304/2661 1576/1303/2659
f 1584/1306/2660 1585/1305/2662 1576/1303/2659
f 1586/1308/2664 1574/1307/2663 1575/1304/2661
f 1585/1305/2662 1586/1308/2664 1575/1304/2661
f 1587/1310/2666 1573/1309/2665 1574/1307/2663
f 1586/1308/2664 1587/1310/2666 1574/1307/2663
f 1588/1312/2668 1577/1311/2667 1573/1309/2665
f 1587/1310/2666 1588/1312/2668 1573/1309/2665
f 1582/1298/2656 1579/1295/2653 1577/1311/2667
f 1588/1312/2668 1582/1298/2656 1577/1311/2667
f 1582/1289/2671 1583/1287/2670 1581/1288/2669
f 1584/1291/2672 1583/1287/2670 1582/1289/2671
f 1588/1290/2673 1584/1291/2672 1582/1289/2671
f 1585/1293/2674 1584/1291/2672 1588/1290/2673
f 1587/1292/2675 1585/1293/2674 1588/1290/2673
f 1586/1294/2676 1585/1293/2674 1587/1292/2675
f 1591/1290/2679 1590/1292/2678 1589/1289/2677
f 1590/1292/2678 1592/1294/2680 1589/1289/2677
f 1592/1294/2680 1593/1288/2681 1589/1289/2677
f 1596/1292/2684 1595/1290/2683 1594/1289/2682
f 1592/1294/2680 1596/1292/2684 1594/1289/2682
f 1593/1288/2681 1592/1294/2680 1594/1289/2682
f 1598/1315/2687 1597/1314/2686 1596/1313/2685
f 1592/1316/2688 1598/1315/2687 1596/1313/2685
f 1597/1314/2686 1599/1318/2690 1595/1317/2689
f 1596/1313/2685 1597/1314/2686 1595/1317/2689
f 1599/1318/2690 1600/1320/2692 1594/1319/2691
f 1595/1317/2689 1599/1318/2690 1594/1319/2691
f 1600/1320/2692 1601/1322/2694 1593/1321/2693
f 1594/1319/2691 1600/1320/2692 1593/1321/2693
f 1598/1325/2687 1592/1324/2688 1590/1323/2695
f 1602/1326/2696 1598/1325/2687 1590/1323/2695
f 1602/1326/2696 1590/1323/2695 1591/1327/2697
f 1603/1328/2698 1602/1326/2696 1591/1327/2697
f 1603/1328/2698 1591/1327/2697 1589/1329/2699
f 1604/1330/2700 1603/1328/2698 1589/1329/2699
f 1604/1330/2700 1589/1329/2699 1593/1321/2693
f 1601/1322/2694 1604/1330/2700 1593/1321/2693
f 1597/1332/2703 1598/1288/2702 1602/1331/2701
f 1599/1333/2704 1597/1332/2703 1602/1331/2701
f 1603/1334/2705 1599/1333/2704 1602/1331/2701
f 1603/1334/2705 1604/1335/2706 1599/1333/2704
f 1604/1335/2706 1600/1336/2707 1599/1333/2704
f 1604/1335/2706 1601/1337/2708 1600/1336/2707
f 1607/1288/2711 1606/1289/2710 1605/1287/2709
f 1606/1289/2710 1608/1290/2712 1605/1287/2709
f 1608/1290/2712 1609/1291/2713 1605/1287/2709
f 1609/1291/2713 1608/1290/2712 1610/1292/2714
f 1611/1293/2715 1609/1291/2713 1610/1292/2714
f 1612/1294/2716 1611/1293/2715 1610/1292/2714
f 1614/1340/2719 1613/1339/2718 1611/1338/2717
f 1612/1341/2720 1614/1340/2719 1611/1338/2717
f 1615/1342/2721 1614/1340/2719 1612/1341/2720
f 1610/1343/2722 1615/1342/2721 1612/1341/2720
f 1616/1344/2723 1615/1342/2721 1610/1343/2722
f 1608/1345/2724 1616/1344/2723 1610/1343/2722
f 1617/1348/2725 1616/1347/2723 1608/1346/2724
f 1606/1349/2726 1617/1348/2725 1608/1346/2724
f 1618/1350/2727 1617/1348/2725 1606/1349/2726
f 1607/1351/2728 1618/1350/2727 1606/1349/2726
f 1619/1352/2729 1618/1350/2727 1607/1351/2728
f 1605/1353/2730 1619/1352/2729 1607/1351/2728
f 1620/1354/2731 1619/1352/2729 1605/1353/2730
f 1609/1355/2732 1620/1354/2731 1605/1353/2730
f 1613/1339/2718 1620/1354/2731 1609/1355/2732
f 1611/1338/2717 1613/1339/2718 1609/1355/2732
f 1615/1289/2735 1613/1287/2734 1614/1288/2733
f 1615/1289/2735 1616/1290/2736 1613/1287/2734
f 1616/1290/2736 1620/1291/2737 1613/1287/2734
f 1616/1290/2736 1617/1292/2738 1620/1291/2737
f 1617/1292/2738 1619/1293/2739 1620/1291/2737
f 1617/1292/2738 1618/1294/2740 1619/1293/2739
f 1623/1294/2743 1622/1292/2742 1621/1289/2741
f 1624/1288/2744 1623/1294/2743 1621/1289/2741
f 1621/1289/2741 1622/1292/2742 1625/1290/2745
f 1627/1358/2748 1626/1357/2747 1622/1356/2746
f 1623/1359/2749 1627/1358/2748 1622/1356/2746
f 1626/1357/2747 1628/1361/2751 1625/1360/2750
f 1622/1356/2746 1626/1357/2747 1625/1360/2750
f 1628/1361/2751 1629/1363/2753 1621/1362/2752
f 1625/1360/2750 1628/1361/2751 1621/1362/2752
f 1629/1363/2753 1630/1365/2755 1624/1364/2754
f 1621/1362/2752 1629/1363/2753 1624/1364/2754
f 1623/1294/2743 1624/1288/2744 1631/1289/2756
f 1632/1292/2757 1623/1294/2743 1631/1289/2756
f 1632/1292/2757 1631/1289/2756 1633/1290/2758
f 1627/1358/2748 1623/1359/2749 1632/1366/2759
f 1634/1367/2760 1627/1358/2748 1632/1366/2759
f 1634/1367/2760 1632/1366/2759 1633/1368/2761
f 1635/1369/2762 1634/1367/2760 1633/1368/2761
f 1635/1369/2762 1633/1368/2761 1631/1370/2763
f 1636/1371/2764 1635/1369/2762 1631/1370/2763
f 1636/1371/2764 1631/1370/2763 1624/1372/2754
f 1630/1373/2755 1636/1371/2764 1624/1372/2754
f 1636/1292/2767 1630/1294/2766 1629/1293/2765
f 1636/1292/2767 1629/1293/2765 1628/1291/2768
f 1635/1290/2769 1636/1292/2767 1628/1291/2768
f 1635/1290/2769 1628/1291/2768 1626/1287/2770
f 1634/1289/2771 1635/1290/2769 1626/1287/2770
f 1627/1288/2772 1634/1289/2771 1626/1287/2770
f 1639/1376/2775 1638/1375/2774 1637/1374/2773
f 1640/1377/2776 1639/1376/2775 1637/1374/2773
f 1637/1374/2773 1638/1375/2774 1641/1378/2777
f 1638/1375/2774 1642/1379/2778 1641/1378/2777
f 1641/1378/2777 1642/1379/2778 1643/1380/2779
f 1642/1379/2778 1644/1381/2780 1643/1380/2779
f 1639/1376/2775 1645/1382/2781 1638/1375/2774
f 1645/1382/2781 1646/1383/2782 1638/1375/2774
f 1638/1375/2774 1646/1383/2782 1642/1379/2778
f 1646/1383/2782 1647/1384/2783 1642/1379/2778
f 1642/1379/2778 1647/1384/2783 1644/1381/2780
f 1647/1384/2783 1648/1385/2784 1644/1381/2780
f 1644/1381/2780 1648/1385/2784 1649/1386/2785
f 1644/1381/2780 1649/1386/2785 1650/1387/2786
f 1643/1380/2779 1644/1381/2780 1650/1387/2786
f 1650/1387/2786 1649/1386/2785 1651/1388/2787
f 1649/1386/2785 1652/1389/2788 1651/1388/2787
f 1651/1388/2787 1652/1389/2788 1653/1390/2789
f 1652/1389/2788 1654/1391/2790 1653/1390/2789
f 1653/1390/2789 1654/1391/2790 1655/1392/2791
f 1654/1391/2790 1656/1393/2792 1655/1392/2791
f 1655/1392/2791 1656/1393/2792 1657/1394/2793
f 1656/1393/2792 1658/1395/2794 1657/1394/2793
f 1648/1385/2784 1659/1396/2795 1649/1386/2785
f 1649/1386/2785 1659/1396/2795 1652/1389/2788
f 1659/1396/2795 1660/1397/2796 1652/1389/2788
f 1652/1389/2788 1660/1397/2796 1654/1391/2790
f 1660/1397/2796 1661/1398/2797 1654/1391/2790
f 1654/1391/2790 1661/1398/2797 1656/1393/2792
f 1661/1398/2797 1662/1399/2798 1656/1393/2792
f 1656/1393/2792 1662/1399/2798 1658/1395/2794
f 1662/1399/2798 1663/1400/2799 1658/1395/2794
f 1659/1396/2802 1664/1401/2801 1660/1397/2800
f 1665/1402/2803 1664/1401/2801 1659/1396/2802
f 1648/1385/2804 1665/1402/2803 1659/1396/2802
f 1666/1403/2805 1665/1402/2803 1648/1385/2804
f 1647/1384/2806 1666/1403/2805 1648/1385/2804
f 1667/1404/2807 1666/1403/2805 1647/1384/2783
f 1646/1383/2782 1667/1404/2807 1647/1384/2783
f 1668/1405/2808 1667/1404/2807 1646/1383/2782
f 1645/1382/2781 1668/1405/2808 1646/1383/2782
f 1664/1401/2801 1669/1406/2809 1660/1397/2800
f 1660/1397/2800 1669/1406/2809 1661/1398/2810
f 1669/1406/2809 1670/1407/2811 1661/1398/2810
f 1661/1398/2797 1670/1407/2811 1662/1399/2798
f 1670/1407/2811 1671/1408/2812 1662/1399/2798
f 1662/1399/2798 1671/1408/2812 1663/1400/2799
f 1671/1408/2812 1672/1409/2813 1663/1400/2799
f 1668/1405/2816 1674/1382/2815 1673/1383/2814
f 1667/1404/2817 1668/1405/2816 1673/1383/2814
f 1667/1404/2817 1673/1383/2814 1675/1384/2818
f 1675/1384/2818 1673/1383/2814 1676/1379/2819
f 1673/1383/2814 1677/1375/2820 1676/1379/2819
f 1676/1379/2819 1677/1375/2820 1641/1378/2821
f 1677/1375/2820 1637/1374/2822 1641/1378/2821
f 1677/1375/2820 1678/1376/2823 1637/1374/2822
f 1678/1376/2823 1640/1377/2824 1637/1374/2822
f 1676/1379/2819 1641/1378/2821 1643/1380/2825
f 1679/1381/2826 1676/1379/2819 1643/1380/2825
f 1675/1384/2818 1676/1379/2819 1679/1381/2826
f 1679/1381/2826 1643/1380/2825 1650/1387/2827
f 1680/1386/2828 1679/1381/2826 1650/1387/2827
f 1680/1386/2828 1650/1387/2827 1651/1388/2829
f 1681/1389/2830 1680/1386/2828 1651/1388/2829
f 1674/1382/2815 1678/1376/2823 1677/1375/2820
f 1673/1383/2814 1674/1382/2815 1677/1375/2820
f 1682/1385/2831 1675/1384/2818 1679/1381/2826
f 1682/1385/2831 1679/1381/2826 1680/1386/2828
f 1683/1396/2832 1682/1385/2831 1680/1386/2828
f 1683/1396/2832 1680/1386/2828 1681/1389/2830
f 1684/1397/2833 1683/1396/2832 1681/1389/2830
f 1684/1397/2833 1681/1389/2830 1685/1391/2834
f 1685/1391/2834 1681/1389/2830 1653/1390/2835
f 1681/1389/2830 1651/1388/2829 1653/1390/2835
f 1685/1391/2834 1653/1390/2835 1655/1392/2836
f 1686/1393/2837 1685/1391/2834 1655/1392/2836
f 1686/1393/2837 1655/1392/2836 1657/1394/2838
f 1687/1395/2839 1686/1393/2837 1657/1394/2838
f 1688/1398/2840 1684/1397/2833 1685/1391/2834
f 1688/1398/2840 1685/1391/2834 1686/1393/2837
f 1689/1399/2841 1688/1398/2840 1686/1393/2837
f 1689/1399/2841 1686/1393/2837 1687/1395/2839
f 1690/1400/2842 1689/1399/2841 1687/1395/2839
f 1665/1402/2845 1682/1385/2844 1683/1396/2843
f 1665/1402/2845 1666/1403/2846 1682/1385/2844
f 1666/1403/2846 1675/1384/2818 1682/1385/2844
f 1666/1403/2846 1667/1404/2817 1675/1384/2818
f 1664/1401/2847 1665/1402/2845 1683/1396/2843
f 1664/1401/2847 1683/1396/2843 1684/1397/2848
f 1670/1407/2849 1688/1398/2840 1689/1399/2841
f 1670/1407/2849 1669/1406/2850 1688/1398/2840
f 1669/1406/2850 1664/1401/2847 1684/1397/2848
f 1669/1406/2850 1684/1397/2848 1688/1398/2840
f 1671/1408/2851 1670/1407/2849 1689/1399/2841
f 1671/1408/2851 1689/1399/2841 1690/1400/2842
f 1672/1409/2852 1671/1408/2851 1690/1400/2842
f 1691/1399/2853 1690/1400/2842 1687/1395/2839
f 1692/1393/2854 1691/1399/2853 1687/1395/2839
f 1692/1393/2854 1687/1395/2839 1657/1394/2838
f 1693/1392/2855 1692/1393/2854 1657/1394/2838
f 1694/1391/2856 1692/1393/2854 1693/1392/2855
f 1695/1390/2857 1694/1391/2856 1693/1392/2855
f 1696/1389/2858 1694/1391/2856 1695/1390/2857
f 1697/1388/2859 1696/1389/2858 1695/1390/2857
f 1696/1389/2858 1698/1397/2860 1694/1391/2856
f 1699/1396/2861 1698/1397/2860 1696/1389/2858
f 1700/1386/2862 1699/1396/2861 1696/1389/2858
f 1700/1386/2862 1696/1389/2858 1697/1388/2859
f 1701/1387/2863 1700/1386/2862 1697/1388/2859
f 1702/1386/2866 1701/1387/2865 1697/1388/2864
f 1702/1386/2866 1703/1381/2867 1701/1387/2865
f 1703/1381/2867 1704/1380/2868 1701/1387/2865
f 1705/1389/2869 1702/1386/2866 1697/1388/2864
f 1705/1389/2869 1697/1388/2864 1695/1390/2870
f 1706/1391/2871 1705/1389/2869 1695/1390/2870
f 1706/1391/2871 1695/1390/2870 1693/1392/2872
f 1707/1393/2873 1706/1391/2871 1693/1392/2872
f 1707/1393/2873 1693/1392/2872 1657/1394/2793
f 1658/1395/2794 1707/1393/2873 1657/1394/2793
f 1708/1385/2874 1703/1381/2867 1702/1386/2866
f 1708/1385/2874 1709/1384/2875 1703/1381/2867
f 1709/1384/2875 1710/1379/2876 1703/1381/2867
f 1703/1381/2867 1710/1379/2876 1704/1380/2868
f 1710/1379/2876 1711/1378/2877 1704/1380/2868
f 1710/1379/2876 1712/1375/2878 1711/1378/2877
f 1712/1375/2878 1713/1374/2879 1711/1378/2877
f 1712/1375/2878 1639/1376/2775 1713/1374/2879
f 1639/1376/2775 1640/1377/2776 1713/1374/2879
f 1645/1382/2781 1639/1376/2775 1712/1375/2878
f 1714/1383/2880 1645/1382/2781 1712/1375/2878
f 1714/1383/2880 1712/1375/2878 1710/1379/2876
f 1709/1384/2875 1714/1383/2880 1710/1379/2876
f 1715/1398/2881 1706/1391/2871 1707/1393/2873
f 1716/1399/2882 1715/1398/2881 1707/1393/2873
f 1716/1399/2882 1707/1393/2873 1658/1395/2794
f 1663/1400/2799 1716/1399/2882 1658/1395/2794
f 1717/1404/2883 1714/1383/2880 1709/1384/2875
f 1717/1404/2883 1668/1405/2808 1714/1383/2880
f 1668/1405/2808 1645/1382/2781 1714/1383/2880
f 1718/1403/2884 1717/1404/2883 1709/1384/2875
f 1719/1407/2885 1715/1398/2881 1716/1399/2882
f 1719/1407/2885 1720/1406/2886 1715/1398/2881
f 1720/1406/2886 1721/1397/2887 1715/1398/2881
f 1715/1398/2881 1721/1397/2888 1706/1391/2871
f 1721/1397/2888 1705/1389/2869 1706/1391/2871
f 1721/1397/2888 1722/1396/2889 1705/1389/2869
f 1722/1396/2889 1702/1386/2866 1705/1389/2869
f 1722/1396/2889 1708/1385/2874 1702/1386/2866
f 1718/1403/2884 1709/1384/2875 1708/1385/2890
f 1723/1402/2891 1718/1403/2884 1708/1385/2890
f 1723/1402/2891 1708/1385/2890 1722/1396/2892
f 1724/1401/2893 1723/1402/2891 1722/1396/2892
f 1724/1401/2893 1722/1396/2892 1721/1397/2887
f 1720/1406/2886 1724/1401/2893 1721/1397/2887
f 1725/1408/2894 1719/1407/2885 1716/1399/2882
f 1725/1408/2894 1716/1399/2882 1663/1400/2799
f 1672/1409/2813 1725/1408/2894 1663/1400/2799
f 1723/1402/2897 1724/1401/2896 1699/1396/2895
f 1726/1385/2898 1723/1402/2897 1699/1396/2895
f 1726/1385/2899 1699/1396/2861 1700/1386/2862
f 1727/1381/2900 1726/1385/2899 1700/1386/2862
f 1727/1381/2900 1700/1386/2862 1701/1387/2863
f 1704/1380/2901 1727/1381/2900 1701/1387/2863
f 1728/1379/2902 1727/1381/2900 1704/1380/2901
f 1711/1378/2903 1728/1379/2902 1704/1380/2901
f 1729/1375/2904 1728/1379/2902 1711/1378/2903
f 1713/1374/2905 1729/1375/2904 1711/1378/2903
f 1678/1376/2823 1729/1375/2904 1713/1374/2905
f 1640/1377/2824 1678/1376/2823 1713/1374/2905
f 1678/1376/2823 1674/1382/2815 1729/1375/2904
f 1674/1382/2815 1730/1383/2906 1729/1375/2904
f 1729/1375/2904 1730/1383/2906 1728/1379/2902
f 1730/1383/2906 1731/1384/2907 1728/1379/2902
f 1731/1384/2907 1726/1385/2899 1727/1381/2900
f 1728/1379/2902 1731/1384/2907 1727/1381/2900
f 1730/1383/2906 1717/1404/2908 1731/1384/2907
f 1668/1405/2816 1717/1404/2908 1730/1383/2906
f 1674/1382/2815 1668/1405/2816 1730/1383/2906
f 1717/1404/2908 1718/1403/2909 1731/1384/2907
f 1731/1384/2907 1718/1403/2909 1726/1385/2898
f 1718/1403/2909 1723/1402/2897 1726/1385/2898
f 1698/1397/2860 1732/1398/2910 1694/1391/2856
f 1694/1391/2856 1732/1398/2910 1692/1393/2854
f 1732/1398/2910 1691/1399/2853 1692/1393/2854
f 1698/1397/2913 1720/1406/2912 1732/1398/2911
f 1724/1401/2896 1720/1406/2912 1698/1397/2913
f 1699/1396/2895 1724/1401/2896 1698/1397/2913
f 1720/1406/2912 1719/1407/2914 1732/1398/2911
f 1732/1398/2910 1719/1407/2914 1691/1399/2853
f 1719/1407/2914 1725/1408/2915 1691/1399/2853
f 1691/1399/2853 1725/1408/2915 1690/1400/2842
f 1725/1408/2915 1672/1409/2852 1690/1400/2842
g blade_luminous
s 1
f 1735/1017/1944 1734/1016/1943 1733/1015/1942
f 1736/1018/1945 1735/1017/1944 1733/1015/1942
f 1737/1019/1946 1735/1017/1944 1736/1018/1945
f 1738/1020/1947 1737/1019/1946 1736/1018/1945
f 1737/1019/1946 1738/1020/1947 1739/1021/1948
f 1740/1022/1949 1737/1019/1946 1739/1021/1948
f 1741/1023/1950 1740/1022/1949 1739/1021/1948
f 1742/1024/1951 1741/1023/1950 1739/1021/1948
f 1743/1025/1952 1741/1023/1950 1742/1024/1951
f 1744/1026/1953 1743/1025/1952 1742/1024/1951
f 1735/1017/1956 1746/1028/1955 1745/1027/1954
f 1734/1016/1957 1735/1017/1956 1745/1027/1954
f 1747/1029/1958 1746/1028/1955 1735/1017/1956
f 1737/1019/1959 1747/1029/1958 1735/1017/1956
f 1747/1029/1958 1737/1019/1959 1740/1022/1960
f 1748/1030/1961 1747/1029/1958 1740/1022/1960
f 1749/1031/1962 1748/1030/1961 1740/1022/1960
f 1741/1023/1963 1749/1031/1962 1740/1022/1960
f 1750/1032/1964 1749/1031/1962 1741/1023/1963
f 1743/1025/1965 1750/1032/1964 1741/1023/1963
f 1753/1035/1968 1752/1034/1967 1751/1033/1966
f 1752/1034/1967 1755/1037/1970 1754/1036/1969
f 1755/1037/1970 1743/1025/1952 1754/1036/1969
f 1743/1025/1952 1744/1026/1953 1754/1036/1969
f 1751/1033/1966 1752/1034/1967 1754/1036/1969
f 1758/1035/1973 1757/1034/1972 1756/1038/1971
f 1759/1039/1974 1758/1035/1973 1756/1038/1971
f 1760/1040/1975 1756/1038/1971 1757/1034/1972
f 1761/1037/1976 1760/1040/1975 1757/1034/1972
f 1762/1025/1977 1750/1032/1964 1760/1040/1975
f 1761/1037/1976 1762/1025/1977 1760/1040/1975
f 1758/1035/1980 1751/1033/1979 1757/1034/1978
f 1751/1033/1979 1754/1036/1981 1757/1034/1978
f 1754/1036/1981 1761/1037/1976 1757/1034/1978
f 1761/1037/1976 1754/1036/1981 1744/1026/1982
f 1762/1025/1983 1761/1037/1976 1744/1026/1982
f 1759/1039/1986 1756/1038/1985 1752/1034/1984
f 1753/1035/1968 1759/1039/1986 1752/1034/1984
f 1752/1034/1984 1756/1038/1985 1755/1037/1987
f 1756/1038/1985 1760/1040/1988 1755/1037/1987
f 1760/1040/1988 1750/1032/1964 1755/1037/1987
f 1750/1032/1964 1743/1025/1965 1755/1037/1987
f 1745/1027/1991 1746/1028/1990 1763/1017/1989
f 1764/1041/1992 1745/1027/1991 1763/1017/1989
f 1746/1028/1990 1747/1029/1994 1765/1019/1993
f 1765/1019/1993 1747/1029/1994 1748/1030/1961
f 1766/1022/1995 1765/1019/1993 1748/1030/1961
f 1763/1017/1989 1746/1028/1990 1765/1019/1993
f 1766/1022/1995 1748/1030/1961 1767/1023/1996
f 1748/1030/1961 1749/1031/1962 1767/1023/1996
f 1767/1023/1996 1749/1031/1962 1762/1025/1977
f 1749/1031/1962 1750/1032/1964 1762/1025/1977
f 1764/1041/1999 1763/1017/1998 1736/1018/1997
f 1733/1015/1942 1764/1041/1999 1736/1018/1945
f 1763/1017/1998 1765/1019/2001 1738/1020/2000
f 1765/1019/2001 1766/1022/2002 1738/1020/2000
f 1766/1022/2002 1739/1021/2003 1738/1020/2000
f 1736/1018/1997 1763/1017/1998 1738/1020/2000
f 1739/1021/2003 1766/1022/2002 1742/1024/2004
f 1766/1022/2002 1767/1023/2005 1742/1024/2004
f 1742/1024/2004 1767/1023/2005 1744/1026/1982
f 1767/1023/2005 1762/1025/1983 1744/1026/1982
f 1764/1044/2008 1733/1043/2007 1745/1042/2006
f 1751/1047/1966 1758/1046/2010 1753/1045/2009
f 1758/1046/2010 1759/1048/2011 1753/1045/2009
f 1733/1043/2007 1734/1049/1943 1745/1042/2006
f 1770/1052/2014 1769/1051/2013 1768/1050/2012
f 1768/1050/2017 1769/1051/2016 1771/1053/2015
f 1771/1053/2015 1769/1051/2013 1772/1054/2018
f 1773/1055/2019 1772/1054/2018 1769/1051/2013
f 1774/1056/2020 1772/1054/2018 1773/1055/2019
f 1775/1057/2021 1774/1056/2020 1773/1055/2019
f 1775/1057/2021 1773/1055/2019 1776/1058/2022
f 1776/1058/2022 1773/1055/2019 1777/1059/2023
f 1773/1055/2019 1778/1060/2024 1777/1059/2023
f 1773/1055/2019 1769/1051/2013 1778/1060/2024
f 1779/1061/2025 1777/1059/2023 1778/1060/2024
f 1780/1062/2026 1779/1061/2025 1778/1060/2024
f 1779/1061/2025 1781/1063/2027 1777/1059/2023
f 1781/1063/2027 1782/1064/2028 1777/1059/2023
f 1776/1058/2022 1777/1059/2023 1782/1064/2028
f 1781/1063/2027 1783/1065/2029 1782/1064/2028
f 1783/1065/2029 1784/1066/2030 1782/1064/2028
f 1785/1067/2031 1776/1058/2022 1782/1064/2028
f 1785/1067/2031 1782/1064/2028 1784/1066/2030
f 1786/1068/2032 1785/1067/2031 1784/1066/2030
f 1787/1069/2033 1775/1057/2021 1776/1058/2022
f 1787/1069/2033 1776/1058/2022 1785/1067/2031
f 1788/1070/2034 1787/1069/2033 1785/1067/2031
f 1788/1070/2034 1785/1067/2031 1786/1068/2032
f 1789/1071/2035 1788/1070/2034 1786/1068/2032
f 1780/1062/2026 1778/1060/2024 1790/1072/2036
f 1791/1073/2037 1780/1062/2026 1790/1072/2036
f 1792/1074/2038 1787/1069/2033 1788/1070/2034
f 1792/1074/2038 1788/1070/2034 1789/1071/2035
f 1792/1074/2039 1775/1057/2021 1787/1069/2033
f 1792/1074/2039 1774/1056/2020 1775/1057/2021
f 1793/1075/2040 1780/1062/2026 1791/1073/2037
f 1794/1076/2041 1793/1075/2040 1791/1073/2037
f 1793/1075/2040 1794/1076/2041 1795/1077/2042
f 1796/1078/2043 1793/1075/2040 1795/1077/2042
f 1797/1079/2044 1793/1075/2040 1796/1078/2043
f 1798/1080/2045 1797/1079/2044 1796/1078/2043
f 1799/1081/2046 1797/1079/2044 1798/1080/2045
f 1800/1082/2047 1799/1081/2046 1798/1080/2045
f 1801/1083/2048 1799/1081/2046 1800/1082/2047
f 1802/1084/2049 1801/1083/2048 1800/1082/2047
f 1793/1075/2040 1797/1079/2044 1780/1062/2026
f 1797/1079/2044 1779/1061/2025 1780/1062/2026
f 1797/1079/2044 1799/1081/2046 1779/1061/2025
f 1799/1081/2046 1781/1063/2027 1779/1061/2025
f 1799/1081/2046 1801/1083/2048 1781/1063/2027
f 1801/1083/2048 1783/1065/2029 1781/1063/2027
f 1803/1085/2050 1798/1080/2045 1796/1078/2043
f 1804/1086/2051 1803/1085/2050 1796/1078/2043
f 1805/1087/2052 1803/1085/2050 1804/1086/2051
f 1806/1088/2053 1805/1087/2052 1804/1086/2051
f 1806/1088/2053 1804/1086/2051 1807/1089/2054
f 1808/1090/2055 1806/1088/2053 1807/1089/2054
f 1805/1087/2052 1809/1091/2056 1803/1085/2050
f 1809/1091/2056 1810/1092/2057 1803/1085/2050
f 1809/1091/2056 1811/1093/2058 1810/1092/2057
f 1811/1093/2058 1812/1094/2059 1810/1092/2057
f 1813/1095/2060 1806/1088/2053 1808/1090/2055
f 1814/1096/2061 1813/1095/2060 1808/1090/2055
f 1815/1097/2062 1805/1087/2052 1806/1088/2053
f 1813/1095/2060 1815/1097/2062 1806/1088/2053
f 1816/1098/2063 1809/1091/2056 1805/1087/2052
f 1815/1097/2062 1816/1098/2063 1805/1087/2052
f 1817/1099/2064 1811/1093/2058 1809/1091/2056
f 1816/1098/2063 1817/1099/2064 1809/1091/2056
f 1818/1100/2065 1813/1095/2060 1814/1096/2061
f 1818/1100/2065 1815/1097/2062 1813/1095/2060
f 1818/1100/2066 1816/1098/2063 1815/1097/2062
f 1818/1100/2066 1817/1099/2064 1816/1098/2063
f 1807/1089/2054 1804/1086/2051 1795/1077/2042
f 1804/1086/2051 1796/1078/2043 1795/1077/2042
f 1810/1092/2057 1812/1094/2059 1800/1082/2047
f 1810/1092/2057 1800/1082/2047 1798/1080/2045
f 1803/1085/2050 1810/1092/2057 1798/1080/2045
f 1812/1094/2059 1802/1084/2049 1800/1082/2047
f 1790/1072/2036 1769/1051/2013 1770/1052/2014
f 1778/1060/2024 1769/1051/2013 1790/1072/2036
f 1821/1017/2069 1820/1018/2068 1819/1015/2067
f 1822/1016/2070 1821/1017/2069 1819/1015/2067
f 1821/1017/2069 1823/1019/2071 1820/1018/2068
f 1823/1019/2071 1824/1020/2072 1820/1018/2068
f 1823/1019/2071 1826/1022/2074 1825/1021/2073
f 1824/1020/2072 1823/1019/2071 1825/1021/2073
f 1826/1022/2074 1827/1023/2075 1825/1021/2073
f 1827/1023/2075 1828/1024/2076 1825/1021/2073
f 1827/1023/2075 1829/1025/2077 1828/1024/2076
f 1829/1025/2077 1830/1026/2078 1828/1024/2076
f 1830/1026/2078 1829/1025/2077 1831/1036/2079
f 1829/1025/2077 1832/1037/2080 1831/1036/2079
f 1832/1037/2080 1833/1034/2081 1831/1036/2079
f 1833/1034/2081 1834/1033/2082 1831/1036/2079
f 1833/1034/2081 1835/1035/2083 1834/1033/2082
f 1821/1017/2086 1822/1016/2085 1836/1027/2084
f 1837/1028/2087 1821/1017/2086 1836/1027/2084
f 1837/1028/2087 1838/1029/2088 1821/1017/2086
f 1838/1029/2088 1823/1019/2089 1821/1017/2086
f 1823/1019/2089 1838/1029/2088 1826/1022/2090
f 1838/1029/2088 1839/1030/2091 1826/1022/2090
f 1839/1030/2091 1840/1031/2092 1826/1022/2090
f 1840/1031/2092 1827/1023/2093 1826/1022/2090
f 1840/1031/2092 1841/1032/2094 1827/1023/2093
f 1841/1032/2094 1829/1025/2095 1827/1023/2093
f 1841/1032/2094 1842/1040/2097 1832/1037/2096
f 1829/1025/2095 1841/1032/2094 1832/1037/2096
f 1842/1040/2097 1843/1038/2098 1832/1037/2096
f 1843/1038/2098 1833/1034/2099 1832/1037/2096
f 1843/1038/2098 1844/1039/2100 1833/1034/2099
f 1844/1039/2100 1835/1035/2083 1833/1034/2099
f 1845/1035/2103 1844/1039/2102 1843/1038/2101
f 1846/1034/2104 1845/1035/2103 1843/1038/2101
f 1843/1038/2101 1842/1040/2105 1846/1034/2104
f 1842/1040/2105 1847/1037/2106 1846/1034/2104
f 1848/1025/2107 1847/1037/2106 1842/1040/2105
f 1841/1032/2094 1848/1025/2107 1842/1040/2097
f 1841/1032/2094 1840/1031/2092 1848/1025/2107
f 1840/1031/2092 1849/1023/2108 1848/1025/2107
f 1840/1031/2092 1839/1030/2091 1849/1023/2108
f 1839/1030/2091 1850/1022/2109 1849/1023/2108
f 1851/1019/2110 1850/1022/2109 1839/1030/2091
f 1838/1029/2111 1851/1019/2110 1839/1030/2091
f 1838/1029/2111 1837/1028/2112 1851/1019/2110
f 1837/1028/2112 1852/1017/2113 1851/1019/2110
f 1837/1028/2112 1836/1027/2114 1852/1017/2113
f 1836/1027/2114 1853/1041/2115 1852/1017/2113
f 1834/1033/2118 1845/1035/2117 1846/1034/2116
f 1831/1036/2119 1834/1033/2118 1846/1034/2116
f 1847/1037/2120 1831/1036/2119 1846/1034/2116
f 1831/1036/2119 1847/1037/2120 1830/1026/2121
f 1847/1037/2120 1848/1025/2122 1830/1026/2121
f 1848/1025/2122 1849/1023/2123 1830/1026/2121
f 1849/1023/2123 1828/1024/2124 1830/1026/2121
f 1849/1023/2123 1850/1022/2125 1828/1024/2124
f 1850/1022/2125 1825/1021/2126 1828/1024/2124
f 1825/1021/2126 1850/1022/2125 1824/1020/2127
f 1850/1022/2125 1851/1019/2128 1824/1020/2127
f 1851/1019/2128 1852/1017/2129 1824/1020/2127
f 1852/1017/2129 1820/1018/2130 1824/1020/2127
f 1852/1017/2129 1853/1041/2131 1820/1018/2130
f 1853/1041/2131 1819/1015/2067 1820/1018/2068
f 1819/1043/2134 1853/1044/2133 1836/1042/2132
f 1845/1046/2136 1834/1047/2082 1835/1045/2135
f 1844/1048/2137 1845/1046/2136 1835/1045/2135
f 1822/1049/2070 1819/1043/2134 1836/1042/2132
f 1854/1051/2140 1770/1052/2139 1768/1050/2138
f 1854/1051/2143 1768/1050/2142 1771/1053/2141
f 1854/1051/2140 1771/1053/2141 1772/1054/2018
f 1854/1051/2140 1772/1054/2018 1855/1055/2144
f 1772/1054/2018 1774/1056/2020 1855/1055/2144
f 1774/1056/2020 1856/1057/2145 1855/1055/2144
f 1855/1055/2144 1856/1057/2145 1857/1058/2146
f 1855/1055/2144 1857/1058/2146 1858/1059/2147
f 1859/1060/2148 1855/1055/2144 1858/1059/2147
f 1854/1051/2140 1855/1055/2144 1859/1060/2148
f 1858/1059/2147 1860/1061/2149 1859/1060/2148
f 1860/1061/2149 1861/1062/2150 1859/1060/2148
f 1862/1063/2151 1860/1061/2149 1858/1059/2147
f 1863/1064/2152 1862/1063/2151 1858/1059/2147
f 1858/1059/2147 1857/1058/2146 1863/1064/2152
f 1783/1065/2029 1862/1063/2151 1863/1064/2152
f 1784/1066/2030 1783/1065/2029 1863/1064/2152
f 1857/1058/2146 1864/1067/2153 1863/1064/2152
f 1863/1064/2152 1864/1067/2153 1784/1066/2030
f 1864/1067/2153 1786/1068/2032 1784/1066/2030
f 1856/1057/2145 1865/1069/2154 1857/1058/2146
f 1857/1058/2146 1865/1069/2154 1864/1067/2153
f 1865/1069/2154 1866/1070/2155 1864/1067/2153
f 1864/1067/2153 1866/1070/2155 1786/1068/2032
f 1866/1070/2155 1789/1071/2035 1786/1068/2032
f 1859/1060/2148 1861/1062/2150 1790/1072/2036
f 1861/1062/2150 1791/1073/2037 1790/1072/2036
f 1865/1069/2154 1792/1074/2156 1866/1070/2155
f 1866/1070/2155 1792/1074/2156 1789/1071/2035
f 1856/1057/2145 1792/1074/2157 1865/1069/2154
f 1774/1056/2020 1792/1074/2039 1856/1057/2145
f 1861/1062/2150 1867/1075/2158 1791/1073/2037
f 1867/1075/2158 1794/1076/2041 1791/1073/2037
f 1794/1076/2041 1867/1075/2158 1795/1077/2042
f 1867/1075/2158 1868/1078/2159 1795/1077/2042
f 1867/1075/2158 1869/1079/2160 1868/1078/2159
f 1869/1079/2160 1870/1080/2161 1868/1078/2159
f 1869/1079/2160 1871/1081/2162 1870/1080/2161
f 1871/1081/2162 1872/1082/2163 1870/1080/2161
f 1871/1081/2162 1801/1083/2048 1872/1082/2163
f 1801/1083/2048 1802/1084/2049 1872/1082/2163
f 1869/1079/2160 1867/1075/2158 1861/1062/2150
f 1860/1061/2149 1869/1079/2160 1861/1062/2150
f 1871/1081/2162 1869/1079/2160 1860/1061/2149
f 1862/1063/2151 1871/1081/2162 1860/1061/2149
f 1801/1083/2048 1871/1081/2162 1862/1063/2151
f 1783/1065/2029 1801/1083/2048 1862/1063/2151
f 1870/1080/2161 1873/1085/2164 1868/1078/2159
f 1873/1085/2164 1874/1086/2165 1868/1078/2159
f 1873/1085/2164 1875/1087/2166 1874/1086/2165
f 1875/1087/2166 1876/1088/2167 1874/1086/2165
f 1874/1086/2165 1876/1088/2167 1807/1089/2054
f 1876/1088/2167 1808/1090/2055 1807/1089/2054
f 1877/1091/2168 1875/1087/2166 1873/1085/2164
f 1878/1092/2169 1877/1091/2168 1873/1085/2164
f 1811/1093/2058 1877/1091/2168 1878/1092/2169
f 1812/1094/2059 1811/1093/2058 1878/1092/2169
f 1876/1088/2167 1879/1095/2170 1808/1090/2055
f 1879/1095/2170 1814/1096/2061 1808/1090/2055
f 1880/1097/2171 1879/1095/2170 1876/1088/2167
f 1875/1087/2166 1880/1097/2171 1876/1088/2167
f 1881/1098/2172 1880/1097/2171 1875/1087/2166
f 1877/1091/2168 1881/1098/2172 1875/1087/2166
f 1817/1099/2064 1881/1098/2172 1877/1091/2168
f 1811/1093/2058 1817/1099/2064 1877/1091/2168
f 1879/1095/2170 1818/1100/2173 1814/1096/2061
f 1880/1097/2171 1818/1100/2173 1879/1095/2170
f 1881/1098/2172 1818/1100/2174 1880/1097/2171
f 1817/1099/2064 1818/1100/2066 1881/1098/2172
f 1874/1086/2165 1807/1089/2054 1795/1077/2042
f 1868/1078/2159 1874/1086/2165 1795/1077/2042
f 1812/1094/2059 1878/1092/2169 1872/1082/2163
f 1872/1082/2163 1878/1092/2169 1870/1080/2161
f 1878/1092/2169 1873/1085/2164 1870/1080/2161
f 1802/1084/2049 1812/1094/2059 1872/1082/2163
f 1854/1051/2140 1790/1072/2036 1770/1052/2139
f 1854/1051/2140 1859/1060/2148 1790/1072/2036
f 1884/1103/2177 1883/1102/2176 1882/1101/2175
f 1885/1104/2178 1884/1103/2177 1882/1101/2175
f 1886/1105/2179 1883/1102/2176 1884/1103/2177
f 1886/1105/2179 1887/1106/2180 1883/1102/2176
f 1888/1107/2181 1883/1102/2176 1887/1106/2180
f 1887/1106/2180 1889/1108/2182 1888/1107/2181
f 1885/1104/2178 1882/1101/2175 1890/1109/2183
f 1891/1110/2184 1885/1104/2178 1890/1109/2183
f 1891/1110/2184 1890/1109/2183 1892/1111/2185
f 1893/1112/2186 1891/1110/2184 1892/1111/2185
f 1894/1113/2187 1889/1108/2182 1887/1106/2180
f 1897/1116/2190 1896/1115/2189 1895/1114/2188
f 1894/1113/2187 1898/1117/2191 1889/1108/2182
f 1899/1118/2192 1898/1117/2191 1894/1113/2187
f 1897/1116/2193 1898/1117/2191 1899/1118/2192
f 1896/1115/2189 1897/1116/2190 1899/1118/2192
f 1902/1121/2196 1901/1120/2195 1900/1119/2194
f 1902/1121/2196 1903/1122/2197 1901/1120/2195
f 1903/1122/2197 1904/1123/2198 1901/1120/2195
f 1903/1122/2197 1905/1124/2199 1904/1123/2198
f 1905/1124/2199 1906/1125/2200 1904/1123/2198
f 1892/1111/2185 1906/1125/2200 1905/1124/2199
f 1893/1112/2186 1892/1111/2185 1905/1124/2199
f 1900/1119/2203 1901/1120/2202 1907/1126/2201
f 1907/1126/2201 1901/1120/2202 1908/1127/2204
f 1901/1120/2202 1904/1123/2205 1908/1127/2204
f 1908/1127/2204 1904/1123/2205 1909/1128/2206
f 1904/1123/2205 1906/1125/2207 1909/1128/2206
f 1909/1128/2206 1906/1125/2207 1910/1129/2208
f 1906/1125/2207 1892/1111/2209 1910/1129/2208
f 1910/1129/2208 1892/1111/2209 1911/1130/2210
f 1892/1111/2209 1890/1109/2211 1911/1130/2210
f 1911/1130/2210 1890/1109/2211 1912/1131/2212
f 1890/1109/2211 1882/1101/2213 1912/1131/2212
f 1912/1131/2212 1882/1101/2213 1913/1132/2214
f 1882/1101/2213 1883/1102/2215 1913/1132/2214
f 1913/1132/2214 1883/1102/2215 1914/1133/2216
f 1883/1102/2215 1888/1107/2217 1914/1133/2216
f 1914/1133/2216 1888/1107/2217 1915/1134/2218
f 1888/1107/2217 1889/1108/2219 1915/1134/2218
f 1915/1134/2218 1889/1108/2219 1916/1135/2220
f 1889/1108/2219 1898/1117/2221 1916/1135/2220
f 1898/1117/2221 1895/1114/2222 1916/1135/2220
f 1897/1116/2223 1895/1114/2222 1898/1117/2221
f 1896/1138/2226 1916/1137/2225 1895/1136/2224
f 1915/1139/2227 1916/1137/2225 1896/1138/2226
f 1915/1139/2227 1896/1138/2226 1899/1140/2228
f 1899/1140/2228 1894/1141/2229 1915/1139/2227
f 1894/1141/2229 1887/1142/2230 1915/1139/2227
f 1887/1142/2230 1914/1143/2231 1915/1139/2227
f 1887/1142/2230 1886/1144/2232 1914/1143/2231
f 1886/1144/2232 1913/1145/2233 1914/1143/2231
f 1886/1144/2232 1884/1146/2234 1913/1145/2233
f 1884/1146/2234 1912/1147/2235 1913/1145/2233
f 1884/1146/2234 1885/1148/2236 1912/1147/2235
f 1893/1151/2239 1910/1150/2238 1911/1149/2237
f 1891/1152/2240 1893/1151/2239 1911/1149/2237
f 1908/1155/2243 1909/1154/2242 1905/1153/2241
f 1903/1156/2244 1908/1155/2243 1905/1153/2241
f 1903/1156/2244 1902/1157/2245 1908/1155/2243
f 1902/1157/2245 1907/1158/2246 1908/1155/2243
f 1902/1157/2245 1900/1159/2247 1907/1158/2246
f 1891/1152/2240 1911/1149/2237 1885/1148/2236
f 1885/1148/2236 1911/1149/2237 1912/1147/2235
f 1905/1153/2241 1909/1154/2242 1910/1150/2238
f 1893/1151/2239 1905/1153/2241 1910/1150/2238
f 1919/1102/2250 1918/1103/2249 1917/1101/2248
f 1918/1103/2249 1920/1104/2251 1917/1101/2248
f 1919/1102/2250 1921/1105/2252 1918/1103/2249
f 1922/1106/2253 1921/1105/2252 1919/1102/2250
f 1919/1102/2250 1923/1107/2254 1922/1106/2253
f 1924/1108/2255 1922/1106/2253 1923/1107/2254
f 1917/1101/2248 1920/1104/2251 1925/1109/2256
f 1920/1104/2251 1926/1110/2257 1925/1109/2256
f 1925/1109/2256 1926/1110/2257 1927/1111/2258
f 1926/1110/2257 1928/1112/2259 1927/1111/2258
f 1924/1108/2255 1929/1113/2260 1922/1106/2253
f 1930/1117/2261 1929/1113/2260 1924/1108/2255
f 1930/1117/2261 1931/1118/2262 1929/1113/2260
f 1930/1117/2261 1932/1116/2263 1931/1118/2262
f 1932/1116/2263 1933/1115/2264 1931/1118/2262
f 1933/1115/2264 1932/1116/2266 1934/1114/2265
f 1937/1120/2269 1936/1121/2268 1935/1119/2267
f 1938/1122/2270 1936/1121/2268 1937/1120/2269
f 1939/1123/2271 1938/1122/2270 1937/1120/2269
f 1940/1124/2272 1938/1122/2270 1939/1123/2271
f 1941/1125/2273 1940/1124/2272 1939/1123/2271
f 1941/1125/2273 1927/1111/2258 1940/1124/2272
f 1927/1111/2258 1928/1112/2259 1940/1124/2272
f 1937/1120/2276 1935/1119/2275 1942/1126/2274
f 1937/1120/2276 1942/1126/2274 1943/1127/2277
f 1939/1123/2278 1937/1120/2276 1943/1127/2277
f 1939/1123/2278 1943/1127/2277 1944/1128/2279
f 1941/1125/2280 1939/1123/2278 1944/1128/2279
f 1941/1125/2280 1944/1128/2279 1945/1129/2281
f 1927/1111/2282 1941/1125/2280 1945/1129/2281
f 1927/1111/2282 1945/1129/2281 1946/1130/2283
f 1925/1109/2284 1927/1111/2282 1946/1130/2283
f 1925/1109/2284 1946/1130/2283 1947/1131/2285
f 1917/1101/2286 1925/1109/2284 1947/1131/2285
f 1917/1101/2286 1947/1131/2285 1948/1132/2287
f 1919/1102/2288 1917/1101/2286 1948/1132/2287
f 1919/1102/2288 1948/1132/2287 1949/1133/2289
f 1923/1107/2290 1919/1102/2288 1949/1133/2289
f 1923/1107/2290 1949/1133/2289 1950/1134/2291
f 1924/1108/2292 1923/1107/2290 1950/1134/2291
f 1924/1108/2292 1950/1134/2291 1951/1135/2293
f 1930/1117/2294 1924/1108/2292 1951/1135/2293
f 1934/1114/2295 1930/1117/2294 1951/1135/2293
f 1934/1114/2295 1932/1116/2296 1930/1117/2294
f 1951/1137/2299 1933/1138/2298 1934/1136/2297
f 1933/1138/2298 1951/1137/2299 1950/1139/2300
f 1931/1140/2301 1933/1138/2298 1950/1139/2300
f 1950/1139/2300 1929/1141/2302 1931/1140/2301
f 1922/1142/2303 1929/1141/2302 1950/1139/2300
f 1949/1143/2304 1922/1142/2303 1950/1139/2300
f 1921/1144/2305 1922/1142/2303 1949/1143/2304
f 1948/1145/2306 1921/1144/2305 1949/1143/2304
f 1918/1146/2307 1921/1144/2305 1948/1145/2306
f 1947/1147/2308 1918/1146/2307 1948/1145/2306
f 1920/1148/2309 1918/1146/2307 1947/1147/2308
f 1928/1151/2312 1926/1152/2311 1946/1149/2310
f 1945/1150/2313 1928/1151/2312 1946/1149/2310
f 1943/1155/2316 1938/1156/2315 1940/1153/2314
f 1944/1154/2317 1943/1155/2316 1940/1153/2314
f 1936/1157/2318 1938/1156/2315 1943/1155/2316
f 1942/1158/2319 1936/1157/2318 1943/1155/2316
f 1935/1159/2320 1936/1157/2318 1942/1158/2319
f 1946/1149/2310 1926/1152/2311 1920/1148/2309
f 1946/1149/2310 1920/1148/2309 1947/1147/2308
f 1940/1153/2314 1928/1151/2312 1945/1150/2313
f 1944/1154/2317 1940/1153/2314 1945/1150/2313
f 1954/1162/2323 1953/1161/2322 1952/1160/2321
f 1952/1160/2321 1953/1161/2322 1955/1163/2324
f 1953/1161/2322 1956/1164/2325 1955/1163/2324
f 1957/1165/2326 1953/1161/2322 1954/1162/2323
f 1958/1166/2327 1957/1165/2326 1954/1162/2323
f 1957/1165/2326 1958/1166/2327 1959/1167/2328
f 1960/1168/2329 1957/1165/2326 1959/1167/2328
f 1961/1169/2330 1960/1168/2329 1959/1167/2328
f 1962/1170/2331 1961/1169/2330 1959/1167/2328
f 1963/1171/2332 1961/1169/2330 1962/1170/2331
f 1964/1172/2333 1963/1171/2332 1962/1170/2331
f 1965/1173/2334 1963/1171/2332 1964/1172/2333
f 1966/1174/2335 1965/1173/2334 1964/1172/2333
f 1967/1175/2336 1965/1173/2334 1966/1174/2335
f 1968/1176/2337 1967/1175/2336 1966/1174/2335
f 1969/1177/2338 1967/1175/2336 1968/1176/2337
f 1972/1180/2341 1971/1179/2340 1970/1178/2339
f 1973/1181/2342 1971/1179/2340 1972/1180/2341
f 1974/1182/2343 1973/1181/2342 1972/1180/2341
f 1975/1183/2344 1973/1181/2342 1974/1182/2343
f 1976/1184/2345 1975/1183/2344 1974/1182/2343
f 1977/1185/2346 1975/1183/2344 1976/1184/2345
f 1978/1186/2347 1977/1185/2346 1976/1184/2345
f 1979/1187/2348 1978/1186/2347 1976/1184/2345
f 1980/1188/2349 1978/1186/2347 1979/1187/2348
f 1981/1189/2350 1980/1188/2349 1979/1187/2348
f 1982/1190/2351 1980/1188/2349 1981/1189/2350
f 1983/1191/2352 1982/1190/2351 1981/1189/2350
f 1984/1192/2353 1982/1190/2351 1983/1191/2352
f 1985/1193/2354 1984/1192/2353 1983/1191/2352
f 1986/1194/2355 1984/1192/2353 1985/1193/2354
f 1987/1195/2356 1986/1194/2355 1985/1193/2354
f 1988/1196/2357 1986/1194/2355 1987/1195/2356
f 1989/1197/2358 1988/1196/2357 1987/1195/2356
f 1990/1198/2359 1988/1196/2357 1989/1197/2358
f 1991/1199/2360 1990/1198/2359 1989/1197/2358
f 1992/1200/2361 1990/1198/2359 1991/1199/2360
f 1993/1201/2362 1992/1200/2361 1991/1199/2360
f 1994/1202/2363 1992/1200/2361 1993/1201/2362
f 1995/1203/2364 1994/1202/2363 1993/1201/2362
f 1956/1164/2325 1994/1202/2363 1995/1203/2364
f 1955/1163/2324 1956/1164/2325 1995/1203/2364
f 1998/1206/2367 1997/1205/2366 1996/1204/2365
f 1998/1206/2367 1999/1207/2368 1997/1205/2366
f 2000/1208/2371 1999/1207/2370 1956/1164/2369
f 2001/1209/2372 2000/1208/2371 1956/1164/2369
f 2001/1209/2372 1956/1164/2369 2002/1210/2373
f 1956/1164/2369 1953/1161/2374 2002/1210/2373
f 1997/1205/2375 1999/1207/2370 2000/1208/2371
f 2003/1211/2376 1997/1205/2375 2000/1208/2371
f 1953/1161/2374 1957/1165/2377 2002/1210/2373
f 1957/1165/2377 2004/1212/2378 2002/1210/2373
f 2004/1212/2378 1957/1165/2377 2005/1213/2379
f 1957/1165/2377 1960/1168/2380 2005/1213/2379
f 2005/1213/2379 1960/1168/2380 1961/1169/2381
f 2006/1214/2382 2005/1213/2379 1961/1169/2381
f 2006/1214/2382 1961/1169/2381 1963/1171/2383
f 2007/1215/2384 2006/1214/2382 1963/1171/2383
f 2007/1215/2384 1963/1171/2383 1965/1173/2385
f 2008/1216/2386 2007/1215/2384 1965/1173/2385
f 2008/1216/2386 1965/1173/2385 2009/1217/2387
f 2009/1217/2387 1965/1173/2385 1967/1175/2388
f 2010/1218/2389 2009/1217/2387 1967/1175/2388
f 2010/1218/2389 1967/1175/2388 1969/1177/2390
f 2011/1219/2393 1975/1183/2392 1977/1185/2391
f 2012/1220/2394 2011/1219/2393 1977/1185/2391
f 2012/1220/2394 1977/1185/2391 2013/1221/2395
f 1977/1185/2391 1978/1186/2396 2013/1221/2395
f 2013/1221/2395 1978/1186/2396 1980/1188/2397
f 2014/1222/2398 2013/1221/2395 1980/1188/2397
f 2014/1222/2398 1980/1188/2397 1982/1190/2399
f 2015/1223/2400 2014/1222/2398 1982/1190/2399
f 1982/1190/2399 1984/1192/2402 2016/1224/2401
f 2016/1224/2401 1984/1192/2402 1986/1194/2403
f 2017/1225/2404 2016/1224/2401 1986/1194/2403
f 2017/1225/2404 1986/1194/2403 1988/1196/2405
f 2018/1226/2406 2017/1225/2404 1988/1196/2405
f 2018/1226/2406 1988/1196/2405 1990/1198/2407
f 2019/1227/2408 2018/1226/2406 1990/1198/2407
f 2019/1227/2408 1990/1198/2407 2020/1228/2409
f 1990/1198/2407 1992/1200/2410 2020/1228/2409
f 2020/1228/2409 1992/1200/2410 1994/1202/2411
f 1999/1207/2370 2020/1228/2409 1994/1202/2411
f 2015/1223/2400 1982/1190/2399 2016/1224/2401
f 1999/1207/2370 1994/1202/2411 1956/1164/2369
f 2023/1231/2414 2022/1230/2413 2021/1229/2412
f 2024/1232/2415 2023/1231/2414 2021/1229/2412
f 2023/1231/2414 2012/1220/2394 2022/1230/2413
f 2021/1229/2418 2014/1222/2417 2015/1223/2416
f 2025/1233/2419 2021/1229/2418 2015/1223/2416
f 2014/1222/2417 2021/1229/2418 2022/1230/2420
f 2013/1221/2421 2014/1222/2417 2022/1230/2420
f 2022/1230/2420 2012/1220/2422 2013/1221/2421
f 2015/1223/2416 2016/1224/2423 2025/1233/2419
f 2026/1234/2424 2017/1225/2404 2018/1226/2406
f 2027/1235/2425 2026/1234/2424 2018/1226/2406
f 2026/1234/2424 2028/1236/2426 2017/1225/2404
f 2028/1236/2426 2029/1237/2427 2017/1225/2404
f 2030/1238/2428 2029/1237/2427 2028/1236/2426
f 2018/1226/2406 2019/1227/2408 2027/1235/2425
f 2027/1235/2425 2019/1227/2408 1998/1206/2429
f 1998/1206/2429 2019/1227/2408 2020/1228/2409
f 1971/1179/2432 2031/1239/2431 1970/1178/2430
f 2031/1239/2431 1971/1179/2432 1973/1181/2433
f 2032/1240/2434 2031/1239/2431 1973/1181/2433
f 2032/1240/2434 1973/1181/2433 1975/1183/2392
f 2011/1219/2393 2032/1240/2434 1975/1183/2392
f 1998/1206/2429 2020/1228/2409 1999/1207/2370
f 1996/1204/2435 1997/1205/2375 2003/1211/2376
f 1968/1243/2438 2010/1242/2437 1969/1241/2436
f 2010/1242/2437 1968/1243/2438 1966/1244/2439
f 1966/1244/2439 2009/1245/2440 2010/1242/2437
f 1966/1244/2439 2008/1246/2441 2009/1245/2440
f 1966/1244/2439 1964/1247/2442 2008/1246/2441
f 1964/1247/2442 2007/1248/2443 2008/1246/2441
f 1959/1251/2446 2005/1250/2445 2006/1249/2444
f 1962/1252/2447 1959/1251/2446 2006/1249/2444
f 2005/1250/2445 1959/1251/2446 1958/1253/2448
f 1958/1253/2448 1954/1254/2449 2005/1250/2445
f 1954/1254/2449 2004/1255/2450 2005/1250/2445
f 1954/1254/2449 2002/1256/2451 2004/1255/2450
f 1954/1254/2449 1952/1257/2452 2002/1256/2451
f 1952/1257/2452 2001/1258/2453 2002/1256/2451
f 1952/1257/2452 1955/1259/2454 2001/1258/2453
f 1955/1259/2454 2000/1260/2455 2001/1258/2453
f 1955/1259/2454 1995/1261/2456 2000/1260/2455
f 1995/1261/2456 2003/1262/2457 2000/1260/2455
f 1995/1261/2456 1998/1263/2458 2003/1262/2457
f 1998/1263/2458 1996/1264/2459 2003/1262/2457
f 1993/1265/2460 1998/1263/2458 1995/1261/2456
f 1993/1265/2460 1991/1266/2461 1998/1263/2458
f 1991/1266/2461 2027/1267/2462 1998/1263/2458
f 1989/1268/2463 2027/1267/2462 1991/1266/2461
f 1989/1268/2463 1987/1269/2464 2027/1267/2462
f 1987/1269/2464 2026/1270/2465 2027/1267/2462
f 2026/1270/2465 1987/1269/2464 1985/1271/2466
f 1985/1271/2466 2028/1272/2467 2026/1270/2465
f 1985/1271/2466 1983/1273/2468 2028/1272/2467
f 1983/1273/2468 2030/1274/2469 2028/1272/2467
f 1983/1273/2468 1981/1275/2470 2030/1274/2469
f 1981/1275/2470 2024/1276/2471 2030/1274/2469
f 1981/1275/2470 1979/1277/2472 2024/1276/2471
f 1979/1277/2472 2023/1278/2473 2024/1276/2471
f 1979/1277/2472 1976/1279/2474 2023/1278/2473
f 1976/1279/2474 2012/1280/2475 2023/1278/2473
f 1976/1279/2474 1974/1281/2476 2012/1280/2475
f 1974/1281/2476 2011/1282/2477 2012/1280/2475
f 1974/1281/2476 2032/1283/2478 2011/1282/2477
f 1974/1281/2476 1972/1284/2479 2032/1283/2478
f 1972/1284/2479 2031/1285/2480 2032/1283/2478
f 1972/1284/2479 1970/1286/2481 2031/1285/2480
f 1962/1252/2447 2006/1249/2444 2007/1248/2443
f 1964/1247/2442 1962/1252/2447 2007/1248/2443
f 2024/1232/2415 2021/1229/2412 2025/1233/2482
f 2030/1238/2428 2024/1232/2415 2025/1233/2419
f 2025/1233/2419 2016/1224/2401 2030/1238/2428
f 2016/1224/2401 2029/1237/2427 2030/1238/2428
f 2029/1237/2427 2016/1224/2401 2017/1225/2404
f 2035/1161/2485 2034/1162/2484 2033/1160/2483
f 2035/1161/2485 2033/1160/2483 2036/1163/2486
f 2037/1164/2487 2035/1161/2485 2036/1163/2486
f 2035/1161/2485 2038/1165/2488 2034/1162/2484
f 2038/1165/2488 2039/1166/2489 2034/1162/2484
f 2039/1166/2489 2038/1165/2488 2040/1167/2490
f 2038/1165/2488 2041/1168/2491 2040/1167/2490
f 2041/1168/2491 2042/1169/2492 2040/1167/2490
f 2042/1169/2492 2043/1170/2493 2040/1167/2490
f 2042/1169/2492 2044/1171/2494 2043/1170/2493
f 2044/1171/2494 2045/1172/2495 2043/1170/2493
f 2044/1171/2494 2046/1173/2496 2045/1172/2495
f 2046/1173/2496 2047/1174/2497 2045/1172/2495
f 2046/1173/2496 2048/1175/2498 2047/1174/2497
f 2048/1175/2498 2049/1176/2499 2047/1174/2497
f 2048/1175/2498 2050/1177/2500 2049/1176/2499
f 2053/1179/2503 2052/1180/2502 2051/1178/2501
f 2053/1179/2503 2054/1181/2504 2052/1180/2502
f 2054/1181/2504 2055/1182/2505 2052/1180/2502
f 2054/1181/2504 2056/1183/2506 2055/1182/2505
f 2056/1183/2506 2057/1184/2507 2055/1182/2505
f 2056/1183/2506 2058/1185/2508 2057/1184/2507
f 2058/1185/2508 2059/1186/2509 2057/1184/2507
f 2059/1186/2509 2060/1187/2510 2057/1184/2507
f 2059/1186/2509 2061/1188/2511 2060/1187/2510
f 2061/1188/2511 2062/1189/2512 2060/1187/2510
f 2064/1190/2514 2063/1191/2513 2062/1189/2512
f 2061/1188/2511 2064/1190/2514 2062/1189/2512
f 2064/1190/2514 2065/1192/2515 2063/1191/2513
f 2065/1192/2515 2066/1193/2516 2063/1191/2513
f 2065/1192/2515 2067/1194/2517 2066/1193/2516
f 2067/1194/2517 2068/1195/2518 2066/1193/2516
f 2067/1194/2517 2069/1196/2519 2068/1195/2518
f 2069/1196/2519 2070/1197/2520 2068/1195/2518
f 2069/1196/2519 2071/1198/2521 2070/1197/2520
f 2071/1198/2521 2072/1199/2522 2070/1197/2520
f 2071/1198/2521 2073/1200/2523 2072/1199/2522
f 2073/1200/2523 2074/1201/2524 2072/1199/2522
f 2073/1200/2523 2075/1202/2525 2074/1201/2524
f 2075/1202/2525 2076/1203/2526 2074/1201/2524
f 2037/1164/2487 2036/1163/2486 2076/1203/2526
f 2075/1202/2525 2037/1164/2487 2076/1203/2526
f 2079/1205/2529 2078/1206/2528 2077/1204/2527
f 2080/1207/2530 2078/1206/2528 2079/1205/2529
f 2082/1208/2533 2081/1209/2532 2037/1164/2531
f 2080/1207/2534 2082/1208/2533 2037/1164/2531
f 2037/1164/2531 2081/1209/2532 2083/1210/2535
f 2035/1161/2536 2037/1164/2531 2083/1210/2535
f 2080/1207/2534 2079/1205/2537 2082/1208/2533
f 2079/1205/2537 2084/1211/2538 2082/1208/2533
f 2038/1165/2539 2035/1161/2536 2083/1210/2535
f 2085/1212/2540 2038/1165/2539 2083/1210/2535
f 2038/1165/2539 2085/1212/2540 2086/1213/2541
f 2041/1168/2542 2038/1165/2539 2086/1213/2541
f 2041/1168/2542 2086/1213/2541 2042/1169/2543
f 2086/1213/2541 2087/1214/2544 2042/1169/2543
f 2042/1169/2543 2087/1214/2544 2044/1171/2545
f 2087/1214/2544 2088/1215/2546 2044/1171/2545
f 2044/1171/2545 2088/1215/2546 2046/1173/2547
f 2088/1215/2546 2089/1216/2548 2046/1173/2547
f 2046/1173/2547 2089/1216/2548 2090/1217/2549
f 2046/1173/2547 2090/1217/2549 2048/1175/2550
f 2090/1217/2549 2091/1218/2551 2048/1175/2550
f 2048/1175/2550 2091/1218/2551 2050/1177/2552
f 2093/1219/2555 2092/1220/2554 2058/1185/2553
f 2056/1183/2556 2093/1219/2555 2058/1185/2553
f 2058/1185/2553 2092/1220/2554 2094/1221/2557
f 2059/1186/2558 2058/1185/2553 2094/1221/2557
f 2059/1186/2558 2094/1221/2557 2061/1188/2559
f 2094/1221/2557 2095/1222/2560 2061/1188/2559
f 2095/1222/2560 2096/1223/2562 2064/1190/2561
f 2061/1188/2559 2095/1222/2560 2064/1190/2561
f 2064/1190/2561 2096/1223/2562 2097/1224/2563
f 2065/1192/2564 2064/1190/2561 2097/1224/2563
f 2065/1192/2564 2097/1224/2563 2067/1194/2565
f 2097/1224/2563 2098/1225/2566 2067/1194/2565
f 2067/1194/2565 2098/1225/2566 2069/1196/2567
f 2098/1225/2566 2099/1226/2568 2069/1196/2567
f 2069/1196/2567 2099/1226/2568 2071/1198/2569
f 2099/1226/2568 2100/1227/2570 2071/1198/2569
f 2071/1198/2569 2100/1227/2570 2101/1228/2571
f 2073/1200/2572 2071/1198/2569 2101/1228/2571
f 2073/1200/2572 2101/1228/2571 2075/1202/2573
f 2101/1228/2571 2080/1207/2534 2075/1202/2573
f 2075/1202/2573 2080/1207/2534 2037/1164/2531
f 2104/1231/2576 2103/1232/2575 2102/1229/2574
f 2105/1230/2577 2104/1231/2576 2102/1229/2574
f 2092/1220/2554 2104/1231/2576 2105/1230/2577
f 2102/1229/2580 2106/1233/2579 2096/1223/2578
f 2095/1222/2581 2102/1229/2580 2096/1223/2578
f 2102/1229/2580 2095/1222/2581 2105/1230/2582
f 2095/1222/2581 2094/1221/2583 2105/1230/2582
f 2092/1220/2584 2105/1230/2582 2094/1221/2583
f 2097/1224/2585 2096/1223/2578 2106/1233/2579
f 2108/1234/2587 2107/1235/2586 2099/1226/2568
f 2098/1225/2566 2108/1234/2587 2099/1226/2568
f 2109/1236/2588 2108/1234/2587 2098/1225/2566
f 2110/1237/2589 2109/1236/2588 2098/1225/2566
f 2110/1237/2589 2111/1238/2590 2109/1236/2588
f 2100/1227/2570 2099/1226/2568 2107/1235/2586
f 2100/1227/2570 2107/1235/2586 2078/1206/2591
f 2100/1227/2570 2078/1206/2591 2101/1228/2571
f 2112/1239/2594 2053/1179/2593 2051/1178/2592
f 2053/1179/2593 2112/1239/2594 2054/1181/2595
f 2112/1239/2594 2113/1240/2596 2054/1181/2595
f 2113/1240/2596 2093/1219/2555 2056/1183/2556
f 2054/1181/2595 2113/1240/2596 2056/1183/2556
f 2101/1228/2571 2078/1206/2591 2080/1207/2534
f 2079/1205/2537 2077/1204/2597 2084/1211/2538
f 2091/1242/2600 2049/1243/2599 2050/1241/2598
f 2047/1244/2601 2049/1243/2599 2091/1242/2600
f 2091/1242/2600 2090/1245/2602 2047/1244/2601
f 2090/1245/2602 2089/1246/2603 2047/1244/2601
f 2045/1247/2604 2047/1244/2601 2089/1246/2603
f 2088/1248/2605 2045/1247/2604 2089/1246/2603
f 2040/1251/2608 2043/1252/2607 2087/1249/2606
f 2086/1250/2609 2040/1251/2608 2087/1249/2606
f 2039/1253/2610 2040/1251/2608 2086/1250/2609
f 2086/1250/2609 2034/1254/2611 2039/1253/2610
f 2086/1250/2609 2085/1255/2612 2034/1254/2611
f 2085/1255/2612 2083/1256/2613 2034/1254/2611
f 2033/1257/2614 2034/1254/2611 2083/1256/2613
f 2081/1258/2615 2033/1257/2614 2083/1256/2613
f 2036/1259/2616 2033/1257/2614 2081/1258/2615
f 2082/1260/2617 2036/1259/2616 2081/1258/2615
f 2076/1261/2618 2036/1259/2616 2082/1260/2617
f 2084/1262/2619 2076/1261/2618 2082/1260/2617
f 2078/1263/2620 2076/1261/2618 2084/1262/2619
f 2077/1264/2621 2078/1263/2620 2084/1262/2619
f 2078/1263/2620 2074/1265/2622 2076/1261/2618
f 2072/1266/2623 2074/1265/2622 2078/1263/2620
f 2107/1267/2624 2072/1266/2623 2078/1263/2620
f 2107/1267/2624 2070/1268/2625 2072/1266/2623
f 2068/1269/2626 2070/1268/2625 2107/1267/2624
f 2108/1270/2627 2068/1269/2626 2107/1267/2624
f 2066/1271/2628 2068/1269/2626 2108/1270/2627
f 2108/1270/2627 2109/1272/2629 2066/1271/2628
f 2109/1272/2629 2063/1273/2630 2066/1271/2628
f 2109/1272/2629 2111/1274/2631 2063/1273/2630
f 2062/1275/2632 2063/1273/2630 2111/1274/2631
f 2103/1276/2633 2062/1275/2632 2111/1274/2631
f 2060/1277/2634 2062/1275/2632 2103/1276/2633
f 2104/1278/2635 2060/1277/2634 2103/1276/2633
f 2057/1279/2636 2060/1277/2634 2104/1278/2635
f 2092/1280/2637 2057/1279/2636 2104/1278/2635
f 2055/1281/2638 2057/1279/2636 2092/1280/2637
f 2093/1282/2639 2055/1281/2638 2092/1280/2637
f 2113/1283/2640 2055/1281/2638 2093/1282/2639
f 2052/1284/2641 2055/1281/2638 2113/1283/2640
f 2112/1285/2642 2052/1284/2641 2113/1283/2640
f 2051/1286/2643 2052/1284/2641 2112/1285/2642
f 2043/1252/2607 2045/1247/2604 2088/1248/2605
f 2087/1249/2606 2043/1252/2607 2088/1248/2605
f 2103/1232/2575 2111/1238/2590 2106/1233/2579
f 2102/1229/2574 2103/1232/2575 2106/1233/2644
f 2097/1224/2563 2106/1233/2579 2111/1238/2590
f 2110/1237/2589 2097/1224/2563 2111/1238/2590
f 2097/1224/2563 2110/1237/2589 2098/1225/2566
f 2116/1289/2647 2115/1288/2646 2114/1287/2645
f 2117/1290/2648 2116/1289/2647 2114/1287/2645
f 2118/1291/2649 2117/1290/2648 2114/1287/2645
f 2117/1290/2648 2118/1291/2649 2119/1292/2650
f 2118/1291/2649 2120/1293/2651 2119/1292/2650
f 2120/1293/2651 2121/1294/2652 2119/1292/2650
f 2122/1297/2655 2121/1296/2654 2120/1295/2653
f 2123/1298/2656 2122/1297/2655 2120/1295/2653
f 2124/1300/2658 2119/1299/2657 2121/1296/2654
f 2122/1297/2655 2124/1300/2658 2121/1296/2654
f 2125/1302/2660 2117/1301/2659 2119/1299/2657
f 2124/1300/2658 2125/1302/2660 2119/1299/2657
f 2126/1305/2662 2116/1304/2661 2117/1303/2659
f 2125/1306/2660 2126/1305/2662 2117/1303/2659
f 2127/1308/2664 2115/1307/2663 2116/1304/2661
f 2126/1305/2662 2127/1308/2664 2116/1304/2661
f 2128/1310/2666 2114/1309/2665 2115/1307/2663
f 2127/1308/2664 2128/1310/2666 2115/1307/2663
f 2129/1312/2668 2118/1311/2667 2114/1309/2665
f 2128/1310/2666 2129/1312/2668 2114/1309/2665
f 2123/1298/2656 2120/1295/2653 2118/1311/2667
f 2129/1312/2668 2123/1298/2656 2118/1311/2667
f 2123/1289/2671 2124/1287/2670 2122/1288/2669
f 2125/1291/2672 2124/1287/2670 2123/1289/2671
f 2129/1290/2673 2125/1291/2672 2123/1289/2671
f 2126/1293/2674 2125/1291/2672 2129/1290/2673
f 2128/1292/2675 2126/1293/2674 2129/1290/2673
f 2127/1294/2676 2126/1293/2674 2128/1292/2675
f 2132/1290/2679 2131/1292/2678 2130/1289/2677
f 2131/1292/2678 2133/1294/2680 2130/1289/2677
f 2133/1294/2680 2134/1288/2681 2130/1289/2677
f 2137/1292/2684 2136/1290/2683 2135/1289/2682
f 2133/1294/2680 2137/1292/2684 2135/1289/2682
f 2134/1288/2681 2133/1294/2680 2135/1289/2682
f 2139/1315/2687 2138/1314/2686 2137/1313/2685
f 2133/1316/2688 2139/1315/2687 2137/1313/2685
f 2138/1314/2686 2140/1318/2690 2136/1317/2689
f 2137/1313/2685 2138/1314/2686 2136/1317/2689
f 2140/1318/2690 2141/1320/2692 2135/1319/2691
f 2136/1317/2689 2140/1318/2690 2135/1319/2691
f 2141/1320/2692 2142/1322/2694 2134/1321/2693
f 2135/1319/2691 2141/1320/2692 2134/1321/2693
f 2139/1325/2687 2133/1324/2688 2131/1323/2695
f 2143/1326/2696 2139/1325/2687 2131/1323/2695
f 2143/1326/2696 2131/1323/2695 2132/1327/2697
f 2144/1328/2698 2143/1326/2696 2132/1327/2697
f 2144/1328/2698 2132/1327/2697 2130/1329/2699
f 2145/1330/2700 2144/1328/2698 2130/1329/2699
f 2145/1330/2700 2130/1329/2699 2134/1321/2693
f 2142/1322/2694 2145/1330/2700 2134/1321/2693
f 2138/1332/2703 2139/1288/2702 2143/1331/2701
f 2140/1333/2704 2138/1332/2703 2143/1331/2701
f 2144/1334/2705 2140/1333/2704 2143/1331/2701
f 2144/1334/2705 2145/1335/2706 2140/1333/2704
f 2145/1335/2706 2141/1336/2707 2140/1333/2704
f 2145/1335/2706 2142/1337/2708 2141/1336/2707
f 2148/1288/2711 2147/1289/2710 2146/1287/2709
f 2147/1289/2710 2149/1290/2712 2146/1287/2709
f 2149/1290/2712 2150/1291/2713 2146/1287/2709
f 2150/1291/2713 2149/1290/2712 2151/1292/2714
f 2152/1293/2715 2150/1291/2713 2151/1292/2714
f 2153/1294/2716 2152/1293/2715 2151/1292/2714
f 2155/1340/2719 2154/1339/2718 2152/1338/2717
f 2153/1341/2720 2155/1340/2719 2152/1338/2717
f 2156/1342/2721 2155/1340/2719 2153/1341/2720
f 2151/1343/2722 2156/1342/2721 2153/1341/2720
f 2157/1344/2723 2156/1342/2721 2151/1343/2722
f 2149/1345/2724 2157/1344/2723 2151/1343/2722
f 2158/1348/2725 2157/1347/2723 2149/1346/2724
f 2147/1349/2726 2158/1348/2725 2149/1346/2724
f 2159/1350/2727 2158/1348/2725 2147/1349/2726
f 2148/1351/2728 2159/1350/2727 2147/1349/2726
f 2160/1352/2729 2159/1350/2727 2148/1351/2728
f 2146/1353/2730 2160/1352/2729 2148/1351/2728
f 2161/1354/2731 2160/1352/2729 2146/1353/2730
f 2150/1355/2732 2161/1354/2731 2146/1353/2730
f 2154/1339/2718 2161/1354/2731 2150/1355/2732
f 2152/1338/2717 2154/1339/2718 2150/1355/2732
f 2156/1289/2735 2154/1287/2734 2155/1288/2733
f 2156/1289/2735 2157/1290/2736 2154/1287/2734
f 2157/1290/2736 2161/1291/2737 2154/1287/2734
f 2157/1290/2736 2158/1292/2738 2161/1291/2737
f 2158/1292/2738 2160/1293/2739 2161/1291/2737
f 2158/1292/2738 2159/1294/2740 2160/1293/2739
f 2164/1294/2743 2163/1292/2742 2162/1289/2741
f 2165/1288/2744 2164/1294/2743 2162/1289/2741
f 2162/1289/2741 2163/1292/2742 2166/1290/2745
f 2168/1358/2748 2167/1357/2747 2163/1356/2746
f 2164/1359/2749 2168/1358/2748 2163/1356/2746
f 2167/1357/2747 2169/1361/2751 2166/1360/2750
f 2163/1356/2746 2167/1357/2747 2166/1360/2750
f 2169/1361/2751 2170/1363/2753 2162/1362/2752
f 2166/1360/2750 2169/1361/2751 2162/1362/2752
f 2170/1363/2753 2171/1365/2755 2165/1364/2754
f 2162/1362/2752 2170/1363/2753 2165/1364/2754
f 2164/1294/2743 2165/1288/2744 2172/1289/2756
f 2173/1292/2757 2164/1294/2743 2172/1289/2756
f 2173/1292/2757 2172/1289/2756 2174/1290/2758
f 2168/1358/2748 2164/1359/2749 2173/1366/2759
f 2175/1367/2760 2168/1358/2748 2173/1366/2759
f 2175/1367/2760 2173/1366/2759 2174/1368/2761
f 2176/1369/2762 2175/1367/2760 2174/1368/2761
f 2176/1369/2762 2174/1368/2761 2172/1370/2763
f 2177/1371/2764 2176/1369/2762 2172/1370/2763
f 2177/1371/2764 2172/1370/2763 2165/1372/2754
f 2171/1373/2755 2177/1371/2764 2165/1372/2754
f 2177/1292/2767 2171/1294/2766 2170/1293/2765
f 2177/1292/2767 2170/1293/2765 2169/1291/2768
f 2176/1290/2769 2177/1292/2767 2169/1291/2768
f 2176/1290/2769 2169/1291/2768 2167/1287/2770
f 2175/1289/2771 2176/1290/2769 2167/1287/2770
f 2168/1288/2772 2175/1289/2771 2167/1287/2770
f 2180/1376/2775 2179/1375/2774 2178/1374/2773
f 2181/1377/2776 2180/1376/2775 2178/1374/2773
f 2178/1374/2773 2179/1375/2774 2182/1378/2777
f 2179/1375/2774 2183/1379/2778 2182/1378/2777
f 2182/1378/2777 2183/1379/2778 2184/1380/2779
f 2183/1379/2778 2185/1381/2780 2184/1380/2779
f 2180/1376/2775 2186/1382/2781 2179/1375/2774
f 2186/1382/2781 2187/1383/2782 2179/1375/2774
f 2179/1375/2774 2187/1383/2782 2183/1379/2778
f 2187/1383/2782 2188/1384/2783 2183/1379/2778
f 2183/1379/2778 2188/1384/2783 2185/1381/2780
f 2188/1384/2783 2189/1385/2784 2185/1381/2780
f 2185/1381/2780 2189/1385/2784 2190/1386/2785
f 2185/1381/2780 2190/1386/2785 2191/1387/2786
f 2184/1380/2779 2185/1381/2780 2191/1387/2786
f 2191/1387/2786 2190/1386/2785 2192/1388/2787
f 2190/1386/2785 2193/1389/2788 2192/1388/2787
f 2192/1388/2787 2193/1389/2788 2194/1390/2789
f 2193/1389/2788 2195/1391/2790 2194/1390/2789
f 2194/1390/2789 2195/1391/2790 2196/1392/2791
f 2195/1391/2790 2197/1393/2792 2196/1392/2791
f 2196/1392/2791 2197/1393/2792 2198/1394/2793
f 2197/1393/2792 2199/1395/2794 2198/1394/2793
f 2189/1385/2784 2200/1396/2795 2190/1386/2785
f 2190/1386/2785 2200/1396/2795 2193/1389/2788
f 2200/1396/2795 2201/1397/2796 2193/1389/2788
f 2193/1389/2788 2201/1397/2796 2195/1391/2790
f 2201/1397/2796 2202/1398/2797 2195/1391/2790
f 2195/1391/2790 2202/1398/2797 2197/1393/2792
f 2202/1398/2797 2203/1399/2798 2197/1393/2792
f 2197/1393/2792 2203/1399/2798 2199/1395/2794
f 2203/1399/2798 2204/1400/2799 2199/1395/2794
f 2200/1396/2802 2205/1401/2801 2201/1397/2800
f 2206/1402/2803 2205/1401/2801 2200/1396/2802
f 2189/1385/2804 2206/1402/2803 2200/1396/2802
f 2207/1403/2805 2206/1402/2803 2189/1385/2804
f 2188/1384/2806 2207/1403/2805 2189/1385/2804
f 2208/1404/2807 2207/1403/2805 2188/1384/2783
f 2187/1383/2782 2208/1404/2807 2188/1384/2783
f 2209/1405/2808 2208/1404/2807 2187/1383/2782
f 2186/1382/2781 2209/1405/2808 2187/1383/2782
f 2205/1401/2801 2210/1406/2809 2201/1397/2800
f 2201/1397/2800 2210/1406/2809 2202/1398/2810
f 2210/1406/2809 2211/1407/2811 2202/1398/2810
f 2202/1398/2797 2211/1407/2811 2203/1399/2798
f 2211/1407/2811 2212/1408/2812 2203/1399/2798
f 2203/1399/2798 2212/1408/2812 2204/1400/2799
f 2212/1408/2812 2213/1409/2813 2204/1400/2799
f 2209/1405/2816 2215/1382/2815 2214/1383/2814
f 2208/1404/2817 2209/1405/2816 2214/1383/2814
f 2208/1404/2817 2214/1383/2814 2216/1384/2818
f 2216/1384/2818 2214/1383/2814 2217/1379/2819
f 2214/1383/2814 2218/1375/2820 2217/1379/2819
f 2217/1379/2819 2218/1375/2820 2182/1378/2821
f 2218/1375/2820 2178/1374/2822 2182/1378/2821
f 2218/1375/2820 2219/1376/2823 2178/1374/2822
f 2219/1376/2823 2181/1377/2824 2178/1374/2822
f 2217/1379/2819 2182/1378/2821 2184/1380/2825
f 2220/1381/2826 2217/1379/2819 2184/1380/2825
f 2216/1384/2818 2217/1379/2819 2220/1381/2826
f 2220/1381/2826 2184/1380/2825 2191/1387/2827
f 2221/1386/2828 2220/1381/2826 2191/1387/2827
f 2221/1386/2828 2191/1387/2827 2192/1388/2829
f 2222/1389/2830 2221/1386/2828 2192/1388/2829
f 2215/1382/2815 2219/1376/2823 2218/1375/2820
f 2214/1383/2814 2215/1382/2815 2218/1375/2820
f 2223/1385/2831 2216/1384/2818 2220/1381/2826
f 2223/1385/2831 2220/1381/2826 2221/1386/2828
f 2224/1396/2832 2223/1385/2831 2221/1386/2828
f 2224/1396/2832 2221/1386/2828 2222/1389/2830
f 2225/1397/2833 2224/1396/2832 2222/1389/2830
f 2225/1397/2833 2222/1389/2830 2226/1391/2834
f 2226/1391/2834 2222/1389/2830 2194/1390/2835
f 2222/1389/2830 2192/1388/2829 2194/1390/2835
f 2226/1391/2834 2194/1390/2835 2196/1392/2836
f 2227/1393/2837 2226/1391/2834 2196/1392/2836
f 2227/1393/2837 2196/1392/2836 2198/1394/2838
f 2228/1395/2839 2227/1393/2837 2198/1394/2838
f 2229/1398/2840 2225/1397/2833 2226/1391/2834
f 2229/1398/2840 2226/1391/2834 2227/1393/2837
f 2230/1399/2841 2229/1398/2840 2227/1393/2837
f 2230/1399/2841 2227/1393/2837 2228/1395/2839
f 2231/1400/2842 2230/1399/2841 2228/1395/2839
f 2206/1402/2845 2223/1385/2844 2224/1396/2843
f 2206/1402/2845 2207/1403/2846 2223/1385/2844
f 2207/1403/2846 2216/1384/2818 2223/1385/2844
f 2207/1403/2846 2208/1404/2817 2216/1384/2818
f 2205/1401/2847 2206/1402/2845 2224/1396/2843
f 2205/1401/2847 2224/1396/2843 2225/1397/2848
f 2211/1407/2849 2229/1398/2840 2230/1399/2841
f 2211/1407/2849 2210/1406/2850 2229/1398/2840
f 2210/1406/2850 2205/1401/2847 2225/1397/2848
f 2210/1406/2850 2225/1397/2848 2229/1398/2840
f 2212/1408/2851 2211/1407/2849 2230/1399/2841
f 2212/1408/2851 2230/1399/2841 2231/1400/2842
f 2213/1409/2852 2212/1408/2851 2231/1400/2842
f 2232/1399/2853 2231/1400/2842 2228/1395/2839
f 2233/1393/2854 2232/1399/2853 2228/1395/2839
f 2233/1393/2854 2228/1395/2839 2198/1394/2838
f 2234/1392/2855 2233/1393/2854 2198/1394/2838
f 2235/1391/2856 2233/1393/2854 2234/1392/2855
f 2236/1390/2857 2235/1391/2856 2234/1392/2855
f 2237/1389/2858 2235/1391/2856 2236/1390/2857
f 2238/1388/2859 2237/1389/2858 2236/1390/2857
f 2237/1389/2858 2239/1397/2860 2235/1391/2856
f 2240/1396/2861 2239/1397/2860 2237/1389/2858
f 2241/1386/2862 2240/1396/2861 2237/1389/2858
f 2241/1386/2862 2237/1389/2858 2238/1388/2859
f 2242/1387/2863 2241/1386/2862 2238/1388/2859
f 2243/1386/2866 2242/1387/2865 2238/1388/2864
f 2243/1386/2866 2244/1381/2867 2242/1387/2865
f 2244/1381/2867 2245/1380/2868 2242/1387/2865
f 2246/1389/2869 2243/1386/2866 2238/1388/2864
f 2246/1389/2869 2238/1388/2864 2236/1390/2870
f 2247/1391/2871 2246/1389/2869 2236/1390/2870
f 2247/1391/2871 2236/1390/2870 2234/1392/2872
f 2248/1393/2873 2247/1391/2871 2234/1392/2872
f 2248/1393/2873 2234/1392/2872 2198/1394/2793
f 2199/1395/2794 2248/1393/2873 2198/1394/2793
f 2249/1385/2874 2244/1381/2867 2243/1386/2866
f 2249/1385/2874 2250/1384/2875 2244/1381/2867
f 2250/1384/2875 2251/1379/2876 2244/1381/2867
f 2244/1381/2867 2251/1379/2876 2245/1380/2868
f 2251/1379/2876 2252/1378/2877 2245/1380/2868
f 2251/1379/2876 2253/1375/2878 2252/1378/2877
f 2253/1375/2878 2254/1374/2879 2252/1378/2877
f 2253/1375/2878 2180/1376/2775 2254/1374/2879
f 2180/1376/2775 2181/1377/2776 2254/1374/2879
f 2186/1382/2781 2180/1376/2775 2253/1375/2878
f 2255/1383/2880 2186/1382/2781 2253/1375/2878
f 2255/1383/2880 2253/1375/2878 2251/1379/2876
f 2250/1384/2875 2255/1383/2880 2251/1379/2876
f 2256/1398/2881 2247/1391/2871 2248/1393/2873
f 2257/1399/2882 2256/1398/2881 2248/1393/2873
f 2257/1399/2882 2248/1393/2873 2199/1395/2794
f 2204/1400/2799 2257/1399/2882 2199/1395/2794
f 2258/1404/2883 2255/1383/2880 2250/1384/2875
f 2258/1404/2883 2209/1405/2808 2255/1383/2880
f 2209/1405/2808 2186/1382/2781 2255/1383/2880
f 2259/1403/2884 2258/1404/2883 2250/1384/2875
f 2260/1407/2885 2256/1398/2881 2257/1399/2882
f 2260/1407/2885 2261/1406/2886 2256/1398/2881
f 2261/1406/2886 2262/1397/2887 2256/1398/2881
f 2256/1398/2881 2262/1397/2888 2247/1391/2871
f 2262/1397/2888 2246/1389/2869 2247/1391/2871
f 2262/1397/2888 2263/1396/2889 2246/1389/2869
f 2263/1396/2889 2243/1386/2866 2246/1389/2869
f 2263/1396/2889 2249/1385/2874 2243/1386/2866
f 2259/1403/2884 2250/1384/2875 2249/1385/2890
f 2264/1402/2891 2259/1403/2884 2249/1385/2890
f 2264/1402/2891 2249/1385/2890 2263/1396/2892
f 2265/1401/2893 2264/1402/2891 2263/1396/2892
f 2265/1401/2893 2263/1396/2892 2262/1397/2887
f 2261/1406/2886 2265/1401/2893 2262/1397/2887
f 2266/1408/2894 2260/1407/2885 2257/1399/2882
f 2266/1408/2894 2257/1399/2882 2204/1400/2799
f 2213/1409/2813 2266/1408/2894 2204/1400/2799
f 2264/1402/2897 2265/1401/2896 2240/1396/2895
f 2267/1385/2898 2264/1402/2897 2240/1396/2895
f 2267/1385/2899 2240/1396/2861 2241/1386/2862
f 2268/1381/2900 2267/1385/2899 2241/1386/2862
f 2268/1381/2900 2241/1386/2862 2242/1387/2863
f 2245/1380/2901 2268/1381/2900 2242/1387/2863
f 2269/1379/2902 2268/1381/2900 2245/1380/2901
f 2252/1378/2903 2269/1379/2902 2245/1380/2901
f 2270/1375/2904 2269/1379/2902 2252/1378/2903
f 2254/1374/2905 2270/1375/2904 2252/1378/2903
f 2219/1376/2823 2270/1375/2904 2254/1374/2905
f 2181/1377/2824 2219/1376/2823 2254/1374/2905
f 2219/1376/2823 2215/1382/2815 2270/1375/2904
f 2215/1382/2815 2271/1383/2906 2270/1375/2904
f 2270/1375/2904 2271/1383/2906 2269/1379/2902
f 2271/1383/2906 2272/1384/2907 2269/1379/2902
f 2272/1384/2907 2267/1385/2899 2268/1381/2900
f 2269/1379/2902 2272/1384/2907 2268/1381/2900
f 2271/1383/2906 2258/1404/2908 2272/1384/2907
f 2209/1405/2816 2258/1404/2908 2271/1383/2906
f 2215/1382/2815 2209/1405/2816 2271/1383/2906
f 2258/1404/2908 2259/1403/2909 2272/1384/2907
f 2272/1384/2907 2259/1403/2909 2267/1385/2898
f 2259/1403/2909 2264/1402/2897 2267/1385/2898
f 2239/1397/2860 2273/1398/2910 2235/1391/2856
f 2235/1391/2856 2273/1398/2910 2233/1393/2854
f 2273/1398/2910 2232/1399/2853 2233/1393/2854
f 2239/1397/2913 2261/1406/2912 2273/1398/2911
f 2265/1401/2896 2261/1406/2912 2239/1397/2913
f 2240/1396/2895 2265/1401/2896 2239/1397/2913
f 2261/1406/2912 2260/1407/2914 2273/1398/2911
f 2273/1398/2910 2260/1407/2914 2232/1399/2853
f 2260/1407/2914 2266/1408/2915 2232/1399/2853
f 2232/1399/2853 2266/1408/2915 2231/1400/2842
f 2266/1408/2915 2213/1409/2852 2231/1400/2842
# 4462 elements

