# Treason voxel missile; 1/32-block grid. +Z is forward.
vt 0.04545455 0.5
vt 0.13636364 0.5
vt 0.22727273 0.5
vt 0.31818182 0.5
vt 0.40909091 0.5
vt 0.50000000 0.5
vt 0.59090909 0.5
vt 0.68181818 0.5
vt 0.77272727 0.5
vt 0.86363636 0.5
vt 0.95454545 0.5
g body
v -0.12500 -0.12500 -0.34375
v -0.12500 -0.09375 -0.34375
v -0.12500 -0.09375 -0.37500
v -0.12500 -0.12500 -0.37500
f 1/1 2/1 3/1
f 1/1 3/1 4/1
v -0.12500 -0.12500 -0.37500
v -0.09375 -0.12500 -0.37500
v -0.09375 -0.12500 -0.34375
v -0.12500 -0.12500 -0.34375
f 5/3 6/3 7/3
f 5/3 7/3 8/3
v -0.12500 -0.12500 -0.31250
v -0.12500 -0.09375 -0.31250
v -0.12500 -0.09375 -0.34375
v -0.12500 -0.12500 -0.34375
f 9/1 10/1 11/1
f 9/1 11/1 12/1
v -0.12500 -0.12500 -0.34375
v -0.09375 -0.12500 -0.34375
v -0.09375 -0.12500 -0.31250
v -0.12500 -0.12500 -0.31250
f 13/3 14/3 15/3
f 13/3 15/3 16/3
v -0.12500 -0.12500 -0.28125
v -0.12500 -0.09375 -0.28125
v -0.12500 -0.09375 -0.31250
v -0.12500 -0.12500 -0.31250
f 17/2 18/2 19/2
f 17/2 19/2 20/2
v -0.12500 -0.12500 -0.31250
v -0.09375 -0.12500 -0.31250
v -0.09375 -0.12500 -0.28125
v -0.12500 -0.12500 -0.28125
f 21/3 22/3 23/3
f 21/3 23/3 24/3
v -0.12500 -0.12500 -0.25000
v -0.12500 -0.09375 -0.25000
v -0.12500 -0.09375 -0.28125
v -0.12500 -0.12500 -0.28125
f 25/1 26/1 27/1
f 25/1 27/1 28/1
v -0.12500 -0.12500 -0.28125
v -0.09375 -0.12500 -0.28125
v -0.09375 -0.12500 -0.25000
v -0.12500 -0.12500 -0.25000
f 29/3 30/3 31/3
f 29/3 31/3 32/3
v -0.12500 -0.12500 -0.21875
v -0.12500 -0.09375 -0.21875
v -0.12500 -0.09375 -0.25000
v -0.12500 -0.12500 -0.25000
f 33/1 34/1 35/1
f 33/1 35/1 36/1
v -0.12500 -0.12500 -0.25000
v -0.09375 -0.12500 -0.25000
v -0.09375 -0.12500 -0.21875
v -0.12500 -0.12500 -0.21875
f 37/3 38/3 39/3
f 37/3 39/3 40/3
v -0.12500 -0.12500 -0.18750
v -0.12500 -0.09375 -0.18750
v -0.12500 -0.09375 -0.21875
v -0.12500 -0.12500 -0.21875
f 41/1 42/1 43/1
f 41/1 43/1 44/1
v -0.12500 -0.12500 -0.21875
v -0.09375 -0.12500 -0.21875
v -0.09375 -0.12500 -0.18750
v -0.12500 -0.12500 -0.18750
f 45/3 46/3 47/3
f 45/3 47/3 48/3
v -0.12500 -0.12500 -0.15625
v -0.12500 -0.09375 -0.15625
v -0.12500 -0.09375 -0.18750
v -0.12500 -0.12500 -0.18750
f 49/1 50/1 51/1
f 49/1 51/1 52/1
v -0.12500 -0.12500 -0.18750
v -0.09375 -0.12500 -0.18750
v -0.09375 -0.12500 -0.15625
v -0.12500 -0.12500 -0.15625
f 53/3 54/3 55/3
f 53/3 55/3 56/3
v -0.12500 -0.12500 -0.12500
v -0.12500 -0.09375 -0.12500
v -0.12500 -0.09375 -0.15625
v -0.12500 -0.12500 -0.15625
f 57/2 58/2 59/2
f 57/2 59/2 60/2
v -0.12500 -0.12500 -0.15625
v -0.09375 -0.12500 -0.15625
v -0.09375 -0.12500 -0.12500
v -0.12500 -0.12500 -0.12500
f 61/3 62/3 63/3
f 61/3 63/3 64/3
v -0.12500 -0.12500 -0.09375
v -0.12500 -0.09375 -0.09375
v -0.12500 -0.09375 -0.12500
v -0.12500 -0.12500 -0.12500
f 65/1 66/1 67/1
f 65/1 67/1 68/1
v -0.12500 -0.12500 -0.12500
v -0.09375 -0.12500 -0.12500
v -0.09375 -0.12500 -0.09375
v -0.12500 -0.12500 -0.09375
f 69/3 70/3 71/3
f 69/3 71/3 72/3
v -0.12500 -0.12500 -0.06250
v -0.12500 -0.09375 -0.06250
v -0.12500 -0.09375 -0.09375
v -0.12500 -0.12500 -0.09375
f 73/1 74/1 75/1
f 73/1 75/1 76/1
v -0.12500 -0.12500 -0.09375
v -0.09375 -0.12500 -0.09375
v -0.09375 -0.12500 -0.06250
v -0.12500 -0.12500 -0.06250
f 77/3 78/3 79/3
f 77/3 79/3 80/3
v -0.12500 -0.12500 -0.03125
v -0.12500 -0.09375 -0.03125
v -0.12500 -0.09375 -0.06250
v -0.12500 -0.12500 -0.06250
f 81/2 82/2 83/2
f 81/2 83/2 84/2
v -0.12500 -0.12500 -0.06250
v -0.09375 -0.12500 -0.06250
v -0.09375 -0.12500 -0.03125
v -0.12500 -0.12500 -0.03125
f 85/3 86/3 87/3
f 85/3 87/3 88/3
v -0.12500 -0.12500 0.00000
v -0.12500 -0.09375 0.00000
v -0.12500 -0.09375 -0.03125
v -0.12500 -0.12500 -0.03125
f 89/1 90/1 91/1
f 89/1 91/1 92/1
v -0.12500 -0.12500 -0.03125
v -0.09375 -0.12500 -0.03125
v -0.09375 -0.12500 0.00000
v -0.12500 -0.12500 0.00000
f 93/3 94/3 95/3
f 93/3 95/3 96/3
v -0.12500 -0.12500 0.03125
v -0.12500 -0.09375 0.03125
v -0.12500 -0.09375 0.00000
v -0.12500 -0.12500 0.00000
f 97/1 98/1 99/1
f 97/1 99/1 100/1
v -0.12500 -0.12500 0.00000
v -0.09375 -0.12500 0.00000
v -0.09375 -0.12500 0.03125
v -0.12500 -0.12500 0.03125
f 101/3 102/3 103/3
f 101/3 103/3 104/3
v -0.12500 -0.12500 0.06250
v -0.12500 -0.09375 0.06250
v -0.12500 -0.09375 0.03125
v -0.12500 -0.12500 0.03125
f 105/1 106/1 107/1
f 105/1 107/1 108/1
v -0.12500 -0.12500 0.03125
v -0.09375 -0.12500 0.03125
v -0.09375 -0.12500 0.06250
v -0.12500 -0.12500 0.06250
f 109/3 110/3 111/3
f 109/3 111/3 112/3
v -0.12500 -0.12500 0.09375
v -0.12500 -0.09375 0.09375
v -0.12500 -0.09375 0.06250
v -0.12500 -0.12500 0.06250
f 113/1 114/1 115/1
f 113/1 115/1 116/1
v -0.12500 -0.12500 0.06250
v -0.09375 -0.12500 0.06250
v -0.09375 -0.12500 0.09375
v -0.12500 -0.12500 0.09375
f 117/3 118/3 119/3
f 117/3 119/3 120/3
v -0.12500 -0.12500 0.12500
v -0.12500 -0.09375 0.12500
v -0.12500 -0.09375 0.09375
v -0.12500 -0.12500 0.09375
f 121/2 122/2 123/2
f 121/2 123/2 124/2
v -0.12500 -0.12500 0.09375
v -0.09375 -0.12500 0.09375
v -0.09375 -0.12500 0.12500
v -0.12500 -0.12500 0.12500
f 125/3 126/3 127/3
f 125/3 127/3 128/3
v -0.12500 -0.12500 0.15625
v -0.12500 -0.09375 0.15625
v -0.12500 -0.09375 0.12500
v -0.12500 -0.12500 0.12500
f 129/1 130/1 131/1
f 129/1 131/1 132/1
v -0.12500 -0.12500 0.12500
v -0.09375 -0.12500 0.12500
v -0.09375 -0.12500 0.15625
v -0.12500 -0.12500 0.15625
f 133/3 134/3 135/3
f 133/3 135/3 136/3
v -0.12500 -0.12500 0.18750
v -0.12500 -0.09375 0.18750
v -0.12500 -0.09375 0.15625
v -0.12500 -0.12500 0.15625
f 137/1 138/1 139/1
f 137/1 139/1 140/1
v -0.12500 -0.12500 0.15625
v -0.09375 -0.12500 0.15625
v -0.09375 -0.12500 0.18750
v -0.12500 -0.12500 0.18750
f 141/3 142/3 143/3
f 141/3 143/3 144/3
v -0.12500 -0.12500 0.21875
v -0.12500 -0.09375 0.21875
v -0.12500 -0.09375 0.18750
v -0.12500 -0.12500 0.18750
f 145/1 146/1 147/1
f 145/1 147/1 148/1
v -0.12500 -0.12500 0.18750
v -0.09375 -0.12500 0.18750
v -0.09375 -0.12500 0.21875
v -0.12500 -0.12500 0.21875
f 149/3 150/3 151/3
f 149/3 151/3 152/3
v -0.12500 -0.12500 0.28125
v -0.12500 -0.09375 0.28125
v -0.12500 -0.09375 0.25000
v -0.12500 -0.12500 0.25000
f 153/2 154/2 155/2
f 153/2 155/2 156/2
v -0.12500 -0.12500 0.25000
v -0.09375 -0.12500 0.25000
v -0.09375 -0.12500 0.28125
v -0.12500 -0.12500 0.28125
f 157/3 158/3 159/3
f 157/3 159/3 160/3
v -0.12500 -0.09375 -0.34375
v -0.12500 -0.06250 -0.34375
v -0.12500 -0.06250 -0.37500
v -0.12500 -0.09375 -0.37500
f 161/1 162/1 163/1
f 161/1 163/1 164/1
v -0.12500 -0.09375 -0.31250
v -0.12500 -0.06250 -0.31250
v -0.12500 -0.06250 -0.34375
v -0.12500 -0.09375 -0.34375
f 165/4 166/4 167/4
f 165/4 167/4 168/4
v -0.12500 -0.09375 -0.28125
v -0.12500 -0.06250 -0.28125
v -0.12500 -0.06250 -0.31250
v -0.12500 -0.09375 -0.31250
f 169/1 170/1 171/1
f 169/1 171/1 172/1
v -0.12500 -0.09375 -0.25000
v -0.12500 -0.06250 -0.25000
v -0.12500 -0.06250 -0.28125
v -0.12500 -0.09375 -0.28125
f 173/1 174/1 175/1
f 173/1 175/1 176/1
v -0.12500 -0.09375 -0.21875
v -0.12500 -0.06250 -0.21875
v -0.12500 -0.06250 -0.25000
v -0.12500 -0.09375 -0.25000
f 177/2 178/2 179/2
f 177/2 179/2 180/2
v -0.12500 -0.09375 -0.18750
v -0.12500 -0.06250 -0.18750
v -0.12500 -0.06250 -0.21875
v -0.12500 -0.09375 -0.21875
f 181/1 182/1 183/1
f 181/1 183/1 184/1
v -0.12500 -0.09375 -0.15625
v -0.12500 -0.06250 -0.15625
v -0.12500 -0.06250 -0.18750
v -0.12500 -0.09375 -0.18750
f 185/1 186/1 187/1
f 185/1 187/1 188/1
v -0.12500 -0.09375 -0.12500
v -0.12500 -0.06250 -0.12500
v -0.12500 -0.06250 -0.15625
v -0.12500 -0.09375 -0.15625
f 189/1 190/1 191/1
f 189/1 191/1 192/1
v -0.12500 -0.09375 -0.09375
v -0.12500 -0.06250 -0.09375
v -0.12500 -0.06250 -0.12500
v -0.12500 -0.09375 -0.12500
f 193/1 194/1 195/1
f 193/1 195/1 196/1
v -0.12500 -0.09375 -0.06250
v -0.12500 -0.06250 -0.06250
v -0.12500 -0.06250 -0.09375
v -0.12500 -0.09375 -0.09375
f 197/2 198/2 199/2
f 197/2 199/2 200/2
v -0.12500 -0.09375 -0.03125
v -0.12500 -0.06250 -0.03125
v -0.12500 -0.06250 -0.06250
v -0.12500 -0.09375 -0.06250
f 201/1 202/1 203/1
f 201/1 203/1 204/1
v -0.12500 -0.09375 0.00000
v -0.12500 -0.06250 0.00000
v -0.12500 -0.06250 -0.03125
v -0.12500 -0.09375 -0.03125
f 205/1 206/1 207/1
f 205/1 207/1 208/1
v -0.12500 -0.09375 0.03125
v -0.12500 -0.06250 0.03125
v -0.12500 -0.06250 0.00000
v -0.12500 -0.09375 0.00000
f 209/2 210/2 211/2
f 209/2 211/2 212/2
v -0.12500 -0.09375 0.06250
v -0.12500 -0.06250 0.06250
v -0.12500 -0.06250 0.03125
v -0.12500 -0.09375 0.03125
f 213/1 214/1 215/1
f 213/1 215/1 216/1
v -0.12500 -0.09375 0.09375
v -0.12500 -0.06250 0.09375
v -0.12500 -0.06250 0.06250
v -0.12500 -0.09375 0.06250
f 217/1 218/1 219/1
f 217/1 219/1 220/1
v -0.12500 -0.09375 0.12500
v -0.12500 -0.06250 0.12500
v -0.12500 -0.06250 0.09375
v -0.12500 -0.09375 0.09375
f 221/1 222/1 223/1
f 221/1 223/1 224/1
v -0.12500 -0.09375 0.15625
v -0.12500 -0.06250 0.15625
v -0.12500 -0.06250 0.12500
v -0.12500 -0.09375 0.12500
f 225/1 226/1 227/1
f 225/1 227/1 228/1
v -0.12500 -0.09375 0.18750
v -0.12500 -0.06250 0.18750
v -0.12500 -0.06250 0.15625
v -0.12500 -0.09375 0.15625
f 229/4 230/4 231/4
f 229/4 231/4 232/4
v -0.12500 -0.09375 0.21875
v -0.12500 -0.06250 0.21875
v -0.12500 -0.06250 0.18750
v -0.12500 -0.09375 0.18750
f 233/1 234/1 235/1
f 233/1 235/1 236/1
v -0.12500 -0.09375 0.28125
v -0.12500 -0.06250 0.28125
v -0.12500 -0.06250 0.25000
v -0.12500 -0.09375 0.25000
f 237/1 238/1 239/1
f 237/1 239/1 240/1
v -0.12500 -0.06250 -0.34375
v -0.12500 -0.03125 -0.34375
v -0.12500 -0.03125 -0.37500
v -0.12500 -0.06250 -0.37500
f 241/1 242/1 243/1
f 241/1 243/1 244/1
v -0.12500 -0.06250 -0.31250
v -0.12500 -0.03125 -0.31250
v -0.12500 -0.03125 -0.34375
v -0.12500 -0.06250 -0.34375
f 245/2 246/2 247/2
f 245/2 247/2 248/2
v -0.12500 -0.06250 -0.28125
v -0.12500 -0.03125 -0.28125
v -0.12500 -0.03125 -0.31250
v -0.12500 -0.06250 -0.31250
f 249/1 250/1 251/1
f 249/1 251/1 252/1
v -0.12500 -0.06250 -0.25000
v -0.12500 -0.03125 -0.25000
v -0.12500 -0.03125 -0.28125
v -0.12500 -0.06250 -0.28125
f 253/1 254/1 255/1
f 253/1 255/1 256/1
v -0.12500 -0.06250 -0.21875
v -0.12500 -0.03125 -0.21875
v -0.12500 -0.03125 -0.25000
v -0.12500 -0.06250 -0.25000
f 257/1 258/1 259/1
f 257/1 259/1 260/1
v -0.12500 -0.06250 -0.18750
v -0.12500 -0.03125 -0.18750
v -0.12500 -0.03125 -0.21875
v -0.12500 -0.06250 -0.21875
f 261/1 262/1 263/1
f 261/1 263/1 264/1
v -0.12500 -0.06250 -0.15625
v -0.12500 -0.03125 -0.15625
v -0.12500 -0.03125 -0.18750
v -0.12500 -0.06250 -0.18750
f 265/2 266/2 267/2
f 265/2 267/2 268/2
v -0.12500 -0.06250 -0.12500
v -0.12500 -0.03125 -0.12500
v -0.12500 -0.03125 -0.15625
v -0.12500 -0.06250 -0.15625
f 269/1 270/1 271/1
f 269/1 271/1 272/1
v -0.12500 -0.06250 -0.09375
v -0.12500 -0.03125 -0.09375
v -0.12500 -0.03125 -0.12500
v -0.12500 -0.06250 -0.12500
f 273/1 274/1 275/1
f 273/1 275/1 276/1
v -0.12500 -0.06250 -0.06250
v -0.12500 -0.03125 -0.06250
v -0.12500 -0.03125 -0.09375
v -0.12500 -0.06250 -0.09375
f 277/1 278/1 279/1
f 277/1 279/1 280/1
v -0.12500 -0.06250 -0.03125
v -0.12500 -0.03125 -0.03125
v -0.12500 -0.03125 -0.06250
v -0.12500 -0.06250 -0.06250
f 281/1 282/1 283/1
f 281/1 283/1 284/1
v -0.12500 -0.06250 0.00000
v -0.12500 -0.03125 0.00000
v -0.12500 -0.03125 -0.03125
v -0.12500 -0.06250 -0.03125
f 285/2 286/2 287/2
f 285/2 287/2 288/2
v -0.12500 -0.06250 0.03125
v -0.12500 -0.03125 0.03125
v -0.12500 -0.03125 0.00000
v -0.12500 -0.06250 0.00000
f 289/1 290/1 291/1
f 289/1 291/1 292/1
v -0.12500 -0.06250 0.06250
v -0.12500 -0.03125 0.06250
v -0.12500 -0.03125 0.03125
v -0.12500 -0.06250 0.03125
f 293/1 294/1 295/1
f 293/1 295/1 296/1
v -0.12500 -0.06250 0.09375
v -0.12500 -0.03125 0.09375
v -0.12500 -0.03125 0.06250
v -0.12500 -0.06250 0.06250
f 297/2 298/2 299/2
f 297/2 299/2 300/2
v -0.12500 -0.06250 0.12500
v -0.12500 -0.03125 0.12500
v -0.12500 -0.03125 0.09375
v -0.12500 -0.06250 0.09375
f 301/1 302/1 303/1
f 301/1 303/1 304/1
v -0.12500 -0.06250 0.15625
v -0.12500 -0.03125 0.15625
v -0.12500 -0.03125 0.12500
v -0.12500 -0.06250 0.12500
f 305/1 306/1 307/1
f 305/1 307/1 308/1
v -0.12500 -0.06250 0.18750
v -0.12500 -0.03125 0.18750
v -0.12500 -0.03125 0.15625
v -0.12500 -0.06250 0.15625
f 309/1 310/1 311/1
f 309/1 311/1 312/1
v -0.12500 -0.06250 0.21875
v -0.12500 -0.03125 0.21875
v -0.12500 -0.03125 0.18750
v -0.12500 -0.06250 0.18750
f 313/1 314/1 315/1
f 313/1 315/1 316/1
v -0.12500 -0.06250 0.28125
v -0.12500 -0.03125 0.28125
v -0.12500 -0.03125 0.25000
v -0.12500 -0.06250 0.25000
f 317/1 318/1 319/1
f 317/1 319/1 320/1
v -0.12500 -0.03125 -0.09375
v -0.12500 0.00000 -0.09375
v -0.12500 0.00000 -0.12500
v -0.12500 -0.03125 -0.12500
f 321/2 322/2 323/2
f 321/2 323/2 324/2
v -0.12500 -0.03125 -0.06250
v -0.12500 0.00000 -0.06250
v -0.12500 0.00000 -0.09375
v -0.12500 -0.03125 -0.09375
f 325/1 326/1 327/1
f 325/1 327/1 328/1
v -0.12500 -0.03125 -0.03125
v -0.12500 0.00000 -0.03125
v -0.12500 0.00000 -0.06250
v -0.12500 -0.03125 -0.06250
f 329/1 330/1 331/1
f 329/1 331/1 332/1
v -0.12500 -0.03125 0.00000
v -0.12500 0.00000 0.00000
v -0.12500 0.00000 -0.03125
v -0.12500 -0.03125 -0.03125
f 333/1 334/1 335/1
f 333/1 335/1 336/1
v -0.12500 -0.03125 0.03125
v -0.12500 0.00000 0.03125
v -0.12500 0.00000 0.00000
v -0.12500 -0.03125 0.00000
f 337/1 338/1 339/1
f 337/1 339/1 340/1
v -0.12500 -0.03125 0.06250
v -0.12500 0.00000 0.06250
v -0.12500 0.00000 0.03125
v -0.12500 -0.03125 0.03125
f 341/2 342/2 343/2
f 341/2 343/2 344/2
v -0.12500 -0.03125 0.09375
v -0.12500 0.00000 0.09375
v -0.12500 0.00000 0.06250
v -0.12500 -0.03125 0.06250
f 345/1 346/1 347/1
f 345/1 347/1 348/1
v -0.12500 -0.03125 0.12500
v -0.12500 0.00000 0.12500
v -0.12500 0.00000 0.09375
v -0.12500 -0.03125 0.09375
f 349/1 350/1 351/1
f 349/1 351/1 352/1
v -0.12500 -0.03125 0.15625
v -0.12500 0.00000 0.15625
v -0.12500 0.00000 0.12500
v -0.12500 -0.03125 0.12500
f 353/2 354/2 355/2
f 353/2 355/2 356/2
v -0.12500 -0.03125 0.18750
v -0.12500 0.00000 0.18750
v -0.12500 0.00000 0.15625
v -0.12500 -0.03125 0.15625
f 357/1 358/1 359/1
f 357/1 359/1 360/1
v -0.12500 -0.03125 0.21875
v -0.12500 0.00000 0.21875
v -0.12500 0.00000 0.18750
v -0.12500 -0.03125 0.18750
f 361/1 362/1 363/1
f 361/1 363/1 364/1
v -0.12500 -0.03125 0.28125
v -0.12500 0.00000 0.28125
v -0.12500 0.00000 0.25000
v -0.12500 -0.03125 0.25000
f 365/1 366/1 367/1
f 365/1 367/1 368/1
v -0.12500 0.00000 -0.09375
v -0.12500 0.03125 -0.09375
v -0.12500 0.03125 -0.12500
v -0.12500 0.00000 -0.12500
f 369/1 370/1 371/1
f 369/1 371/1 372/1
v -0.12500 0.00000 -0.06250
v -0.12500 0.03125 -0.06250
v -0.12500 0.03125 -0.09375
v -0.12500 0.00000 -0.09375
f 373/1 374/1 375/1
f 373/1 375/1 376/1
v -0.12500 0.00000 -0.03125
v -0.12500 0.03125 -0.03125
v -0.12500 0.03125 -0.06250
v -0.12500 0.00000 -0.06250
f 377/2 378/2 379/2
f 377/2 379/2 380/2
v -0.12500 0.00000 0.00000
v -0.12500 0.03125 0.00000
v -0.12500 0.03125 -0.03125
v -0.12500 0.00000 -0.03125
f 381/1 382/1 383/1
f 381/1 383/1 384/1
v -0.12500 0.00000 0.03125
v -0.12500 0.03125 0.03125
v -0.12500 0.03125 0.00000
v -0.12500 0.00000 0.00000
f 385/1 386/1 387/1
f 385/1 387/1 388/1
v -0.12500 0.00000 0.06250
v -0.12500 0.03125 0.06250
v -0.12500 0.03125 0.03125
v -0.12500 0.00000 0.03125
f 389/1 390/1 391/1
f 389/1 391/1 392/1
v -0.12500 0.00000 0.09375
v -0.12500 0.03125 0.09375
v -0.12500 0.03125 0.06250
v -0.12500 0.00000 0.06250
f 393/1 394/1 395/1
f 393/1 395/1 396/1
v -0.12500 0.00000 0.12500
v -0.12500 0.03125 0.12500
v -0.12500 0.03125 0.09375
v -0.12500 0.00000 0.09375
f 397/2 398/2 399/2
f 397/2 399/2 400/2
v -0.12500 0.00000 0.15625
v -0.12500 0.03125 0.15625
v -0.12500 0.03125 0.12500
v -0.12500 0.00000 0.12500
f 401/1 402/1 403/1
f 401/1 403/1 404/1
v -0.12500 0.00000 0.18750
v -0.12500 0.03125 0.18750
v -0.12500 0.03125 0.15625
v -0.12500 0.00000 0.15625
f 405/1 406/1 407/1
f 405/1 407/1 408/1
v -0.12500 0.00000 0.21875
v -0.12500 0.03125 0.21875
v -0.12500 0.03125 0.18750
v -0.12500 0.00000 0.18750
f 409/2 410/2 411/2
f 409/2 411/2 412/2
v -0.12500 0.00000 0.28125
v -0.12500 0.03125 0.28125
v -0.12500 0.03125 0.25000
v -0.12500 0.00000 0.25000
f 413/1 414/1 415/1
f 413/1 415/1 416/1
v -0.12500 0.03125 -0.34375
v -0.12500 0.06250 -0.34375
v -0.12500 0.06250 -0.37500
v -0.12500 0.03125 -0.37500
f 417/1 418/1 419/1
f 417/1 419/1 420/1
v -0.12500 0.03125 -0.31250
v -0.12500 0.06250 -0.31250
v -0.12500 0.06250 -0.34375
v -0.12500 0.03125 -0.34375
f 421/1 422/1 423/1
f 421/1 423/1 424/1
v -0.12500 0.03125 -0.28125
v -0.12500 0.06250 -0.28125
v -0.12500 0.06250 -0.31250
v -0.12500 0.03125 -0.31250
f 425/1 426/1 427/1
f 425/1 427/1 428/1
v -0.12500 0.03125 -0.25000
v -0.12500 0.06250 -0.25000
v -0.12500 0.06250 -0.28125
v -0.12500 0.03125 -0.28125
f 429/11 430/11 431/11
f 429/11 431/11 432/11
v -0.12500 0.03125 -0.21875
v -0.12500 0.06250 -0.21875
v -0.12500 0.06250 -0.25000
v -0.12500 0.03125 -0.25000
f 433/2 434/2 435/2
f 433/2 435/2 436/2
v -0.12500 0.03125 -0.18750
v -0.12500 0.06250 -0.18750
v -0.12500 0.06250 -0.21875
v -0.12500 0.03125 -0.21875
f 437/11 438/11 439/11
f 437/11 439/11 440/11
v -0.12500 0.03125 -0.15625
v -0.12500 0.06250 -0.15625
v -0.12500 0.06250 -0.18750
v -0.12500 0.03125 -0.18750
f 441/1 442/1 443/1
f 441/1 443/1 444/1
v -0.12500 0.03125 -0.12500
v -0.12500 0.06250 -0.12500
v -0.12500 0.06250 -0.15625
v -0.12500 0.03125 -0.15625
f 445/11 446/11 447/11
f 445/11 447/11 448/11
v -0.12500 0.03125 -0.09375
v -0.12500 0.06250 -0.09375
v -0.12500 0.06250 -0.12500
v -0.12500 0.03125 -0.12500
f 449/1 450/1 451/1
f 449/1 451/1 452/1
v -0.12500 0.03125 -0.06250
v -0.12500 0.06250 -0.06250
v -0.12500 0.06250 -0.09375
v -0.12500 0.03125 -0.09375
f 453/1 454/1 455/1
f 453/1 455/1 456/1
v -0.12500 0.03125 -0.03125
v -0.12500 0.06250 -0.03125
v -0.12500 0.06250 -0.06250
v -0.12500 0.03125 -0.06250
f 457/1 458/1 459/1
f 457/1 459/1 460/1
v -0.12500 0.03125 0.00000
v -0.12500 0.06250 0.00000
v -0.12500 0.06250 -0.03125
v -0.12500 0.03125 -0.03125
f 461/1 462/1 463/1
f 461/1 463/1 464/1
v -0.12500 0.03125 0.03125
v -0.12500 0.06250 0.03125
v -0.12500 0.06250 0.00000
v -0.12500 0.03125 0.00000
f 465/2 466/2 467/2
f 465/2 467/2 468/2
v -0.12500 0.03125 0.06250
v -0.12500 0.06250 0.06250
v -0.12500 0.06250 0.03125
v -0.12500 0.03125 0.03125
f 469/1 470/1 471/1
f 469/1 471/1 472/1
v -0.12500 0.03125 0.09375
v -0.12500 0.06250 0.09375
v -0.12500 0.06250 0.06250
v -0.12500 0.03125 0.06250
f 473/1 474/1 475/1
f 473/1 475/1 476/1
v -0.12500 0.03125 0.12500
v -0.12500 0.06250 0.12500
v -0.12500 0.06250 0.09375
v -0.12500 0.03125 0.09375
f 477/1 478/1 479/1
f 477/1 479/1 480/1
v -0.12500 0.03125 0.15625
v -0.12500 0.06250 0.15625
v -0.12500 0.06250 0.12500
v -0.12500 0.03125 0.12500
f 481/1 482/1 483/1
f 481/1 483/1 484/1
v -0.12500 0.03125 0.18750
v -0.12500 0.06250 0.18750
v -0.12500 0.06250 0.15625
v -0.12500 0.03125 0.15625
f 485/2 486/2 487/2
f 485/2 487/2 488/2
v -0.12500 0.03125 0.21875
v -0.12500 0.06250 0.21875
v -0.12500 0.06250 0.18750
v -0.12500 0.03125 0.18750
f 489/1 490/1 491/1
f 489/1 491/1 492/1
v -0.12500 0.03125 0.28125
v -0.12500 0.06250 0.28125
v -0.12500 0.06250 0.25000
v -0.12500 0.03125 0.25000
f 493/2 494/2 495/2
f 493/2 495/2 496/2
v -0.12500 0.06250 -0.34375
v -0.12500 0.09375 -0.34375
v -0.12500 0.09375 -0.37500
v -0.12500 0.06250 -0.37500
f 497/1 498/1 499/1
f 497/1 499/1 500/1
v -0.12500 0.06250 -0.31250
v -0.12500 0.09375 -0.31250
v -0.12500 0.09375 -0.34375
v -0.12500 0.06250 -0.34375
f 501/4 502/4 503/4
f 501/4 503/4 504/4
v -0.12500 0.06250 -0.28125
v -0.12500 0.09375 -0.28125
v -0.12500 0.09375 -0.31250
v -0.12500 0.06250 -0.31250
f 505/1 506/1 507/1
f 505/1 507/1 508/1
v -0.12500 0.06250 -0.25000
v -0.12500 0.09375 -0.25000
v -0.12500 0.09375 -0.28125
v -0.12500 0.06250 -0.28125
f 509/1 510/1 511/1
f 509/1 511/1 512/1
v -0.12500 0.06250 -0.21875
v -0.12500 0.09375 -0.21875
v -0.12500 0.09375 -0.25000
v -0.12500 0.06250 -0.25000
f 513/1 514/1 515/1
f 513/1 515/1 516/1
v -0.12500 0.06250 -0.18750
v -0.12500 0.09375 -0.18750
v -0.12500 0.09375 -0.21875
v -0.12500 0.06250 -0.21875
f 517/1 518/1 519/1
f 517/1 519/1 520/1
v -0.12500 0.06250 -0.15625
v -0.12500 0.09375 -0.15625
v -0.12500 0.09375 -0.18750
v -0.12500 0.06250 -0.18750
f 521/2 522/2 523/2
f 521/2 523/2 524/2
v -0.12500 0.06250 -0.12500
v -0.12500 0.09375 -0.12500
v -0.12500 0.09375 -0.15625
v -0.12500 0.06250 -0.15625
f 525/1 526/1 527/1
f 525/1 527/1 528/1
v -0.12500 0.06250 -0.09375
v -0.12500 0.09375 -0.09375
v -0.12500 0.09375 -0.12500
v -0.12500 0.06250 -0.12500
f 529/1 530/1 531/1
f 529/1 531/1 532/1
v -0.12500 0.06250 -0.06250
v -0.12500 0.09375 -0.06250
v -0.12500 0.09375 -0.09375
v -0.12500 0.06250 -0.09375
f 533/2 534/2 535/2
f 533/2 535/2 536/2
v -0.12500 0.06250 -0.03125
v -0.12500 0.09375 -0.03125
v -0.12500 0.09375 -0.06250
v -0.12500 0.06250 -0.06250
f 537/1 538/1 539/1
f 537/1 539/1 540/1
v -0.12500 0.06250 0.00000
v -0.12500 0.09375 0.00000
v -0.12500 0.09375 -0.03125
v -0.12500 0.06250 -0.03125
f 541/1 542/1 543/1
f 541/1 543/1 544/1
v -0.12500 0.06250 0.03125
v -0.12500 0.09375 0.03125
v -0.12500 0.09375 0.00000
v -0.12500 0.06250 0.00000
f 545/1 546/1 547/1
f 545/1 547/1 548/1
v -0.12500 0.06250 0.06250
v -0.12500 0.09375 0.06250
v -0.12500 0.09375 0.03125
v -0.12500 0.06250 0.03125
f 549/1 550/1 551/1
f 549/1 551/1 552/1
v -0.12500 0.06250 0.09375
v -0.12500 0.09375 0.09375
v -0.12500 0.09375 0.06250
v -0.12500 0.06250 0.06250
f 553/2 554/2 555/2
f 553/2 555/2 556/2
v -0.12500 0.06250 0.12500
v -0.12500 0.09375 0.12500
v -0.12500 0.09375 0.09375
v -0.12500 0.06250 0.09375
f 557/1 558/1 559/1
f 557/1 559/1 560/1
v -0.12500 0.06250 0.15625
v -0.12500 0.09375 0.15625
v -0.12500 0.09375 0.12500
v -0.12500 0.06250 0.12500
f 561/1 562/1 563/1
f 561/1 563/1 564/1
v -0.12500 0.06250 0.18750
v -0.12500 0.09375 0.18750
v -0.12500 0.09375 0.15625
v -0.12500 0.06250 0.15625
f 565/4 566/4 567/4
f 565/4 567/4 568/4
v -0.12500 0.06250 0.21875
v -0.12500 0.09375 0.21875
v -0.12500 0.09375 0.18750
v -0.12500 0.06250 0.18750
f 569/1 570/1 571/1
f 569/1 571/1 572/1
v -0.12500 0.06250 0.28125
v -0.12500 0.09375 0.28125
v -0.12500 0.09375 0.25000
v -0.12500 0.06250 0.25000
f 573/1 574/1 575/1
f 573/1 575/1 576/1
v -0.12500 0.09375 -0.34375
v -0.12500 0.12500 -0.34375
v -0.12500 0.12500 -0.37500
v -0.12500 0.09375 -0.37500
f 577/3 578/3 579/3
f 577/3 579/3 580/3
v -0.12500 0.12500 -0.34375
v -0.09375 0.12500 -0.34375
v -0.09375 0.12500 -0.37500
v -0.12500 0.12500 -0.37500
f 581/3 582/3 583/3
f 581/3 583/3 584/3
v -0.12500 0.09375 -0.31250
v -0.12500 0.12500 -0.31250
v -0.12500 0.12500 -0.34375
v -0.12500 0.09375 -0.34375
f 585/3 586/3 587/3
f 585/3 587/3 588/3
v -0.12500 0.12500 -0.31250
v -0.09375 0.12500 -0.31250
v -0.09375 0.12500 -0.34375
v -0.12500 0.12500 -0.34375
f 589/3 590/3 591/3
f 589/3 591/3 592/3
v -0.12500 0.09375 -0.28125
v -0.12500 0.12500 -0.28125
v -0.12500 0.12500 -0.31250
v -0.12500 0.09375 -0.31250
f 593/3 594/3 595/3
f 593/3 595/3 596/3
v -0.12500 0.12500 -0.28125
v -0.09375 0.12500 -0.28125
v -0.09375 0.12500 -0.31250
v -0.12500 0.12500 -0.31250
f 597/3 598/3 599/3
f 597/3 599/3 600/3
v -0.12500 0.09375 -0.25000
v -0.12500 0.12500 -0.25000
v -0.12500 0.12500 -0.28125
v -0.12500 0.09375 -0.28125
f 601/3 602/3 603/3
f 601/3 603/3 604/3
v -0.12500 0.12500 -0.25000
v -0.09375 0.12500 -0.25000
v -0.09375 0.12500 -0.28125
v -0.12500 0.12500 -0.28125
f 605/3 606/3 607/3
f 605/3 607/3 608/3
v -0.12500 0.09375 -0.21875
v -0.12500 0.12500 -0.21875
v -0.12500 0.12500 -0.25000
v -0.12500 0.09375 -0.25000
f 609/3 610/3 611/3
f 609/3 611/3 612/3
v -0.12500 0.12500 -0.21875
v -0.09375 0.12500 -0.21875
v -0.09375 0.12500 -0.25000
v -0.12500 0.12500 -0.25000
f 613/3 614/3 615/3
f 613/3 615/3 616/3
v -0.12500 0.09375 -0.18750
v -0.12500 0.12500 -0.18750
v -0.12500 0.12500 -0.21875
v -0.12500 0.09375 -0.21875
f 617/3 618/3 619/3
f 617/3 619/3 620/3
v -0.12500 0.12500 -0.18750
v -0.09375 0.12500 -0.18750
v -0.09375 0.12500 -0.21875
v -0.12500 0.12500 -0.21875
f 621/3 622/3 623/3
f 621/3 623/3 624/3
v -0.12500 0.09375 -0.15625
v -0.12500 0.12500 -0.15625
v -0.12500 0.12500 -0.18750
v -0.12500 0.09375 -0.18750
f 625/3 626/3 627/3
f 625/3 627/3 628/3
v -0.12500 0.12500 -0.15625
v -0.09375 0.12500 -0.15625
v -0.09375 0.12500 -0.18750
v -0.12500 0.12500 -0.18750
f 629/3 630/3 631/3
f 629/3 631/3 632/3
v -0.12500 0.09375 -0.12500
v -0.12500 0.12500 -0.12500
v -0.12500 0.12500 -0.15625
v -0.12500 0.09375 -0.15625
f 633/3 634/3 635/3
f 633/3 635/3 636/3
v -0.12500 0.12500 -0.12500
v -0.09375 0.12500 -0.12500
v -0.09375 0.12500 -0.15625
v -0.12500 0.12500 -0.15625
f 637/3 638/3 639/3
f 637/3 639/3 640/3
v -0.12500 0.09375 -0.09375
v -0.12500 0.12500 -0.09375
v -0.12500 0.12500 -0.12500
v -0.12500 0.09375 -0.12500
f 641/3 642/3 643/3
f 641/3 643/3 644/3
v -0.12500 0.12500 -0.09375
v -0.09375 0.12500 -0.09375
v -0.09375 0.12500 -0.12500
v -0.12500 0.12500 -0.12500
f 645/3 646/3 647/3
f 645/3 647/3 648/3
v -0.12500 0.09375 -0.06250
v -0.12500 0.12500 -0.06250
v -0.12500 0.12500 -0.09375
v -0.12500 0.09375 -0.09375
f 649/3 650/3 651/3
f 649/3 651/3 652/3
v -0.12500 0.12500 -0.06250
v -0.09375 0.12500 -0.06250
v -0.09375 0.12500 -0.09375
v -0.12500 0.12500 -0.09375
f 653/3 654/3 655/3
f 653/3 655/3 656/3
v -0.12500 0.09375 -0.03125
v -0.12500 0.12500 -0.03125
v -0.12500 0.12500 -0.06250
v -0.12500 0.09375 -0.06250
f 657/3 658/3 659/3
f 657/3 659/3 660/3
v -0.12500 0.12500 -0.03125
v -0.09375 0.12500 -0.03125
v -0.09375 0.12500 -0.06250
v -0.12500 0.12500 -0.06250
f 661/3 662/3 663/3
f 661/3 663/3 664/3
v -0.12500 0.09375 0.00000
v -0.12500 0.12500 0.00000
v -0.12500 0.12500 -0.03125
v -0.12500 0.09375 -0.03125
f 665/3 666/3 667/3
f 665/3 667/3 668/3
v -0.12500 0.12500 0.00000
v -0.09375 0.12500 0.00000
v -0.09375 0.12500 -0.03125
v -0.12500 0.12500 -0.03125
f 669/3 670/3 671/3
f 669/3 671/3 672/3
v -0.12500 0.09375 0.03125
v -0.12500 0.12500 0.03125
v -0.12500 0.12500 0.00000
v -0.12500 0.09375 0.00000
f 673/3 674/3 675/3
f 673/3 675/3 676/3
v -0.12500 0.12500 0.03125
v -0.09375 0.12500 0.03125
v -0.09375 0.12500 0.00000
v -0.12500 0.12500 0.00000
f 677/3 678/3 679/3
f 677/3 679/3 680/3
v -0.12500 0.09375 0.06250
v -0.12500 0.12500 0.06250
v -0.12500 0.12500 0.03125
v -0.12500 0.09375 0.03125
f 681/3 682/3 683/3
f 681/3 683/3 684/3
v -0.12500 0.12500 0.06250
v -0.09375 0.12500 0.06250
v -0.09375 0.12500 0.03125
v -0.12500 0.12500 0.03125
f 685/3 686/3 687/3
f 685/3 687/3 688/3
v -0.12500 0.09375 0.09375
v -0.12500 0.12500 0.09375
v -0.12500 0.12500 0.06250
v -0.12500 0.09375 0.06250
f 689/3 690/3 691/3
f 689/3 691/3 692/3
v -0.12500 0.12500 0.09375
v -0.09375 0.12500 0.09375
v -0.09375 0.12500 0.06250
v -0.12500 0.12500 0.06250
f 693/3 694/3 695/3
f 693/3 695/3 696/3
v -0.12500 0.09375 0.12500
v -0.12500 0.12500 0.12500
v -0.12500 0.12500 0.09375
v -0.12500 0.09375 0.09375
f 697/3 698/3 699/3
f 697/3 699/3 700/3
v -0.12500 0.12500 0.12500
v -0.09375 0.12500 0.12500
v -0.09375 0.12500 0.09375
v -0.12500 0.12500 0.09375
f 701/3 702/3 703/3
f 701/3 703/3 704/3
v -0.12500 0.09375 0.15625
v -0.12500 0.12500 0.15625
v -0.12500 0.12500 0.12500
v -0.12500 0.09375 0.12500
f 705/3 706/3 707/3
f 705/3 707/3 708/3
v -0.12500 0.12500 0.15625
v -0.09375 0.12500 0.15625
v -0.09375 0.12500 0.12500
v -0.12500 0.12500 0.12500
f 709/3 710/3 711/3
f 709/3 711/3 712/3
v -0.12500 0.09375 0.18750
v -0.12500 0.12500 0.18750
v -0.12500 0.12500 0.15625
v -0.12500 0.09375 0.15625
f 713/3 714/3 715/3
f 713/3 715/3 716/3
v -0.12500 0.12500 0.18750
v -0.09375 0.12500 0.18750
v -0.09375 0.12500 0.15625
v -0.12500 0.12500 0.15625
f 717/3 718/3 719/3
f 717/3 719/3 720/3
v -0.12500 0.09375 0.21875
v -0.12500 0.12500 0.21875
v -0.12500 0.12500 0.18750
v -0.12500 0.09375 0.18750
f 721/3 722/3 723/3
f 721/3 723/3 724/3
v -0.12500 0.12500 0.21875
v -0.09375 0.12500 0.21875
v -0.09375 0.12500 0.18750
v -0.12500 0.12500 0.18750
f 725/3 726/3 727/3
f 725/3 727/3 728/3
v -0.12500 0.09375 0.28125
v -0.12500 0.12500 0.28125
v -0.12500 0.12500 0.25000
v -0.12500 0.09375 0.25000
f 729/3 730/3 731/3
f 729/3 731/3 732/3
v -0.12500 0.12500 0.28125
v -0.09375 0.12500 0.28125
v -0.09375 0.12500 0.25000
v -0.12500 0.12500 0.25000
f 733/3 734/3 735/3
f 733/3 735/3 736/3
v -0.09375 -0.12500 -0.37500
v -0.06250 -0.12500 -0.37500
v -0.06250 -0.12500 -0.34375
v -0.09375 -0.12500 -0.34375
f 737/1 738/1 739/1
f 737/1 739/1 740/1
v -0.09375 -0.12500 -0.34375
v -0.06250 -0.12500 -0.34375
v -0.06250 -0.12500 -0.31250
v -0.09375 -0.12500 -0.31250
f 741/4 742/4 743/4
f 741/4 743/4 744/4
v -0.09375 -0.12500 -0.31250
v -0.06250 -0.12500 -0.31250
v -0.06250 -0.12500 -0.28125
v -0.09375 -0.12500 -0.28125
f 745/1 746/1 747/1
f 745/1 747/1 748/1
v -0.09375 -0.12500 -0.28125
v -0.06250 -0.12500 -0.28125
v -0.06250 -0.12500 -0.25000
v -0.09375 -0.12500 -0.25000
f 749/2 750/2 751/2
f 749/2 751/2 752/2
v -0.09375 -0.12500 -0.25000
v -0.06250 -0.12500 -0.25000
v -0.06250 -0.12500 -0.21875
v -0.09375 -0.12500 -0.21875
f 753/1 754/1 755/1
f 753/1 755/1 756/1
v -0.09375 -0.12500 -0.21875
v -0.06250 -0.12500 -0.21875
v -0.06250 -0.12500 -0.18750
v -0.09375 -0.12500 -0.18750
f 757/1 758/1 759/1
f 757/1 759/1 760/1
v -0.09375 -0.12500 -0.18750
v -0.06250 -0.12500 -0.18750
v -0.06250 -0.12500 -0.15625
v -0.09375 -0.12500 -0.15625
f 761/2 762/2 763/2
f 761/2 763/2 764/2
v -0.09375 -0.12500 -0.15625
v -0.06250 -0.12500 -0.15625
v -0.06250 -0.12500 -0.12500
v -0.09375 -0.12500 -0.12500
f 765/1 766/1 767/1
f 765/1 767/1 768/1
v -0.09375 -0.12500 -0.12500
v -0.06250 -0.12500 -0.12500
v -0.06250 -0.12500 -0.09375
v -0.09375 -0.12500 -0.09375
f 769/1 770/1 771/1
f 769/1 771/1 772/1
v -0.09375 -0.12500 -0.09375
v -0.06250 -0.12500 -0.09375
v -0.06250 -0.12500 -0.06250
v -0.09375 -0.12500 -0.06250
f 773/1 774/1 775/1
f 773/1 775/1 776/1
v -0.09375 -0.12500 -0.06250
v -0.06250 -0.12500 -0.06250
v -0.06250 -0.12500 -0.03125
v -0.09375 -0.12500 -0.03125
f 777/1 778/1 779/1
f 777/1 779/1 780/1
v -0.09375 -0.12500 -0.03125
v -0.06250 -0.12500 -0.03125
v -0.06250 -0.12500 0.00000
v -0.09375 -0.12500 0.00000
f 781/2 782/2 783/2
f 781/2 783/2 784/2
v -0.09375 -0.12500 0.00000
v -0.06250 -0.12500 0.00000
v -0.06250 -0.12500 0.03125
v -0.09375 -0.12500 0.03125
f 785/1 786/1 787/1
f 785/1 787/1 788/1
v -0.09375 -0.12500 0.03125
v -0.06250 -0.12500 0.03125
v -0.06250 -0.12500 0.06250
v -0.09375 -0.12500 0.06250
f 789/1 790/1 791/1
f 789/1 791/1 792/1
v -0.09375 -0.12500 0.06250
v -0.06250 -0.12500 0.06250
v -0.06250 -0.12500 0.09375
v -0.09375 -0.12500 0.09375
f 793/1 794/1 795/1
f 793/1 795/1 796/1
v -0.09375 -0.12500 0.09375
v -0.06250 -0.12500 0.09375
v -0.06250 -0.12500 0.12500
v -0.09375 -0.12500 0.12500
f 797/1 798/1 799/1
f 797/1 799/1 800/1
v -0.09375 -0.12500 0.12500
v -0.06250 -0.12500 0.12500
v -0.06250 -0.12500 0.15625
v -0.09375 -0.12500 0.15625
f 801/2 802/2 803/2
f 801/2 803/2 804/2
v -0.09375 -0.12500 0.15625
v -0.06250 -0.12500 0.15625
v -0.06250 -0.12500 0.18750
v -0.09375 -0.12500 0.18750
f 805/4 806/4 807/4
f 805/4 807/4 808/4
v -0.09375 -0.12500 0.18750
v -0.06250 -0.12500 0.18750
v -0.06250 -0.12500 0.21875
v -0.09375 -0.12500 0.21875
f 809/1 810/1 811/1
f 809/1 811/1 812/1
v -0.09375 -0.12500 0.25000
v -0.06250 -0.12500 0.25000
v -0.06250 -0.12500 0.28125
v -0.09375 -0.12500 0.28125
f 813/1 814/1 815/1
f 813/1 815/1 816/1
v -0.09375 0.12500 -0.34375
v -0.06250 0.12500 -0.34375
v -0.06250 0.12500 -0.37500
v -0.09375 0.12500 -0.37500
f 817/1 818/1 819/1
f 817/1 819/1 820/1
v -0.09375 0.12500 -0.31250
v -0.06250 0.12500 -0.31250
v -0.06250 0.12500 -0.34375
v -0.09375 0.12500 -0.34375
f 821/4 822/4 823/4
f 821/4 823/4 824/4
v -0.09375 0.12500 -0.28125
v -0.06250 0.12500 -0.28125
v -0.06250 0.12500 -0.31250
v -0.09375 0.12500 -0.31250
f 825/1 826/1 827/1
f 825/1 827/1 828/1
v -0.09375 0.12500 -0.25000
v -0.06250 0.12500 -0.25000
v -0.06250 0.12500 -0.28125
v -0.09375 0.12500 -0.28125
f 829/1 830/1 831/1
f 829/1 831/1 832/1
v -0.09375 0.12500 -0.21875
v -0.06250 0.12500 -0.21875
v -0.06250 0.12500 -0.25000
v -0.09375 0.12500 -0.25000
f 833/2 834/2 835/2
f 833/2 835/2 836/2
v -0.09375 0.12500 -0.18750
v -0.06250 0.12500 -0.18750
v -0.06250 0.12500 -0.21875
v -0.09375 0.12500 -0.21875
f 837/1 838/1 839/1
f 837/1 839/1 840/1
v -0.09375 0.12500 -0.15625
v -0.06250 0.12500 -0.15625
v -0.06250 0.12500 -0.18750
v -0.09375 0.12500 -0.18750
f 841/1 842/1 843/1
f 841/1 843/1 844/1
v -0.09375 0.12500 -0.12500
v -0.06250 0.12500 -0.12500
v -0.06250 0.12500 -0.15625
v -0.09375 0.12500 -0.15625
f 845/2 846/2 847/2
f 845/2 847/2 848/2
v -0.09375 0.12500 -0.09375
v -0.06250 0.12500 -0.09375
v -0.06250 0.12500 -0.12500
v -0.09375 0.12500 -0.12500
f 849/1 850/1 851/1
f 849/1 851/1 852/1
v -0.09375 0.12500 -0.06250
v -0.06250 0.12500 -0.06250
v -0.06250 0.12500 -0.09375
v -0.09375 0.12500 -0.09375
f 853/1 854/1 855/1
f 853/1 855/1 856/1
v -0.09375 0.12500 -0.03125
v -0.06250 0.12500 -0.03125
v -0.06250 0.12500 -0.06250
v -0.09375 0.12500 -0.06250
f 857/1 858/1 859/1
f 857/1 859/1 860/1
v -0.09375 0.12500 0.00000
v -0.06250 0.12500 0.00000
v -0.06250 0.12500 -0.03125
v -0.09375 0.12500 -0.03125
f 861/1 862/1 863/1
f 861/1 863/1 864/1
v -0.09375 0.12500 0.03125
v -0.06250 0.12500 0.03125
v -0.06250 0.12500 0.00000
v -0.09375 0.12500 0.00000
f 865/2 866/2 867/2
f 865/2 867/2 868/2
v -0.09375 0.12500 0.06250
v -0.06250 0.12500 0.06250
v -0.06250 0.12500 0.03125
v -0.09375 0.12500 0.03125
f 869/1 870/1 871/1
f 869/1 871/1 872/1
v -0.09375 0.12500 0.09375
v -0.06250 0.12500 0.09375
v -0.06250 0.12500 0.06250
v -0.09375 0.12500 0.06250
f 873/1 874/1 875/1
f 873/1 875/1 876/1
v -0.09375 0.12500 0.12500
v -0.06250 0.12500 0.12500
v -0.06250 0.12500 0.09375
v -0.09375 0.12500 0.09375
f 877/1 878/1 879/1
f 877/1 879/1 880/1
v -0.09375 0.12500 0.15625
v -0.06250 0.12500 0.15625
v -0.06250 0.12500 0.12500
v -0.09375 0.12500 0.12500
f 881/1 882/1 883/1
f 881/1 883/1 884/1
v -0.09375 0.12500 0.18750
v -0.06250 0.12500 0.18750
v -0.06250 0.12500 0.15625
v -0.09375 0.12500 0.15625
f 885/4 886/4 887/4
f 885/4 887/4 888/4
v -0.09375 0.12500 0.21875
v -0.06250 0.12500 0.21875
v -0.06250 0.12500 0.18750
v -0.09375 0.12500 0.18750
f 889/1 890/1 891/1
f 889/1 891/1 892/1
v -0.09375 0.12500 0.28125
v -0.06250 0.12500 0.28125
v -0.06250 0.12500 0.25000
v -0.09375 0.12500 0.25000
f 893/2 894/2 895/2
f 893/2 895/2 896/2
v -0.06250 -0.12500 -0.37500
v -0.03125 -0.12500 -0.37500
v -0.03125 -0.12500 -0.34375
v -0.06250 -0.12500 -0.34375
f 897/1 898/1 899/1
f 897/1 899/1 900/1
v -0.06250 -0.12500 -0.34375
v -0.03125 -0.12500 -0.34375
v -0.03125 -0.12500 -0.31250
v -0.06250 -0.12500 -0.31250
f 901/1 902/1 903/1
f 901/1 903/1 904/1
v -0.06250 -0.12500 -0.31250
v -0.03125 -0.12500 -0.31250
v -0.03125 -0.12500 -0.28125
v -0.06250 -0.12500 -0.28125
f 905/2 906/2 907/2
f 905/2 907/2 908/2
v -0.06250 -0.12500 -0.28125
v -0.03125 -0.12500 -0.28125
v -0.03125 -0.12500 -0.25000
v -0.06250 -0.12500 -0.25000
f 909/1 910/1 911/1
f 909/1 911/1 912/1
v -0.06250 -0.12500 -0.25000
v -0.03125 -0.12500 -0.25000
v -0.03125 -0.12500 -0.21875
v -0.06250 -0.12500 -0.21875
f 913/1 914/1 915/1
f 913/1 915/1 916/1
v -0.06250 -0.12500 -0.21875
v -0.03125 -0.12500 -0.21875
v -0.03125 -0.12500 -0.18750
v -0.06250 -0.12500 -0.18750
f 917/1 918/1 919/1
f 917/1 919/1 920/1
v -0.06250 -0.12500 -0.18750
v -0.03125 -0.12500 -0.18750
v -0.03125 -0.12500 -0.15625
v -0.06250 -0.12500 -0.15625
f 921/1 922/1 923/1
f 921/1 923/1 924/1
v -0.06250 -0.12500 -0.15625
v -0.03125 -0.12500 -0.15625
v -0.03125 -0.12500 -0.12500
v -0.06250 -0.12500 -0.12500
f 925/2 926/2 927/2
f 925/2 927/2 928/2
v -0.06250 -0.12500 -0.12500
v -0.03125 -0.12500 -0.12500
v -0.03125 -0.12500 -0.09375
v -0.06250 -0.12500 -0.09375
f 929/1 930/1 931/1
f 929/1 931/1 932/1
v -0.06250 -0.12500 -0.09375
v -0.03125 -0.12500 -0.09375
v -0.03125 -0.12500 -0.06250
v -0.06250 -0.12500 -0.06250
f 933/1 934/1 935/1
f 933/1 935/1 936/1
v -0.06250 -0.12500 -0.06250
v -0.03125 -0.12500 -0.06250
v -0.03125 -0.12500 -0.03125
v -0.06250 -0.12500 -0.03125
f 937/1 938/1 939/1
f 937/1 939/1 940/1
v -0.06250 -0.12500 -0.03125
v -0.03125 -0.12500 -0.03125
v -0.03125 -0.12500 0.00000
v -0.06250 -0.12500 0.00000
f 941/1 942/1 943/1
f 941/1 943/1 944/1
v -0.06250 -0.12500 0.00000
v -0.03125 -0.12500 0.00000
v -0.03125 -0.12500 0.03125
v -0.06250 -0.12500 0.03125
f 945/2 946/2 947/2
f 945/2 947/2 948/2
v -0.06250 -0.12500 0.03125
v -0.03125 -0.12500 0.03125
v -0.03125 -0.12500 0.06250
v -0.06250 -0.12500 0.06250
f 949/1 950/1 951/1
f 949/1 951/1 952/1
v -0.06250 -0.12500 0.06250
v -0.03125 -0.12500 0.06250
v -0.03125 -0.12500 0.09375
v -0.06250 -0.12500 0.09375
f 953/1 954/1 955/1
f 953/1 955/1 956/1
v -0.06250 -0.12500 0.09375
v -0.03125 -0.12500 0.09375
v -0.03125 -0.12500 0.12500
v -0.06250 -0.12500 0.12500
f 957/2 958/2 959/2
f 957/2 959/2 960/2
v -0.06250 -0.12500 0.12500
v -0.03125 -0.12500 0.12500
v -0.03125 -0.12500 0.15625
v -0.06250 -0.12500 0.15625
f 961/1 962/1 963/1
f 961/1 963/1 964/1
v -0.06250 -0.12500 0.15625
v -0.03125 -0.12500 0.15625
v -0.03125 -0.12500 0.18750
v -0.06250 -0.12500 0.18750
f 965/1 966/1 967/1
f 965/1 967/1 968/1
v -0.06250 -0.12500 0.18750
v -0.03125 -0.12500 0.18750
v -0.03125 -0.12500 0.21875
v -0.06250 -0.12500 0.21875
f 969/1 970/1 971/1
f 969/1 971/1 972/1
v -0.06250 -0.12500 0.25000
v -0.03125 -0.12500 0.25000
v -0.03125 -0.12500 0.28125
v -0.06250 -0.12500 0.28125
f 973/2 974/2 975/2
f 973/2 975/2 976/2
v -0.06250 0.12500 -0.34375
v -0.03125 0.12500 -0.34375
v -0.03125 0.12500 -0.37500
v -0.06250 0.12500 -0.37500
f 977/2 978/2 979/2
f 977/2 979/2 980/2
v -0.06250 0.12500 -0.31250
v -0.03125 0.12500 -0.31250
v -0.03125 0.12500 -0.34375
v -0.06250 0.12500 -0.34375
f 981/1 982/1 983/1
f 981/1 983/1 984/1
v -0.06250 0.12500 -0.28125
v -0.03125 0.12500 -0.28125
v -0.03125 0.12500 -0.31250
v -0.06250 0.12500 -0.31250
f 985/1 986/1 987/1
f 985/1 987/1 988/1
v -0.06250 0.12500 -0.25000
v -0.03125 0.12500 -0.25000
v -0.03125 0.12500 -0.28125
v -0.06250 0.12500 -0.28125
f 989/2 990/2 991/2
f 989/2 991/2 992/2
v -0.06250 0.12500 -0.21875
v -0.03125 0.12500 -0.21875
v -0.03125 0.12500 -0.25000
v -0.06250 0.12500 -0.25000
f 993/1 994/1 995/1
f 993/1 995/1 996/1
v -0.06250 0.12500 -0.18750
v -0.03125 0.12500 -0.18750
v -0.03125 0.12500 -0.21875
v -0.06250 0.12500 -0.21875
f 997/1 998/1 999/1
f 997/1 999/1 1000/1
v -0.06250 0.12500 -0.15625
v -0.03125 0.12500 -0.15625
v -0.03125 0.12500 -0.18750
v -0.06250 0.12500 -0.18750
f 1001/1 1002/1 1003/1
f 1001/1 1003/1 1004/1
v -0.06250 0.12500 -0.12500
v -0.03125 0.12500 -0.12500
v -0.03125 0.12500 -0.15625
v -0.06250 0.12500 -0.15625
f 1005/1 1006/1 1007/1
f 1005/1 1007/1 1008/1
v -0.06250 0.12500 -0.09375
v -0.03125 0.12500 -0.09375
v -0.03125 0.12500 -0.12500
v -0.06250 0.12500 -0.12500
f 1009/2 1010/2 1011/2
f 1009/2 1011/2 1012/2
v -0.06250 0.12500 -0.06250
v -0.03125 0.12500 -0.06250
v -0.03125 0.12500 -0.09375
v -0.06250 0.12500 -0.09375
f 1013/1 1014/1 1015/1
f 1013/1 1015/1 1016/1
v -0.06250 0.12500 -0.03125
v -0.03125 0.12500 -0.03125
v -0.03125 0.12500 -0.06250
v -0.06250 0.12500 -0.06250
f 1017/1 1018/1 1019/1
f 1017/1 1019/1 1020/1
v -0.06250 0.12500 0.00000
v -0.03125 0.12500 0.00000
v -0.03125 0.12500 -0.03125
v -0.06250 0.12500 -0.03125
f 1021/1 1022/1 1023/1
f 1021/1 1023/1 1024/1
v -0.06250 0.12500 0.03125
v -0.03125 0.12500 0.03125
v -0.03125 0.12500 0.00000
v -0.06250 0.12500 0.00000
f 1025/1 1026/1 1027/1
f 1025/1 1027/1 1028/1
v -0.06250 0.12500 0.06250
v -0.03125 0.12500 0.06250
v -0.03125 0.12500 0.03125
v -0.06250 0.12500 0.03125
f 1029/2 1030/2 1031/2
f 1029/2 1031/2 1032/2
v -0.06250 0.12500 0.09375
v -0.03125 0.12500 0.09375
v -0.03125 0.12500 0.06250
v -0.06250 0.12500 0.06250
f 1033/1 1034/1 1035/1
f 1033/1 1035/1 1036/1
v -0.06250 0.12500 0.12500
v -0.03125 0.12500 0.12500
v -0.03125 0.12500 0.09375
v -0.06250 0.12500 0.09375
f 1037/1 1038/1 1039/1
f 1037/1 1039/1 1040/1
v -0.06250 0.12500 0.15625
v -0.03125 0.12500 0.15625
v -0.03125 0.12500 0.12500
v -0.06250 0.12500 0.12500
f 1041/2 1042/2 1043/2
f 1041/2 1043/2 1044/2
v -0.06250 0.12500 0.18750
v -0.03125 0.12500 0.18750
v -0.03125 0.12500 0.15625
v -0.06250 0.12500 0.15625
f 1045/1 1046/1 1047/1
f 1045/1 1047/1 1048/1
v -0.06250 0.12500 0.21875
v -0.03125 0.12500 0.21875
v -0.03125 0.12500 0.18750
v -0.06250 0.12500 0.18750
f 1049/1 1050/1 1051/1
f 1049/1 1051/1 1052/1
v -0.06250 0.12500 0.28125
v -0.03125 0.12500 0.28125
v -0.03125 0.12500 0.25000
v -0.06250 0.12500 0.25000
f 1053/1 1054/1 1055/1
f 1053/1 1055/1 1056/1
v -0.03125 -0.12500 -0.12500
v 0.00000 -0.12500 -0.12500
v 0.00000 -0.12500 -0.09375
v -0.03125 -0.12500 -0.09375
f 1057/2 1058/2 1059/2
f 1057/2 1059/2 1060/2
v -0.03125 -0.12500 -0.09375
v 0.00000 -0.12500 -0.09375
v 0.00000 -0.12500 -0.06250
v -0.03125 -0.12500 -0.06250
f 1061/1 1062/1 1063/1
f 1061/1 1063/1 1064/1
v -0.03125 -0.12500 -0.06250
v 0.00000 -0.12500 -0.06250
v 0.00000 -0.12500 -0.03125
v -0.03125 -0.12500 -0.03125
f 1065/1 1066/1 1067/1
f 1065/1 1067/1 1068/1
v -0.03125 -0.12500 -0.03125
v 0.00000 -0.12500 -0.03125
v 0.00000 -0.12500 0.00000
v -0.03125 -0.12500 0.00000
f 1069/2 1070/2 1071/2
f 1069/2 1071/2 1072/2
v -0.03125 -0.12500 0.00000
v 0.00000 -0.12500 0.00000
v 0.00000 -0.12500 0.03125
v -0.03125 -0.12500 0.03125
f 1073/1 1074/1 1075/1
f 1073/1 1075/1 1076/1
v -0.03125 -0.12500 0.03125
v 0.00000 -0.12500 0.03125
v 0.00000 -0.12500 0.06250
v -0.03125 -0.12500 0.06250
f 1077/1 1078/1 1079/1
f 1077/1 1079/1 1080/1
v -0.03125 -0.12500 0.06250
v 0.00000 -0.12500 0.06250
v 0.00000 -0.12500 0.09375
v -0.03125 -0.12500 0.09375
f 1081/1 1082/1 1083/1
f 1081/1 1083/1 1084/1
v -0.03125 -0.12500 0.09375
v 0.00000 -0.12500 0.09375
v 0.00000 -0.12500 0.12500
v -0.03125 -0.12500 0.12500
f 1085/1 1086/1 1087/1
f 1085/1 1087/1 1088/1
v -0.03125 -0.12500 0.12500
v 0.00000 -0.12500 0.12500
v 0.00000 -0.12500 0.15625
v -0.03125 -0.12500 0.15625
f 1089/2 1090/2 1091/2
f 1089/2 1091/2 1092/2
v -0.03125 -0.12500 0.15625
v 0.00000 -0.12500 0.15625
v 0.00000 -0.12500 0.18750
v -0.03125 -0.12500 0.18750
f 1093/1 1094/1 1095/1
f 1093/1 1095/1 1096/1
v -0.03125 -0.12500 0.18750
v 0.00000 -0.12500 0.18750
v 0.00000 -0.12500 0.21875
v -0.03125 -0.12500 0.21875
f 1097/1 1098/1 1099/1
f 1097/1 1099/1 1100/1
v -0.03125 -0.12500 0.25000
v 0.00000 -0.12500 0.25000
v 0.00000 -0.12500 0.28125
v -0.03125 -0.12500 0.28125
f 1101/1 1102/1 1103/1
f 1101/1 1103/1 1104/1
v -0.03125 0.12500 -0.09375
v 0.00000 0.12500 -0.09375
v 0.00000 0.12500 -0.12500
v -0.03125 0.12500 -0.12500
f 1105/1 1106/1 1107/1
f 1105/1 1107/1 1108/1
v -0.03125 0.12500 -0.06250
v 0.00000 0.12500 -0.06250
v 0.00000 0.12500 -0.09375
v -0.03125 0.12500 -0.09375
f 1109/2 1110/2 1111/2
f 1109/2 1111/2 1112/2
v -0.03125 0.12500 -0.03125
v 0.00000 0.12500 -0.03125
v 0.00000 0.12500 -0.06250
v -0.03125 0.12500 -0.06250
f 1113/1 1114/1 1115/1
f 1113/1 1115/1 1116/1
v -0.03125 0.12500 0.00000
v 0.00000 0.12500 0.00000
v 0.00000 0.12500 -0.03125
v -0.03125 0.12500 -0.03125
f 1117/1 1118/1 1119/1
f 1117/1 1119/1 1120/1
v -0.03125 0.12500 0.03125
v 0.00000 0.12500 0.03125
v 0.00000 0.12500 0.00000
v -0.03125 0.12500 0.00000
f 1121/2 1122/2 1123/2
f 1121/2 1123/2 1124/2
v -0.03125 0.12500 0.06250
v 0.00000 0.12500 0.06250
v 0.00000 0.12500 0.03125
v -0.03125 0.12500 0.03125
f 1125/1 1126/1 1127/1
f 1125/1 1127/1 1128/1
v -0.03125 0.12500 0.09375
v 0.00000 0.12500 0.09375
v 0.00000 0.12500 0.06250
v -0.03125 0.12500 0.06250
f 1129/1 1130/1 1131/1
f 1129/1 1131/1 1132/1
v -0.03125 0.12500 0.12500
v 0.00000 0.12500 0.12500
v 0.00000 0.12500 0.09375
v -0.03125 0.12500 0.09375
f 1133/1 1134/1 1135/1
f 1133/1 1135/1 1136/1
v -0.03125 0.12500 0.15625
v 0.00000 0.12500 0.15625
v 0.00000 0.12500 0.12500
v -0.03125 0.12500 0.12500
f 1137/1 1138/1 1139/1
f 1137/1 1139/1 1140/1
v -0.03125 0.12500 0.18750
v 0.00000 0.12500 0.18750
v 0.00000 0.12500 0.15625
v -0.03125 0.12500 0.15625
f 1141/2 1142/2 1143/2
f 1141/2 1143/2 1144/2
v -0.03125 0.12500 0.21875
v 0.00000 0.12500 0.21875
v 0.00000 0.12500 0.18750
v -0.03125 0.12500 0.18750
f 1145/1 1146/1 1147/1
f 1145/1 1147/1 1148/1
v -0.03125 0.12500 0.28125
v 0.00000 0.12500 0.28125
v 0.00000 0.12500 0.25000
v -0.03125 0.12500 0.25000
f 1149/1 1150/1 1151/1
f 1149/1 1151/1 1152/1
v 0.00000 -0.12500 -0.12500
v 0.03125 -0.12500 -0.12500
v 0.03125 -0.12500 -0.09375
v 0.00000 -0.12500 -0.09375
f 1153/1 1154/1 1155/1
f 1153/1 1155/1 1156/1
v 0.00000 -0.12500 -0.09375
v 0.03125 -0.12500 -0.09375
v 0.03125 -0.12500 -0.06250
v 0.00000 -0.12500 -0.06250
f 1157/1 1158/1 1159/1
f 1157/1 1159/1 1160/1
v 0.00000 -0.12500 -0.06250
v 0.03125 -0.12500 -0.06250
v 0.03125 -0.12500 -0.03125
v 0.00000 -0.12500 -0.03125
f 1161/1 1162/1 1163/1
f 1161/1 1163/1 1164/1
v 0.00000 -0.12500 -0.03125
v 0.03125 -0.12500 -0.03125
v 0.03125 -0.12500 0.00000
v 0.00000 -0.12500 0.00000
f 1165/1 1166/1 1167/1
f 1165/1 1167/1 1168/1
v 0.00000 -0.12500 0.00000
v 0.03125 -0.12500 0.00000
v 0.03125 -0.12500 0.03125
v 0.00000 -0.12500 0.03125
f 1169/2 1170/2 1171/2
f 1169/2 1171/2 1172/2
v 0.00000 -0.12500 0.03125
v 0.03125 -0.12500 0.03125
v 0.03125 -0.12500 0.06250
v 0.00000 -0.12500 0.06250
f 1173/1 1174/1 1175/1
f 1173/1 1175/1 1176/1
v 0.00000 -0.12500 0.06250
v 0.03125 -0.12500 0.06250
v 0.03125 -0.12500 0.09375
v 0.00000 -0.12500 0.09375
f 1177/1 1178/1 1179/1
f 1177/1 1179/1 1180/1
v 0.00000 -0.12500 0.09375
v 0.03125 -0.12500 0.09375
v 0.03125 -0.12500 0.12500
v 0.00000 -0.12500 0.12500
f 1181/1 1182/1 1183/1
f 1181/1 1183/1 1184/1
v 0.00000 -0.12500 0.12500
v 0.03125 -0.12500 0.12500
v 0.03125 -0.12500 0.15625
v 0.00000 -0.12500 0.15625
f 1185/1 1186/1 1187/1
f 1185/1 1187/1 1188/1
v 0.00000 -0.12500 0.15625
v 0.03125 -0.12500 0.15625
v 0.03125 -0.12500 0.18750
v 0.00000 -0.12500 0.18750
f 1189/2 1190/2 1191/2
f 1189/2 1191/2 1192/2
v 0.00000 -0.12500 0.18750
v 0.03125 -0.12500 0.18750
v 0.03125 -0.12500 0.21875
v 0.00000 -0.12500 0.21875
f 1193/1 1194/1 1195/1
f 1193/1 1195/1 1196/1
v 0.00000 -0.12500 0.25000
v 0.03125 -0.12500 0.25000
v 0.03125 -0.12500 0.28125
v 0.00000 -0.12500 0.28125
f 1197/2 1198/2 1199/2
f 1197/2 1199/2 1200/2
v 0.00000 0.12500 -0.09375
v 0.03125 0.12500 -0.09375
v 0.03125 0.12500 -0.12500
v 0.00000 0.12500 -0.12500
f 1201/2 1202/2 1203/2
f 1201/2 1203/2 1204/2
v 0.00000 0.12500 -0.06250
v 0.03125 0.12500 -0.06250
v 0.03125 0.12500 -0.09375
v 0.00000 0.12500 -0.09375
f 1205/1 1206/1 1207/1
f 1205/1 1207/1 1208/1
v 0.00000 0.12500 -0.03125
v 0.03125 0.12500 -0.03125
v 0.03125 0.12500 -0.06250
v 0.00000 0.12500 -0.06250
f 1209/1 1210/1 1211/1
f 1209/1 1211/1 1212/1
v 0.00000 0.12500 0.00000
v 0.03125 0.12500 0.00000
v 0.03125 0.12500 -0.03125
v 0.00000 0.12500 -0.03125
f 1213/1 1214/1 1215/1
f 1213/1 1215/1 1216/1
v 0.00000 0.12500 0.03125
v 0.03125 0.12500 0.03125
v 0.03125 0.12500 0.00000
v 0.00000 0.12500 0.00000
f 1217/1 1218/1 1219/1
f 1217/1 1219/1 1220/1
v 0.00000 0.12500 0.06250
v 0.03125 0.12500 0.06250
v 0.03125 0.12500 0.03125
v 0.00000 0.12500 0.03125
f 1221/2 1222/2 1223/2
f 1221/2 1223/2 1224/2
v 0.00000 0.12500 0.09375
v 0.03125 0.12500 0.09375
v 0.03125 0.12500 0.06250
v 0.00000 0.12500 0.06250
f 1225/1 1226/1 1227/1
f 1225/1 1227/1 1228/1
v 0.00000 0.12500 0.12500
v 0.03125 0.12500 0.12500
v 0.03125 0.12500 0.09375
v 0.00000 0.12500 0.09375
f 1229/1 1230/1 1231/1
f 1229/1 1231/1 1232/1
v 0.00000 0.12500 0.15625
v 0.03125 0.12500 0.15625
v 0.03125 0.12500 0.12500
v 0.00000 0.12500 0.12500
f 1233/1 1234/1 1235/1
f 1233/1 1235/1 1236/1
v 0.00000 0.12500 0.18750
v 0.03125 0.12500 0.18750
v 0.03125 0.12500 0.15625
v 0.00000 0.12500 0.15625
f 1237/1 1238/1 1239/1
f 1237/1 1239/1 1240/1
v 0.00000 0.12500 0.21875
v 0.03125 0.12500 0.21875
v 0.03125 0.12500 0.18750
v 0.00000 0.12500 0.18750
f 1241/2 1242/2 1243/2
f 1241/2 1243/2 1244/2
v 0.00000 0.12500 0.28125
v 0.03125 0.12500 0.28125
v 0.03125 0.12500 0.25000
v 0.00000 0.12500 0.25000
f 1245/1 1246/1 1247/1
f 1245/1 1247/1 1248/1
v 0.03125 -0.12500 -0.37500
v 0.06250 -0.12500 -0.37500
v 0.06250 -0.12500 -0.34375
v 0.03125 -0.12500 -0.34375
f 1249/2 1250/2 1251/2
f 1249/2 1251/2 1252/2
v 0.03125 -0.12500 -0.34375
v 0.06250 -0.12500 -0.34375
v 0.06250 -0.12500 -0.31250
v 0.03125 -0.12500 -0.31250
f 1253/1 1254/1 1255/1
f 1253/1 1255/1 1256/1
v 0.03125 -0.12500 -0.31250
v 0.06250 -0.12500 -0.31250
v 0.06250 -0.12500 -0.28125
v 0.03125 -0.12500 -0.28125
f 1257/1 1258/1 1259/1
f 1257/1 1259/1 1260/1
v 0.03125 -0.12500 -0.28125
v 0.06250 -0.12500 -0.28125
v 0.06250 -0.12500 -0.25000
v 0.03125 -0.12500 -0.25000
f 1261/11 1262/11 1263/11
f 1261/11 1263/11 1264/11
v 0.03125 -0.12500 -0.25000
v 0.06250 -0.12500 -0.25000
v 0.06250 -0.12500 -0.21875
v 0.03125 -0.12500 -0.21875
f 1265/1 1266/1 1267/1
f 1265/1 1267/1 1268/1
v 0.03125 -0.12500 -0.21875
v 0.06250 -0.12500 -0.21875
v 0.06250 -0.12500 -0.18750
v 0.03125 -0.12500 -0.18750
f 1269/11 1270/11 1271/11
f 1269/11 1271/11 1272/11
v 0.03125 -0.12500 -0.18750
v 0.06250 -0.12500 -0.18750
v 0.06250 -0.12500 -0.15625
v 0.03125 -0.12500 -0.15625
f 1273/1 1274/1 1275/1
f 1273/1 1275/1 1276/1
v 0.03125 -0.12500 -0.15625
v 0.06250 -0.12500 -0.15625
v 0.06250 -0.12500 -0.12500
v 0.03125 -0.12500 -0.12500
f 1277/11 1278/11 1279/11
f 1277/11 1279/11 1280/11
v 0.03125 -0.12500 -0.12500
v 0.06250 -0.12500 -0.12500
v 0.06250 -0.12500 -0.09375
v 0.03125 -0.12500 -0.09375
f 1281/2 1282/2 1283/2
f 1281/2 1283/2 1284/2
v 0.03125 -0.12500 -0.09375
v 0.06250 -0.12500 -0.09375
v 0.06250 -0.12500 -0.06250
v 0.03125 -0.12500 -0.06250
f 1285/1 1286/1 1287/1
f 1285/1 1287/1 1288/1
v 0.03125 -0.12500 -0.06250
v 0.06250 -0.12500 -0.06250
v 0.06250 -0.12500 -0.03125
v 0.03125 -0.12500 -0.03125
f 1289/1 1290/1 1291/1
f 1289/1 1291/1 1292/1
v 0.03125 -0.12500 -0.03125
v 0.06250 -0.12500 -0.03125
v 0.06250 -0.12500 0.00000
v 0.03125 -0.12500 0.00000
f 1293/1 1294/1 1295/1
f 1293/1 1295/1 1296/1
v 0.03125 -0.12500 0.00000
v 0.06250 -0.12500 0.00000
v 0.06250 -0.12500 0.03125
v 0.03125 -0.12500 0.03125
f 1297/1 1298/1 1299/1
f 1297/1 1299/1 1300/1
v 0.03125 -0.12500 0.03125
v 0.06250 -0.12500 0.03125
v 0.06250 -0.12500 0.06250
v 0.03125 -0.12500 0.06250
f 1301/2 1302/2 1303/2
f 1301/2 1303/2 1304/2
v 0.03125 -0.12500 0.06250
v 0.06250 -0.12500 0.06250
v 0.06250 -0.12500 0.09375
v 0.03125 -0.12500 0.09375
f 1305/1 1306/1 1307/1
f 1305/1 1307/1 1308/1
v 0.03125 -0.12500 0.09375
v 0.06250 -0.12500 0.09375
v 0.06250 -0.12500 0.12500
v 0.03125 -0.12500 0.12500
f 1309/1 1310/1 1311/1
f 1309/1 1311/1 1312/1
v 0.03125 -0.12500 0.12500
v 0.06250 -0.12500 0.12500
v 0.06250 -0.12500 0.15625
v 0.03125 -0.12500 0.15625
f 1313/2 1314/2 1315/2
f 1313/2 1315/2 1316/2
v 0.03125 -0.12500 0.15625
v 0.06250 -0.12500 0.15625
v 0.06250 -0.12500 0.18750
v 0.03125 -0.12500 0.18750
f 1317/1 1318/1 1319/1
f 1317/1 1319/1 1320/1
v 0.03125 -0.12500 0.18750
v 0.06250 -0.12500 0.18750
v 0.06250 -0.12500 0.21875
v 0.03125 -0.12500 0.21875
f 1321/1 1322/1 1323/1
f 1321/1 1323/1 1324/1
v 0.03125 -0.12500 0.25000
v 0.06250 -0.12500 0.25000
v 0.06250 -0.12500 0.28125
v 0.03125 -0.12500 0.28125
f 1325/1 1326/1 1327/1
f 1325/1 1327/1 1328/1
v 0.03125 0.12500 -0.34375
v 0.06250 0.12500 -0.34375
v 0.06250 0.12500 -0.37500
v 0.03125 0.12500 -0.37500
f 1329/1 1330/1 1331/1
f 1329/1 1331/1 1332/1
v 0.03125 0.12500 -0.31250
v 0.06250 0.12500 -0.31250
v 0.06250 0.12500 -0.34375
v 0.03125 0.12500 -0.34375
f 1333/2 1334/2 1335/2
f 1333/2 1335/2 1336/2
v 0.03125 0.12500 -0.28125
v 0.06250 0.12500 -0.28125
v 0.06250 0.12500 -0.31250
v 0.03125 0.12500 -0.31250
f 1337/1 1338/1 1339/1
f 1337/1 1339/1 1340/1
v 0.03125 0.12500 -0.25000
v 0.06250 0.12500 -0.25000
v 0.06250 0.12500 -0.28125
v 0.03125 0.12500 -0.28125
f 1341/11 1342/11 1343/11
f 1341/11 1343/11 1344/11
v 0.03125 0.12500 -0.21875
v 0.06250 0.12500 -0.21875
v 0.06250 0.12500 -0.25000
v 0.03125 0.12500 -0.25000
f 1345/2 1346/2 1347/2
f 1345/2 1347/2 1348/2
v 0.03125 0.12500 -0.18750
v 0.06250 0.12500 -0.18750
v 0.06250 0.12500 -0.21875
v 0.03125 0.12500 -0.21875
f 1349/11 1350/11 1351/11
f 1349/11 1351/11 1352/11
v 0.03125 0.12500 -0.15625
v 0.06250 0.12500 -0.15625
v 0.06250 0.12500 -0.18750
v 0.03125 0.12500 -0.18750
f 1353/1 1354/1 1355/1
f 1353/1 1355/1 1356/1
v 0.03125 0.12500 -0.12500
v 0.06250 0.12500 -0.12500
v 0.06250 0.12500 -0.15625
v 0.03125 0.12500 -0.15625
f 1357/11 1358/11 1359/11
f 1357/11 1359/11 1360/11
v 0.03125 0.12500 -0.09375
v 0.06250 0.12500 -0.09375
v 0.06250 0.12500 -0.12500
v 0.03125 0.12500 -0.12500
f 1361/1 1362/1 1363/1
f 1361/1 1363/1 1364/1
v 0.03125 0.12500 -0.06250
v 0.06250 0.12500 -0.06250
v 0.06250 0.12500 -0.09375
v 0.03125 0.12500 -0.09375
f 1365/2 1366/2 1367/2
f 1365/2 1367/2 1368/2
v 0.03125 0.12500 -0.03125
v 0.06250 0.12500 -0.03125
v 0.06250 0.12500 -0.06250
v 0.03125 0.12500 -0.06250
f 1369/1 1370/1 1371/1
f 1369/1 1371/1 1372/1
v 0.03125 0.12500 0.00000
v 0.06250 0.12500 0.00000
v 0.06250 0.12500 -0.03125
v 0.03125 0.12500 -0.03125
f 1373/1 1374/1 1375/1
f 1373/1 1375/1 1376/1
v 0.03125 0.12500 0.03125
v 0.06250 0.12500 0.03125
v 0.06250 0.12500 0.00000
v 0.03125 0.12500 0.00000
f 1377/1 1378/1 1379/1
f 1377/1 1379/1 1380/1
v 0.03125 0.12500 0.06250
v 0.06250 0.12500 0.06250
v 0.06250 0.12500 0.03125
v 0.03125 0.12500 0.03125
f 1381/1 1382/1 1383/1
f 1381/1 1383/1 1384/1
v 0.03125 0.12500 0.09375
v 0.06250 0.12500 0.09375
v 0.06250 0.12500 0.06250
v 0.03125 0.12500 0.06250
f 1385/2 1386/2 1387/2
f 1385/2 1387/2 1388/2
v 0.03125 0.12500 0.12500
v 0.06250 0.12500 0.12500
v 0.06250 0.12500 0.09375
v 0.03125 0.12500 0.09375
f 1389/1 1390/1 1391/1
f 1389/1 1391/1 1392/1
v 0.03125 0.12500 0.15625
v 0.06250 0.12500 0.15625
v 0.06250 0.12500 0.12500
v 0.03125 0.12500 0.12500
f 1393/1 1394/1 1395/1
f 1393/1 1395/1 1396/1
v 0.03125 0.12500 0.18750
v 0.06250 0.12500 0.18750
v 0.06250 0.12500 0.15625
v 0.03125 0.12500 0.15625
f 1397/2 1398/2 1399/2
f 1397/2 1399/2 1400/2
v 0.03125 0.12500 0.21875
v 0.06250 0.12500 0.21875
v 0.06250 0.12500 0.18750
v 0.03125 0.12500 0.18750
f 1401/1 1402/1 1403/1
f 1401/1 1403/1 1404/1
v 0.03125 0.12500 0.28125
v 0.06250 0.12500 0.28125
v 0.06250 0.12500 0.25000
v 0.03125 0.12500 0.25000
f 1405/1 1406/1 1407/1
f 1405/1 1407/1 1408/1
v 0.06250 -0.12500 -0.37500
v 0.09375 -0.12500 -0.37500
v 0.09375 -0.12500 -0.34375
v 0.06250 -0.12500 -0.34375
f 1409/1 1410/1 1411/1
f 1409/1 1411/1 1412/1
v 0.06250 -0.12500 -0.34375
v 0.09375 -0.12500 -0.34375
v 0.09375 -0.12500 -0.31250
v 0.06250 -0.12500 -0.31250
f 1413/4 1414/4 1415/4
f 1413/4 1415/4 1416/4
v 0.06250 -0.12500 -0.31250
v 0.09375 -0.12500 -0.31250
v 0.09375 -0.12500 -0.28125
v 0.06250 -0.12500 -0.28125
f 1417/1 1418/1 1419/1
f 1417/1 1419/1 1420/1
v 0.06250 -0.12500 -0.28125
v 0.09375 -0.12500 -0.28125
v 0.09375 -0.12500 -0.25000
v 0.06250 -0.12500 -0.25000
f 1421/1 1422/1 1423/1
f 1421/1 1423/1 1424/1
v 0.06250 -0.12500 -0.25000
v 0.09375 -0.12500 -0.25000
v 0.09375 -0.12500 -0.21875
v 0.06250 -0.12500 -0.21875
f 1425/2 1426/2 1427/2
f 1425/2 1427/2 1428/2
v 0.06250 -0.12500 -0.21875
v 0.09375 -0.12500 -0.21875
v 0.09375 -0.12500 -0.18750
v 0.06250 -0.12500 -0.18750
f 1429/1 1430/1 1431/1
f 1429/1 1431/1 1432/1
v 0.06250 -0.12500 -0.18750
v 0.09375 -0.12500 -0.18750
v 0.09375 -0.12500 -0.15625
v 0.06250 -0.12500 -0.15625
f 1433/1 1434/1 1435/1
f 1433/1 1435/1 1436/1
v 0.06250 -0.12500 -0.15625
v 0.09375 -0.12500 -0.15625
v 0.09375 -0.12500 -0.12500
v 0.06250 -0.12500 -0.12500
f 1437/1 1438/1 1439/1
f 1437/1 1439/1 1440/1
v 0.06250 -0.12500 -0.12500
v 0.09375 -0.12500 -0.12500
v 0.09375 -0.12500 -0.09375
v 0.06250 -0.12500 -0.09375
f 1441/1 1442/1 1443/1
f 1441/1 1443/1 1444/1
v 0.06250 -0.12500 -0.09375
v 0.09375 -0.12500 -0.09375
v 0.09375 -0.12500 -0.06250
v 0.06250 -0.12500 -0.06250
f 1445/2 1446/2 1447/2
f 1445/2 1447/2 1448/2
v 0.06250 -0.12500 -0.06250
v 0.09375 -0.12500 -0.06250
v 0.09375 -0.12500 -0.03125
v 0.06250 -0.12500 -0.03125
f 1449/1 1450/1 1451/1
f 1449/1 1451/1 1452/1
v 0.06250 -0.12500 -0.03125
v 0.09375 -0.12500 -0.03125
v 0.09375 -0.12500 0.00000
v 0.06250 -0.12500 0.00000
f 1453/1 1454/1 1455/1
f 1453/1 1455/1 1456/1
v 0.06250 -0.12500 0.00000
v 0.09375 -0.12500 0.00000
v 0.09375 -0.12500 0.03125
v 0.06250 -0.12500 0.03125
f 1457/2 1458/2 1459/2
f 1457/2 1459/2 1460/2
v 0.06250 -0.12500 0.03125
v 0.09375 -0.12500 0.03125
v 0.09375 -0.12500 0.06250
v 0.06250 -0.12500 0.06250
f 1461/1 1462/1 1463/1
f 1461/1 1463/1 1464/1
v 0.06250 -0.12500 0.06250
v 0.09375 -0.12500 0.06250
v 0.09375 -0.12500 0.09375
v 0.06250 -0.12500 0.09375
f 1465/1 1466/1 1467/1
f 1465/1 1467/1 1468/1
v 0.06250 -0.12500 0.09375
v 0.09375 -0.12500 0.09375
v 0.09375 -0.12500 0.12500
v 0.06250 -0.12500 0.12500
f 1469/1 1470/1 1471/1
f 1469/1 1471/1 1472/1
v 0.06250 -0.12500 0.12500
v 0.09375 -0.12500 0.12500
v 0.09375 -0.12500 0.15625
v 0.06250 -0.12500 0.15625
f 1473/1 1474/1 1475/1
f 1473/1 1475/1 1476/1
v 0.06250 -0.12500 0.15625
v 0.09375 -0.12500 0.15625
v 0.09375 -0.12500 0.18750
v 0.06250 -0.12500 0.18750
f 1477/4 1478/4 1479/4
f 1477/4 1479/4 1480/4
v 0.06250 -0.12500 0.18750
v 0.09375 -0.12500 0.18750
v 0.09375 -0.12500 0.21875
v 0.06250 -0.12500 0.21875
f 1481/1 1482/1 1483/1
f 1481/1 1483/1 1484/1
v 0.06250 -0.12500 0.25000
v 0.09375 -0.12500 0.25000
v 0.09375 -0.12500 0.28125
v 0.06250 -0.12500 0.28125
f 1485/1 1486/1 1487/1
f 1485/1 1487/1 1488/1
v 0.06250 0.12500 -0.34375
v 0.09375 0.12500 -0.34375
v 0.09375 0.12500 -0.37500
v 0.06250 0.12500 -0.37500
f 1489/2 1490/2 1491/2
f 1489/2 1491/2 1492/2
v 0.06250 0.12500 -0.31250
v 0.09375 0.12500 -0.31250
v 0.09375 0.12500 -0.34375
v 0.06250 0.12500 -0.34375
f 1493/4 1494/4 1495/4
f 1493/4 1495/4 1496/4
v 0.06250 0.12500 -0.28125
v 0.09375 0.12500 -0.28125
v 0.09375 0.12500 -0.31250
v 0.06250 0.12500 -0.31250
f 1497/1 1498/1 1499/1
f 1497/1 1499/1 1500/1
v 0.06250 0.12500 -0.25000
v 0.09375 0.12500 -0.25000
v 0.09375 0.12500 -0.28125
v 0.06250 0.12500 -0.28125
f 1501/1 1502/1 1503/1
f 1501/1 1503/1 1504/1
v 0.06250 0.12500 -0.21875
v 0.09375 0.12500 -0.21875
v 0.09375 0.12500 -0.25000
v 0.06250 0.12500 -0.25000
f 1505/1 1506/1 1507/1
f 1505/1 1507/1 1508/1
v 0.06250 0.12500 -0.18750
v 0.09375 0.12500 -0.18750
v 0.09375 0.12500 -0.21875
v 0.06250 0.12500 -0.21875
f 1509/2 1510/2 1511/2
f 1509/2 1511/2 1512/2
v 0.06250 0.12500 -0.15625
v 0.09375 0.12500 -0.15625
v 0.09375 0.12500 -0.18750
v 0.06250 0.12500 -0.18750
f 1513/1 1514/1 1515/1
f 1513/1 1515/1 1516/1
v 0.06250 0.12500 -0.12500
v 0.09375 0.12500 -0.12500
v 0.09375 0.12500 -0.15625
v 0.06250 0.12500 -0.15625
f 1517/1 1518/1 1519/1
f 1517/1 1519/1 1520/1
v 0.06250 0.12500 -0.09375
v 0.09375 0.12500 -0.09375
v 0.09375 0.12500 -0.12500
v 0.06250 0.12500 -0.12500
f 1521/1 1522/1 1523/1
f 1521/1 1523/1 1524/1
v 0.06250 0.12500 -0.06250
v 0.09375 0.12500 -0.06250
v 0.09375 0.12500 -0.09375
v 0.06250 0.12500 -0.09375
f 1525/1 1526/1 1527/1
f 1525/1 1527/1 1528/1
v 0.06250 0.12500 -0.03125
v 0.09375 0.12500 -0.03125
v 0.09375 0.12500 -0.06250
v 0.06250 0.12500 -0.06250
f 1529/2 1530/2 1531/2
f 1529/2 1531/2 1532/2
v 0.06250 0.12500 0.00000
v 0.09375 0.12500 0.00000
v 0.09375 0.12500 -0.03125
v 0.06250 0.12500 -0.03125
f 1533/1 1534/1 1535/1
f 1533/1 1535/1 1536/1
v 0.06250 0.12500 0.03125
v 0.09375 0.12500 0.03125
v 0.09375 0.12500 0.00000
v 0.06250 0.12500 0.00000
f 1537/1 1538/1 1539/1
f 1537/1 1539/1 1540/1
v 0.06250 0.12500 0.06250
v 0.09375 0.12500 0.06250
v 0.09375 0.12500 0.03125
v 0.06250 0.12500 0.03125
f 1541/2 1542/2 1543/2
f 1541/2 1543/2 1544/2
v 0.06250 0.12500 0.09375
v 0.09375 0.12500 0.09375
v 0.09375 0.12500 0.06250
v 0.06250 0.12500 0.06250
f 1545/1 1546/1 1547/1
f 1545/1 1547/1 1548/1
v 0.06250 0.12500 0.12500
v 0.09375 0.12500 0.12500
v 0.09375 0.12500 0.09375
v 0.06250 0.12500 0.09375
f 1549/1 1550/1 1551/1
f 1549/1 1551/1 1552/1
v 0.06250 0.12500 0.15625
v 0.09375 0.12500 0.15625
v 0.09375 0.12500 0.12500
v 0.06250 0.12500 0.12500
f 1553/1 1554/1 1555/1
f 1553/1 1555/1 1556/1
v 0.06250 0.12500 0.18750
v 0.09375 0.12500 0.18750
v 0.09375 0.12500 0.15625
v 0.06250 0.12500 0.15625
f 1557/4 1558/4 1559/4
f 1557/4 1559/4 1560/4
v 0.06250 0.12500 0.21875
v 0.09375 0.12500 0.21875
v 0.09375 0.12500 0.18750
v 0.06250 0.12500 0.18750
f 1561/2 1562/2 1563/2
f 1561/2 1563/2 1564/2
v 0.06250 0.12500 0.28125
v 0.09375 0.12500 0.28125
v 0.09375 0.12500 0.25000
v 0.06250 0.12500 0.25000
f 1565/1 1566/1 1567/1
f 1565/1 1567/1 1568/1
v 0.12500 -0.12500 -0.37500
v 0.12500 -0.09375 -0.37500
v 0.12500 -0.09375 -0.34375
v 0.12500 -0.12500 -0.34375
f 1569/2 1570/2 1571/2
f 1569/2 1571/2 1572/2
v 0.09375 -0.12500 -0.37500
v 0.12500 -0.12500 -0.37500
v 0.12500 -0.12500 -0.34375
v 0.09375 -0.12500 -0.34375
f 1573/2 1574/2 1575/2
f 1573/2 1575/2 1576/2
v 0.12500 -0.12500 -0.34375
v 0.12500 -0.09375 -0.34375
v 0.12500 -0.09375 -0.31250
v 0.12500 -0.12500 -0.31250
f 1577/1 1578/1 1579/1
f 1577/1 1579/1 1580/1
v 0.09375 -0.12500 -0.34375
v 0.12500 -0.12500 -0.34375
v 0.12500 -0.12500 -0.31250
v 0.09375 -0.12500 -0.31250
f 1581/1 1582/1 1583/1
f 1581/1 1583/1 1584/1
v 0.12500 -0.12500 -0.31250
v 0.12500 -0.09375 -0.31250
v 0.12500 -0.09375 -0.28125
v 0.12500 -0.12500 -0.28125
f 1585/1 1586/1 1587/1
f 1585/1 1587/1 1588/1
v 0.09375 -0.12500 -0.31250
v 0.12500 -0.12500 -0.31250
v 0.12500 -0.12500 -0.28125
v 0.09375 -0.12500 -0.28125
f 1589/1 1590/1 1591/1
f 1589/1 1591/1 1592/1
v 0.12500 -0.12500 -0.28125
v 0.12500 -0.09375 -0.28125
v 0.12500 -0.09375 -0.25000
v 0.12500 -0.12500 -0.25000
f 1593/1 1594/1 1595/1
f 1593/1 1595/1 1596/1
v 0.09375 -0.12500 -0.28125
v 0.12500 -0.12500 -0.28125
v 0.12500 -0.12500 -0.25000
v 0.09375 -0.12500 -0.25000
f 1597/1 1598/1 1599/1
f 1597/1 1599/1 1600/1
v 0.12500 -0.12500 -0.25000
v 0.12500 -0.09375 -0.25000
v 0.12500 -0.09375 -0.21875
v 0.12500 -0.12500 -0.21875
f 1601/1 1602/1 1603/1
f 1601/1 1603/1 1604/1
v 0.09375 -0.12500 -0.25000
v 0.12500 -0.12500 -0.25000
v 0.12500 -0.12500 -0.21875
v 0.09375 -0.12500 -0.21875
f 1605/1 1606/1 1607/1
f 1605/1 1607/1 1608/1
v 0.12500 -0.12500 -0.21875
v 0.12500 -0.09375 -0.21875
v 0.12500 -0.09375 -0.18750
v 0.12500 -0.12500 -0.18750
f 1609/2 1610/2 1611/2
f 1609/2 1611/2 1612/2
v 0.09375 -0.12500 -0.21875
v 0.12500 -0.12500 -0.21875
v 0.12500 -0.12500 -0.18750
v 0.09375 -0.12500 -0.18750
f 1613/2 1614/2 1615/2
f 1613/2 1615/2 1616/2
v 0.12500 -0.12500 -0.18750
v 0.12500 -0.09375 -0.18750
v 0.12500 -0.09375 -0.15625
v 0.12500 -0.12500 -0.15625
f 1617/1 1618/1 1619/1
f 1617/1 1619/1 1620/1
v 0.09375 -0.12500 -0.18750
v 0.12500 -0.12500 -0.18750
v 0.12500 -0.12500 -0.15625
v 0.09375 -0.12500 -0.15625
f 1621/1 1622/1 1623/1
f 1621/1 1623/1 1624/1
v 0.12500 -0.12500 -0.15625
v 0.12500 -0.09375 -0.15625
v 0.12500 -0.09375 -0.12500
v 0.12500 -0.12500 -0.12500
f 1625/1 1626/1 1627/1
f 1625/1 1627/1 1628/1
v 0.09375 -0.12500 -0.15625
v 0.12500 -0.12500 -0.15625
v 0.12500 -0.12500 -0.12500
v 0.09375 -0.12500 -0.12500
f 1629/1 1630/1 1631/1
f 1629/1 1631/1 1632/1
v 0.12500 -0.12500 -0.12500
v 0.12500 -0.09375 -0.12500
v 0.12500 -0.09375 -0.09375
v 0.12500 -0.12500 -0.09375
f 1633/2 1634/2 1635/2
f 1633/2 1635/2 1636/2
v 0.09375 -0.12500 -0.12500
v 0.12500 -0.12500 -0.12500
v 0.12500 -0.12500 -0.09375
v 0.09375 -0.12500 -0.09375
f 1637/2 1638/2 1639/2
f 1637/2 1639/2 1640/2
v 0.12500 -0.12500 -0.09375
v 0.12500 -0.09375 -0.09375
v 0.12500 -0.09375 -0.06250
v 0.12500 -0.12500 -0.06250
f 1641/1 1642/1 1643/1
f 1641/1 1643/1 1644/1
v 0.09375 -0.12500 -0.09375
v 0.12500 -0.12500 -0.09375
v 0.12500 -0.12500 -0.06250
v 0.09375 -0.12500 -0.06250
f 1645/1 1646/1 1647/1
f 1645/1 1647/1 1648/1
v 0.12500 -0.12500 -0.06250
v 0.12500 -0.09375 -0.06250
v 0.12500 -0.09375 -0.03125
v 0.12500 -0.12500 -0.03125
f 1649/1 1650/1 1651/1
f 1649/1 1651/1 1652/1
v 0.09375 -0.12500 -0.06250
v 0.12500 -0.12500 -0.06250
v 0.12500 -0.12500 -0.03125
v 0.09375 -0.12500 -0.03125
f 1653/1 1654/1 1655/1
f 1653/1 1655/1 1656/1
v 0.12500 -0.12500 -0.03125
v 0.12500 -0.09375 -0.03125
v 0.12500 -0.09375 0.00000
v 0.12500 -0.12500 0.00000
f 1657/1 1658/1 1659/1
f 1657/1 1659/1 1660/1
v 0.09375 -0.12500 -0.03125
v 0.12500 -0.12500 -0.03125
v 0.12500 -0.12500 0.00000
v 0.09375 -0.12500 0.00000
f 1661/1 1662/1 1663/1
f 1661/1 1663/1 1664/1
v 0.12500 -0.12500 0.00000
v 0.12500 -0.09375 0.00000
v 0.12500 -0.09375 0.03125
v 0.12500 -0.12500 0.03125
f 1665/1 1666/1 1667/1
f 1665/1 1667/1 1668/1
v 0.09375 -0.12500 0.00000
v 0.12500 -0.12500 0.00000
v 0.12500 -0.12500 0.03125
v 0.09375 -0.12500 0.03125
f 1669/1 1670/1 1671/1
f 1669/1 1671/1 1672/1
v 0.12500 -0.12500 0.03125
v 0.12500 -0.09375 0.03125
v 0.12500 -0.09375 0.06250
v 0.12500 -0.12500 0.06250
f 1673/2 1674/2 1675/2
f 1673/2 1675/2 1676/2
v 0.09375 -0.12500 0.03125
v 0.12500 -0.12500 0.03125
v 0.12500 -0.12500 0.06250
v 0.09375 -0.12500 0.06250
f 1677/2 1678/2 1679/2
f 1677/2 1679/2 1680/2
v 0.12500 -0.12500 0.06250
v 0.12500 -0.09375 0.06250
v 0.12500 -0.09375 0.09375
v 0.12500 -0.12500 0.09375
f 1681/1 1682/1 1683/1
f 1681/1 1683/1 1684/1
v 0.09375 -0.12500 0.06250
v 0.12500 -0.12500 0.06250
v 0.12500 -0.12500 0.09375
v 0.09375 -0.12500 0.09375
f 1685/1 1686/1 1687/1
f 1685/1 1687/1 1688/1
v 0.12500 -0.12500 0.09375
v 0.12500 -0.09375 0.09375
v 0.12500 -0.09375 0.12500
v 0.12500 -0.12500 0.12500
f 1689/1 1690/1 1691/1
f 1689/1 1691/1 1692/1
v 0.09375 -0.12500 0.09375
v 0.12500 -0.12500 0.09375
v 0.12500 -0.12500 0.12500
v 0.09375 -0.12500 0.12500
f 1693/1 1694/1 1695/1
f 1693/1 1695/1 1696/1
v 0.12500 -0.12500 0.12500
v 0.12500 -0.09375 0.12500
v 0.12500 -0.09375 0.15625
v 0.12500 -0.12500 0.15625
f 1697/1 1698/1 1699/1
f 1697/1 1699/1 1700/1
v 0.09375 -0.12500 0.12500
v 0.12500 -0.12500 0.12500
v 0.12500 -0.12500 0.15625
v 0.09375 -0.12500 0.15625
f 1701/1 1702/1 1703/1
f 1701/1 1703/1 1704/1
v 0.12500 -0.12500 0.15625
v 0.12500 -0.09375 0.15625
v 0.12500 -0.09375 0.18750
v 0.12500 -0.12500 0.18750
f 1705/1 1706/1 1707/1
f 1705/1 1707/1 1708/1
v 0.09375 -0.12500 0.15625
v 0.12500 -0.12500 0.15625
v 0.12500 -0.12500 0.18750
v 0.09375 -0.12500 0.18750
f 1709/1 1710/1 1711/1
f 1709/1 1711/1 1712/1
v 0.12500 -0.12500 0.18750
v 0.12500 -0.09375 0.18750
v 0.12500 -0.09375 0.21875
v 0.12500 -0.12500 0.21875
f 1713/2 1714/2 1715/2
f 1713/2 1715/2 1716/2
v 0.09375 -0.12500 0.18750
v 0.12500 -0.12500 0.18750
v 0.12500 -0.12500 0.21875
v 0.09375 -0.12500 0.21875
f 1717/2 1718/2 1719/2
f 1717/2 1719/2 1720/2
v 0.12500 -0.12500 0.25000
v 0.12500 -0.09375 0.25000
v 0.12500 -0.09375 0.28125
v 0.12500 -0.12500 0.28125
f 1721/1 1722/1 1723/1
f 1721/1 1723/1 1724/1
v 0.09375 -0.12500 0.25000
v 0.12500 -0.12500 0.25000
v 0.12500 -0.12500 0.28125
v 0.09375 -0.12500 0.28125
f 1725/1 1726/1 1727/1
f 1725/1 1727/1 1728/1
v 0.12500 -0.09375 -0.37500
v 0.12500 -0.06250 -0.37500
v 0.12500 -0.06250 -0.34375
v 0.12500 -0.09375 -0.34375
f 1729/1 1730/1 1731/1
f 1729/1 1731/1 1732/1
v 0.12500 -0.09375 -0.34375
v 0.12500 -0.06250 -0.34375
v 0.12500 -0.06250 -0.31250
v 0.12500 -0.09375 -0.31250
f 1733/4 1734/4 1735/4
f 1733/4 1735/4 1736/4
v 0.12500 -0.09375 -0.31250
v 0.12500 -0.06250 -0.31250
v 0.12500 -0.06250 -0.28125
v 0.12500 -0.09375 -0.28125
f 1737/2 1738/2 1739/2
f 1737/2 1739/2 1740/2
v 0.12500 -0.09375 -0.28125
v 0.12500 -0.06250 -0.28125
v 0.12500 -0.06250 -0.25000
v 0.12500 -0.09375 -0.25000
f 1741/1 1742/1 1743/1
f 1741/1 1743/1 1744/1
v 0.12500 -0.09375 -0.25000
v 0.12500 -0.06250 -0.25000
v 0.12500 -0.06250 -0.21875
v 0.12500 -0.09375 -0.21875
f 1745/1 1746/1 1747/1
f 1745/1 1747/1 1748/1
v 0.12500 -0.09375 -0.21875
v 0.12500 -0.06250 -0.21875
v 0.12500 -0.06250 -0.18750
v 0.12500 -0.09375 -0.18750
f 1749/1 1750/1 1751/1
f 1749/1 1751/1 1752/1
v 0.12500 -0.09375 -0.18750
v 0.12500 -0.06250 -0.18750
v 0.12500 -0.06250 -0.15625
v 0.12500 -0.09375 -0.15625
f 1753/1 1754/1 1755/1
f 1753/1 1755/1 1756/1
v 0.12500 -0.09375 -0.15625
v 0.12500 -0.06250 -0.15625
v 0.12500 -0.06250 -0.12500
v 0.12500 -0.09375 -0.12500
f 1757/2 1758/2 1759/2
f 1757/2 1759/2 1760/2
v 0.12500 -0.09375 -0.12500
v 0.12500 -0.06250 -0.12500
v 0.12500 -0.06250 -0.09375
v 0.12500 -0.09375 -0.09375
f 1761/1 1762/1 1763/1
f 1761/1 1763/1 1764/1
v 0.12500 -0.09375 -0.09375
v 0.12500 -0.06250 -0.09375
v 0.12500 -0.06250 -0.06250
v 0.12500 -0.09375 -0.06250
f 1765/1 1766/1 1767/1
f 1765/1 1767/1 1768/1
v 0.12500 -0.09375 -0.06250
v 0.12500 -0.06250 -0.06250
v 0.12500 -0.06250 -0.03125
v 0.12500 -0.09375 -0.03125
f 1769/2 1770/2 1771/2
f 1769/2 1771/2 1772/2
v 0.12500 -0.09375 -0.03125
v 0.12500 -0.06250 -0.03125
v 0.12500 -0.06250 0.00000
v 0.12500 -0.09375 0.00000
f 1773/1 1774/1 1775/1
f 1773/1 1775/1 1776/1
v 0.12500 -0.09375 0.00000
v 0.12500 -0.06250 0.00000
v 0.12500 -0.06250 0.03125
v 0.12500 -0.09375 0.03125
f 1777/1 1778/1 1779/1
f 1777/1 1779/1 1780/1
v 0.12500 -0.09375 0.03125
v 0.12500 -0.06250 0.03125
v 0.12500 -0.06250 0.06250
v 0.12500 -0.09375 0.06250
f 1781/1 1782/1 1783/1
f 1781/1 1783/1 1784/1
v 0.12500 -0.09375 0.06250
v 0.12500 -0.06250 0.06250
v 0.12500 -0.06250 0.09375
v 0.12500 -0.09375 0.09375
f 1785/1 1786/1 1787/1
f 1785/1 1787/1 1788/1
v 0.12500 -0.09375 0.09375
v 0.12500 -0.06250 0.09375
v 0.12500 -0.06250 0.12500
v 0.12500 -0.09375 0.12500
f 1789/2 1790/2 1791/2
f 1789/2 1791/2 1792/2
v 0.12500 -0.09375 0.12500
v 0.12500 -0.06250 0.12500
v 0.12500 -0.06250 0.15625
v 0.12500 -0.09375 0.15625
f 1793/1 1794/1 1795/1
f 1793/1 1795/1 1796/1
v 0.12500 -0.09375 0.15625
v 0.12500 -0.06250 0.15625
v 0.12500 -0.06250 0.18750
v 0.12500 -0.09375 0.18750
f 1797/4 1798/4 1799/4
f 1797/4 1799/4 1800/4
v 0.12500 -0.09375 0.18750
v 0.12500 -0.06250 0.18750
v 0.12500 -0.06250 0.21875
v 0.12500 -0.09375 0.21875
f 1801/1 1802/1 1803/1
f 1801/1 1803/1 1804/1
v 0.12500 -0.09375 0.25000
v 0.12500 -0.06250 0.25000
v 0.12500 -0.06250 0.28125
v 0.12500 -0.09375 0.28125
f 1805/2 1806/2 1807/2
f 1805/2 1807/2 1808/2
v 0.12500 -0.06250 -0.37500
v 0.12500 -0.03125 -0.37500
v 0.12500 -0.03125 -0.34375
v 0.12500 -0.06250 -0.34375
f 1809/1 1810/1 1811/1
f 1809/1 1811/1 1812/1
v 0.12500 -0.06250 -0.34375
v 0.12500 -0.03125 -0.34375
v 0.12500 -0.03125 -0.31250
v 0.12500 -0.06250 -0.31250
f 1813/1 1814/1 1815/1
f 1813/1 1815/1 1816/1
v 0.12500 -0.06250 -0.31250
v 0.12500 -0.03125 -0.31250
v 0.12500 -0.03125 -0.28125
v 0.12500 -0.06250 -0.28125
f 1817/1 1818/1 1819/1
f 1817/1 1819/1 1820/1
v 0.12500 -0.06250 -0.28125
v 0.12500 -0.03125 -0.28125
v 0.12500 -0.03125 -0.25000
v 0.12500 -0.06250 -0.25000
f 1821/1 1822/1 1823/1
f 1821/1 1823/1 1824/1
v 0.12500 -0.06250 -0.25000
v 0.12500 -0.03125 -0.25000
v 0.12500 -0.03125 -0.21875
v 0.12500 -0.06250 -0.21875
f 1825/2 1826/2 1827/2
f 1825/2 1827/2 1828/2
v 0.12500 -0.06250 -0.21875
v 0.12500 -0.03125 -0.21875
v 0.12500 -0.03125 -0.18750
v 0.12500 -0.06250 -0.18750
f 1829/1 1830/1 1831/1
f 1829/1 1831/1 1832/1
v 0.12500 -0.06250 -0.18750
v 0.12500 -0.03125 -0.18750
v 0.12500 -0.03125 -0.15625
v 0.12500 -0.06250 -0.15625
f 1833/1 1834/1 1835/1
f 1833/1 1835/1 1836/1
v 0.12500 -0.06250 -0.15625
v 0.12500 -0.03125 -0.15625
v 0.12500 -0.03125 -0.12500
v 0.12500 -0.06250 -0.12500
f 1837/1 1838/1 1839/1
f 1837/1 1839/1 1840/1
v 0.12500 -0.06250 -0.12500
v 0.12500 -0.03125 -0.12500
v 0.12500 -0.03125 -0.09375
v 0.12500 -0.06250 -0.09375
f 1841/1 1842/1 1843/1
f 1841/1 1843/1 1844/1
v 0.12500 -0.06250 -0.09375
v 0.12500 -0.03125 -0.09375
v 0.12500 -0.03125 -0.06250
v 0.12500 -0.06250 -0.06250
f 1845/2 1846/2 1847/2
f 1845/2 1847/2 1848/2
v 0.12500 -0.06250 -0.06250
v 0.12500 -0.03125 -0.06250
v 0.12500 -0.03125 -0.03125
v 0.12500 -0.06250 -0.03125
f 1849/1 1850/1 1851/1
f 1849/1 1851/1 1852/1
v 0.12500 -0.06250 -0.03125
v 0.12500 -0.03125 -0.03125
v 0.12500 -0.03125 0.00000
v 0.12500 -0.06250 0.00000
f 1853/1 1854/1 1855/1
f 1853/1 1855/1 1856/1
v 0.12500 -0.06250 0.00000
v 0.12500 -0.03125 0.00000
v 0.12500 -0.03125 0.03125
v 0.12500 -0.06250 0.03125
f 1857/2 1858/2 1859/2
f 1857/2 1859/2 1860/2
v 0.12500 -0.06250 0.03125
v 0.12500 -0.03125 0.03125
v 0.12500 -0.03125 0.06250
v 0.12500 -0.06250 0.06250
f 1861/1 1862/1 1863/1
f 1861/1 1863/1 1864/1
v 0.12500 -0.06250 0.06250
v 0.12500 -0.03125 0.06250
v 0.12500 -0.03125 0.09375
v 0.12500 -0.06250 0.09375
f 1865/1 1866/1 1867/1
f 1865/1 1867/1 1868/1
v 0.12500 -0.06250 0.09375
v 0.12500 -0.03125 0.09375
v 0.12500 -0.03125 0.12500
v 0.12500 -0.06250 0.12500
f 1869/1 1870/1 1871/1
f 1869/1 1871/1 1872/1
v 0.12500 -0.06250 0.12500
v 0.12500 -0.03125 0.12500
v 0.12500 -0.03125 0.15625
v 0.12500 -0.06250 0.15625
f 1873/1 1874/1 1875/1
f 1873/1 1875/1 1876/1
v 0.12500 -0.06250 0.15625
v 0.12500 -0.03125 0.15625
v 0.12500 -0.03125 0.18750
v 0.12500 -0.06250 0.18750
f 1877/2 1878/2 1879/2
f 1877/2 1879/2 1880/2
v 0.12500 -0.06250 0.18750
v 0.12500 -0.03125 0.18750
v 0.12500 -0.03125 0.21875
v 0.12500 -0.06250 0.21875
f 1881/1 1882/1 1883/1
f 1881/1 1883/1 1884/1
v 0.12500 -0.06250 0.25000
v 0.12500 -0.03125 0.25000
v 0.12500 -0.03125 0.28125
v 0.12500 -0.06250 0.28125
f 1885/1 1886/1 1887/1
f 1885/1 1887/1 1888/1
v 0.12500 -0.03125 -0.12500
v 0.12500 0.00000 -0.12500
v 0.12500 0.00000 -0.09375
v 0.12500 -0.03125 -0.09375
f 1889/1 1890/1 1891/1
f 1889/1 1891/1 1892/1
v 0.12500 -0.03125 -0.09375
v 0.12500 0.00000 -0.09375
v 0.12500 0.00000 -0.06250
v 0.12500 -0.03125 -0.06250
f 1893/1 1894/1 1895/1
f 1893/1 1895/1 1896/1
v 0.12500 -0.03125 -0.06250
v 0.12500 0.00000 -0.06250
v 0.12500 0.00000 -0.03125
v 0.12500 -0.03125 -0.03125
f 1897/1 1898/1 1899/1
f 1897/1 1899/1 1900/1
v 0.12500 -0.03125 -0.03125
v 0.12500 0.00000 -0.03125
v 0.12500 0.00000 0.00000
v 0.12500 -0.03125 0.00000
f 1901/2 1902/2 1903/2
f 1901/2 1903/2 1904/2
v 0.12500 -0.03125 0.00000
v 0.12500 0.00000 0.00000
v 0.12500 0.00000 0.03125
v 0.12500 -0.03125 0.03125
f 1905/1 1906/1 1907/1
f 1905/1 1907/1 1908/1
v 0.12500 -0.03125 0.03125
v 0.12500 0.00000 0.03125
v 0.12500 0.00000 0.06250
v 0.12500 -0.03125 0.06250
f 1909/1 1910/1 1911/1
f 1909/1 1911/1 1912/1
v 0.12500 -0.03125 0.06250
v 0.12500 0.00000 0.06250
v 0.12500 0.00000 0.09375
v 0.12500 -0.03125 0.09375
f 1913/2 1914/2 1915/2
f 1913/2 1915/2 1916/2
v 0.12500 -0.03125 0.09375
v 0.12500 0.00000 0.09375
v 0.12500 0.00000 0.12500
v 0.12500 -0.03125 0.12500
f 1917/1 1918/1 1919/1
f 1917/1 1919/1 1920/1
v 0.12500 -0.03125 0.12500
v 0.12500 0.00000 0.12500
v 0.12500 0.00000 0.15625
v 0.12500 -0.03125 0.15625
f 1921/1 1922/1 1923/1
f 1921/1 1923/1 1924/1
v 0.12500 -0.03125 0.15625
v 0.12500 0.00000 0.15625
v 0.12500 0.00000 0.18750
v 0.12500 -0.03125 0.18750
f 1925/1 1926/1 1927/1
f 1925/1 1927/1 1928/1
v 0.12500 -0.03125 0.18750
v 0.12500 0.00000 0.18750
v 0.12500 0.00000 0.21875
v 0.12500 -0.03125 0.21875
f 1929/1 1930/1 1931/1
f 1929/1 1931/1 1932/1
v 0.12500 -0.03125 0.25000
v 0.12500 0.00000 0.25000
v 0.12500 0.00000 0.28125
v 0.12500 -0.03125 0.28125
f 1933/1 1934/1 1935/1
f 1933/1 1935/1 1936/1
v 0.12500 0.00000 -0.12500
v 0.12500 0.03125 -0.12500
v 0.12500 0.03125 -0.09375
v 0.12500 0.00000 -0.09375
f 1937/2 1938/2 1939/2
f 1937/2 1939/2 1940/2
v 0.12500 0.00000 -0.09375
v 0.12500 0.03125 -0.09375
v 0.12500 0.03125 -0.06250
v 0.12500 0.00000 -0.06250
f 1941/1 1942/1 1943/1
f 1941/1 1943/1 1944/1
v 0.12500 0.00000 -0.06250
v 0.12500 0.03125 -0.06250
v 0.12500 0.03125 -0.03125
v 0.12500 0.00000 -0.03125
f 1945/1 1946/1 1947/1
f 1945/1 1947/1 1948/1
v 0.12500 0.00000 -0.03125
v 0.12500 0.03125 -0.03125
v 0.12500 0.03125 0.00000
v 0.12500 0.00000 0.00000
f 1949/1 1950/1 1951/1
f 1949/1 1951/1 1952/1
v 0.12500 0.00000 0.00000
v 0.12500 0.03125 0.00000
v 0.12500 0.03125 0.03125
v 0.12500 0.00000 0.03125
f 1953/1 1954/1 1955/1
f 1953/1 1955/1 1956/1
v 0.12500 0.00000 0.03125
v 0.12500 0.03125 0.03125
v 0.12500 0.03125 0.06250
v 0.12500 0.00000 0.06250
f 1957/2 1958/2 1959/2
f 1957/2 1959/2 1960/2
v 0.12500 0.00000 0.06250
v 0.12500 0.03125 0.06250
v 0.12500 0.03125 0.09375
v 0.12500 0.00000 0.09375
f 1961/1 1962/1 1963/1
f 1961/1 1963/1 1964/1
v 0.12500 0.00000 0.09375
v 0.12500 0.03125 0.09375
v 0.12500 0.03125 0.12500
v 0.12500 0.00000 0.12500
f 1965/1 1966/1 1967/1
f 1965/1 1967/1 1968/1
v 0.12500 0.00000 0.12500
v 0.12500 0.03125 0.12500
v 0.12500 0.03125 0.15625
v 0.12500 0.00000 0.15625
f 1969/2 1970/2 1971/2
f 1969/2 1971/2 1972/2
v 0.12500 0.00000 0.15625
v 0.12500 0.03125 0.15625
v 0.12500 0.03125 0.18750
v 0.12500 0.00000 0.18750
f 1973/1 1974/1 1975/1
f 1973/1 1975/1 1976/1
v 0.12500 0.00000 0.18750
v 0.12500 0.03125 0.18750
v 0.12500 0.03125 0.21875
v 0.12500 0.00000 0.21875
f 1977/1 1978/1 1979/1
f 1977/1 1979/1 1980/1
v 0.12500 0.00000 0.25000
v 0.12500 0.03125 0.25000
v 0.12500 0.03125 0.28125
v 0.12500 0.00000 0.28125
f 1981/1 1982/1 1983/1
f 1981/1 1983/1 1984/1
v 0.12500 0.03125 -0.37500
v 0.12500 0.06250 -0.37500
v 0.12500 0.06250 -0.34375
v 0.12500 0.03125 -0.34375
f 1985/1 1986/1 1987/1
f 1985/1 1987/1 1988/1
v 0.12500 0.03125 -0.34375
v 0.12500 0.06250 -0.34375
v 0.12500 0.06250 -0.31250
v 0.12500 0.03125 -0.31250
f 1989/1 1990/1 1991/1
f 1989/1 1991/1 1992/1
v 0.12500 0.03125 -0.31250
v 0.12500 0.06250 -0.31250
v 0.12500 0.06250 -0.28125
v 0.12500 0.03125 -0.28125
f 1993/2 1994/2 1995/2
f 1993/2 1995/2 1996/2
v 0.12500 0.03125 -0.28125
v 0.12500 0.06250 -0.28125
v 0.12500 0.06250 -0.25000
v 0.12500 0.03125 -0.25000
f 1997/11 1998/11 1999/11
f 1997/11 1999/11 2000/11
v 0.12500 0.03125 -0.25000
v 0.12500 0.06250 -0.25000
v 0.12500 0.06250 -0.21875
v 0.12500 0.03125 -0.21875
f 2001/1 2002/1 2003/1
f 2001/1 2003/1 2004/1
v 0.12500 0.03125 -0.21875
v 0.12500 0.06250 -0.21875
v 0.12500 0.06250 -0.18750
v 0.12500 0.03125 -0.18750
f 2005/11 2006/11 2007/11
f 2005/11 2007/11 2008/11
v 0.12500 0.03125 -0.18750
v 0.12500 0.06250 -0.18750
v 0.12500 0.06250 -0.15625
v 0.12500 0.03125 -0.15625
f 2009/1 2010/1 2011/1
f 2009/1 2011/1 2012/1
v 0.12500 0.03125 -0.15625
v 0.12500 0.06250 -0.15625
v 0.12500 0.06250 -0.12500
v 0.12500 0.03125 -0.12500
f 2013/11 2014/11 2015/11
f 2013/11 2015/11 2016/11
v 0.12500 0.03125 -0.12500
v 0.12500 0.06250 -0.12500
v 0.12500 0.06250 -0.09375
v 0.12500 0.03125 -0.09375
f 2017/1 2018/1 2019/1
f 2017/1 2019/1 2020/1
v 0.12500 0.03125 -0.09375
v 0.12500 0.06250 -0.09375
v 0.12500 0.06250 -0.06250
v 0.12500 0.03125 -0.06250
f 2021/1 2022/1 2023/1
f 2021/1 2023/1 2024/1
v 0.12500 0.03125 -0.06250
v 0.12500 0.06250 -0.06250
v 0.12500 0.06250 -0.03125
v 0.12500 0.03125 -0.03125
f 2025/2 2026/2 2027/2
f 2025/2 2027/2 2028/2
v 0.12500 0.03125 -0.03125
v 0.12500 0.06250 -0.03125
v 0.12500 0.06250 0.00000
v 0.12500 0.03125 0.00000
f 2029/1 2030/1 2031/1
f 2029/1 2031/1 2032/1
v 0.12500 0.03125 0.00000
v 0.12500 0.06250 0.00000
v 0.12500 0.06250 0.03125
v 0.12500 0.03125 0.03125
f 2033/1 2034/1 2035/1
f 2033/1 2035/1 2036/1
v 0.12500 0.03125 0.03125
v 0.12500 0.06250 0.03125
v 0.12500 0.06250 0.06250
v 0.12500 0.03125 0.06250
f 2037/1 2038/1 2039/1
f 2037/1 2039/1 2040/1
v 0.12500 0.03125 0.06250
v 0.12500 0.06250 0.06250
v 0.12500 0.06250 0.09375
v 0.12500 0.03125 0.09375
f 2041/1 2042/1 2043/1
f 2041/1 2043/1 2044/1
v 0.12500 0.03125 0.09375
v 0.12500 0.06250 0.09375
v 0.12500 0.06250 0.12500
v 0.12500 0.03125 0.12500
f 2045/2 2046/2 2047/2
f 2045/2 2047/2 2048/2
v 0.12500 0.03125 0.12500
v 0.12500 0.06250 0.12500
v 0.12500 0.06250 0.15625
v 0.12500 0.03125 0.15625
f 2049/1 2050/1 2051/1
f 2049/1 2051/1 2052/1
v 0.12500 0.03125 0.15625
v 0.12500 0.06250 0.15625
v 0.12500 0.06250 0.18750
v 0.12500 0.03125 0.18750
f 2053/1 2054/1 2055/1
f 2053/1 2055/1 2056/1
v 0.12500 0.03125 0.18750
v 0.12500 0.06250 0.18750
v 0.12500 0.06250 0.21875
v 0.12500 0.03125 0.21875
f 2057/2 2058/2 2059/2
f 2057/2 2059/2 2060/2
v 0.12500 0.03125 0.25000
v 0.12500 0.06250 0.25000
v 0.12500 0.06250 0.28125
v 0.12500 0.03125 0.28125
f 2061/1 2062/1 2063/1
f 2061/1 2063/1 2064/1
v 0.12500 0.06250 -0.37500
v 0.12500 0.09375 -0.37500
v 0.12500 0.09375 -0.34375
v 0.12500 0.06250 -0.34375
f 2065/1 2066/1 2067/1
f 2065/1 2067/1 2068/1
v 0.12500 0.06250 -0.34375
v 0.12500 0.09375 -0.34375
v 0.12500 0.09375 -0.31250
v 0.12500 0.06250 -0.31250
f 2069/4 2070/4 2071/4
f 2069/4 2071/4 2072/4
v 0.12500 0.06250 -0.31250
v 0.12500 0.09375 -0.31250
v 0.12500 0.09375 -0.28125
v 0.12500 0.06250 -0.28125
f 2073/1 2074/1 2075/1
f 2073/1 2075/1 2076/1
v 0.12500 0.06250 -0.28125
v 0.12500 0.09375 -0.28125
v 0.12500 0.09375 -0.25000
v 0.12500 0.06250 -0.25000
f 2077/1 2078/1 2079/1
f 2077/1 2079/1 2080/1
v 0.12500 0.06250 -0.25000
v 0.12500 0.09375 -0.25000
v 0.12500 0.09375 -0.21875
v 0.12500 0.06250 -0.21875
f 2081/2 2082/2 2083/2
f 2081/2 2083/2 2084/2
v 0.12500 0.06250 -0.21875
v 0.12500 0.09375 -0.21875
v 0.12500 0.09375 -0.18750
v 0.12500 0.06250 -0.18750
f 2085/1 2086/1 2087/1
f 2085/1 2087/1 2088/1
v 0.12500 0.06250 -0.18750
v 0.12500 0.09375 -0.18750
v 0.12500 0.09375 -0.15625
v 0.12500 0.06250 -0.15625
f 2089/1 2090/1 2091/1
f 2089/1 2091/1 2092/1
v 0.12500 0.06250 -0.15625
v 0.12500 0.09375 -0.15625
v 0.12500 0.09375 -0.12500
v 0.12500 0.06250 -0.12500
f 2093/2 2094/2 2095/2
f 2093/2 2095/2 2096/2
v 0.12500 0.06250 -0.12500
v 0.12500 0.09375 -0.12500
v 0.12500 0.09375 -0.09375
v 0.12500 0.06250 -0.09375
f 2097/1 2098/1 2099/1
f 2097/1 2099/1 2100/1
v 0.12500 0.06250 -0.09375
v 0.12500 0.09375 -0.09375
v 0.12500 0.09375 -0.06250
v 0.12500 0.06250 -0.06250
f 2101/1 2102/1 2103/1
f 2101/1 2103/1 2104/1
v 0.12500 0.06250 -0.06250
v 0.12500 0.09375 -0.06250
v 0.12500 0.09375 -0.03125
v 0.12500 0.06250 -0.03125
f 2105/1 2106/1 2107/1
f 2105/1 2107/1 2108/1
v 0.12500 0.06250 -0.03125
v 0.12500 0.09375 -0.03125
v 0.12500 0.09375 0.00000
v 0.12500 0.06250 0.00000
f 2109/1 2110/1 2111/1
f 2109/1 2111/1 2112/1
v 0.12500 0.06250 0.00000
v 0.12500 0.09375 0.00000
v 0.12500 0.09375 0.03125
v 0.12500 0.06250 0.03125
f 2113/2 2114/2 2115/2
f 2113/2 2115/2 2116/2
v 0.12500 0.06250 0.03125
v 0.12500 0.09375 0.03125
v 0.12500 0.09375 0.06250
v 0.12500 0.06250 0.06250
f 2117/1 2118/1 2119/1
f 2117/1 2119/1 2120/1
v 0.12500 0.06250 0.06250
v 0.12500 0.09375 0.06250
v 0.12500 0.09375 0.09375
v 0.12500 0.06250 0.09375
f 2121/1 2122/1 2123/1
f 2121/1 2123/1 2124/1
v 0.12500 0.06250 0.09375
v 0.12500 0.09375 0.09375
v 0.12500 0.09375 0.12500
v 0.12500 0.06250 0.12500
f 2125/1 2126/1 2127/1
f 2125/1 2127/1 2128/1
v 0.12500 0.06250 0.12500
v 0.12500 0.09375 0.12500
v 0.12500 0.09375 0.15625
v 0.12500 0.06250 0.15625
f 2129/1 2130/1 2131/1
f 2129/1 2131/1 2132/1
v 0.12500 0.06250 0.15625
v 0.12500 0.09375 0.15625
v 0.12500 0.09375 0.18750
v 0.12500 0.06250 0.18750
f 2133/4 2134/4 2135/4
f 2133/4 2135/4 2136/4
v 0.12500 0.06250 0.18750
v 0.12500 0.09375 0.18750
v 0.12500 0.09375 0.21875
v 0.12500 0.06250 0.21875
f 2137/1 2138/1 2139/1
f 2137/1 2139/1 2140/1
v 0.12500 0.06250 0.25000
v 0.12500 0.09375 0.25000
v 0.12500 0.09375 0.28125
v 0.12500 0.06250 0.28125
f 2141/2 2142/2 2143/2
f 2141/2 2143/2 2144/2
v 0.12500 0.09375 -0.37500
v 0.12500 0.12500 -0.37500
v 0.12500 0.12500 -0.34375
v 0.12500 0.09375 -0.34375
f 2145/3 2146/3 2147/3
f 2145/3 2147/3 2148/3
v 0.09375 0.12500 -0.34375
v 0.12500 0.12500 -0.34375
v 0.12500 0.12500 -0.37500
v 0.09375 0.12500 -0.37500
f 2149/1 2150/1 2151/1
f 2149/1 2151/1 2152/1
v 0.12500 0.09375 -0.34375
v 0.12500 0.12500 -0.34375
v 0.12500 0.12500 -0.31250
v 0.12500 0.09375 -0.31250
f 2153/3 2154/3 2155/3
f 2153/3 2155/3 2156/3
v 0.09375 0.12500 -0.31250
v 0.12500 0.12500 -0.31250
v 0.12500 0.12500 -0.34375
v 0.09375 0.12500 -0.34375
f 2157/2 2158/2 2159/2
f 2157/2 2159/2 2160/2
v 0.12500 0.09375 -0.31250
v 0.12500 0.12500 -0.31250
v 0.12500 0.12500 -0.28125
v 0.12500 0.09375 -0.28125
f 2161/3 2162/3 2163/3
f 2161/3 2163/3 2164/3
v 0.09375 0.12500 -0.28125
v 0.12500 0.12500 -0.28125
v 0.12500 0.12500 -0.31250
v 0.09375 0.12500 -0.31250
f 2165/1 2166/1 2167/1
f 2165/1 2167/1 2168/1
v 0.12500 0.09375 -0.28125
v 0.12500 0.12500 -0.28125
v 0.12500 0.12500 -0.25000
v 0.12500 0.09375 -0.25000
f 2169/3 2170/3 2171/3
f 2169/3 2171/3 2172/3
v 0.09375 0.12500 -0.25000
v 0.12500 0.12500 -0.25000
v 0.12500 0.12500 -0.28125
v 0.09375 0.12500 -0.28125
f 2173/1 2174/1 2175/1
f 2173/1 2175/1 2176/1
v 0.12500 0.09375 -0.25000
v 0.12500 0.12500 -0.25000
v 0.12500 0.12500 -0.21875
v 0.12500 0.09375 -0.21875
f 2177/3 2178/3 2179/3
f 2177/3 2179/3 2180/3
v 0.09375 0.12500 -0.21875
v 0.12500 0.12500 -0.21875
v 0.12500 0.12500 -0.25000
v 0.09375 0.12500 -0.25000
f 2181/1 2182/1 2183/1
f 2181/1 2183/1 2184/1
v 0.12500 0.09375 -0.21875
v 0.12500 0.12500 -0.21875
v 0.12500 0.12500 -0.18750
v 0.12500 0.09375 -0.18750
f 2185/3 2186/3 2187/3
f 2185/3 2187/3 2188/3
v 0.09375 0.12500 -0.18750
v 0.12500 0.12500 -0.18750
v 0.12500 0.12500 -0.21875
v 0.09375 0.12500 -0.21875
f 2189/1 2190/1 2191/1
f 2189/1 2191/1 2192/1
v 0.12500 0.09375 -0.18750
v 0.12500 0.12500 -0.18750
v 0.12500 0.12500 -0.15625
v 0.12500 0.09375 -0.15625
f 2193/3 2194/3 2195/3
f 2193/3 2195/3 2196/3
v 0.09375 0.12500 -0.15625
v 0.12500 0.12500 -0.15625
v 0.12500 0.12500 -0.18750
v 0.09375 0.12500 -0.18750
f 2197/2 2198/2 2199/2
f 2197/2 2199/2 2200/2
v 0.12500 0.09375 -0.15625
v 0.12500 0.12500 -0.15625
v 0.12500 0.12500 -0.12500
v 0.12500 0.09375 -0.12500
f 2201/3 2202/3 2203/3
f 2201/3 2203/3 2204/3
v 0.09375 0.12500 -0.12500
v 0.12500 0.12500 -0.12500
v 0.12500 0.12500 -0.15625
v 0.09375 0.12500 -0.15625
f 2205/1 2206/1 2207/1
f 2205/1 2207/1 2208/1
v 0.12500 0.09375 -0.12500
v 0.12500 0.12500 -0.12500
v 0.12500 0.12500 -0.09375
v 0.12500 0.09375 -0.09375
f 2209/3 2210/3 2211/3
f 2209/3 2211/3 2212/3
v 0.09375 0.12500 -0.09375
v 0.12500 0.12500 -0.09375
v 0.12500 0.12500 -0.12500
v 0.09375 0.12500 -0.12500
f 2213/1 2214/1 2215/1
f 2213/1 2215/1 2216/1
v 0.12500 0.09375 -0.09375
v 0.12500 0.12500 -0.09375
v 0.12500 0.12500 -0.06250
v 0.12500 0.09375 -0.06250
f 2217/3 2218/3 2219/3
f 2217/3 2219/3 2220/3
v 0.09375 0.12500 -0.06250
v 0.12500 0.12500 -0.06250
v 0.12500 0.12500 -0.09375
v 0.09375 0.12500 -0.09375
f 2221/2 2222/2 2223/2
f 2221/2 2223/2 2224/2
v 0.12500 0.09375 -0.06250
v 0.12500 0.12500 -0.06250
v 0.12500 0.12500 -0.03125
v 0.12500 0.09375 -0.03125
f 2225/3 2226/3 2227/3
f 2225/3 2227/3 2228/3
v 0.09375 0.12500 -0.03125
v 0.12500 0.12500 -0.03125
v 0.12500 0.12500 -0.06250
v 0.09375 0.12500 -0.06250
f 2229/1 2230/1 2231/1
f 2229/1 2231/1 2232/1
v 0.12500 0.09375 -0.03125
v 0.12500 0.12500 -0.03125
v 0.12500 0.12500 0.00000
v 0.12500 0.09375 0.00000
f 2233/3 2234/3 2235/3
f 2233/3 2235/3 2236/3
v 0.09375 0.12500 0.00000
v 0.12500 0.12500 0.00000
v 0.12500 0.12500 -0.03125
v 0.09375 0.12500 -0.03125
f 2237/1 2238/1 2239/1
f 2237/1 2239/1 2240/1
v 0.12500 0.09375 0.00000
v 0.12500 0.12500 0.00000
v 0.12500 0.12500 0.03125
v 0.12500 0.09375 0.03125
f 2241/3 2242/3 2243/3
f 2241/3 2243/3 2244/3
v 0.09375 0.12500 0.03125
v 0.12500 0.12500 0.03125
v 0.12500 0.12500 0.00000
v 0.09375 0.12500 0.00000
f 2245/1 2246/1 2247/1
f 2245/1 2247/1 2248/1
v 0.12500 0.09375 0.03125
v 0.12500 0.12500 0.03125
v 0.12500 0.12500 0.06250
v 0.12500 0.09375 0.06250
f 2249/3 2250/3 2251/3
f 2249/3 2251/3 2252/3
v 0.09375 0.12500 0.06250
v 0.12500 0.12500 0.06250
v 0.12500 0.12500 0.03125
v 0.09375 0.12500 0.03125
f 2253/1 2254/1 2255/1
f 2253/1 2255/1 2256/1
v 0.12500 0.09375 0.06250
v 0.12500 0.12500 0.06250
v 0.12500 0.12500 0.09375
v 0.12500 0.09375 0.09375
f 2257/3 2258/3 2259/3
f 2257/3 2259/3 2260/3
v 0.09375 0.12500 0.09375
v 0.12500 0.12500 0.09375
v 0.12500 0.12500 0.06250
v 0.09375 0.12500 0.06250
f 2261/2 2262/2 2263/2
f 2261/2 2263/2 2264/2
v 0.12500 0.09375 0.09375
v 0.12500 0.12500 0.09375
v 0.12500 0.12500 0.12500
v 0.12500 0.09375 0.12500
f 2265/3 2266/3 2267/3
f 2265/3 2267/3 2268/3
v 0.09375 0.12500 0.12500
v 0.12500 0.12500 0.12500
v 0.12500 0.12500 0.09375
v 0.09375 0.12500 0.09375
f 2269/1 2270/1 2271/1
f 2269/1 2271/1 2272/1
v 0.12500 0.09375 0.12500
v 0.12500 0.12500 0.12500
v 0.12500 0.12500 0.15625
v 0.12500 0.09375 0.15625
f 2273/3 2274/3 2275/3
f 2273/3 2275/3 2276/3
v 0.09375 0.12500 0.15625
v 0.12500 0.12500 0.15625
v 0.12500 0.12500 0.12500
v 0.09375 0.12500 0.12500
f 2277/1 2278/1 2279/1
f 2277/1 2279/1 2280/1
v 0.12500 0.09375 0.15625
v 0.12500 0.12500 0.15625
v 0.12500 0.12500 0.18750
v 0.12500 0.09375 0.18750
f 2281/3 2282/3 2283/3
f 2281/3 2283/3 2284/3
v 0.09375 0.12500 0.18750
v 0.12500 0.12500 0.18750
v 0.12500 0.12500 0.15625
v 0.09375 0.12500 0.15625
f 2285/1 2286/1 2287/1
f 2285/1 2287/1 2288/1
v 0.12500 0.09375 0.18750
v 0.12500 0.12500 0.18750
v 0.12500 0.12500 0.21875
v 0.12500 0.09375 0.21875
f 2289/3 2290/3 2291/3
f 2289/3 2291/3 2292/3
v 0.09375 0.12500 0.21875
v 0.12500 0.12500 0.21875
v 0.12500 0.12500 0.18750
v 0.09375 0.12500 0.18750
f 2293/1 2294/1 2295/1
f 2293/1 2295/1 2296/1
v 0.12500 0.09375 0.25000
v 0.12500 0.12500 0.25000
v 0.12500 0.12500 0.28125
v 0.12500 0.09375 0.28125
f 2297/3 2298/3 2299/3
f 2297/3 2299/3 2300/3
v 0.09375 0.12500 0.28125
v 0.12500 0.12500 0.28125
v 0.12500 0.12500 0.25000
v 0.09375 0.12500 0.25000
f 2301/1 2302/1 2303/1
f 2301/1 2303/1 2304/1
v -0.12500 -0.12500 0.31250
v -0.12500 -0.09375 0.31250
v -0.12500 -0.09375 0.28125
v -0.12500 -0.12500 0.28125
f 2305/4 2306/4 2307/4
f 2305/4 2307/4 2308/4
v -0.12500 -0.12500 0.28125
v -0.09375 -0.12500 0.28125
v -0.09375 -0.12500 0.31250
v -0.12500 -0.12500 0.31250
f 2309/4 2310/4 2311/4
f 2309/4 2311/4 2312/4
v -0.12500 -0.12500 0.34375
v -0.12500 -0.09375 0.34375
v -0.12500 -0.09375 0.31250
v -0.12500 -0.12500 0.31250
f 2313/4 2314/4 2315/4
f 2313/4 2315/4 2316/4
v -0.12500 -0.12500 0.31250
v -0.09375 -0.12500 0.31250
v -0.09375 -0.12500 0.34375
v -0.12500 -0.12500 0.34375
f 2317/4 2318/4 2319/4
f 2317/4 2319/4 2320/4
v -0.12500 -0.09375 0.31250
v -0.12500 -0.06250 0.31250
v -0.12500 -0.06250 0.28125
v -0.12500 -0.09375 0.28125
f 2321/4 2322/4 2323/4
f 2321/4 2323/4 2324/4
v -0.12500 -0.09375 0.34375
v -0.12500 -0.06250 0.34375
v -0.12500 -0.06250 0.31250
v -0.12500 -0.09375 0.31250
f 2325/4 2326/4 2327/4
f 2325/4 2327/4 2328/4
v -0.12500 -0.06250 0.31250
v -0.12500 -0.03125 0.31250
v -0.12500 -0.03125 0.28125
v -0.12500 -0.06250 0.28125
f 2329/4 2330/4 2331/4
f 2329/4 2331/4 2332/4
v -0.12500 -0.06250 0.34375
v -0.12500 -0.03125 0.34375
v -0.12500 -0.03125 0.31250
v -0.12500 -0.06250 0.31250
f 2333/4 2334/4 2335/4
f 2333/4 2335/4 2336/4
v -0.12500 -0.03125 0.31250
v -0.12500 0.00000 0.31250
v -0.12500 0.00000 0.28125
v -0.12500 -0.03125 0.28125
f 2337/4 2338/4 2339/4
f 2337/4 2339/4 2340/4
v -0.12500 -0.03125 0.34375
v -0.12500 0.00000 0.34375
v -0.12500 0.00000 0.31250
v -0.12500 -0.03125 0.31250
f 2341/4 2342/4 2343/4
f 2341/4 2343/4 2344/4
v -0.12500 0.00000 0.31250
v -0.12500 0.03125 0.31250
v -0.12500 0.03125 0.28125
v -0.12500 0.00000 0.28125
f 2345/4 2346/4 2347/4
f 2345/4 2347/4 2348/4
v -0.12500 0.00000 0.34375
v -0.12500 0.03125 0.34375
v -0.12500 0.03125 0.31250
v -0.12500 0.00000 0.31250
f 2349/4 2350/4 2351/4
f 2349/4 2351/4 2352/4
v -0.12500 0.03125 0.31250
v -0.12500 0.06250 0.31250
v -0.12500 0.06250 0.28125
v -0.12500 0.03125 0.28125
f 2353/4 2354/4 2355/4
f 2353/4 2355/4 2356/4
v -0.12500 0.03125 0.34375
v -0.12500 0.06250 0.34375
v -0.12500 0.06250 0.31250
v -0.12500 0.03125 0.31250
f 2357/4 2358/4 2359/4
f 2357/4 2359/4 2360/4
v -0.12500 0.06250 0.31250
v -0.12500 0.09375 0.31250
v -0.12500 0.09375 0.28125
v -0.12500 0.06250 0.28125
f 2361/4 2362/4 2363/4
f 2361/4 2363/4 2364/4
v -0.12500 0.06250 0.34375
v -0.12500 0.09375 0.34375
v -0.12500 0.09375 0.31250
v -0.12500 0.06250 0.31250
f 2365/4 2366/4 2367/4
f 2365/4 2367/4 2368/4
v -0.12500 0.09375 0.31250
v -0.12500 0.12500 0.31250
v -0.12500 0.12500 0.28125
v -0.12500 0.09375 0.28125
f 2369/4 2370/4 2371/4
f 2369/4 2371/4 2372/4
v -0.12500 0.12500 0.31250
v -0.09375 0.12500 0.31250
v -0.09375 0.12500 0.28125
v -0.12500 0.12500 0.28125
f 2373/4 2374/4 2375/4
f 2373/4 2375/4 2376/4
v -0.12500 0.09375 0.34375
v -0.12500 0.12500 0.34375
v -0.12500 0.12500 0.31250
v -0.12500 0.09375 0.31250
f 2377/4 2378/4 2379/4
f 2377/4 2379/4 2380/4
v -0.12500 0.12500 0.34375
v -0.09375 0.12500 0.34375
v -0.09375 0.12500 0.31250
v -0.12500 0.12500 0.31250
f 2381/4 2382/4 2383/4
f 2381/4 2383/4 2384/4
v -0.09375 -0.12500 0.28125
v -0.06250 -0.12500 0.28125
v -0.06250 -0.12500 0.31250
v -0.09375 -0.12500 0.31250
f 2385/4 2386/4 2387/4
f 2385/4 2387/4 2388/4
v -0.09375 -0.12500 0.31250
v -0.06250 -0.12500 0.31250
v -0.06250 -0.12500 0.34375
v -0.09375 -0.12500 0.34375
f 2389/4 2390/4 2391/4
f 2389/4 2391/4 2392/4
v -0.09375 0.12500 0.31250
v -0.06250 0.12500 0.31250
v -0.06250 0.12500 0.28125
v -0.09375 0.12500 0.28125
f 2393/4 2394/4 2395/4
f 2393/4 2395/4 2396/4
v -0.09375 0.12500 0.34375
v -0.06250 0.12500 0.34375
v -0.06250 0.12500 0.31250
v -0.09375 0.12500 0.31250
f 2397/4 2398/4 2399/4
f 2397/4 2399/4 2400/4
v -0.06250 -0.12500 0.28125
v -0.03125 -0.12500 0.28125
v -0.03125 -0.12500 0.31250
v -0.06250 -0.12500 0.31250
f 2401/4 2402/4 2403/4
f 2401/4 2403/4 2404/4
v -0.06250 -0.12500 0.31250
v -0.03125 -0.12500 0.31250
v -0.03125 -0.12500 0.34375
v -0.06250 -0.12500 0.34375
f 2405/4 2406/4 2407/4
f 2405/4 2407/4 2408/4
v -0.06250 0.12500 0.31250
v -0.03125 0.12500 0.31250
v -0.03125 0.12500 0.28125
v -0.06250 0.12500 0.28125
f 2409/4 2410/4 2411/4
f 2409/4 2411/4 2412/4
v -0.06250 0.12500 0.34375
v -0.03125 0.12500 0.34375
v -0.03125 0.12500 0.31250
v -0.06250 0.12500 0.31250
f 2413/4 2414/4 2415/4
f 2413/4 2415/4 2416/4
v -0.03125 -0.12500 0.28125
v 0.00000 -0.12500 0.28125
v 0.00000 -0.12500 0.31250
v -0.03125 -0.12500 0.31250
f 2417/4 2418/4 2419/4
f 2417/4 2419/4 2420/4
v -0.03125 -0.12500 0.31250
v 0.00000 -0.12500 0.31250
v 0.00000 -0.12500 0.34375
v -0.03125 -0.12500 0.34375
f 2421/4 2422/4 2423/4
f 2421/4 2423/4 2424/4
v -0.03125 0.12500 0.31250
v 0.00000 0.12500 0.31250
v 0.00000 0.12500 0.28125
v -0.03125 0.12500 0.28125
f 2425/4 2426/4 2427/4
f 2425/4 2427/4 2428/4
v -0.03125 0.12500 0.34375
v 0.00000 0.12500 0.34375
v 0.00000 0.12500 0.31250
v -0.03125 0.12500 0.31250
f 2429/4 2430/4 2431/4
f 2429/4 2431/4 2432/4
v 0.00000 -0.12500 0.28125
v 0.03125 -0.12500 0.28125
v 0.03125 -0.12500 0.31250
v 0.00000 -0.12500 0.31250
f 2433/4 2434/4 2435/4
f 2433/4 2435/4 2436/4
v 0.00000 -0.12500 0.31250
v 0.03125 -0.12500 0.31250
v 0.03125 -0.12500 0.34375
v 0.00000 -0.12500 0.34375
f 2437/4 2438/4 2439/4
f 2437/4 2439/4 2440/4
v 0.00000 0.12500 0.31250
v 0.03125 0.12500 0.31250
v 0.03125 0.12500 0.28125
v 0.00000 0.12500 0.28125
f 2441/4 2442/4 2443/4
f 2441/4 2443/4 2444/4
v 0.00000 0.12500 0.34375
v 0.03125 0.12500 0.34375
v 0.03125 0.12500 0.31250
v 0.00000 0.12500 0.31250
f 2445/4 2446/4 2447/4
f 2445/4 2447/4 2448/4
v 0.03125 -0.12500 0.28125
v 0.06250 -0.12500 0.28125
v 0.06250 -0.12500 0.31250
v 0.03125 -0.12500 0.31250
f 2449/4 2450/4 2451/4
f 2449/4 2451/4 2452/4
v 0.03125 -0.12500 0.31250
v 0.06250 -0.12500 0.31250
v 0.06250 -0.12500 0.34375
v 0.03125 -0.12500 0.34375
f 2453/4 2454/4 2455/4
f 2453/4 2455/4 2456/4
v 0.03125 0.12500 0.31250
v 0.06250 0.12500 0.31250
v 0.06250 0.12500 0.28125
v 0.03125 0.12500 0.28125
f 2457/4 2458/4 2459/4
f 2457/4 2459/4 2460/4
v 0.03125 0.12500 0.34375
v 0.06250 0.12500 0.34375
v 0.06250 0.12500 0.31250
v 0.03125 0.12500 0.31250
f 2461/4 2462/4 2463/4
f 2461/4 2463/4 2464/4
v 0.06250 -0.12500 0.28125
v 0.09375 -0.12500 0.28125
v 0.09375 -0.12500 0.31250
v 0.06250 -0.12500 0.31250
f 2465/4 2466/4 2467/4
f 2465/4 2467/4 2468/4
v 0.06250 -0.12500 0.31250
v 0.09375 -0.12500 0.31250
v 0.09375 -0.12500 0.34375
v 0.06250 -0.12500 0.34375
f 2469/4 2470/4 2471/4
f 2469/4 2471/4 2472/4
v 0.06250 0.12500 0.31250
v 0.09375 0.12500 0.31250
v 0.09375 0.12500 0.28125
v 0.06250 0.12500 0.28125
f 2473/4 2474/4 2475/4
f 2473/4 2475/4 2476/4
v 0.06250 0.12500 0.34375
v 0.09375 0.12500 0.34375
v 0.09375 0.12500 0.31250
v 0.06250 0.12500 0.31250
f 2477/4 2478/4 2479/4
f 2477/4 2479/4 2480/4
v 0.12500 -0.12500 0.28125
v 0.12500 -0.09375 0.28125
v 0.12500 -0.09375 0.31250
v 0.12500 -0.12500 0.31250
f 2481/4 2482/4 2483/4
f 2481/4 2483/4 2484/4
v 0.09375 -0.12500 0.28125
v 0.12500 -0.12500 0.28125
v 0.12500 -0.12500 0.31250
v 0.09375 -0.12500 0.31250
f 2485/4 2486/4 2487/4
f 2485/4 2487/4 2488/4
v 0.12500 -0.12500 0.31250
v 0.12500 -0.09375 0.31250
v 0.12500 -0.09375 0.34375
v 0.12500 -0.12500 0.34375
f 2489/4 2490/4 2491/4
f 2489/4 2491/4 2492/4
v 0.09375 -0.12500 0.31250
v 0.12500 -0.12500 0.31250
v 0.12500 -0.12500 0.34375
v 0.09375 -0.12500 0.34375
f 2493/4 2494/4 2495/4
f 2493/4 2495/4 2496/4
v 0.12500 -0.09375 0.28125
v 0.12500 -0.06250 0.28125
v 0.12500 -0.06250 0.31250
v 0.12500 -0.09375 0.31250
f 2497/4 2498/4 2499/4
f 2497/4 2499/4 2500/4
v 0.12500 -0.09375 0.31250
v 0.12500 -0.06250 0.31250
v 0.12500 -0.06250 0.34375
v 0.12500 -0.09375 0.34375
f 2501/4 2502/4 2503/4
f 2501/4 2503/4 2504/4
v 0.12500 -0.06250 0.28125
v 0.12500 -0.03125 0.28125
v 0.12500 -0.03125 0.31250
v 0.12500 -0.06250 0.31250
f 2505/4 2506/4 2507/4
f 2505/4 2507/4 2508/4
v 0.12500 -0.06250 0.31250
v 0.12500 -0.03125 0.31250
v 0.12500 -0.03125 0.34375
v 0.12500 -0.06250 0.34375
f 2509/4 2510/4 2511/4
f 2509/4 2511/4 2512/4
v 0.12500 -0.03125 0.28125
v 0.12500 0.00000 0.28125
v 0.12500 0.00000 0.31250
v 0.12500 -0.03125 0.31250
f 2513/4 2514/4 2515/4
f 2513/4 2515/4 2516/4
v 0.12500 -0.03125 0.31250
v 0.12500 0.00000 0.31250
v 0.12500 0.00000 0.34375
v 0.12500 -0.03125 0.34375
f 2517/4 2518/4 2519/4
f 2517/4 2519/4 2520/4
v 0.12500 0.00000 0.28125
v 0.12500 0.03125 0.28125
v 0.12500 0.03125 0.31250
v 0.12500 0.00000 0.31250
f 2521/4 2522/4 2523/4
f 2521/4 2523/4 2524/4
v 0.12500 0.00000 0.31250
v 0.12500 0.03125 0.31250
v 0.12500 0.03125 0.34375
v 0.12500 0.00000 0.34375
f 2525/4 2526/4 2527/4
f 2525/4 2527/4 2528/4
v 0.12500 0.03125 0.28125
v 0.12500 0.06250 0.28125
v 0.12500 0.06250 0.31250
v 0.12500 0.03125 0.31250
f 2529/4 2530/4 2531/4
f 2529/4 2531/4 2532/4
v 0.12500 0.03125 0.31250
v 0.12500 0.06250 0.31250
v 0.12500 0.06250 0.34375
v 0.12500 0.03125 0.34375
f 2533/4 2534/4 2535/4
f 2533/4 2535/4 2536/4
v 0.12500 0.06250 0.28125
v 0.12500 0.09375 0.28125
v 0.12500 0.09375 0.31250
v 0.12500 0.06250 0.31250
f 2537/4 2538/4 2539/4
f 2537/4 2539/4 2540/4
v 0.12500 0.06250 0.31250
v 0.12500 0.09375 0.31250
v 0.12500 0.09375 0.34375
v 0.12500 0.06250 0.34375
f 2541/4 2542/4 2543/4
f 2541/4 2543/4 2544/4
v 0.12500 0.09375 0.28125
v 0.12500 0.12500 0.28125
v 0.12500 0.12500 0.31250
v 0.12500 0.09375 0.31250
f 2545/4 2546/4 2547/4
f 2545/4 2547/4 2548/4
v 0.09375 0.12500 0.31250
v 0.12500 0.12500 0.31250
v 0.12500 0.12500 0.28125
v 0.09375 0.12500 0.28125
f 2549/4 2550/4 2551/4
f 2549/4 2551/4 2552/4
v 0.12500 0.09375 0.31250
v 0.12500 0.12500 0.31250
v 0.12500 0.12500 0.34375
v 0.12500 0.09375 0.34375
f 2553/4 2554/4 2555/4
f 2553/4 2555/4 2556/4
v 0.09375 0.12500 0.34375
v 0.12500 0.12500 0.34375
v 0.12500 0.12500 0.31250
v 0.09375 0.12500 0.31250
f 2557/4 2558/4 2559/4
f 2557/4 2559/4 2560/4
v -0.12500 -0.12500 0.37500
v -0.12500 -0.09375 0.37500
v -0.12500 -0.09375 0.34375
v -0.12500 -0.12500 0.34375
f 2561/5 2562/5 2563/5
f 2561/5 2563/5 2564/5
v -0.12500 -0.12500 0.34375
v -0.09375 -0.12500 0.34375
v -0.09375 -0.12500 0.37500
v -0.12500 -0.12500 0.37500
f 2565/5 2566/5 2567/5
f 2565/5 2567/5 2568/5
v -0.12500 -0.12500 0.40625
v -0.12500 -0.09375 0.40625
v -0.12500 -0.09375 0.37500
v -0.12500 -0.12500 0.37500
f 2569/5 2570/5 2571/5
f 2569/5 2571/5 2572/5
v -0.12500 -0.12500 0.37500
v -0.09375 -0.12500 0.37500
v -0.09375 -0.12500 0.40625
v -0.12500 -0.12500 0.40625
f 2573/5 2574/5 2575/5
f 2573/5 2575/5 2576/5
v -0.12500 -0.12500 0.43750
v -0.12500 -0.09375 0.43750
v -0.12500 -0.09375 0.40625
v -0.12500 -0.12500 0.40625
f 2577/5 2578/5 2579/5
f 2577/5 2579/5 2580/5
v -0.12500 -0.12500 0.40625
v -0.09375 -0.12500 0.40625
v -0.09375 -0.12500 0.43750
v -0.12500 -0.12500 0.43750
f 2581/5 2582/5 2583/5
f 2581/5 2583/5 2584/5
v -0.12500 -0.12500 0.43750
v -0.09375 -0.12500 0.43750
v -0.09375 -0.09375 0.43750
v -0.12500 -0.09375 0.43750
f 2585/5 2586/5 2587/5
f 2585/5 2587/5 2588/5
v -0.12500 -0.09375 0.37500
v -0.12500 -0.06250 0.37500
v -0.12500 -0.06250 0.34375
v -0.12500 -0.09375 0.34375
f 2589/5 2590/5 2591/5
f 2589/5 2591/5 2592/5
v -0.12500 -0.09375 0.40625
v -0.12500 -0.06250 0.40625
v -0.12500 -0.06250 0.37500
v -0.12500 -0.09375 0.37500
f 2593/5 2594/5 2595/5
f 2593/5 2595/5 2596/5
v -0.12500 -0.09375 0.43750
v -0.12500 -0.06250 0.43750
v -0.12500 -0.06250 0.40625
v -0.12500 -0.09375 0.40625
f 2597/5 2598/5 2599/5
f 2597/5 2599/5 2600/5
v -0.12500 -0.09375 0.43750
v -0.09375 -0.09375 0.43750
v -0.09375 -0.06250 0.43750
v -0.12500 -0.06250 0.43750
f 2601/5 2602/5 2603/5
f 2601/5 2603/5 2604/5
v -0.12500 -0.06250 0.37500
v -0.12500 -0.03125 0.37500
v -0.12500 -0.03125 0.34375
v -0.12500 -0.06250 0.34375
f 2605/5 2606/5 2607/5
f 2605/5 2607/5 2608/5
v -0.12500 -0.06250 0.40625
v -0.12500 -0.03125 0.40625
v -0.12500 -0.03125 0.37500
v -0.12500 -0.06250 0.37500
f 2609/5 2610/5 2611/5
f 2609/5 2611/5 2612/5
v -0.12500 -0.06250 0.43750
v -0.12500 -0.03125 0.43750
v -0.12500 -0.03125 0.40625
v -0.12500 -0.06250 0.40625
f 2613/6 2614/6 2615/6
f 2613/6 2615/6 2616/6
v -0.12500 -0.06250 0.43750
v -0.09375 -0.06250 0.43750
v -0.09375 -0.03125 0.43750
v -0.12500 -0.03125 0.43750
f 2617/6 2618/6 2619/6
f 2617/6 2619/6 2620/6
v -0.12500 -0.03125 0.37500
v -0.12500 0.00000 0.37500
v -0.12500 0.00000 0.34375
v -0.12500 -0.03125 0.34375
f 2621/5 2622/5 2623/5
f 2621/5 2623/5 2624/5
v -0.12500 -0.03125 0.40625
v -0.12500 0.00000 0.40625
v -0.12500 0.00000 0.37500
v -0.12500 -0.03125 0.37500
f 2625/6 2626/6 2627/6
f 2625/6 2627/6 2628/6
v -0.12500 -0.03125 0.43750
v -0.12500 0.00000 0.43750
v -0.12500 0.00000 0.40625
v -0.12500 -0.03125 0.40625
f 2629/5 2630/5 2631/5
f 2629/5 2631/5 2632/5
v -0.12500 -0.03125 0.43750
v -0.09375 -0.03125 0.43750
v -0.09375 0.00000 0.43750
v -0.12500 0.00000 0.43750
f 2633/5 2634/5 2635/5
f 2633/5 2635/5 2636/5
v -0.12500 0.00000 0.37500
v -0.12500 0.03125 0.37500
v -0.12500 0.03125 0.34375
v -0.12500 0.00000 0.34375
f 2637/6 2638/6 2639/6
f 2637/6 2639/6 2640/6
v -0.12500 0.00000 0.40625
v -0.12500 0.03125 0.40625
v -0.12500 0.03125 0.37500
v -0.12500 0.00000 0.37500
f 2641/5 2642/5 2643/5
f 2641/5 2643/5 2644/5
v -0.12500 0.00000 0.43750
v -0.12500 0.03125 0.43750
v -0.12500 0.03125 0.40625
v -0.12500 0.00000 0.40625
f 2645/5 2646/5 2647/5
f 2645/5 2647/5 2648/5
v -0.12500 0.00000 0.43750
v -0.09375 0.00000 0.43750
v -0.09375 0.03125 0.43750
v -0.12500 0.03125 0.43750
f 2649/5 2650/5 2651/5
f 2649/5 2651/5 2652/5
v -0.12500 0.03125 0.37500
v -0.12500 0.06250 0.37500
v -0.12500 0.06250 0.34375
v -0.12500 0.03125 0.34375
f 2653/5 2654/5 2655/5
f 2653/5 2655/5 2656/5
v -0.12500 0.03125 0.40625
v -0.12500 0.06250 0.40625
v -0.12500 0.06250 0.37500
v -0.12500 0.03125 0.37500
f 2657/5 2658/5 2659/5
f 2657/5 2659/5 2660/5
v -0.12500 0.03125 0.43750
v -0.12500 0.06250 0.43750
v -0.12500 0.06250 0.40625
v -0.12500 0.03125 0.40625
f 2661/5 2662/5 2663/5
f 2661/5 2663/5 2664/5
v -0.12500 0.03125 0.43750
v -0.09375 0.03125 0.43750
v -0.09375 0.06250 0.43750
v -0.12500 0.06250 0.43750
f 2665/5 2666/5 2667/5
f 2665/5 2667/5 2668/5
v -0.12500 0.06250 0.37500
v -0.12500 0.09375 0.37500
v -0.12500 0.09375 0.34375
v -0.12500 0.06250 0.34375
f 2669/5 2670/5 2671/5
f 2669/5 2671/5 2672/5
v -0.12500 0.06250 0.40625
v -0.12500 0.09375 0.40625
v -0.12500 0.09375 0.37500
v -0.12500 0.06250 0.37500
f 2673/5 2674/5 2675/5
f 2673/5 2675/5 2676/5
v -0.12500 0.06250 0.43750
v -0.12500 0.09375 0.43750
v -0.12500 0.09375 0.40625
v -0.12500 0.06250 0.40625
f 2677/5 2678/5 2679/5
f 2677/5 2679/5 2680/5
v -0.12500 0.06250 0.43750
v -0.09375 0.06250 0.43750
v -0.09375 0.09375 0.43750
v -0.12500 0.09375 0.43750
f 2681/5 2682/5 2683/5
f 2681/5 2683/5 2684/5
v -0.12500 0.09375 0.37500
v -0.12500 0.12500 0.37500
v -0.12500 0.12500 0.34375
v -0.12500 0.09375 0.34375
f 2685/5 2686/5 2687/5
f 2685/5 2687/5 2688/5
v -0.12500 0.12500 0.37500
v -0.09375 0.12500 0.37500
v -0.09375 0.12500 0.34375
v -0.12500 0.12500 0.34375
f 2689/5 2690/5 2691/5
f 2689/5 2691/5 2692/5
v -0.12500 0.09375 0.40625
v -0.12500 0.12500 0.40625
v -0.12500 0.12500 0.37500
v -0.12500 0.09375 0.37500
f 2693/5 2694/5 2695/5
f 2693/5 2695/5 2696/5
v -0.12500 0.12500 0.40625
v -0.09375 0.12500 0.40625
v -0.09375 0.12500 0.37500
v -0.12500 0.12500 0.37500
f 2697/5 2698/5 2699/5
f 2697/5 2699/5 2700/5
v -0.12500 0.09375 0.43750
v -0.12500 0.12500 0.43750
v -0.12500 0.12500 0.40625
v -0.12500 0.09375 0.40625
f 2701/5 2702/5 2703/5
f 2701/5 2703/5 2704/5
v -0.12500 0.12500 0.43750
v -0.09375 0.12500 0.43750
v -0.09375 0.12500 0.40625
v -0.12500 0.12500 0.40625
f 2705/5 2706/5 2707/5
f 2705/5 2707/5 2708/5
v -0.12500 0.09375 0.43750
v -0.09375 0.09375 0.43750
v -0.09375 0.12500 0.43750
v -0.12500 0.12500 0.43750
f 2709/5 2710/5 2711/5
f 2709/5 2711/5 2712/5
v -0.09375 -0.12500 0.34375
v -0.06250 -0.12500 0.34375
v -0.06250 -0.12500 0.37500
v -0.09375 -0.12500 0.37500
f 2713/5 2714/5 2715/5
f 2713/5 2715/5 2716/5
v -0.09375 -0.12500 0.37500
v -0.06250 -0.12500 0.37500
v -0.06250 -0.12500 0.40625
v -0.09375 -0.12500 0.40625
f 2717/5 2718/5 2719/5
f 2717/5 2719/5 2720/5
v -0.09375 -0.12500 0.40625
v -0.06250 -0.12500 0.40625
v -0.06250 -0.12500 0.43750
v -0.09375 -0.12500 0.43750
f 2721/5 2722/5 2723/5
f 2721/5 2723/5 2724/5
v -0.09375 -0.12500 0.43750
v -0.06250 -0.12500 0.43750
v -0.06250 -0.09375 0.43750
v -0.09375 -0.09375 0.43750
f 2725/5 2726/5 2727/5
f 2725/5 2727/5 2728/5
v -0.09375 0.12500 0.37500
v -0.06250 0.12500 0.37500
v -0.06250 0.12500 0.34375
v -0.09375 0.12500 0.34375
f 2729/5 2730/5 2731/5
f 2729/5 2731/5 2732/5
v -0.09375 0.12500 0.40625
v -0.06250 0.12500 0.40625
v -0.06250 0.12500 0.37500
v -0.09375 0.12500 0.37500
f 2733/5 2734/5 2735/5
f 2733/5 2735/5 2736/5
v -0.09375 0.12500 0.43750
v -0.06250 0.12500 0.43750
v -0.06250 0.12500 0.40625
v -0.09375 0.12500 0.40625
f 2737/5 2738/5 2739/5
f 2737/5 2739/5 2740/5
v -0.09375 0.09375 0.43750
v -0.06250 0.09375 0.43750
v -0.06250 0.12500 0.43750
v -0.09375 0.12500 0.43750
f 2741/5 2742/5 2743/5
f 2741/5 2743/5 2744/5
v -0.06250 -0.12500 0.34375
v -0.03125 -0.12500 0.34375
v -0.03125 -0.12500 0.37500
v -0.06250 -0.12500 0.37500
f 2745/5 2746/5 2747/5
f 2745/5 2747/5 2748/5
v -0.06250 -0.12500 0.37500
v -0.03125 -0.12500 0.37500
v -0.03125 -0.12500 0.40625
v -0.06250 -0.12500 0.40625
f 2749/5 2750/5 2751/5
f 2749/5 2751/5 2752/5
v -0.06250 -0.12500 0.40625
v -0.03125 -0.12500 0.40625
v -0.03125 -0.12500 0.43750
v -0.06250 -0.12500 0.43750
f 2753/6 2754/6 2755/6
f 2753/6 2755/6 2756/6
v -0.06250 -0.12500 0.43750
v -0.03125 -0.12500 0.43750
v -0.03125 -0.09375 0.43750
v -0.06250 -0.09375 0.43750
f 2757/6 2758/6 2759/6
f 2757/6 2759/6 2760/6
v -0.06250 0.12500 0.37500
v -0.03125 0.12500 0.37500
v -0.03125 0.12500 0.34375
v -0.06250 0.12500 0.34375
f 2761/5 2762/5 2763/5
f 2761/5 2763/5 2764/5
v -0.06250 0.12500 0.40625
v -0.03125 0.12500 0.40625
v -0.03125 0.12500 0.37500
v -0.06250 0.12500 0.37500
f 2765/5 2766/5 2767/5
f 2765/5 2767/5 2768/5
v -0.06250 0.12500 0.43750
v -0.03125 0.12500 0.43750
v -0.03125 0.12500 0.40625
v -0.06250 0.12500 0.40625
f 2769/6 2770/6 2771/6
f 2769/6 2771/6 2772/6
v -0.06250 0.09375 0.43750
v -0.03125 0.09375 0.43750
v -0.03125 0.12500 0.43750
v -0.06250 0.12500 0.43750
f 2773/6 2774/6 2775/6
f 2773/6 2775/6 2776/6
v -0.03125 -0.12500 0.34375
v 0.00000 -0.12500 0.34375
v 0.00000 -0.12500 0.37500
v -0.03125 -0.12500 0.37500
f 2777/5 2778/5 2779/5
f 2777/5 2779/5 2780/5
v -0.03125 -0.12500 0.37500
v 0.00000 -0.12500 0.37500
v 0.00000 -0.12500 0.40625
v -0.03125 -0.12500 0.40625
f 2781/6 2782/6 2783/6
f 2781/6 2783/6 2784/6
v -0.03125 -0.12500 0.40625
v 0.00000 -0.12500 0.40625
v 0.00000 -0.12500 0.43750
v -0.03125 -0.12500 0.43750
f 2785/5 2786/5 2787/5
f 2785/5 2787/5 2788/5
v -0.03125 -0.12500 0.43750
v 0.00000 -0.12500 0.43750
v 0.00000 -0.09375 0.43750
v -0.03125 -0.09375 0.43750
f 2789/5 2790/5 2791/5
f 2789/5 2791/5 2792/5
v -0.03125 0.12500 0.37500
v 0.00000 0.12500 0.37500
v 0.00000 0.12500 0.34375
v -0.03125 0.12500 0.34375
f 2793/5 2794/5 2795/5
f 2793/5 2795/5 2796/5
v -0.03125 0.12500 0.40625
v 0.00000 0.12500 0.40625
v 0.00000 0.12500 0.37500
v -0.03125 0.12500 0.37500
f 2797/6 2798/6 2799/6
f 2797/6 2799/6 2800/6
v -0.03125 0.12500 0.43750
v 0.00000 0.12500 0.43750
v 0.00000 0.12500 0.40625
v -0.03125 0.12500 0.40625
f 2801/5 2802/5 2803/5
f 2801/5 2803/5 2804/5
v -0.03125 0.09375 0.43750
v 0.00000 0.09375 0.43750
v 0.00000 0.12500 0.43750
v -0.03125 0.12500 0.43750
f 2805/5 2806/5 2807/5
f 2805/5 2807/5 2808/5
v 0.00000 -0.12500 0.34375
v 0.03125 -0.12500 0.34375
v 0.03125 -0.12500 0.37500
v 0.00000 -0.12500 0.37500
f 2809/6 2810/6 2811/6
f 2809/6 2811/6 2812/6
v 0.00000 -0.12500 0.37500
v 0.03125 -0.12500 0.37500
v 0.03125 -0.12500 0.40625
v 0.00000 -0.12500 0.40625
f 2813/5 2814/5 2815/5
f 2813/5 2815/5 2816/5
v 0.00000 -0.12500 0.40625
v 0.03125 -0.12500 0.40625
v 0.03125 -0.12500 0.43750
v 0.00000 -0.12500 0.43750
f 2817/5 2818/5 2819/5
f 2817/5 2819/5 2820/5
v 0.00000 -0.12500 0.43750
v 0.03125 -0.12500 0.43750
v 0.03125 -0.09375 0.43750
v 0.00000 -0.09375 0.43750
f 2821/5 2822/5 2823/5
f 2821/5 2823/5 2824/5
v 0.00000 0.12500 0.37500
v 0.03125 0.12500 0.37500
v 0.03125 0.12500 0.34375
v 0.00000 0.12500 0.34375
f 2825/6 2826/6 2827/6
f 2825/6 2827/6 2828/6
v 0.00000 0.12500 0.40625
v 0.03125 0.12500 0.40625
v 0.03125 0.12500 0.37500
v 0.00000 0.12500 0.37500
f 2829/5 2830/5 2831/5
f 2829/5 2831/5 2832/5
v 0.00000 0.12500 0.43750
v 0.03125 0.12500 0.43750
v 0.03125 0.12500 0.40625
v 0.00000 0.12500 0.40625
f 2833/5 2834/5 2835/5
f 2833/5 2835/5 2836/5
v 0.00000 0.09375 0.43750
v 0.03125 0.09375 0.43750
v 0.03125 0.12500 0.43750
v 0.00000 0.12500 0.43750
f 2837/5 2838/5 2839/5
f 2837/5 2839/5 2840/5
v 0.03125 -0.12500 0.34375
v 0.06250 -0.12500 0.34375
v 0.06250 -0.12500 0.37500
v 0.03125 -0.12500 0.37500
f 2841/5 2842/5 2843/5
f 2841/5 2843/5 2844/5
v 0.03125 -0.12500 0.37500
v 0.06250 -0.12500 0.37500
v 0.06250 -0.12500 0.40625
v 0.03125 -0.12500 0.40625
f 2845/5 2846/5 2847/5
f 2845/5 2847/5 2848/5
v 0.03125 -0.12500 0.40625
v 0.06250 -0.12500 0.40625
v 0.06250 -0.12500 0.43750
v 0.03125 -0.12500 0.43750
f 2849/5 2850/5 2851/5
f 2849/5 2851/5 2852/5
v 0.03125 -0.12500 0.43750
v 0.06250 -0.12500 0.43750
v 0.06250 -0.09375 0.43750
v 0.03125 -0.09375 0.43750
f 2853/5 2854/5 2855/5
f 2853/5 2855/5 2856/5
v 0.03125 0.12500 0.37500
v 0.06250 0.12500 0.37500
v 0.06250 0.12500 0.34375
v 0.03125 0.12500 0.34375
f 2857/5 2858/5 2859/5
f 2857/5 2859/5 2860/5
v 0.03125 0.12500 0.40625
v 0.06250 0.12500 0.40625
v 0.06250 0.12500 0.37500
v 0.03125 0.12500 0.37500
f 2861/5 2862/5 2863/5
f 2861/5 2863/5 2864/5
v 0.03125 0.12500 0.43750
v 0.06250 0.12500 0.43750
v 0.06250 0.12500 0.40625
v 0.03125 0.12500 0.40625
f 2865/5 2866/5 2867/5
f 2865/5 2867/5 2868/5
v 0.03125 0.09375 0.43750
v 0.06250 0.09375 0.43750
v 0.06250 0.12500 0.43750
v 0.03125 0.12500 0.43750
f 2869/5 2870/5 2871/5
f 2869/5 2871/5 2872/5
v 0.06250 -0.12500 0.34375
v 0.09375 -0.12500 0.34375
v 0.09375 -0.12500 0.37500
v 0.06250 -0.12500 0.37500
f 2873/5 2874/5 2875/5
f 2873/5 2875/5 2876/5
v 0.06250 -0.12500 0.37500
v 0.09375 -0.12500 0.37500
v 0.09375 -0.12500 0.40625
v 0.06250 -0.12500 0.40625
f 2877/5 2878/5 2879/5
f 2877/5 2879/5 2880/5
v 0.06250 -0.12500 0.40625
v 0.09375 -0.12500 0.40625
v 0.09375 -0.12500 0.43750
v 0.06250 -0.12500 0.43750
f 2881/5 2882/5 2883/5
f 2881/5 2883/5 2884/5
v 0.06250 -0.12500 0.43750
v 0.09375 -0.12500 0.43750
v 0.09375 -0.09375 0.43750
v 0.06250 -0.09375 0.43750
f 2885/5 2886/5 2887/5
f 2885/5 2887/5 2888/5
v 0.06250 0.12500 0.37500
v 0.09375 0.12500 0.37500
v 0.09375 0.12500 0.34375
v 0.06250 0.12500 0.34375
f 2889/5 2890/5 2891/5
f 2889/5 2891/5 2892/5
v 0.06250 0.12500 0.40625
v 0.09375 0.12500 0.40625
v 0.09375 0.12500 0.37500
v 0.06250 0.12500 0.37500
f 2893/5 2894/5 2895/5
f 2893/5 2895/5 2896/5
v 0.06250 0.12500 0.43750
v 0.09375 0.12500 0.43750
v 0.09375 0.12500 0.40625
v 0.06250 0.12500 0.40625
f 2897/5 2898/5 2899/5
f 2897/5 2899/5 2900/5
v 0.06250 0.09375 0.43750
v 0.09375 0.09375 0.43750
v 0.09375 0.12500 0.43750
v 0.06250 0.12500 0.43750
f 2901/5 2902/5 2903/5
f 2901/5 2903/5 2904/5
v 0.12500 -0.12500 0.34375
v 0.12500 -0.09375 0.34375
v 0.12500 -0.09375 0.37500
v 0.12500 -0.12500 0.37500
f 2905/5 2906/5 2907/5
f 2905/5 2907/5 2908/5
v 0.09375 -0.12500 0.34375
v 0.12500 -0.12500 0.34375
v 0.12500 -0.12500 0.37500
v 0.09375 -0.12500 0.37500
f 2909/5 2910/5 2911/5
f 2909/5 2911/5 2912/5
v 0.12500 -0.12500 0.37500
v 0.12500 -0.09375 0.37500
v 0.12500 -0.09375 0.40625
v 0.12500 -0.12500 0.40625
f 2913/5 2914/5 2915/5
f 2913/5 2915/5 2916/5
v 0.09375 -0.12500 0.37500
v 0.12500 -0.12500 0.37500
v 0.12500 -0.12500 0.40625
v 0.09375 -0.12500 0.40625
f 2917/5 2918/5 2919/5
f 2917/5 2919/5 2920/5
v 0.12500 -0.12500 0.40625
v 0.12500 -0.09375 0.40625
v 0.12500 -0.09375 0.43750
v 0.12500 -0.12500 0.43750
f 2921/5 2922/5 2923/5
f 2921/5 2923/5 2924/5
v 0.09375 -0.12500 0.40625
v 0.12500 -0.12500 0.40625
v 0.12500 -0.12500 0.43750
v 0.09375 -0.12500 0.43750
f 2925/5 2926/5 2927/5
f 2925/5 2927/5 2928/5
v 0.09375 -0.12500 0.43750
v 0.12500 -0.12500 0.43750
v 0.12500 -0.09375 0.43750
v 0.09375 -0.09375 0.43750
f 2929/5 2930/5 2931/5
f 2929/5 2931/5 2932/5
v 0.12500 -0.09375 0.34375
v 0.12500 -0.06250 0.34375
v 0.12500 -0.06250 0.37500
v 0.12500 -0.09375 0.37500
f 2933/5 2934/5 2935/5
f 2933/5 2935/5 2936/5
v 0.12500 -0.09375 0.37500
v 0.12500 -0.06250 0.37500
v 0.12500 -0.06250 0.40625
v 0.12500 -0.09375 0.40625
f 2937/5 2938/5 2939/5
f 2937/5 2939/5 2940/5
v 0.12500 -0.09375 0.40625
v 0.12500 -0.06250 0.40625
v 0.12500 -0.06250 0.43750
v 0.12500 -0.09375 0.43750
f 2941/5 2942/5 2943/5
f 2941/5 2943/5 2944/5
v 0.09375 -0.09375 0.43750
v 0.12500 -0.09375 0.43750
v 0.12500 -0.06250 0.43750
v 0.09375 -0.06250 0.43750
f 2945/5 2946/5 2947/5
f 2945/5 2947/5 2948/5
v 0.12500 -0.06250 0.34375
v 0.12500 -0.03125 0.34375
v 0.12500 -0.03125 0.37500
v 0.12500 -0.06250 0.37500
f 2949/5 2950/5 2951/5
f 2949/5 2951/5 2952/5
v 0.12500 -0.06250 0.37500
v 0.12500 -0.03125 0.37500
v 0.12500 -0.03125 0.40625
v 0.12500 -0.06250 0.40625
f 2953/5 2954/5 2955/5
f 2953/5 2955/5 2956/5
v 0.12500 -0.06250 0.40625
v 0.12500 -0.03125 0.40625
v 0.12500 -0.03125 0.43750
v 0.12500 -0.06250 0.43750
f 2957/6 2958/6 2959/6
f 2957/6 2959/6 2960/6
v 0.09375 -0.06250 0.43750
v 0.12500 -0.06250 0.43750
v 0.12500 -0.03125 0.43750
v 0.09375 -0.03125 0.43750
f 2961/6 2962/6 2963/6
f 2961/6 2963/6 2964/6
v 0.12500 -0.03125 0.34375
v 0.12500 0.00000 0.34375
v 0.12500 0.00000 0.37500
v 0.12500 -0.03125 0.37500
f 2965/5 2966/5 2967/5
f 2965/5 2967/5 2968/5
v 0.12500 -0.03125 0.37500
v 0.12500 0.00000 0.37500
v 0.12500 0.00000 0.40625
v 0.12500 -0.03125 0.40625
f 2969/6 2970/6 2971/6
f 2969/6 2971/6 2972/6
v 0.12500 -0.03125 0.40625
v 0.12500 0.00000 0.40625
v 0.12500 0.00000 0.43750
v 0.12500 -0.03125 0.43750
f 2973/5 2974/5 2975/5
f 2973/5 2975/5 2976/5
v 0.09375 -0.03125 0.43750
v 0.12500 -0.03125 0.43750
v 0.12500 0.00000 0.43750
v 0.09375 0.00000 0.43750
f 2977/5 2978/5 2979/5
f 2977/5 2979/5 2980/5
v 0.12500 0.00000 0.34375
v 0.12500 0.03125 0.34375
v 0.12500 0.03125 0.37500
v 0.12500 0.00000 0.37500
f 2981/6 2982/6 2983/6
f 2981/6 2983/6 2984/6
v 0.12500 0.00000 0.37500
v 0.12500 0.03125 0.37500
v 0.12500 0.03125 0.40625
v 0.12500 0.00000 0.40625
f 2985/5 2986/5 2987/5
f 2985/5 2987/5 2988/5
v 0.12500 0.00000 0.40625
v 0.12500 0.03125 0.40625
v 0.12500 0.03125 0.43750
v 0.12500 0.00000 0.43750
f 2989/5 2990/5 2991/5
f 2989/5 2991/5 2992/5
v 0.09375 0.00000 0.43750
v 0.12500 0.00000 0.43750
v 0.12500 0.03125 0.43750
v 0.09375 0.03125 0.43750
f 2993/5 2994/5 2995/5
f 2993/5 2995/5 2996/5
v 0.12500 0.03125 0.34375
v 0.12500 0.06250 0.34375
v 0.12500 0.06250 0.37500
v 0.12500 0.03125 0.37500
f 2997/5 2998/5 2999/5
f 2997/5 2999/5 3000/5
v 0.12500 0.03125 0.37500
v 0.12500 0.06250 0.37500
v 0.12500 0.06250 0.40625
v 0.12500 0.03125 0.40625
f 3001/5 3002/5 3003/5
f 3001/5 3003/5 3004/5
v 0.12500 0.03125 0.40625
v 0.12500 0.06250 0.40625
v 0.12500 0.06250 0.43750
v 0.12500 0.03125 0.43750
f 3005/5 3006/5 3007/5
f 3005/5 3007/5 3008/5
v 0.09375 0.03125 0.43750
v 0.12500 0.03125 0.43750
v 0.12500 0.06250 0.43750
v 0.09375 0.06250 0.43750
f 3009/5 3010/5 3011/5
f 3009/5 3011/5 3012/5
v 0.12500 0.06250 0.34375
v 0.12500 0.09375 0.34375
v 0.12500 0.09375 0.37500
v 0.12500 0.06250 0.37500
f 3013/5 3014/5 3015/5
f 3013/5 3015/5 3016/5
v 0.12500 0.06250 0.37500
v 0.12500 0.09375 0.37500
v 0.12500 0.09375 0.40625
v 0.12500 0.06250 0.40625
f 3017/5 3018/5 3019/5
f 3017/5 3019/5 3020/5
v 0.12500 0.06250 0.40625
v 0.12500 0.09375 0.40625
v 0.12500 0.09375 0.43750
v 0.12500 0.06250 0.43750
f 3021/5 3022/5 3023/5
f 3021/5 3023/5 3024/5
v 0.09375 0.06250 0.43750
v 0.12500 0.06250 0.43750
v 0.12500 0.09375 0.43750
v 0.09375 0.09375 0.43750
f 3025/5 3026/5 3027/5
f 3025/5 3027/5 3028/5
v 0.12500 0.09375 0.34375
v 0.12500 0.12500 0.34375
v 0.12500 0.12500 0.37500
v 0.12500 0.09375 0.37500
f 3029/5 3030/5 3031/5
f 3029/5 3031/5 3032/5
v 0.09375 0.12500 0.37500
v 0.12500 0.12500 0.37500
v 0.12500 0.12500 0.34375
v 0.09375 0.12500 0.34375
f 3033/5 3034/5 3035/5
f 3033/5 3035/5 3036/5
v 0.12500 0.09375 0.37500
v 0.12500 0.12500 0.37500
v 0.12500 0.12500 0.40625
v 0.12500 0.09375 0.40625
f 3037/5 3038/5 3039/5
f 3037/5 3039/5 3040/5
v 0.09375 0.12500 0.40625
v 0.12500 0.12500 0.40625
v 0.12500 0.12500 0.37500
v 0.09375 0.12500 0.37500
f 3041/5 3042/5 3043/5
f 3041/5 3043/5 3044/5
v 0.12500 0.09375 0.40625
v 0.12500 0.12500 0.40625
v 0.12500 0.12500 0.43750
v 0.12500 0.09375 0.43750
f 3045/5 3046/5 3047/5
f 3045/5 3047/5 3048/5
v 0.09375 0.12500 0.43750
v 0.12500 0.12500 0.43750
v 0.12500 0.12500 0.40625
v 0.09375 0.12500 0.40625
f 3049/5 3050/5 3051/5
f 3049/5 3051/5 3052/5
v 0.09375 0.09375 0.43750
v 0.12500 0.09375 0.43750
v 0.12500 0.12500 0.43750
v 0.09375 0.12500 0.43750
f 3053/5 3054/5 3055/5
f 3053/5 3055/5 3056/5
v -0.09375 -0.09375 0.46875
v -0.09375 -0.06250 0.46875
v -0.09375 -0.06250 0.43750
v -0.09375 -0.09375 0.43750
f 3057/6 3058/6 3059/6
f 3057/6 3059/6 3060/6
v -0.09375 -0.09375 0.43750
v -0.06250 -0.09375 0.43750
v -0.06250 -0.09375 0.46875
v -0.09375 -0.09375 0.46875
f 3061/6 3062/6 3063/6
f 3061/6 3063/6 3064/6
v -0.09375 -0.09375 0.50000
v -0.09375 -0.06250 0.50000
v -0.09375 -0.06250 0.46875
v -0.09375 -0.09375 0.46875
f 3065/6 3066/6 3067/6
f 3065/6 3067/6 3068/6
v -0.09375 -0.09375 0.46875
v -0.06250 -0.09375 0.46875
v -0.06250 -0.09375 0.50000
v -0.09375 -0.09375 0.50000
f 3069/6 3070/6 3071/6
f 3069/6 3071/6 3072/6
v -0.09375 -0.09375 0.53125
v -0.09375 -0.06250 0.53125
v -0.09375 -0.06250 0.50000
v -0.09375 -0.09375 0.50000
f 3073/6 3074/6 3075/6
f 3073/6 3075/6 3076/6
v -0.09375 -0.09375 0.50000
v -0.06250 -0.09375 0.50000
v -0.06250 -0.09375 0.53125
v -0.09375 -0.09375 0.53125
f 3077/6 3078/6 3079/6
f 3077/6 3079/6 3080/6
v -0.09375 -0.09375 0.53125
v -0.06250 -0.09375 0.53125
v -0.06250 -0.06250 0.53125
v -0.09375 -0.06250 0.53125
f 3081/6 3082/6 3083/6
f 3081/6 3083/6 3084/6
v -0.09375 -0.06250 0.46875
v -0.09375 -0.03125 0.46875
v -0.09375 -0.03125 0.43750
v -0.09375 -0.06250 0.43750
f 3085/6 3086/6 3087/6
f 3085/6 3087/6 3088/6
v -0.09375 -0.06250 0.50000
v -0.09375 -0.03125 0.50000
v -0.09375 -0.03125 0.46875
v -0.09375 -0.06250 0.46875
f 3089/6 3090/6 3091/6
f 3089/6 3091/6 3092/6
v -0.09375 -0.06250 0.53125
v -0.09375 -0.03125 0.53125
v -0.09375 -0.03125 0.50000
v -0.09375 -0.06250 0.50000
f 3093/6 3094/6 3095/6
f 3093/6 3095/6 3096/6
v -0.09375 -0.06250 0.53125
v -0.06250 -0.06250 0.53125
v -0.06250 -0.03125 0.53125
v -0.09375 -0.03125 0.53125
f 3097/6 3098/6 3099/6
f 3097/6 3099/6 3100/6
v -0.09375 -0.03125 0.46875
v -0.09375 0.00000 0.46875
v -0.09375 0.00000 0.43750
v -0.09375 -0.03125 0.43750
f 3101/6 3102/6 3103/6
f 3101/6 3103/6 3104/6
v -0.09375 -0.03125 0.50000
v -0.09375 0.00000 0.50000
v -0.09375 0.00000 0.46875
v -0.09375 -0.03125 0.46875
f 3105/6 3106/6 3107/6
f 3105/6 3107/6 3108/6
v -0.09375 -0.03125 0.53125
v -0.09375 0.00000 0.53125
v -0.09375 0.00000 0.50000
v -0.09375 -0.03125 0.50000
f 3109/6 3110/6 3111/6
f 3109/6 3111/6 3112/6
v -0.09375 -0.03125 0.53125
v -0.06250 -0.03125 0.53125
v -0.06250 0.00000 0.53125
v -0.09375 0.00000 0.53125
f 3113/6 3114/6 3115/6
f 3113/6 3115/6 3116/6
v -0.09375 0.00000 0.46875
v -0.09375 0.03125 0.46875
v -0.09375 0.03125 0.43750
v -0.09375 0.00000 0.43750
f 3117/6 3118/6 3119/6
f 3117/6 3119/6 3120/6
v -0.09375 0.00000 0.50000
v -0.09375 0.03125 0.50000
v -0.09375 0.03125 0.46875
v -0.09375 0.00000 0.46875
f 3121/6 3122/6 3123/6
f 3121/6 3123/6 3124/6
v -0.09375 0.00000 0.53125
v -0.09375 0.03125 0.53125
v -0.09375 0.03125 0.50000
v -0.09375 0.00000 0.50000
f 3125/6 3126/6 3127/6
f 3125/6 3127/6 3128/6
v -0.09375 0.00000 0.53125
v -0.06250 0.00000 0.53125
v -0.06250 0.03125 0.53125
v -0.09375 0.03125 0.53125
f 3129/6 3130/6 3131/6
f 3129/6 3131/6 3132/6
v -0.09375 0.03125 0.46875
v -0.09375 0.06250 0.46875
v -0.09375 0.06250 0.43750
v -0.09375 0.03125 0.43750
f 3133/6 3134/6 3135/6
f 3133/6 3135/6 3136/6
v -0.09375 0.03125 0.50000
v -0.09375 0.06250 0.50000
v -0.09375 0.06250 0.46875
v -0.09375 0.03125 0.46875
f 3137/6 3138/6 3139/6
f 3137/6 3139/6 3140/6
v -0.09375 0.03125 0.53125
v -0.09375 0.06250 0.53125
v -0.09375 0.06250 0.50000
v -0.09375 0.03125 0.50000
f 3141/7 3142/7 3143/7
f 3141/7 3143/7 3144/7
v -0.09375 0.03125 0.53125
v -0.06250 0.03125 0.53125
v -0.06250 0.06250 0.53125
v -0.09375 0.06250 0.53125
f 3145/7 3146/7 3147/7
f 3145/7 3147/7 3148/7
v -0.09375 0.06250 0.46875
v -0.09375 0.09375 0.46875
v -0.09375 0.09375 0.43750
v -0.09375 0.06250 0.43750
f 3149/6 3150/6 3151/6
f 3149/6 3151/6 3152/6
v -0.09375 0.09375 0.46875
v -0.06250 0.09375 0.46875
v -0.06250 0.09375 0.43750
v -0.09375 0.09375 0.43750
f 3153/6 3154/6 3155/6
f 3153/6 3155/6 3156/6
v -0.09375 0.06250 0.50000
v -0.09375 0.09375 0.50000
v -0.09375 0.09375 0.46875
v -0.09375 0.06250 0.46875
f 3157/7 3158/7 3159/7
f 3157/7 3159/7 3160/7
v -0.09375 0.09375 0.50000
v -0.06250 0.09375 0.50000
v -0.06250 0.09375 0.46875
v -0.09375 0.09375 0.46875
f 3161/7 3162/7 3163/7
f 3161/7 3163/7 3164/7
v -0.09375 0.06250 0.53125
v -0.09375 0.09375 0.53125
v -0.09375 0.09375 0.50000
v -0.09375 0.06250 0.50000
f 3165/6 3166/6 3167/6
f 3165/6 3167/6 3168/6
v -0.09375 0.09375 0.53125
v -0.06250 0.09375 0.53125
v -0.06250 0.09375 0.50000
v -0.09375 0.09375 0.50000
f 3169/6 3170/6 3171/6
f 3169/6 3171/6 3172/6
v -0.09375 0.06250 0.53125
v -0.06250 0.06250 0.53125
v -0.06250 0.09375 0.53125
v -0.09375 0.09375 0.53125
f 3173/6 3174/6 3175/6
f 3173/6 3175/6 3176/6
v -0.06250 -0.09375 0.43750
v -0.03125 -0.09375 0.43750
v -0.03125 -0.09375 0.46875
v -0.06250 -0.09375 0.46875
f 3177/6 3178/6 3179/6
f 3177/6 3179/6 3180/6
v -0.06250 -0.09375 0.46875
v -0.03125 -0.09375 0.46875
v -0.03125 -0.09375 0.50000
v -0.06250 -0.09375 0.50000
f 3181/6 3182/6 3183/6
f 3181/6 3183/6 3184/6
v -0.06250 -0.09375 0.50000
v -0.03125 -0.09375 0.50000
v -0.03125 -0.09375 0.53125
v -0.06250 -0.09375 0.53125
f 3185/6 3186/6 3187/6
f 3185/6 3187/6 3188/6
v -0.06250 -0.09375 0.53125
v -0.03125 -0.09375 0.53125
v -0.03125 -0.06250 0.53125
v -0.06250 -0.06250 0.53125
f 3189/6 3190/6 3191/6
f 3189/6 3191/6 3192/6
v -0.06250 0.09375 0.46875
v -0.03125 0.09375 0.46875
v -0.03125 0.09375 0.43750
v -0.06250 0.09375 0.43750
f 3193/7 3194/7 3195/7
f 3193/7 3195/7 3196/7
v -0.06250 0.09375 0.50000
v -0.03125 0.09375 0.50000
v -0.03125 0.09375 0.46875
v -0.06250 0.09375 0.46875
f 3197/6 3198/6 3199/6
f 3197/6 3199/6 3200/6
v -0.06250 0.09375 0.53125
v -0.03125 0.09375 0.53125
v -0.03125 0.09375 0.50000
v -0.06250 0.09375 0.50000
f 3201/6 3202/6 3203/6
f 3201/6 3203/6 3204/6
v -0.06250 0.06250 0.53125
v -0.03125 0.06250 0.53125
v -0.03125 0.09375 0.53125
v -0.06250 0.09375 0.53125
f 3205/6 3206/6 3207/6
f 3205/6 3207/6 3208/6
v -0.03125 -0.09375 0.43750
v 0.00000 -0.09375 0.43750
v 0.00000 -0.09375 0.46875
v -0.03125 -0.09375 0.46875
f 3209/6 3210/6 3211/6
f 3209/6 3211/6 3212/6
v -0.03125 -0.09375 0.46875
v 0.00000 -0.09375 0.46875
v 0.00000 -0.09375 0.50000
v -0.03125 -0.09375 0.50000
f 3213/6 3214/6 3215/6
f 3213/6 3215/6 3216/6
v -0.03125 -0.09375 0.50000
v 0.00000 -0.09375 0.50000
v 0.00000 -0.09375 0.53125
v -0.03125 -0.09375 0.53125
f 3217/6 3218/6 3219/6
f 3217/6 3219/6 3220/6
v -0.03125 -0.09375 0.53125
v 0.00000 -0.09375 0.53125
v 0.00000 -0.06250 0.53125
v -0.03125 -0.06250 0.53125
f 3221/6 3222/6 3223/6
f 3221/6 3223/6 3224/6
v -0.03125 0.09375 0.46875
v 0.00000 0.09375 0.46875
v 0.00000 0.09375 0.43750
v -0.03125 0.09375 0.43750
f 3225/6 3226/6 3227/6
f 3225/6 3227/6 3228/6
v -0.03125 0.09375 0.50000
v 0.00000 0.09375 0.50000
v 0.00000 0.09375 0.46875
v -0.03125 0.09375 0.46875
f 3229/6 3230/6 3231/6
f 3229/6 3231/6 3232/6
v -0.03125 0.09375 0.53125
v 0.00000 0.09375 0.53125
v 0.00000 0.09375 0.50000
v -0.03125 0.09375 0.50000
f 3233/6 3234/6 3235/6
f 3233/6 3235/6 3236/6
v -0.03125 0.06250 0.53125
v 0.00000 0.06250 0.53125
v 0.00000 0.09375 0.53125
v -0.03125 0.09375 0.53125
f 3237/6 3238/6 3239/6
f 3237/6 3239/6 3240/6
v 0.00000 -0.09375 0.43750
v 0.03125 -0.09375 0.43750
v 0.03125 -0.09375 0.46875
v 0.00000 -0.09375 0.46875
f 3241/6 3242/6 3243/6
f 3241/6 3243/6 3244/6
v 0.00000 -0.09375 0.46875
v 0.03125 -0.09375 0.46875
v 0.03125 -0.09375 0.50000
v 0.00000 -0.09375 0.50000
f 3245/6 3246/6 3247/6
f 3245/6 3247/6 3248/6
v 0.00000 -0.09375 0.50000
v 0.03125 -0.09375 0.50000
v 0.03125 -0.09375 0.53125
v 0.00000 -0.09375 0.53125
f 3249/6 3250/6 3251/6
f 3249/6 3251/6 3252/6
v 0.00000 -0.09375 0.53125
v 0.03125 -0.09375 0.53125
v 0.03125 -0.06250 0.53125
v 0.00000 -0.06250 0.53125
f 3253/6 3254/6 3255/6
f 3253/6 3255/6 3256/6
v 0.00000 0.09375 0.46875
v 0.03125 0.09375 0.46875
v 0.03125 0.09375 0.43750
v 0.00000 0.09375 0.43750
f 3257/6 3258/6 3259/6
f 3257/6 3259/6 3260/6
v 0.00000 0.09375 0.50000
v 0.03125 0.09375 0.50000
v 0.03125 0.09375 0.46875
v 0.00000 0.09375 0.46875
f 3261/6 3262/6 3263/6
f 3261/6 3263/6 3264/6
v 0.00000 0.09375 0.53125
v 0.03125 0.09375 0.53125
v 0.03125 0.09375 0.50000
v 0.00000 0.09375 0.50000
f 3265/6 3266/6 3267/6
f 3265/6 3267/6 3268/6
v 0.00000 0.06250 0.53125
v 0.03125 0.06250 0.53125
v 0.03125 0.09375 0.53125
v 0.00000 0.09375 0.53125
f 3269/6 3270/6 3271/6
f 3269/6 3271/6 3272/6
v 0.03125 -0.09375 0.43750
v 0.06250 -0.09375 0.43750
v 0.06250 -0.09375 0.46875
v 0.03125 -0.09375 0.46875
f 3273/6 3274/6 3275/6
f 3273/6 3275/6 3276/6
v 0.03125 -0.09375 0.46875
v 0.06250 -0.09375 0.46875
v 0.06250 -0.09375 0.50000
v 0.03125 -0.09375 0.50000
f 3277/6 3278/6 3279/6
f 3277/6 3279/6 3280/6
v 0.03125 -0.09375 0.50000
v 0.06250 -0.09375 0.50000
v 0.06250 -0.09375 0.53125
v 0.03125 -0.09375 0.53125
f 3281/7 3282/7 3283/7
f 3281/7 3283/7 3284/7
v 0.03125 -0.09375 0.53125
v 0.06250 -0.09375 0.53125
v 0.06250 -0.06250 0.53125
v 0.03125 -0.06250 0.53125
f 3285/7 3286/7 3287/7
f 3285/7 3287/7 3288/7
v 0.03125 0.09375 0.46875
v 0.06250 0.09375 0.46875
v 0.06250 0.09375 0.43750
v 0.03125 0.09375 0.43750
f 3289/6 3290/6 3291/6
f 3289/6 3291/6 3292/6
v 0.03125 0.09375 0.50000
v 0.06250 0.09375 0.50000
v 0.06250 0.09375 0.46875
v 0.03125 0.09375 0.46875
f 3293/6 3294/6 3295/6
f 3293/6 3295/6 3296/6
v 0.03125 0.09375 0.53125
v 0.06250 0.09375 0.53125
v 0.06250 0.09375 0.50000
v 0.03125 0.09375 0.50000
f 3297/6 3298/6 3299/6
f 3297/6 3299/6 3300/6
v 0.03125 0.06250 0.53125
v 0.06250 0.06250 0.53125
v 0.06250 0.09375 0.53125
v 0.03125 0.09375 0.53125
f 3301/6 3302/6 3303/6
f 3301/6 3303/6 3304/6
v 0.09375 -0.09375 0.43750
v 0.09375 -0.06250 0.43750
v 0.09375 -0.06250 0.46875
v 0.09375 -0.09375 0.46875
f 3305/6 3306/6 3307/6
f 3305/6 3307/6 3308/6
v 0.06250 -0.09375 0.43750
v 0.09375 -0.09375 0.43750
v 0.09375 -0.09375 0.46875
v 0.06250 -0.09375 0.46875
f 3309/6 3310/6 3311/6
f 3309/6 3311/6 3312/6
v 0.09375 -0.09375 0.46875
v 0.09375 -0.06250 0.46875
v 0.09375 -0.06250 0.50000
v 0.09375 -0.09375 0.50000
f 3313/7 3314/7 3315/7
f 3313/7 3315/7 3316/7
v 0.06250 -0.09375 0.46875
v 0.09375 -0.09375 0.46875
v 0.09375 -0.09375 0.50000
v 0.06250 -0.09375 0.50000
f 3317/7 3318/7 3319/7
f 3317/7 3319/7 3320/7
v 0.09375 -0.09375 0.50000
v 0.09375 -0.06250 0.50000
v 0.09375 -0.06250 0.53125
v 0.09375 -0.09375 0.53125
f 3321/6 3322/6 3323/6
f 3321/6 3323/6 3324/6
v 0.06250 -0.09375 0.50000
v 0.09375 -0.09375 0.50000
v 0.09375 -0.09375 0.53125
v 0.06250 -0.09375 0.53125
f 3325/6 3326/6 3327/6
f 3325/6 3327/6 3328/6
v 0.06250 -0.09375 0.53125
v 0.09375 -0.09375 0.53125
v 0.09375 -0.06250 0.53125
v 0.06250 -0.06250 0.53125
f 3329/6 3330/6 3331/6
f 3329/6 3331/6 3332/6
v 0.09375 -0.06250 0.43750
v 0.09375 -0.03125 0.43750
v 0.09375 -0.03125 0.46875
v 0.09375 -0.06250 0.46875
f 3333/7 3334/7 3335/7
f 3333/7 3335/7 3336/7
v 0.09375 -0.06250 0.46875
v 0.09375 -0.03125 0.46875
v 0.09375 -0.03125 0.50000
v 0.09375 -0.06250 0.50000
f 3337/6 3338/6 3339/6
f 3337/6 3339/6 3340/6
v 0.09375 -0.06250 0.50000
v 0.09375 -0.03125 0.50000
v 0.09375 -0.03125 0.53125
v 0.09375 -0.06250 0.53125
f 3341/6 3342/6 3343/6
f 3341/6 3343/6 3344/6
v 0.06250 -0.06250 0.53125
v 0.09375 -0.06250 0.53125
v 0.09375 -0.03125 0.53125
v 0.06250 -0.03125 0.53125
f 3345/6 3346/6 3347/6
f 3345/6 3347/6 3348/6
v 0.09375 -0.03125 0.43750
v 0.09375 0.00000 0.43750
v 0.09375 0.00000 0.46875
v 0.09375 -0.03125 0.46875
f 3349/6 3350/6 3351/6
f 3349/6 3351/6 3352/6
v 0.09375 -0.03125 0.46875
v 0.09375 0.00000 0.46875
v 0.09375 0.00000 0.50000
v 0.09375 -0.03125 0.50000
f 3353/6 3354/6 3355/6
f 3353/6 3355/6 3356/6
v 0.09375 -0.03125 0.50000
v 0.09375 0.00000 0.50000
v 0.09375 0.00000 0.53125
v 0.09375 -0.03125 0.53125
f 3357/6 3358/6 3359/6
f 3357/6 3359/6 3360/6
v 0.06250 -0.03125 0.53125
v 0.09375 -0.03125 0.53125
v 0.09375 0.00000 0.53125
v 0.06250 0.00000 0.53125
f 3361/6 3362/6 3363/6
f 3361/6 3363/6 3364/6
v 0.09375 0.00000 0.43750
v 0.09375 0.03125 0.43750
v 0.09375 0.03125 0.46875
v 0.09375 0.00000 0.46875
f 3365/6 3366/6 3367/6
f 3365/6 3367/6 3368/6
v 0.09375 0.00000 0.46875
v 0.09375 0.03125 0.46875
v 0.09375 0.03125 0.50000
v 0.09375 0.00000 0.50000
f 3369/6 3370/6 3371/6
f 3369/6 3371/6 3372/6
v 0.09375 0.00000 0.50000
v 0.09375 0.03125 0.50000
v 0.09375 0.03125 0.53125
v 0.09375 0.00000 0.53125
f 3373/6 3374/6 3375/6
f 3373/6 3375/6 3376/6
v 0.06250 0.00000 0.53125
v 0.09375 0.00000 0.53125
v 0.09375 0.03125 0.53125
v 0.06250 0.03125 0.53125
f 3377/6 3378/6 3379/6
f 3377/6 3379/6 3380/6
v 0.09375 0.03125 0.43750
v 0.09375 0.06250 0.43750
v 0.09375 0.06250 0.46875
v 0.09375 0.03125 0.46875
f 3381/6 3382/6 3383/6
f 3381/6 3383/6 3384/6
v 0.09375 0.03125 0.46875
v 0.09375 0.06250 0.46875
v 0.09375 0.06250 0.50000
v 0.09375 0.03125 0.50000
f 3385/6 3386/6 3387/6
f 3385/6 3387/6 3388/6
v 0.09375 0.03125 0.50000
v 0.09375 0.06250 0.50000
v 0.09375 0.06250 0.53125
v 0.09375 0.03125 0.53125
f 3389/6 3390/6 3391/6
f 3389/6 3391/6 3392/6
v 0.06250 0.03125 0.53125
v 0.09375 0.03125 0.53125
v 0.09375 0.06250 0.53125
v 0.06250 0.06250 0.53125
f 3393/6 3394/6 3395/6
f 3393/6 3395/6 3396/6
v 0.09375 0.06250 0.43750
v 0.09375 0.09375 0.43750
v 0.09375 0.09375 0.46875
v 0.09375 0.06250 0.46875
f 3397/6 3398/6 3399/6
f 3397/6 3399/6 3400/6
v 0.06250 0.09375 0.46875
v 0.09375 0.09375 0.46875
v 0.09375 0.09375 0.43750
v 0.06250 0.09375 0.43750
f 3401/6 3402/6 3403/6
f 3401/6 3403/6 3404/6
v 0.09375 0.06250 0.46875
v 0.09375 0.09375 0.46875
v 0.09375 0.09375 0.50000
v 0.09375 0.06250 0.50000
f 3405/6 3406/6 3407/6
f 3405/6 3407/6 3408/6
v 0.06250 0.09375 0.50000
v 0.09375 0.09375 0.50000
v 0.09375 0.09375 0.46875
v 0.06250 0.09375 0.46875
f 3409/6 3410/6 3411/6
f 3409/6 3411/6 3412/6
v 0.09375 0.06250 0.50000
v 0.09375 0.09375 0.50000
v 0.09375 0.09375 0.53125
v 0.09375 0.06250 0.53125
f 3413/6 3414/6 3415/6
f 3413/6 3415/6 3416/6
v 0.06250 0.09375 0.53125
v 0.09375 0.09375 0.53125
v 0.09375 0.09375 0.50000
v 0.06250 0.09375 0.50000
f 3417/6 3418/6 3419/6
f 3417/6 3419/6 3420/6
v 0.06250 0.06250 0.53125
v 0.09375 0.06250 0.53125
v 0.09375 0.09375 0.53125
v 0.06250 0.09375 0.53125
f 3421/6 3422/6 3423/6
f 3421/6 3423/6 3424/6
v -0.06250 -0.06250 0.56250
v -0.06250 -0.03125 0.56250
v -0.06250 -0.03125 0.53125
v -0.06250 -0.06250 0.53125
f 3425/7 3426/7 3427/7
f 3425/7 3427/7 3428/7
v -0.06250 -0.06250 0.53125
v -0.03125 -0.06250 0.53125
v -0.03125 -0.06250 0.56250
v -0.06250 -0.06250 0.56250
f 3429/7 3430/7 3431/7
f 3429/7 3431/7 3432/7
v -0.06250 -0.06250 0.59375
v -0.06250 -0.03125 0.59375
v -0.06250 -0.03125 0.56250
v -0.06250 -0.06250 0.56250
f 3433/7 3434/7 3435/7
f 3433/7 3435/7 3436/7
v -0.06250 -0.06250 0.56250
v -0.03125 -0.06250 0.56250
v -0.03125 -0.06250 0.59375
v -0.06250 -0.06250 0.59375
f 3437/7 3438/7 3439/7
f 3437/7 3439/7 3440/7
v -0.06250 -0.06250 0.62500
v -0.06250 -0.03125 0.62500
v -0.06250 -0.03125 0.59375
v -0.06250 -0.06250 0.59375
f 3441/7 3442/7 3443/7
f 3441/7 3443/7 3444/7
v -0.06250 -0.06250 0.59375
v -0.03125 -0.06250 0.59375
v -0.03125 -0.06250 0.62500
v -0.06250 -0.06250 0.62500
f 3445/7 3446/7 3447/7
f 3445/7 3447/7 3448/7
v -0.06250 -0.06250 0.62500
v -0.03125 -0.06250 0.62500
v -0.03125 -0.03125 0.62500
v -0.06250 -0.03125 0.62500
f 3449/7 3450/7 3451/7
f 3449/7 3451/7 3452/7
v -0.06250 -0.03125 0.56250
v -0.06250 0.00000 0.56250
v -0.06250 0.00000 0.53125
v -0.06250 -0.03125 0.53125
f 3453/7 3454/7 3455/7
f 3453/7 3455/7 3456/7
v -0.06250 -0.03125 0.59375
v -0.06250 0.00000 0.59375
v -0.06250 0.00000 0.56250
v -0.06250 -0.03125 0.56250
f 3457/7 3458/7 3459/7
f 3457/7 3459/7 3460/7
v -0.06250 -0.03125 0.62500
v -0.06250 0.00000 0.62500
v -0.06250 0.00000 0.59375
v -0.06250 -0.03125 0.59375
f 3461/7 3462/7 3463/7
f 3461/7 3463/7 3464/7
v -0.06250 -0.03125 0.62500
v -0.03125 -0.03125 0.62500
v -0.03125 0.00000 0.62500
v -0.06250 0.00000 0.62500
f 3465/7 3466/7 3467/7
f 3465/7 3467/7 3468/7
v -0.06250 0.00000 0.56250
v -0.06250 0.03125 0.56250
v -0.06250 0.03125 0.53125
v -0.06250 0.00000 0.53125
f 3469/7 3470/7 3471/7
f 3469/7 3471/7 3472/7
v -0.06250 0.00000 0.59375
v -0.06250 0.03125 0.59375
v -0.06250 0.03125 0.56250
v -0.06250 0.00000 0.56250
f 3473/7 3474/7 3475/7
f 3473/7 3475/7 3476/7
v -0.06250 0.00000 0.62500
v -0.06250 0.03125 0.62500
v -0.06250 0.03125 0.59375
v -0.06250 0.00000 0.59375
f 3477/7 3478/7 3479/7
f 3477/7 3479/7 3480/7
v -0.06250 0.00000 0.62500
v -0.03125 0.00000 0.62500
v -0.03125 0.03125 0.62500
v -0.06250 0.03125 0.62500
f 3481/7 3482/7 3483/7
f 3481/7 3483/7 3484/7
v -0.06250 0.03125 0.56250
v -0.06250 0.06250 0.56250
v -0.06250 0.06250 0.53125
v -0.06250 0.03125 0.53125
f 3485/7 3486/7 3487/7
f 3485/7 3487/7 3488/7
v -0.06250 0.06250 0.56250
v -0.03125 0.06250 0.56250
v -0.03125 0.06250 0.53125
v -0.06250 0.06250 0.53125
f 3489/7 3490/7 3491/7
f 3489/7 3491/7 3492/7
v -0.06250 0.03125 0.59375
v -0.06250 0.06250 0.59375
v -0.06250 0.06250 0.56250
v -0.06250 0.03125 0.56250
f 3493/7 3494/7 3495/7
f 3493/7 3495/7 3496/7
v -0.06250 0.06250 0.59375
v -0.03125 0.06250 0.59375
v -0.03125 0.06250 0.56250
v -0.06250 0.06250 0.56250
f 3497/7 3498/7 3499/7
f 3497/7 3499/7 3500/7
v -0.06250 0.03125 0.62500
v -0.06250 0.06250 0.62500
v -0.06250 0.06250 0.59375
v -0.06250 0.03125 0.59375
f 3501/7 3502/7 3503/7
f 3501/7 3503/7 3504/7
v -0.06250 0.06250 0.62500
v -0.03125 0.06250 0.62500
v -0.03125 0.06250 0.59375
v -0.06250 0.06250 0.59375
f 3505/7 3506/7 3507/7
f 3505/7 3507/7 3508/7
v -0.06250 0.03125 0.62500
v -0.03125 0.03125 0.62500
v -0.03125 0.06250 0.62500
v -0.06250 0.06250 0.62500
f 3509/7 3510/7 3511/7
f 3509/7 3511/7 3512/7
v -0.03125 -0.06250 0.53125
v 0.00000 -0.06250 0.53125
v 0.00000 -0.06250 0.56250
v -0.03125 -0.06250 0.56250
f 3513/7 3514/7 3515/7
f 3513/7 3515/7 3516/7
v -0.03125 -0.06250 0.56250
v 0.00000 -0.06250 0.56250
v 0.00000 -0.06250 0.59375
v -0.03125 -0.06250 0.59375
f 3517/7 3518/7 3519/7
f 3517/7 3519/7 3520/7
v -0.03125 -0.06250 0.59375
v 0.00000 -0.06250 0.59375
v 0.00000 -0.06250 0.62500
v -0.03125 -0.06250 0.62500
f 3521/7 3522/7 3523/7
f 3521/7 3523/7 3524/7
v -0.03125 -0.06250 0.62500
v 0.00000 -0.06250 0.62500
v 0.00000 -0.03125 0.62500
v -0.03125 -0.03125 0.62500
f 3525/7 3526/7 3527/7
f 3525/7 3527/7 3528/7
v -0.03125 0.06250 0.56250
v 0.00000 0.06250 0.56250
v 0.00000 0.06250 0.53125
v -0.03125 0.06250 0.53125
f 3529/7 3530/7 3531/7
f 3529/7 3531/7 3532/7
v -0.03125 0.06250 0.59375
v 0.00000 0.06250 0.59375
v 0.00000 0.06250 0.56250
v -0.03125 0.06250 0.56250
f 3533/7 3534/7 3535/7
f 3533/7 3535/7 3536/7
v -0.03125 0.06250 0.62500
v 0.00000 0.06250 0.62500
v 0.00000 0.06250 0.59375
v -0.03125 0.06250 0.59375
f 3537/7 3538/7 3539/7
f 3537/7 3539/7 3540/7
v -0.03125 0.03125 0.62500
v 0.00000 0.03125 0.62500
v 0.00000 0.06250 0.62500
v -0.03125 0.06250 0.62500
f 3541/7 3542/7 3543/7
f 3541/7 3543/7 3544/7
v 0.00000 -0.06250 0.53125
v 0.03125 -0.06250 0.53125
v 0.03125 -0.06250 0.56250
v 0.00000 -0.06250 0.56250
f 3545/7 3546/7 3547/7
f 3545/7 3547/7 3548/7
v 0.00000 -0.06250 0.56250
v 0.03125 -0.06250 0.56250
v 0.03125 -0.06250 0.59375
v 0.00000 -0.06250 0.59375
f 3549/7 3550/7 3551/7
f 3549/7 3551/7 3552/7
v 0.00000 -0.06250 0.59375
v 0.03125 -0.06250 0.59375
v 0.03125 -0.06250 0.62500
v 0.00000 -0.06250 0.62500
f 3553/7 3554/7 3555/7
f 3553/7 3555/7 3556/7
v 0.00000 -0.06250 0.62500
v 0.03125 -0.06250 0.62500
v 0.03125 -0.03125 0.62500
v 0.00000 -0.03125 0.62500
f 3557/7 3558/7 3559/7
f 3557/7 3559/7 3560/7
v 0.00000 0.06250 0.56250
v 0.03125 0.06250 0.56250
v 0.03125 0.06250 0.53125
v 0.00000 0.06250 0.53125
f 3561/7 3562/7 3563/7
f 3561/7 3563/7 3564/7
v 0.00000 0.06250 0.59375
v 0.03125 0.06250 0.59375
v 0.03125 0.06250 0.56250
v 0.00000 0.06250 0.56250
f 3565/7 3566/7 3567/7
f 3565/7 3567/7 3568/7
v 0.00000 0.06250 0.62500
v 0.03125 0.06250 0.62500
v 0.03125 0.06250 0.59375
v 0.00000 0.06250 0.59375
f 3569/7 3570/7 3571/7
f 3569/7 3571/7 3572/7
v 0.00000 0.03125 0.62500
v 0.03125 0.03125 0.62500
v 0.03125 0.06250 0.62500
v 0.00000 0.06250 0.62500
f 3573/7 3574/7 3575/7
f 3573/7 3575/7 3576/7
v 0.06250 -0.06250 0.53125
v 0.06250 -0.03125 0.53125
v 0.06250 -0.03125 0.56250
v 0.06250 -0.06250 0.56250
f 3577/7 3578/7 3579/7
f 3577/7 3579/7 3580/7
v 0.03125 -0.06250 0.53125
v 0.06250 -0.06250 0.53125
v 0.06250 -0.06250 0.56250
v 0.03125 -0.06250 0.56250
f 3581/7 3582/7 3583/7
f 3581/7 3583/7 3584/7
v 0.06250 -0.06250 0.56250
v 0.06250 -0.03125 0.56250
v 0.06250 -0.03125 0.59375
v 0.06250 -0.06250 0.59375
f 3585/7 3586/7 3587/7
f 3585/7 3587/7 3588/7
v 0.03125 -0.06250 0.56250
v 0.06250 -0.06250 0.56250
v 0.06250 -0.06250 0.59375
v 0.03125 -0.06250 0.59375
f 3589/7 3590/7 3591/7
f 3589/7 3591/7 3592/7
v 0.06250 -0.06250 0.59375
v 0.06250 -0.03125 0.59375
v 0.06250 -0.03125 0.62500
v 0.06250 -0.06250 0.62500
f 3593/7 3594/7 3595/7
f 3593/7 3595/7 3596/7
v 0.03125 -0.06250 0.59375
v 0.06250 -0.06250 0.59375
v 0.06250 -0.06250 0.62500
v 0.03125 -0.06250 0.62500
f 3597/7 3598/7 3599/7
f 3597/7 3599/7 3600/7
v 0.03125 -0.06250 0.62500
v 0.06250 -0.06250 0.62500
v 0.06250 -0.03125 0.62500
v 0.03125 -0.03125 0.62500
f 3601/7 3602/7 3603/7
f 3601/7 3603/7 3604/7
v 0.06250 -0.03125 0.53125
v 0.06250 0.00000 0.53125
v 0.06250 0.00000 0.56250
v 0.06250 -0.03125 0.56250
f 3605/7 3606/7 3607/7
f 3605/7 3607/7 3608/7
v 0.06250 -0.03125 0.56250
v 0.06250 0.00000 0.56250
v 0.06250 0.00000 0.59375
v 0.06250 -0.03125 0.59375
f 3609/7 3610/7 3611/7
f 3609/7 3611/7 3612/7
v 0.06250 -0.03125 0.59375
v 0.06250 0.00000 0.59375
v 0.06250 0.00000 0.62500
v 0.06250 -0.03125 0.62500
f 3613/7 3614/7 3615/7
f 3613/7 3615/7 3616/7
v 0.03125 -0.03125 0.62500
v 0.06250 -0.03125 0.62500
v 0.06250 0.00000 0.62500
v 0.03125 0.00000 0.62500
f 3617/7 3618/7 3619/7
f 3617/7 3619/7 3620/7
v 0.06250 0.00000 0.53125
v 0.06250 0.03125 0.53125
v 0.06250 0.03125 0.56250
v 0.06250 0.00000 0.56250
f 3621/7 3622/7 3623/7
f 3621/7 3623/7 3624/7
v 0.06250 0.00000 0.56250
v 0.06250 0.03125 0.56250
v 0.06250 0.03125 0.59375
v 0.06250 0.00000 0.59375
f 3625/7 3626/7 3627/7
f 3625/7 3627/7 3628/7
v 0.06250 0.00000 0.59375
v 0.06250 0.03125 0.59375
v 0.06250 0.03125 0.62500
v 0.06250 0.00000 0.62500
f 3629/7 3630/7 3631/7
f 3629/7 3631/7 3632/7
v 0.03125 0.00000 0.62500
v 0.06250 0.00000 0.62500
v 0.06250 0.03125 0.62500
v 0.03125 0.03125 0.62500
f 3633/7 3634/7 3635/7
f 3633/7 3635/7 3636/7
v 0.06250 0.03125 0.53125
v 0.06250 0.06250 0.53125
v 0.06250 0.06250 0.56250
v 0.06250 0.03125 0.56250
f 3637/7 3638/7 3639/7
f 3637/7 3639/7 3640/7
v 0.03125 0.06250 0.56250
v 0.06250 0.06250 0.56250
v 0.06250 0.06250 0.53125
v 0.03125 0.06250 0.53125
f 3641/7 3642/7 3643/7
f 3641/7 3643/7 3644/7
v 0.06250 0.03125 0.56250
v 0.06250 0.06250 0.56250
v 0.06250 0.06250 0.59375
v 0.06250 0.03125 0.59375
f 3645/7 3646/7 3647/7
f 3645/7 3647/7 3648/7
v 0.03125 0.06250 0.59375
v 0.06250 0.06250 0.59375
v 0.06250 0.06250 0.56250
v 0.03125 0.06250 0.56250
f 3649/7 3650/7 3651/7
f 3649/7 3651/7 3652/7
v 0.06250 0.03125 0.59375
v 0.06250 0.06250 0.59375
v 0.06250 0.06250 0.62500
v 0.06250 0.03125 0.62500
f 3653/7 3654/7 3655/7
f 3653/7 3655/7 3656/7
v 0.03125 0.06250 0.62500
v 0.06250 0.06250 0.62500
v 0.06250 0.06250 0.59375
v 0.03125 0.06250 0.59375
f 3657/7 3658/7 3659/7
f 3657/7 3659/7 3660/7
v 0.03125 0.03125 0.62500
v 0.06250 0.03125 0.62500
v 0.06250 0.06250 0.62500
v 0.03125 0.06250 0.62500
f 3661/7 3662/7 3663/7
f 3661/7 3663/7 3664/7
v -0.03125 -0.03125 0.65625
v -0.03125 0.00000 0.65625
v -0.03125 0.00000 0.62500
v -0.03125 -0.03125 0.62500
f 3665/7 3666/7 3667/7
f 3665/7 3667/7 3668/7
v -0.03125 -0.03125 0.62500
v 0.00000 -0.03125 0.62500
v 0.00000 -0.03125 0.65625
v -0.03125 -0.03125 0.65625
f 3669/7 3670/7 3671/7
f 3669/7 3671/7 3672/7
v -0.03125 -0.03125 0.68750
v -0.03125 0.00000 0.68750
v -0.03125 0.00000 0.65625
v -0.03125 -0.03125 0.65625
f 3673/7 3674/7 3675/7
f 3673/7 3675/7 3676/7
v -0.03125 -0.03125 0.65625
v 0.00000 -0.03125 0.65625
v 0.00000 -0.03125 0.68750
v -0.03125 -0.03125 0.68750
f 3677/7 3678/7 3679/7
f 3677/7 3679/7 3680/7
v -0.03125 -0.03125 0.68750
v 0.00000 -0.03125 0.68750
v 0.00000 0.00000 0.68750
v -0.03125 0.00000 0.68750
f 3681/7 3682/7 3683/7
f 3681/7 3683/7 3684/7
v -0.03125 0.00000 0.65625
v -0.03125 0.03125 0.65625
v -0.03125 0.03125 0.62500
v -0.03125 0.00000 0.62500
f 3685/7 3686/7 3687/7
f 3685/7 3687/7 3688/7
v -0.03125 0.03125 0.65625
v 0.00000 0.03125 0.65625
v 0.00000 0.03125 0.62500
v -0.03125 0.03125 0.62500
f 3689/7 3690/7 3691/7
f 3689/7 3691/7 3692/7
v -0.03125 0.00000 0.68750
v -0.03125 0.03125 0.68750
v -0.03125 0.03125 0.65625
v -0.03125 0.00000 0.65625
f 3693/7 3694/7 3695/7
f 3693/7 3695/7 3696/7
v -0.03125 0.03125 0.68750
v 0.00000 0.03125 0.68750
v 0.00000 0.03125 0.65625
v -0.03125 0.03125 0.65625
f 3697/7 3698/7 3699/7
f 3697/7 3699/7 3700/7
v -0.03125 0.00000 0.68750
v 0.00000 0.00000 0.68750
v 0.00000 0.03125 0.68750
v -0.03125 0.03125 0.68750
f 3701/7 3702/7 3703/7
f 3701/7 3703/7 3704/7
v 0.03125 -0.03125 0.62500
v 0.03125 0.00000 0.62500
v 0.03125 0.00000 0.65625
v 0.03125 -0.03125 0.65625
f 3705/7 3706/7 3707/7
f 3705/7 3707/7 3708/7
v 0.00000 -0.03125 0.62500
v 0.03125 -0.03125 0.62500
v 0.03125 -0.03125 0.65625
v 0.00000 -0.03125 0.65625
f 3709/7 3710/7 3711/7
f 3709/7 3711/7 3712/7
v 0.03125 -0.03125 0.65625
v 0.03125 0.00000 0.65625
v 0.03125 0.00000 0.68750
v 0.03125 -0.03125 0.68750
f 3713/7 3714/7 3715/7
f 3713/7 3715/7 3716/7
v 0.00000 -0.03125 0.65625
v 0.03125 -0.03125 0.65625
v 0.03125 -0.03125 0.68750
v 0.00000 -0.03125 0.68750
f 3717/7 3718/7 3719/7
f 3717/7 3719/7 3720/7
v 0.00000 -0.03125 0.68750
v 0.03125 -0.03125 0.68750
v 0.03125 0.00000 0.68750
v 0.00000 0.00000 0.68750
f 3721/7 3722/7 3723/7
f 3721/7 3723/7 3724/7
v 0.03125 0.00000 0.62500
v 0.03125 0.03125 0.62500
v 0.03125 0.03125 0.65625
v 0.03125 0.00000 0.65625
f 3725/7 3726/7 3727/7
f 3725/7 3727/7 3728/7
v 0.00000 0.03125 0.65625
v 0.03125 0.03125 0.65625
v 0.03125 0.03125 0.62500
v 0.00000 0.03125 0.62500
f 3729/7 3730/7 3731/7
f 3729/7 3731/7 3732/7
v 0.03125 0.00000 0.65625
v 0.03125 0.03125 0.65625
v 0.03125 0.03125 0.68750
v 0.03125 0.00000 0.68750
f 3733/7 3734/7 3735/7
f 3733/7 3735/7 3736/7
v 0.00000 0.03125 0.68750
v 0.03125 0.03125 0.68750
v 0.03125 0.03125 0.65625
v 0.00000 0.03125 0.65625
f 3737/7 3738/7 3739/7
f 3737/7 3739/7 3740/7
v 0.00000 0.00000 0.68750
v 0.03125 0.00000 0.68750
v 0.03125 0.03125 0.68750
v 0.00000 0.03125 0.68750
f 3741/7 3742/7 3743/7
f 3741/7 3743/7 3744/7
v -0.15625 -0.15625 -0.43750
v -0.15625 -0.12500 -0.43750
v -0.15625 -0.12500 -0.46875
v -0.15625 -0.15625 -0.46875
f 3745/4 3746/4 3747/4
f 3745/4 3747/4 3748/4
v -0.15625 -0.15625 -0.46875
v -0.12500 -0.15625 -0.46875
v -0.12500 -0.15625 -0.43750
v -0.15625 -0.15625 -0.43750
f 3749/4 3750/4 3751/4
f 3749/4 3751/4 3752/4
v -0.15625 -0.12500 -0.46875
v -0.12500 -0.12500 -0.46875
v -0.12500 -0.15625 -0.46875
v -0.15625 -0.15625 -0.46875
f 3753/4 3754/4 3755/4
f 3753/4 3755/4 3756/4
v -0.15625 -0.15625 -0.40625
v -0.15625 -0.12500 -0.40625
v -0.15625 -0.12500 -0.43750
v -0.15625 -0.15625 -0.43750
f 3757/4 3758/4 3759/4
f 3757/4 3759/4 3760/4
v -0.15625 -0.15625 -0.43750
v -0.12500 -0.15625 -0.43750
v -0.12500 -0.15625 -0.40625
v -0.15625 -0.15625 -0.40625
f 3761/4 3762/4 3763/4
f 3761/4 3763/4 3764/4
v -0.15625 -0.15625 -0.37500
v -0.15625 -0.12500 -0.37500
v -0.15625 -0.12500 -0.40625
v -0.15625 -0.15625 -0.40625
f 3765/4 3766/4 3767/4
f 3765/4 3767/4 3768/4
v -0.15625 -0.15625 -0.40625
v -0.12500 -0.15625 -0.40625
v -0.12500 -0.15625 -0.37500
v -0.15625 -0.15625 -0.37500
f 3769/4 3770/4 3771/4
f 3769/4 3771/4 3772/4
v -0.15625 -0.15625 -0.37500
v -0.12500 -0.15625 -0.37500
v -0.12500 -0.12500 -0.37500
v -0.15625 -0.12500 -0.37500
f 3773/4 3774/4 3775/4
f 3773/4 3775/4 3776/4
v -0.15625 -0.12500 -0.43750
v -0.15625 -0.09375 -0.43750
v -0.15625 -0.09375 -0.46875
v -0.15625 -0.12500 -0.46875
f 3777/4 3778/4 3779/4
f 3777/4 3779/4 3780/4
v -0.15625 -0.09375 -0.46875
v -0.12500 -0.09375 -0.46875
v -0.12500 -0.12500 -0.46875
v -0.15625 -0.12500 -0.46875
f 3781/4 3782/4 3783/4
f 3781/4 3783/4 3784/4
v -0.15625 -0.12500 -0.40625
v -0.15625 -0.09375 -0.40625
v -0.15625 -0.09375 -0.43750
v -0.15625 -0.12500 -0.43750
f 3785/4 3786/4 3787/4
f 3785/4 3787/4 3788/4
v -0.15625 -0.12500 -0.37500
v -0.15625 -0.09375 -0.37500
v -0.15625 -0.09375 -0.40625
v -0.15625 -0.12500 -0.40625
f 3789/4 3790/4 3791/4
f 3789/4 3791/4 3792/4
v -0.15625 -0.12500 -0.37500
v -0.12500 -0.12500 -0.37500
v -0.12500 -0.09375 -0.37500
v -0.15625 -0.09375 -0.37500
f 3793/4 3794/4 3795/4
f 3793/4 3795/4 3796/4
v -0.15625 -0.09375 -0.43750
v -0.15625 -0.06250 -0.43750
v -0.15625 -0.06250 -0.46875
v -0.15625 -0.09375 -0.46875
f 3797/4 3798/4 3799/4
f 3797/4 3799/4 3800/4
v -0.15625 -0.06250 -0.46875
v -0.12500 -0.06250 -0.46875
v -0.12500 -0.09375 -0.46875
v -0.15625 -0.09375 -0.46875
f 3801/4 3802/4 3803/4
f 3801/4 3803/4 3804/4
v -0.15625 -0.09375 -0.40625
v -0.15625 -0.06250 -0.40625
v -0.15625 -0.06250 -0.43750
v -0.15625 -0.09375 -0.43750
f 3805/4 3806/4 3807/4
f 3805/4 3807/4 3808/4
v -0.15625 -0.09375 -0.37500
v -0.15625 -0.06250 -0.37500
v -0.15625 -0.06250 -0.40625
v -0.15625 -0.09375 -0.40625
f 3809/4 3810/4 3811/4
f 3809/4 3811/4 3812/4
v -0.15625 -0.09375 -0.37500
v -0.12500 -0.09375 -0.37500
v -0.12500 -0.06250 -0.37500
v -0.15625 -0.06250 -0.37500
f 3813/4 3814/4 3815/4
f 3813/4 3815/4 3816/4
v -0.15625 -0.06250 -0.43750
v -0.15625 -0.03125 -0.43750
v -0.15625 -0.03125 -0.46875
v -0.15625 -0.06250 -0.46875
f 3817/4 3818/4 3819/4
f 3817/4 3819/4 3820/4
v -0.15625 -0.03125 -0.46875
v -0.12500 -0.03125 -0.46875
v -0.12500 -0.06250 -0.46875
v -0.15625 -0.06250 -0.46875
f 3821/4 3822/4 3823/4
f 3821/4 3823/4 3824/4
v -0.15625 -0.06250 -0.40625
v -0.15625 -0.03125 -0.40625
v -0.15625 -0.03125 -0.43750
v -0.15625 -0.06250 -0.43750
f 3825/4 3826/4 3827/4
f 3825/4 3827/4 3828/4
v -0.15625 -0.06250 -0.37500
v -0.15625 -0.03125 -0.37500
v -0.15625 -0.03125 -0.40625
v -0.15625 -0.06250 -0.40625
f 3829/4 3830/4 3831/4
f 3829/4 3831/4 3832/4
v -0.15625 -0.06250 -0.37500
v -0.12500 -0.06250 -0.37500
v -0.12500 -0.03125 -0.37500
v -0.15625 -0.03125 -0.37500
f 3833/4 3834/4 3835/4
f 3833/4 3835/4 3836/4
v -0.15625 -0.03125 -0.43750
v -0.15625 0.00000 -0.43750
v -0.15625 0.00000 -0.46875
v -0.15625 -0.03125 -0.46875
f 3837/4 3838/4 3839/4
f 3837/4 3839/4 3840/4
v -0.15625 0.00000 -0.46875
v -0.12500 0.00000 -0.46875
v -0.12500 -0.03125 -0.46875
v -0.15625 -0.03125 -0.46875
f 3841/4 3842/4 3843/4
f 3841/4 3843/4 3844/4
v -0.15625 0.00000 -0.43750
v -0.15625 0.03125 -0.43750
v -0.15625 0.03125 -0.46875
v -0.15625 0.00000 -0.46875
f 3845/4 3846/4 3847/4
f 3845/4 3847/4 3848/4
v -0.15625 0.03125 -0.46875
v -0.12500 0.03125 -0.46875
v -0.12500 0.00000 -0.46875
v -0.15625 0.00000 -0.46875
f 3849/4 3850/4 3851/4
f 3849/4 3851/4 3852/4
v -0.15625 0.03125 -0.43750
v -0.15625 0.06250 -0.43750
v -0.15625 0.06250 -0.46875
v -0.15625 0.03125 -0.46875
f 3853/4 3854/4 3855/4
f 3853/4 3855/4 3856/4
v -0.15625 0.06250 -0.46875
v -0.12500 0.06250 -0.46875
v -0.12500 0.03125 -0.46875
v -0.15625 0.03125 -0.46875
f 3857/4 3858/4 3859/4
f 3857/4 3859/4 3860/4
v -0.15625 0.03125 -0.40625
v -0.15625 0.06250 -0.40625
v -0.15625 0.06250 -0.43750
v -0.15625 0.03125 -0.43750
f 3861/4 3862/4 3863/4
f 3861/4 3863/4 3864/4
v -0.15625 0.03125 -0.37500
v -0.15625 0.06250 -0.37500
v -0.15625 0.06250 -0.40625
v -0.15625 0.03125 -0.40625
f 3865/4 3866/4 3867/4
f 3865/4 3867/4 3868/4
v -0.15625 0.03125 -0.37500
v -0.12500 0.03125 -0.37500
v -0.12500 0.06250 -0.37500
v -0.15625 0.06250 -0.37500
f 3869/4 3870/4 3871/4
f 3869/4 3871/4 3872/4
v -0.15625 0.06250 -0.43750
v -0.15625 0.09375 -0.43750
v -0.15625 0.09375 -0.46875
v -0.15625 0.06250 -0.46875
f 3873/4 3874/4 3875/4
f 3873/4 3875/4 3876/4
v -0.15625 0.09375 -0.46875
v -0.12500 0.09375 -0.46875
v -0.12500 0.06250 -0.46875
v -0.15625 0.06250 -0.46875
f 3877/4 3878/4 3879/4
f 3877/4 3879/4 3880/4
v -0.15625 0.06250 -0.40625
v -0.15625 0.09375 -0.40625
v -0.15625 0.09375 -0.43750
v -0.15625 0.06250 -0.43750
f 3881/4 3882/4 3883/4
f 3881/4 3883/4 3884/4
v -0.15625 0.06250 -0.37500
v -0.15625 0.09375 -0.37500
v -0.15625 0.09375 -0.40625
v -0.15625 0.06250 -0.40625
f 3885/4 3886/4 3887/4
f 3885/4 3887/4 3888/4
v -0.15625 0.06250 -0.37500
v -0.12500 0.06250 -0.37500
v -0.12500 0.09375 -0.37500
v -0.15625 0.09375 -0.37500
f 3889/4 3890/4 3891/4
f 3889/4 3891/4 3892/4
v -0.15625 0.09375 -0.43750
v -0.15625 0.12500 -0.43750
v -0.15625 0.12500 -0.46875
v -0.15625 0.09375 -0.46875
f 3893/4 3894/4 3895/4
f 3893/4 3895/4 3896/4
v -0.15625 0.12500 -0.46875
v -0.12500 0.12500 -0.46875
v -0.12500 0.09375 -0.46875
v -0.15625 0.09375 -0.46875
f 3897/4 3898/4 3899/4
f 3897/4 3899/4 3900/4
v -0.15625 0.09375 -0.40625
v -0.15625 0.12500 -0.40625
v -0.15625 0.12500 -0.43750
v -0.15625 0.09375 -0.43750
f 3901/4 3902/4 3903/4
f 3901/4 3903/4 3904/4
v -0.15625 0.09375 -0.37500
v -0.15625 0.12500 -0.37500
v -0.15625 0.12500 -0.40625
v -0.15625 0.09375 -0.40625
f 3905/4 3906/4 3907/4
f 3905/4 3907/4 3908/4
v -0.15625 0.09375 -0.37500
v -0.12500 0.09375 -0.37500
v -0.12500 0.12500 -0.37500
v -0.15625 0.12500 -0.37500
f 3909/4 3910/4 3911/4
f 3909/4 3911/4 3912/4
v -0.15625 0.12500 -0.43750
v -0.15625 0.15625 -0.43750
v -0.15625 0.15625 -0.46875
v -0.15625 0.12500 -0.46875
f 3913/4 3914/4 3915/4
f 3913/4 3915/4 3916/4
v -0.15625 0.15625 -0.43750
v -0.12500 0.15625 -0.43750
v -0.12500 0.15625 -0.46875
v -0.15625 0.15625 -0.46875
f 3917/4 3918/4 3919/4
f 3917/4 3919/4 3920/4
v -0.15625 0.15625 -0.46875
v -0.12500 0.15625 -0.46875
v -0.12500 0.12500 -0.46875
v -0.15625 0.12500 -0.46875
f 3921/4 3922/4 3923/4
f 3921/4 3923/4 3924/4
v -0.15625 0.12500 -0.40625
v -0.15625 0.15625 -0.40625
v -0.15625 0.15625 -0.43750
v -0.15625 0.12500 -0.43750
f 3925/4 3926/4 3927/4
f 3925/4 3927/4 3928/4
v -0.15625 0.15625 -0.40625
v -0.12500 0.15625 -0.40625
v -0.12500 0.15625 -0.43750
v -0.15625 0.15625 -0.43750
f 3929/4 3930/4 3931/4
f 3929/4 3931/4 3932/4
v -0.15625 0.12500 -0.37500
v -0.15625 0.15625 -0.37500
v -0.15625 0.15625 -0.40625
v -0.15625 0.12500 -0.40625
f 3933/4 3934/4 3935/4
f 3933/4 3935/4 3936/4
v -0.15625 0.15625 -0.37500
v -0.12500 0.15625 -0.37500
v -0.12500 0.15625 -0.40625
v -0.15625 0.15625 -0.40625
f 3937/4 3938/4 3939/4
f 3937/4 3939/4 3940/4
v -0.15625 0.12500 -0.37500
v -0.12500 0.12500 -0.37500
v -0.12500 0.15625 -0.37500
v -0.15625 0.15625 -0.37500
f 3941/4 3942/4 3943/4
f 3941/4 3943/4 3944/4
v -0.12500 -0.15625 -0.46875
v -0.09375 -0.15625 -0.46875
v -0.09375 -0.15625 -0.43750
v -0.12500 -0.15625 -0.43750
f 3945/4 3946/4 3947/4
f 3945/4 3947/4 3948/4
v -0.12500 -0.12500 -0.46875
v -0.09375 -0.12500 -0.46875
v -0.09375 -0.15625 -0.46875
v -0.12500 -0.15625 -0.46875
f 3949/4 3950/4 3951/4
f 3949/4 3951/4 3952/4
v -0.12500 -0.15625 -0.43750
v -0.09375 -0.15625 -0.43750
v -0.09375 -0.15625 -0.40625
v -0.12500 -0.15625 -0.40625
f 3953/4 3954/4 3955/4
f 3953/4 3955/4 3956/4
v -0.12500 -0.15625 -0.40625
v -0.09375 -0.15625 -0.40625
v -0.09375 -0.15625 -0.37500
v -0.12500 -0.15625 -0.37500
f 3957/4 3958/4 3959/4
f 3957/4 3959/4 3960/4
v -0.12500 -0.15625 -0.37500
v -0.09375 -0.15625 -0.37500
v -0.09375 -0.12500 -0.37500
v -0.12500 -0.12500 -0.37500
f 3961/4 3962/4 3963/4
f 3961/4 3963/4 3964/4
v -0.12500 0.15625 -0.43750
v -0.09375 0.15625 -0.43750
v -0.09375 0.15625 -0.46875
v -0.12500 0.15625 -0.46875
f 3965/4 3966/4 3967/4
f 3965/4 3967/4 3968/4
v -0.12500 0.15625 -0.46875
v -0.09375 0.15625 -0.46875
v -0.09375 0.12500 -0.46875
v -0.12500 0.12500 -0.46875
f 3969/4 3970/4 3971/4
f 3969/4 3971/4 3972/4
v -0.12500 0.15625 -0.40625
v -0.09375 0.15625 -0.40625
v -0.09375 0.15625 -0.43750
v -0.12500 0.15625 -0.43750
f 3973/4 3974/4 3975/4
f 3973/4 3975/4 3976/4
v -0.12500 0.15625 -0.37500
v -0.09375 0.15625 -0.37500
v -0.09375 0.15625 -0.40625
v -0.12500 0.15625 -0.40625
f 3977/4 3978/4 3979/4
f 3977/4 3979/4 3980/4
v -0.12500 0.12500 -0.37500
v -0.09375 0.12500 -0.37500
v -0.09375 0.15625 -0.37500
v -0.12500 0.15625 -0.37500
f 3981/4 3982/4 3983/4
f 3981/4 3983/4 3984/4
v -0.09375 -0.15625 -0.46875
v -0.06250 -0.15625 -0.46875
v -0.06250 -0.15625 -0.43750
v -0.09375 -0.15625 -0.43750
f 3985/4 3986/4 3987/4
f 3985/4 3987/4 3988/4
v -0.09375 -0.12500 -0.46875
v -0.06250 -0.12500 -0.46875
v -0.06250 -0.15625 -0.46875
v -0.09375 -0.15625 -0.46875
f 3989/4 3990/4 3991/4
f 3989/4 3991/4 3992/4
v -0.09375 -0.15625 -0.43750
v -0.06250 -0.15625 -0.43750
v -0.06250 -0.15625 -0.40625
v -0.09375 -0.15625 -0.40625
f 3993/4 3994/4 3995/4
f 3993/4 3995/4 3996/4
v -0.09375 -0.15625 -0.40625
v -0.06250 -0.15625 -0.40625
v -0.06250 -0.15625 -0.37500
v -0.09375 -0.15625 -0.37500
f 3997/4 3998/4 3999/4
f 3997/4 3999/4 4000/4
v -0.09375 -0.15625 -0.37500
v -0.06250 -0.15625 -0.37500
v -0.06250 -0.12500 -0.37500
v -0.09375 -0.12500 -0.37500
f 4001/4 4002/4 4003/4
f 4001/4 4003/4 4004/4
v -0.09375 0.15625 -0.43750
v -0.06250 0.15625 -0.43750
v -0.06250 0.15625 -0.46875
v -0.09375 0.15625 -0.46875
f 4005/4 4006/4 4007/4
f 4005/4 4007/4 4008/4
v -0.09375 0.15625 -0.46875
v -0.06250 0.15625 -0.46875
v -0.06250 0.12500 -0.46875
v -0.09375 0.12500 -0.46875
f 4009/4 4010/4 4011/4
f 4009/4 4011/4 4012/4
v -0.09375 0.15625 -0.40625
v -0.06250 0.15625 -0.40625
v -0.06250 0.15625 -0.43750
v -0.09375 0.15625 -0.43750
f 4013/4 4014/4 4015/4
f 4013/4 4015/4 4016/4
v -0.09375 0.15625 -0.37500
v -0.06250 0.15625 -0.37500
v -0.06250 0.15625 -0.40625
v -0.09375 0.15625 -0.40625
f 4017/4 4018/4 4019/4
f 4017/4 4019/4 4020/4
v -0.09375 0.12500 -0.37500
v -0.06250 0.12500 -0.37500
v -0.06250 0.15625 -0.37500
v -0.09375 0.15625 -0.37500
f 4021/4 4022/4 4023/4
f 4021/4 4023/4 4024/4
v -0.06250 -0.15625 -0.46875
v -0.03125 -0.15625 -0.46875
v -0.03125 -0.15625 -0.43750
v -0.06250 -0.15625 -0.43750
f 4025/4 4026/4 4027/4
f 4025/4 4027/4 4028/4
v -0.06250 -0.12500 -0.46875
v -0.03125 -0.12500 -0.46875
v -0.03125 -0.15625 -0.46875
v -0.06250 -0.15625 -0.46875
f 4029/4 4030/4 4031/4
f 4029/4 4031/4 4032/4
v -0.06250 -0.15625 -0.43750
v -0.03125 -0.15625 -0.43750
v -0.03125 -0.15625 -0.40625
v -0.06250 -0.15625 -0.40625
f 4033/4 4034/4 4035/4
f 4033/4 4035/4 4036/4
v -0.06250 -0.15625 -0.40625
v -0.03125 -0.15625 -0.40625
v -0.03125 -0.15625 -0.37500
v -0.06250 -0.15625 -0.37500
f 4037/4 4038/4 4039/4
f 4037/4 4039/4 4040/4
v -0.06250 -0.15625 -0.37500
v -0.03125 -0.15625 -0.37500
v -0.03125 -0.12500 -0.37500
v -0.06250 -0.12500 -0.37500
f 4041/4 4042/4 4043/4
f 4041/4 4043/4 4044/4
v -0.06250 0.15625 -0.43750
v -0.03125 0.15625 -0.43750
v -0.03125 0.15625 -0.46875
v -0.06250 0.15625 -0.46875
f 4045/4 4046/4 4047/4
f 4045/4 4047/4 4048/4
v -0.06250 0.15625 -0.46875
v -0.03125 0.15625 -0.46875
v -0.03125 0.12500 -0.46875
v -0.06250 0.12500 -0.46875
f 4049/4 4050/4 4051/4
f 4049/4 4051/4 4052/4
v -0.06250 0.15625 -0.40625
v -0.03125 0.15625 -0.40625
v -0.03125 0.15625 -0.43750
v -0.06250 0.15625 -0.43750
f 4053/4 4054/4 4055/4
f 4053/4 4055/4 4056/4
v -0.06250 0.15625 -0.37500
v -0.03125 0.15625 -0.37500
v -0.03125 0.15625 -0.40625
v -0.06250 0.15625 -0.40625
f 4057/4 4058/4 4059/4
f 4057/4 4059/4 4060/4
v -0.06250 0.12500 -0.37500
v -0.03125 0.12500 -0.37500
v -0.03125 0.15625 -0.37500
v -0.06250 0.15625 -0.37500
f 4061/4 4062/4 4063/4
f 4061/4 4063/4 4064/4
v -0.03125 -0.15625 -0.46875
v 0.00000 -0.15625 -0.46875
v 0.00000 -0.15625 -0.43750
v -0.03125 -0.15625 -0.43750
f 4065/4 4066/4 4067/4
f 4065/4 4067/4 4068/4
v -0.03125 -0.12500 -0.46875
v 0.00000 -0.12500 -0.46875
v 0.00000 -0.15625 -0.46875
v -0.03125 -0.15625 -0.46875
f 4069/4 4070/4 4071/4
f 4069/4 4071/4 4072/4
v -0.03125 0.15625 -0.43750
v 0.00000 0.15625 -0.43750
v 0.00000 0.15625 -0.46875
v -0.03125 0.15625 -0.46875
f 4073/4 4074/4 4075/4
f 4073/4 4075/4 4076/4
v -0.03125 0.15625 -0.46875
v 0.00000 0.15625 -0.46875
v 0.00000 0.12500 -0.46875
v -0.03125 0.12500 -0.46875
f 4077/4 4078/4 4079/4
f 4077/4 4079/4 4080/4
v 0.00000 -0.15625 -0.46875
v 0.03125 -0.15625 -0.46875
v 0.03125 -0.15625 -0.43750
v 0.00000 -0.15625 -0.43750
f 4081/4 4082/4 4083/4
f 4081/4 4083/4 4084/4
v 0.00000 -0.12500 -0.46875
v 0.03125 -0.12500 -0.46875
v 0.03125 -0.15625 -0.46875
v 0.00000 -0.15625 -0.46875
f 4085/4 4086/4 4087/4
f 4085/4 4087/4 4088/4
v 0.00000 0.15625 -0.43750
v 0.03125 0.15625 -0.43750
v 0.03125 0.15625 -0.46875
v 0.00000 0.15625 -0.46875
f 4089/4 4090/4 4091/4
f 4089/4 4091/4 4092/4
v 0.00000 0.15625 -0.46875
v 0.03125 0.15625 -0.46875
v 0.03125 0.12500 -0.46875
v 0.00000 0.12500 -0.46875
f 4093/4 4094/4 4095/4
f 4093/4 4095/4 4096/4
v 0.03125 -0.15625 -0.46875
v 0.06250 -0.15625 -0.46875
v 0.06250 -0.15625 -0.43750
v 0.03125 -0.15625 -0.43750
f 4097/4 4098/4 4099/4
f 4097/4 4099/4 4100/4
v 0.03125 -0.12500 -0.46875
v 0.06250 -0.12500 -0.46875
v 0.06250 -0.15625 -0.46875
v 0.03125 -0.15625 -0.46875
f 4101/4 4102/4 4103/4
f 4101/4 4103/4 4104/4
v 0.03125 -0.15625 -0.43750
v 0.06250 -0.15625 -0.43750
v 0.06250 -0.15625 -0.40625
v 0.03125 -0.15625 -0.40625
f 4105/4 4106/4 4107/4
f 4105/4 4107/4 4108/4
v 0.03125 -0.15625 -0.40625
v 0.06250 -0.15625 -0.40625
v 0.06250 -0.15625 -0.37500
v 0.03125 -0.15625 -0.37500
f 4109/4 4110/4 4111/4
f 4109/4 4111/4 4112/4
v 0.03125 -0.15625 -0.37500
v 0.06250 -0.15625 -0.37500
v 0.06250 -0.12500 -0.37500
v 0.03125 -0.12500 -0.37500
f 4113/4 4114/4 4115/4
f 4113/4 4115/4 4116/4
v 0.03125 0.15625 -0.43750
v 0.06250 0.15625 -0.43750
v 0.06250 0.15625 -0.46875
v 0.03125 0.15625 -0.46875
f 4117/4 4118/4 4119/4
f 4117/4 4119/4 4120/4
v 0.03125 0.15625 -0.46875
v 0.06250 0.15625 -0.46875
v 0.06250 0.12500 -0.46875
v 0.03125 0.12500 -0.46875
f 4121/4 4122/4 4123/4
f 4121/4 4123/4 4124/4
v 0.03125 0.15625 -0.40625
v 0.06250 0.15625 -0.40625
v 0.06250 0.15625 -0.43750
v 0.03125 0.15625 -0.43750
f 4125/4 4126/4 4127/4
f 4125/4 4127/4 4128/4
v 0.03125 0.15625 -0.37500
v 0.06250 0.15625 -0.37500
v 0.06250 0.15625 -0.40625
v 0.03125 0.15625 -0.40625
f 4129/4 4130/4 4131/4
f 4129/4 4131/4 4132/4
v 0.03125 0.12500 -0.37500
v 0.06250 0.12500 -0.37500
v 0.06250 0.15625 -0.37500
v 0.03125 0.15625 -0.37500
f 4133/4 4134/4 4135/4
f 4133/4 4135/4 4136/4
v 0.06250 -0.15625 -0.46875
v 0.09375 -0.15625 -0.46875
v 0.09375 -0.15625 -0.43750
v 0.06250 -0.15625 -0.43750
f 4137/4 4138/4 4139/4
f 4137/4 4139/4 4140/4
v 0.06250 -0.12500 -0.46875
v 0.09375 -0.12500 -0.46875
v 0.09375 -0.15625 -0.46875
v 0.06250 -0.15625 -0.46875
f 4141/4 4142/4 4143/4
f 4141/4 4143/4 4144/4
v 0.06250 -0.15625 -0.43750
v 0.09375 -0.15625 -0.43750
v 0.09375 -0.15625 -0.40625
v 0.06250 -0.15625 -0.40625
f 4145/4 4146/4 4147/4
f 4145/4 4147/4 4148/4
v 0.06250 -0.15625 -0.40625
v 0.09375 -0.15625 -0.40625
v 0.09375 -0.15625 -0.37500
v 0.06250 -0.15625 -0.37500
f 4149/4 4150/4 4151/4
f 4149/4 4151/4 4152/4
v 0.06250 -0.15625 -0.37500
v 0.09375 -0.15625 -0.37500
v 0.09375 -0.12500 -0.37500
v 0.06250 -0.12500 -0.37500
f 4153/4 4154/4 4155/4
f 4153/4 4155/4 4156/4
v 0.06250 0.15625 -0.43750
v 0.09375 0.15625 -0.43750
v 0.09375 0.15625 -0.46875
v 0.06250 0.15625 -0.46875
f 4157/4 4158/4 4159/4
f 4157/4 4159/4 4160/4
v 0.06250 0.15625 -0.46875
v 0.09375 0.15625 -0.46875
v 0.09375 0.12500 -0.46875
v 0.06250 0.12500 -0.46875
f 4161/4 4162/4 4163/4
f 4161/4 4163/4 4164/4
v 0.06250 0.15625 -0.40625
v 0.09375 0.15625 -0.40625
v 0.09375 0.15625 -0.43750
v 0.06250 0.15625 -0.43750
f 4165/4 4166/4 4167/4
f 4165/4 4167/4 4168/4
v 0.06250 0.15625 -0.37500
v 0.09375 0.15625 -0.37500
v 0.09375 0.15625 -0.40625
v 0.06250 0.15625 -0.40625
f 4169/4 4170/4 4171/4
f 4169/4 4171/4 4172/4
v 0.06250 0.12500 -0.37500
v 0.09375 0.12500 -0.37500
v 0.09375 0.15625 -0.37500
v 0.06250 0.15625 -0.37500
f 4173/4 4174/4 4175/4
f 4173/4 4175/4 4176/4
v 0.09375 -0.15625 -0.46875
v 0.12500 -0.15625 -0.46875
v 0.12500 -0.15625 -0.43750
v 0.09375 -0.15625 -0.43750
f 4177/4 4178/4 4179/4
f 4177/4 4179/4 4180/4
v 0.09375 -0.12500 -0.46875
v 0.12500 -0.12500 -0.46875
v 0.12500 -0.15625 -0.46875
v 0.09375 -0.15625 -0.46875
f 4181/4 4182/4 4183/4
f 4181/4 4183/4 4184/4
v 0.09375 -0.15625 -0.43750
v 0.12500 -0.15625 -0.43750
v 0.12500 -0.15625 -0.40625
v 0.09375 -0.15625 -0.40625
f 4185/4 4186/4 4187/4
f 4185/4 4187/4 4188/4
v 0.09375 -0.15625 -0.40625
v 0.12500 -0.15625 -0.40625
v 0.12500 -0.15625 -0.37500
v 0.09375 -0.15625 -0.37500
f 4189/4 4190/4 4191/4
f 4189/4 4191/4 4192/4
v 0.09375 -0.15625 -0.37500
v 0.12500 -0.15625 -0.37500
v 0.12500 -0.12500 -0.37500
v 0.09375 -0.12500 -0.37500
f 4193/4 4194/4 4195/4
f 4193/4 4195/4 4196/4
v 0.09375 0.15625 -0.43750
v 0.12500 0.15625 -0.43750
v 0.12500 0.15625 -0.46875
v 0.09375 0.15625 -0.46875
f 4197/4 4198/4 4199/4
f 4197/4 4199/4 4200/4
v 0.09375 0.15625 -0.46875
v 0.12500 0.15625 -0.46875
v 0.12500 0.12500 -0.46875
v 0.09375 0.12500 -0.46875
f 4201/4 4202/4 4203/4
f 4201/4 4203/4 4204/4
v 0.09375 0.15625 -0.40625
v 0.12500 0.15625 -0.40625
v 0.12500 0.15625 -0.43750
v 0.09375 0.15625 -0.43750
f 4205/4 4206/4 4207/4
f 4205/4 4207/4 4208/4
v 0.09375 0.15625 -0.37500
v 0.12500 0.15625 -0.37500
v 0.12500 0.15625 -0.40625
v 0.09375 0.15625 -0.40625
f 4209/4 4210/4 4211/4
f 4209/4 4211/4 4212/4
v 0.09375 0.12500 -0.37500
v 0.12500 0.12500 -0.37500
v 0.12500 0.15625 -0.37500
v 0.09375 0.15625 -0.37500
f 4213/4 4214/4 4215/4
f 4213/4 4215/4 4216/4
v 0.15625 -0.15625 -0.46875
v 0.15625 -0.12500 -0.46875
v 0.15625 -0.12500 -0.43750
v 0.15625 -0.15625 -0.43750
f 4217/4 4218/4 4219/4
f 4217/4 4219/4 4220/4
v 0.12500 -0.15625 -0.46875
v 0.15625 -0.15625 -0.46875
v 0.15625 -0.15625 -0.43750
v 0.12500 -0.15625 -0.43750
f 4221/4 4222/4 4223/4
f 4221/4 4223/4 4224/4
v 0.12500 -0.12500 -0.46875
v 0.15625 -0.12500 -0.46875
v 0.15625 -0.15625 -0.46875
v 0.12500 -0.15625 -0.46875
f 4225/4 4226/4 4227/4
f 4225/4 4227/4 4228/4
v 0.15625 -0.15625 -0.43750
v 0.15625 -0.12500 -0.43750
v 0.15625 -0.12500 -0.40625
v 0.15625 -0.15625 -0.40625
f 4229/4 4230/4 4231/4
f 4229/4 4231/4 4232/4
v 0.12500 -0.15625 -0.43750
v 0.15625 -0.15625 -0.43750
v 0.15625 -0.15625 -0.40625
v 0.12500 -0.15625 -0.40625
f 4233/4 4234/4 4235/4
f 4233/4 4235/4 4236/4
v 0.15625 -0.15625 -0.40625
v 0.15625 -0.12500 -0.40625
v 0.15625 -0.12500 -0.37500
v 0.15625 -0.15625 -0.37500
f 4237/4 4238/4 4239/4
f 4237/4 4239/4 4240/4
v 0.12500 -0.15625 -0.40625
v 0.15625 -0.15625 -0.40625
v 0.15625 -0.15625 -0.37500
v 0.12500 -0.15625 -0.37500
f 4241/4 4242/4 4243/4
f 4241/4 4243/4 4244/4
v 0.12500 -0.15625 -0.37500
v 0.15625 -0.15625 -0.37500
v 0.15625 -0.12500 -0.37500
v 0.12500 -0.12500 -0.37500
f 4245/4 4246/4 4247/4
f 4245/4 4247/4 4248/4
v 0.15625 -0.12500 -0.46875
v 0.15625 -0.09375 -0.46875
v 0.15625 -0.09375 -0.43750
v 0.15625 -0.12500 -0.43750
f 4249/4 4250/4 4251/4
f 4249/4 4251/4 4252/4
v 0.12500 -0.09375 -0.46875
v 0.15625 -0.09375 -0.46875
v 0.15625 -0.12500 -0.46875
v 0.12500 -0.12500 -0.46875
f 4253/4 4254/4 4255/4
f 4253/4 4255/4 4256/4
v 0.15625 -0.12500 -0.43750
v 0.15625 -0.09375 -0.43750
v 0.15625 -0.09375 -0.40625
v 0.15625 -0.12500 -0.40625
f 4257/4 4258/4 4259/4
f 4257/4 4259/4 4260/4
v 0.15625 -0.12500 -0.40625
v 0.15625 -0.09375 -0.40625
v 0.15625 -0.09375 -0.37500
v 0.15625 -0.12500 -0.37500
f 4261/4 4262/4 4263/4
f 4261/4 4263/4 4264/4
v 0.12500 -0.12500 -0.37500
v 0.15625 -0.12500 -0.37500
v 0.15625 -0.09375 -0.37500
v 0.12500 -0.09375 -0.37500
f 4265/4 4266/4 4267/4
f 4265/4 4267/4 4268/4
v 0.15625 -0.09375 -0.46875
v 0.15625 -0.06250 -0.46875
v 0.15625 -0.06250 -0.43750
v 0.15625 -0.09375 -0.43750
f 4269/4 4270/4 4271/4
f 4269/4 4271/4 4272/4
v 0.12500 -0.06250 -0.46875
v 0.15625 -0.06250 -0.46875
v 0.15625 -0.09375 -0.46875
v 0.12500 -0.09375 -0.46875
f 4273/4 4274/4 4275/4
f 4273/4 4275/4 4276/4
v 0.15625 -0.09375 -0.43750
v 0.15625 -0.06250 -0.43750
v 0.15625 -0.06250 -0.40625
v 0.15625 -0.09375 -0.40625
f 4277/4 4278/4 4279/4
f 4277/4 4279/4 4280/4
v 0.15625 -0.09375 -0.40625
v 0.15625 -0.06250 -0.40625
v 0.15625 -0.06250 -0.37500
v 0.15625 -0.09375 -0.37500
f 4281/4 4282/4 4283/4
f 4281/4 4283/4 4284/4
v 0.12500 -0.09375 -0.37500
v 0.15625 -0.09375 -0.37500
v 0.15625 -0.06250 -0.37500
v 0.12500 -0.06250 -0.37500
f 4285/4 4286/4 4287/4
f 4285/4 4287/4 4288/4
v 0.15625 -0.06250 -0.46875
v 0.15625 -0.03125 -0.46875
v 0.15625 -0.03125 -0.43750
v 0.15625 -0.06250 -0.43750
f 4289/4 4290/4 4291/4
f 4289/4 4291/4 4292/4
v 0.12500 -0.03125 -0.46875
v 0.15625 -0.03125 -0.46875
v 0.15625 -0.06250 -0.46875
v 0.12500 -0.06250 -0.46875
f 4293/4 4294/4 4295/4
f 4293/4 4295/4 4296/4
v 0.15625 -0.06250 -0.43750
v 0.15625 -0.03125 -0.43750
v 0.15625 -0.03125 -0.40625
v 0.15625 -0.06250 -0.40625
f 4297/4 4298/4 4299/4
f 4297/4 4299/4 4300/4
v 0.15625 -0.06250 -0.40625
v 0.15625 -0.03125 -0.40625
v 0.15625 -0.03125 -0.37500
v 0.15625 -0.06250 -0.37500
f 4301/4 4302/4 4303/4
f 4301/4 4303/4 4304/4
v 0.12500 -0.06250 -0.37500
v 0.15625 -0.06250 -0.37500
v 0.15625 -0.03125 -0.37500
v 0.12500 -0.03125 -0.37500
f 4305/4 4306/4 4307/4
f 4305/4 4307/4 4308/4
v 0.15625 -0.03125 -0.46875
v 0.15625 0.00000 -0.46875
v 0.15625 0.00000 -0.43750
v 0.15625 -0.03125 -0.43750
f 4309/4 4310/4 4311/4
f 4309/4 4311/4 4312/4
v 0.12500 0.00000 -0.46875
v 0.15625 0.00000 -0.46875
v 0.15625 -0.03125 -0.46875
v 0.12500 -0.03125 -0.46875
f 4313/4 4314/4 4315/4
f 4313/4 4315/4 4316/4
v 0.15625 0.00000 -0.46875
v 0.15625 0.03125 -0.46875
v 0.15625 0.03125 -0.43750
v 0.15625 0.00000 -0.43750
f 4317/4 4318/4 4319/4
f 4317/4 4319/4 4320/4
v 0.12500 0.03125 -0.46875
v 0.15625 0.03125 -0.46875
v 0.15625 0.00000 -0.46875
v 0.12500 0.00000 -0.46875
f 4321/4 4322/4 4323/4
f 4321/4 4323/4 4324/4
v 0.15625 0.03125 -0.46875
v 0.15625 0.06250 -0.46875
v 0.15625 0.06250 -0.43750
v 0.15625 0.03125 -0.43750
f 4325/4 4326/4 4327/4
f 4325/4 4327/4 4328/4
v 0.12500 0.06250 -0.46875
v 0.15625 0.06250 -0.46875
v 0.15625 0.03125 -0.46875
v 0.12500 0.03125 -0.46875
f 4329/4 4330/4 4331/4
f 4329/4 4331/4 4332/4
v 0.15625 0.03125 -0.43750
v 0.15625 0.06250 -0.43750
v 0.15625 0.06250 -0.40625
v 0.15625 0.03125 -0.40625
f 4333/4 4334/4 4335/4
f 4333/4 4335/4 4336/4
v 0.15625 0.03125 -0.40625
v 0.15625 0.06250 -0.40625
v 0.15625 0.06250 -0.37500
v 0.15625 0.03125 -0.37500
f 4337/4 4338/4 4339/4
f 4337/4 4339/4 4340/4
v 0.12500 0.03125 -0.37500
v 0.15625 0.03125 -0.37500
v 0.15625 0.06250 -0.37500
v 0.12500 0.06250 -0.37500
f 4341/4 4342/4 4343/4
f 4341/4 4343/4 4344/4
v 0.15625 0.06250 -0.46875
v 0.15625 0.09375 -0.46875
v 0.15625 0.09375 -0.43750
v 0.15625 0.06250 -0.43750
f 4345/4 4346/4 4347/4
f 4345/4 4347/4 4348/4
v 0.12500 0.09375 -0.46875
v 0.15625 0.09375 -0.46875
v 0.15625 0.06250 -0.46875
v 0.12500 0.06250 -0.46875
f 4349/4 4350/4 4351/4
f 4349/4 4351/4 4352/4
v 0.15625 0.06250 -0.43750
v 0.15625 0.09375 -0.43750
v 0.15625 0.09375 -0.40625
v 0.15625 0.06250 -0.40625
f 4353/4 4354/4 4355/4
f 4353/4 4355/4 4356/4
v 0.15625 0.06250 -0.40625
v 0.15625 0.09375 -0.40625
v 0.15625 0.09375 -0.37500
v 0.15625 0.06250 -0.37500
f 4357/4 4358/4 4359/4
f 4357/4 4359/4 4360/4
v 0.12500 0.06250 -0.37500
v 0.15625 0.06250 -0.37500
v 0.15625 0.09375 -0.37500
v 0.12500 0.09375 -0.37500
f 4361/4 4362/4 4363/4
f 4361/4 4363/4 4364/4
v 0.15625 0.09375 -0.46875
v 0.15625 0.12500 -0.46875
v 0.15625 0.12500 -0.43750
v 0.15625 0.09375 -0.43750
f 4365/4 4366/4 4367/4
f 4365/4 4367/4 4368/4
v 0.12500 0.12500 -0.46875
v 0.15625 0.12500 -0.46875
v 0.15625 0.09375 -0.46875
v 0.12500 0.09375 -0.46875
f 4369/4 4370/4 4371/4
f 4369/4 4371/4 4372/4
v 0.15625 0.09375 -0.43750
v 0.15625 0.12500 -0.43750
v 0.15625 0.12500 -0.40625
v 0.15625 0.09375 -0.40625
f 4373/4 4374/4 4375/4
f 4373/4 4375/4 4376/4
v 0.15625 0.09375 -0.40625
v 0.15625 0.12500 -0.40625
v 0.15625 0.12500 -0.37500
v 0.15625 0.09375 -0.37500
f 4377/4 4378/4 4379/4
f 4377/4 4379/4 4380/4
v 0.12500 0.09375 -0.37500
v 0.15625 0.09375 -0.37500
v 0.15625 0.12500 -0.37500
v 0.12500 0.12500 -0.37500
f 4381/4 4382/4 4383/4
f 4381/4 4383/4 4384/4
v 0.15625 0.12500 -0.46875
v 0.15625 0.15625 -0.46875
v 0.15625 0.15625 -0.43750
v 0.15625 0.12500 -0.43750
f 4385/4 4386/4 4387/4
f 4385/4 4387/4 4388/4
v 0.12500 0.15625 -0.43750
v 0.15625 0.15625 -0.43750
v 0.15625 0.15625 -0.46875
v 0.12500 0.15625 -0.46875
f 4389/4 4390/4 4391/4
f 4389/4 4391/4 4392/4
v 0.12500 0.15625 -0.46875
v 0.15625 0.15625 -0.46875
v 0.15625 0.12500 -0.46875
v 0.12500 0.12500 -0.46875
f 4393/4 4394/4 4395/4
f 4393/4 4395/4 4396/4
v 0.15625 0.12500 -0.43750
v 0.15625 0.15625 -0.43750
v 0.15625 0.15625 -0.40625
v 0.15625 0.12500 -0.40625
f 4397/4 4398/4 4399/4
f 4397/4 4399/4 4400/4
v 0.12500 0.15625 -0.40625
v 0.15625 0.15625 -0.40625
v 0.15625 0.15625 -0.43750
v 0.12500 0.15625 -0.43750
f 4401/4 4402/4 4403/4
f 4401/4 4403/4 4404/4
v 0.15625 0.12500 -0.40625
v 0.15625 0.15625 -0.40625
v 0.15625 0.15625 -0.37500
v 0.15625 0.12500 -0.37500
f 4405/4 4406/4 4407/4
f 4405/4 4407/4 4408/4
v 0.12500 0.15625 -0.37500
v 0.15625 0.15625 -0.37500
v 0.15625 0.15625 -0.40625
v 0.12500 0.15625 -0.40625
f 4409/4 4410/4 4411/4
f 4409/4 4411/4 4412/4
v 0.12500 0.12500 -0.37500
v 0.15625 0.12500 -0.37500
v 0.15625 0.15625 -0.37500
v 0.12500 0.15625 -0.37500
f 4413/4 4414/4 4415/4
f 4413/4 4415/4 4416/4
v -0.15625 -0.03125 -0.37500
v -0.12500 -0.03125 -0.37500
v -0.12500 -0.03125 -0.34375
v -0.15625 -0.03125 -0.34375
f 4417/5 4418/5 4419/5
f 4417/5 4419/5 4420/5
v -0.15625 -0.03125 -0.34375
v -0.12500 -0.03125 -0.34375
v -0.12500 -0.03125 -0.31250
v -0.15625 -0.03125 -0.31250
f 4421/5 4422/5 4423/5
f 4421/5 4423/5 4424/5
v -0.15625 -0.03125 -0.31250
v -0.12500 -0.03125 -0.31250
v -0.12500 -0.03125 -0.28125
v -0.15625 -0.03125 -0.28125
f 4425/5 4426/5 4427/5
f 4425/5 4427/5 4428/5
v -0.15625 -0.03125 -0.28125
v -0.12500 -0.03125 -0.28125
v -0.12500 -0.03125 -0.25000
v -0.15625 -0.03125 -0.25000
f 4429/5 4430/5 4431/5
f 4429/5 4431/5 4432/5
v -0.15625 -0.03125 -0.25000
v -0.12500 -0.03125 -0.25000
v -0.12500 -0.03125 -0.21875
v -0.15625 -0.03125 -0.21875
f 4433/6 4434/6 4435/6
f 4433/6 4435/6 4436/6
v -0.15625 -0.03125 -0.21875
v -0.12500 -0.03125 -0.21875
v -0.12500 -0.03125 -0.18750
v -0.15625 -0.03125 -0.18750
f 4437/5 4438/5 4439/5
f 4437/5 4439/5 4440/5
v -0.15625 -0.03125 -0.15625
v -0.15625 0.00000 -0.15625
v -0.15625 0.00000 -0.18750
v -0.15625 -0.03125 -0.18750
f 4441/5 4442/5 4443/5
f 4441/5 4443/5 4444/5
v -0.15625 -0.03125 -0.18750
v -0.12500 -0.03125 -0.18750
v -0.12500 -0.03125 -0.15625
v -0.15625 -0.03125 -0.15625
f 4445/5 4446/5 4447/5
f 4445/5 4447/5 4448/5
v -0.15625 -0.03125 -0.12500
v -0.15625 0.00000 -0.12500
v -0.15625 0.00000 -0.15625
v -0.15625 -0.03125 -0.15625
f 4449/5 4450/5 4451/5
f 4449/5 4451/5 4452/5
v -0.15625 -0.03125 -0.15625
v -0.12500 -0.03125 -0.15625
v -0.12500 -0.03125 -0.12500
v -0.15625 -0.03125 -0.12500
f 4453/5 4454/5 4455/5
f 4453/5 4455/5 4456/5
v -0.15625 -0.03125 -0.12500
v -0.12500 -0.03125 -0.12500
v -0.12500 0.00000 -0.12500
v -0.15625 0.00000 -0.12500
f 4457/5 4458/5 4459/5
f 4457/5 4459/5 4460/5
v -0.15625 0.03125 -0.34375
v -0.12500 0.03125 -0.34375
v -0.12500 0.03125 -0.37500
v -0.15625 0.03125 -0.37500
f 4461/5 4462/5 4463/5
f 4461/5 4463/5 4464/5
v -0.15625 0.03125 -0.31250
v -0.12500 0.03125 -0.31250
v -0.12500 0.03125 -0.34375
v -0.15625 0.03125 -0.34375
f 4465/5 4466/5 4467/5
f 4465/5 4467/5 4468/5
v -0.15625 0.03125 -0.28125
v -0.12500 0.03125 -0.28125
v -0.12500 0.03125 -0.31250
v -0.15625 0.03125 -0.31250
f 4469/5 4470/5 4471/5
f 4469/5 4471/5 4472/5
v -0.15625 0.03125 -0.25000
v -0.12500 0.03125 -0.25000
v -0.12500 0.03125 -0.28125
v -0.15625 0.03125 -0.28125
f 4473/6 4474/6 4475/6
f 4473/6 4475/6 4476/6
v -0.15625 0.03125 -0.21875
v -0.12500 0.03125 -0.21875
v -0.12500 0.03125 -0.25000
v -0.15625 0.03125 -0.25000
f 4477/5 4478/5 4479/5
f 4477/5 4479/5 4480/5
v -0.15625 0.03125 -0.18750
v -0.12500 0.03125 -0.18750
v -0.12500 0.03125 -0.21875
v -0.15625 0.03125 -0.21875
f 4481/5 4482/5 4483/5
f 4481/5 4483/5 4484/5
v -0.15625 0.00000 -0.15625
v -0.15625 0.03125 -0.15625
v -0.15625 0.03125 -0.18750
v -0.15625 0.00000 -0.18750
f 4485/5 4486/5 4487/5
f 4485/5 4487/5 4488/5
v -0.15625 0.03125 -0.15625
v -0.12500 0.03125 -0.15625
v -0.12500 0.03125 -0.18750
v -0.15625 0.03125 -0.18750
f 4489/5 4490/5 4491/5
f 4489/5 4491/5 4492/5
v -0.15625 0.00000 -0.12500
v -0.15625 0.03125 -0.12500
v -0.15625 0.03125 -0.15625
v -0.15625 0.00000 -0.15625
f 4493/5 4494/5 4495/5
f 4493/5 4495/5 4496/5
v -0.15625 0.03125 -0.12500
v -0.12500 0.03125 -0.12500
v -0.12500 0.03125 -0.15625
v -0.15625 0.03125 -0.15625
f 4497/5 4498/5 4499/5
f 4497/5 4499/5 4500/5
v -0.15625 0.00000 -0.12500
v -0.12500 0.00000 -0.12500
v -0.12500 0.03125 -0.12500
v -0.15625 0.03125 -0.12500
f 4501/5 4502/5 4503/5
f 4501/5 4503/5 4504/5
v -0.03125 -0.15625 -0.34375
v -0.03125 -0.12500 -0.34375
v -0.03125 -0.12500 -0.37500
v -0.03125 -0.15625 -0.37500
f 4505/5 4506/5 4507/5
f 4505/5 4507/5 4508/5
v -0.03125 -0.15625 -0.31250
v -0.03125 -0.12500 -0.31250
v -0.03125 -0.12500 -0.34375
v -0.03125 -0.15625 -0.34375
f 4509/5 4510/5 4511/5
f 4509/5 4511/5 4512/5
v -0.03125 -0.15625 -0.28125
v -0.03125 -0.12500 -0.28125
v -0.03125 -0.12500 -0.31250
v -0.03125 -0.15625 -0.31250
f 4513/5 4514/5 4515/5
f 4513/5 4515/5 4516/5
v -0.03125 -0.15625 -0.25000
v -0.03125 -0.12500 -0.25000
v -0.03125 -0.12500 -0.28125
v -0.03125 -0.15625 -0.28125
f 4517/5 4518/5 4519/5
f 4517/5 4519/5 4520/5
v -0.03125 -0.15625 -0.21875
v -0.03125 -0.12500 -0.21875
v -0.03125 -0.12500 -0.25000
v -0.03125 -0.15625 -0.25000
f 4521/6 4522/6 4523/6
f 4521/6 4523/6 4524/6
v -0.03125 -0.15625 -0.18750
v -0.03125 -0.12500 -0.18750
v -0.03125 -0.12500 -0.21875
v -0.03125 -0.15625 -0.21875
f 4525/5 4526/5 4527/5
f 4525/5 4527/5 4528/5
v -0.03125 -0.15625 -0.15625
v -0.03125 -0.12500 -0.15625
v -0.03125 -0.12500 -0.18750
v -0.03125 -0.15625 -0.18750
f 4529/5 4530/5 4531/5
f 4529/5 4531/5 4532/5
v -0.03125 -0.15625 -0.18750
v 0.00000 -0.15625 -0.18750
v 0.00000 -0.15625 -0.15625
v -0.03125 -0.15625 -0.15625
f 4533/5 4534/5 4535/5
f 4533/5 4535/5 4536/5
v -0.03125 -0.15625 -0.12500
v -0.03125 -0.12500 -0.12500
v -0.03125 -0.12500 -0.15625
v -0.03125 -0.15625 -0.15625
f 4537/5 4538/5 4539/5
f 4537/5 4539/5 4540/5
v -0.03125 -0.15625 -0.15625
v 0.00000 -0.15625 -0.15625
v 0.00000 -0.15625 -0.12500
v -0.03125 -0.15625 -0.12500
f 4541/5 4542/5 4543/5
f 4541/5 4543/5 4544/5
v -0.03125 -0.15625 -0.12500
v 0.00000 -0.15625 -0.12500
v 0.00000 -0.12500 -0.12500
v -0.03125 -0.12500 -0.12500
f 4545/5 4546/5 4547/5
f 4545/5 4547/5 4548/5
v 0.03125 -0.15625 -0.37500
v 0.03125 -0.12500 -0.37500
v 0.03125 -0.12500 -0.34375
v 0.03125 -0.15625 -0.34375
f 4549/5 4550/5 4551/5
f 4549/5 4551/5 4552/5
v 0.03125 -0.15625 -0.34375
v 0.03125 -0.12500 -0.34375
v 0.03125 -0.12500 -0.31250
v 0.03125 -0.15625 -0.31250
f 4553/5 4554/5 4555/5
f 4553/5 4555/5 4556/5
v 0.03125 -0.15625 -0.31250
v 0.03125 -0.12500 -0.31250
v 0.03125 -0.12500 -0.28125
v 0.03125 -0.15625 -0.28125
f 4557/5 4558/5 4559/5
f 4557/5 4559/5 4560/5
v 0.03125 -0.15625 -0.28125
v 0.03125 -0.12500 -0.28125
v 0.03125 -0.12500 -0.25000
v 0.03125 -0.15625 -0.25000
f 4561/6 4562/6 4563/6
f 4561/6 4563/6 4564/6
v 0.03125 -0.15625 -0.25000
v 0.03125 -0.12500 -0.25000
v 0.03125 -0.12500 -0.21875
v 0.03125 -0.15625 -0.21875
f 4565/5 4566/5 4567/5
f 4565/5 4567/5 4568/5
v 0.03125 -0.15625 -0.21875
v 0.03125 -0.12500 -0.21875
v 0.03125 -0.12500 -0.18750
v 0.03125 -0.15625 -0.18750
f 4569/5 4570/5 4571/5
f 4569/5 4571/5 4572/5
v 0.03125 -0.15625 -0.18750
v 0.03125 -0.12500 -0.18750
v 0.03125 -0.12500 -0.15625
v 0.03125 -0.15625 -0.15625
f 4573/5 4574/5 4575/5
f 4573/5 4575/5 4576/5
v 0.00000 -0.15625 -0.18750
v 0.03125 -0.15625 -0.18750
v 0.03125 -0.15625 -0.15625
v 0.00000 -0.15625 -0.15625
f 4577/5 4578/5 4579/5
f 4577/5 4579/5 4580/5
v 0.03125 -0.15625 -0.15625
v 0.03125 -0.12500 -0.15625
v 0.03125 -0.12500 -0.12500
v 0.03125 -0.15625 -0.12500
f 4581/5 4582/5 4583/5
f 4581/5 4583/5 4584/5
v 0.00000 -0.15625 -0.15625
v 0.03125 -0.15625 -0.15625
v 0.03125 -0.15625 -0.12500
v 0.00000 -0.15625 -0.12500
f 4585/5 4586/5 4587/5
f 4585/5 4587/5 4588/5
v 0.00000 -0.15625 -0.12500
v 0.03125 -0.15625 -0.12500
v 0.03125 -0.12500 -0.12500
v 0.00000 -0.12500 -0.12500
f 4589/5 4590/5 4591/5
f 4589/5 4591/5 4592/5
v -0.18750 -0.03125 -0.43750
v -0.15625 -0.03125 -0.43750
v -0.15625 -0.03125 -0.40625
v -0.18750 -0.03125 -0.40625
f 4593/6 4594/6 4595/6
f 4593/6 4595/6 4596/6
v -0.18750 0.00000 -0.43750
v -0.15625 0.00000 -0.43750
v -0.15625 -0.03125 -0.43750
v -0.18750 -0.03125 -0.43750
f 4597/6 4598/6 4599/6
f 4597/6 4599/6 4600/6
v -0.18750 -0.03125 -0.40625
v -0.15625 -0.03125 -0.40625
v -0.15625 -0.03125 -0.37500
v -0.18750 -0.03125 -0.37500
f 4601/5 4602/5 4603/5
f 4601/5 4603/5 4604/5
v -0.18750 -0.03125 -0.37500
v -0.15625 -0.03125 -0.37500
v -0.15625 -0.03125 -0.34375
v -0.18750 -0.03125 -0.34375
f 4605/5 4606/5 4607/5
f 4605/5 4607/5 4608/5
v -0.18750 -0.03125 -0.34375
v -0.15625 -0.03125 -0.34375
v -0.15625 -0.03125 -0.31250
v -0.18750 -0.03125 -0.31250
f 4609/5 4610/5 4611/5
f 4609/5 4611/5 4612/5
v -0.18750 -0.03125 -0.31250
v -0.15625 -0.03125 -0.31250
v -0.15625 -0.03125 -0.28125
v -0.18750 -0.03125 -0.28125
f 4613/5 4614/5 4615/5
f 4613/5 4615/5 4616/5
v -0.18750 -0.03125 -0.28125
v -0.15625 -0.03125 -0.28125
v -0.15625 -0.03125 -0.25000
v -0.18750 -0.03125 -0.25000
f 4617/5 4618/5 4619/5
f 4617/5 4619/5 4620/5
v -0.18750 -0.03125 -0.21875
v -0.18750 0.00000 -0.21875
v -0.18750 0.00000 -0.25000
v -0.18750 -0.03125 -0.25000
f 4621/5 4622/5 4623/5
f 4621/5 4623/5 4624/5
v -0.18750 -0.03125 -0.25000
v -0.15625 -0.03125 -0.25000
v -0.15625 -0.03125 -0.21875
v -0.18750 -0.03125 -0.21875
f 4625/5 4626/5 4627/5
f 4625/5 4627/5 4628/5
v -0.18750 -0.03125 -0.18750
v -0.18750 0.00000 -0.18750
v -0.18750 0.00000 -0.21875
v -0.18750 -0.03125 -0.21875
f 4629/6 4630/6 4631/6
f 4629/6 4631/6 4632/6
v -0.18750 -0.03125 -0.21875
v -0.15625 -0.03125 -0.21875
v -0.15625 -0.03125 -0.18750
v -0.18750 -0.03125 -0.18750
f 4633/6 4634/6 4635/6
f 4633/6 4635/6 4636/6
v -0.18750 -0.03125 -0.18750
v -0.15625 -0.03125 -0.18750
v -0.15625 0.00000 -0.18750
v -0.18750 0.00000 -0.18750
f 4637/6 4638/6 4639/6
f 4637/6 4639/6 4640/6
v -0.18750 0.03125 -0.40625
v -0.15625 0.03125 -0.40625
v -0.15625 0.03125 -0.43750
v -0.18750 0.03125 -0.43750
f 4641/5 4642/5 4643/5
f 4641/5 4643/5 4644/5
v -0.18750 0.03125 -0.43750
v -0.15625 0.03125 -0.43750
v -0.15625 0.00000 -0.43750
v -0.18750 0.00000 -0.43750
f 4645/5 4646/5 4647/5
f 4645/5 4647/5 4648/5
v -0.18750 0.03125 -0.37500
v -0.15625 0.03125 -0.37500
v -0.15625 0.03125 -0.40625
v -0.18750 0.03125 -0.40625
f 4649/5 4650/5 4651/5
f 4649/5 4651/5 4652/5
v -0.18750 0.03125 -0.34375
v -0.15625 0.03125 -0.34375
v -0.15625 0.03125 -0.37500
v -0.18750 0.03125 -0.37500
f 4653/5 4654/5 4655/5
f 4653/5 4655/5 4656/5
v -0.18750 0.03125 -0.31250
v -0.15625 0.03125 -0.31250
v -0.15625 0.03125 -0.34375
v -0.18750 0.03125 -0.34375
f 4657/5 4658/5 4659/5
f 4657/5 4659/5 4660/5
v -0.18750 0.03125 -0.28125
v -0.15625 0.03125 -0.28125
v -0.15625 0.03125 -0.31250
v -0.18750 0.03125 -0.31250
f 4661/5 4662/5 4663/5
f 4661/5 4663/5 4664/5
v -0.18750 0.03125 -0.25000
v -0.15625 0.03125 -0.25000
v -0.15625 0.03125 -0.28125
v -0.18750 0.03125 -0.28125
f 4665/5 4666/5 4667/5
f 4665/5 4667/5 4668/5
v -0.18750 0.00000 -0.21875
v -0.18750 0.03125 -0.21875
v -0.18750 0.03125 -0.25000
v -0.18750 0.00000 -0.25000
f 4669/6 4670/6 4671/6
f 4669/6 4671/6 4672/6
v -0.18750 0.03125 -0.21875
v -0.15625 0.03125 -0.21875
v -0.15625 0.03125 -0.25000
v -0.18750 0.03125 -0.25000
f 4673/6 4674/6 4675/6
f 4673/6 4675/6 4676/6
v -0.18750 0.00000 -0.18750
v -0.18750 0.03125 -0.18750
v -0.18750 0.03125 -0.21875
v -0.18750 0.00000 -0.21875
f 4677/5 4678/5 4679/5
f 4677/5 4679/5 4680/5
v -0.18750 0.03125 -0.18750
v -0.15625 0.03125 -0.18750
v -0.15625 0.03125 -0.21875
v -0.18750 0.03125 -0.21875
f 4681/5 4682/5 4683/5
f 4681/5 4683/5 4684/5
v -0.18750 0.00000 -0.18750
v -0.15625 0.00000 -0.18750
v -0.15625 0.03125 -0.18750
v -0.18750 0.03125 -0.18750
f 4685/5 4686/5 4687/5
f 4685/5 4687/5 4688/5
v -0.03125 -0.18750 -0.40625
v -0.03125 -0.15625 -0.40625
v -0.03125 -0.15625 -0.43750
v -0.03125 -0.18750 -0.43750
f 4689/6 4690/6 4691/6
f 4689/6 4691/6 4692/6
v -0.03125 -0.15625 -0.43750
v 0.00000 -0.15625 -0.43750
v 0.00000 -0.18750 -0.43750
v -0.03125 -0.18750 -0.43750
f 4693/6 4694/6 4695/6
f 4693/6 4695/6 4696/6
v -0.03125 -0.18750 -0.37500
v -0.03125 -0.15625 -0.37500
v -0.03125 -0.15625 -0.40625
v -0.03125 -0.18750 -0.40625
f 4697/5 4698/5 4699/5
f 4697/5 4699/5 4700/5
v -0.03125 -0.18750 -0.34375
v -0.03125 -0.15625 -0.34375
v -0.03125 -0.15625 -0.37500
v -0.03125 -0.18750 -0.37500
f 4701/5 4702/5 4703/5
f 4701/5 4703/5 4704/5
v -0.03125 -0.18750 -0.31250
v -0.03125 -0.15625 -0.31250
v -0.03125 -0.15625 -0.34375
v -0.03125 -0.18750 -0.34375
f 4705/5 4706/5 4707/5
f 4705/5 4707/5 4708/5
v -0.03125 -0.18750 -0.28125
v -0.03125 -0.15625 -0.28125
v -0.03125 -0.15625 -0.31250
v -0.03125 -0.18750 -0.31250
f 4709/5 4710/5 4711/5
f 4709/5 4711/5 4712/5
v -0.03125 -0.18750 -0.25000
v -0.03125 -0.15625 -0.25000
v -0.03125 -0.15625 -0.28125
v -0.03125 -0.18750 -0.28125
f 4713/5 4714/5 4715/5
f 4713/5 4715/5 4716/5
v -0.03125 -0.18750 -0.21875
v -0.03125 -0.15625 -0.21875
v -0.03125 -0.15625 -0.25000
v -0.03125 -0.18750 -0.25000
f 4717/5 4718/5 4719/5
f 4717/5 4719/5 4720/5
v -0.03125 -0.18750 -0.25000
v 0.00000 -0.18750 -0.25000
v 0.00000 -0.18750 -0.21875
v -0.03125 -0.18750 -0.21875
f 4721/5 4722/5 4723/5
f 4721/5 4723/5 4724/5
v -0.03125 -0.18750 -0.18750
v -0.03125 -0.15625 -0.18750
v -0.03125 -0.15625 -0.21875
v -0.03125 -0.18750 -0.21875
f 4725/6 4726/6 4727/6
f 4725/6 4727/6 4728/6
v -0.03125 -0.18750 -0.21875
v 0.00000 -0.18750 -0.21875
v 0.00000 -0.18750 -0.18750
v -0.03125 -0.18750 -0.18750
f 4729/6 4730/6 4731/6
f 4729/6 4731/6 4732/6
v -0.03125 -0.18750 -0.18750
v 0.00000 -0.18750 -0.18750
v 0.00000 -0.15625 -0.18750
v -0.03125 -0.15625 -0.18750
f 4733/6 4734/6 4735/6
f 4733/6 4735/6 4736/6
v 0.03125 -0.18750 -0.43750
v 0.03125 -0.15625 -0.43750
v 0.03125 -0.15625 -0.40625
v 0.03125 -0.18750 -0.40625
f 4737/5 4738/5 4739/5
f 4737/5 4739/5 4740/5
v 0.00000 -0.15625 -0.43750
v 0.03125 -0.15625 -0.43750
v 0.03125 -0.18750 -0.43750
v 0.00000 -0.18750 -0.43750
f 4741/5 4742/5 4743/5
f 4741/5 4743/5 4744/5
v 0.03125 -0.18750 -0.40625
v 0.03125 -0.15625 -0.40625
v 0.03125 -0.15625 -0.37500
v 0.03125 -0.18750 -0.37500
f 4745/5 4746/5 4747/5
f 4745/5 4747/5 4748/5
v 0.03125 -0.18750 -0.37500
v 0.03125 -0.15625 -0.37500
v 0.03125 -0.15625 -0.34375
v 0.03125 -0.18750 -0.34375
f 4749/5 4750/5 4751/5
f 4749/5 4751/5 4752/5
v 0.03125 -0.18750 -0.34375
v 0.03125 -0.15625 -0.34375
v 0.03125 -0.15625 -0.31250
v 0.03125 -0.18750 -0.31250
f 4753/5 4754/5 4755/5
f 4753/5 4755/5 4756/5
v 0.03125 -0.18750 -0.31250
v 0.03125 -0.15625 -0.31250
v 0.03125 -0.15625 -0.28125
v 0.03125 -0.18750 -0.28125
f 4757/5 4758/5 4759/5
f 4757/5 4759/5 4760/5
v 0.03125 -0.18750 -0.28125
v 0.03125 -0.15625 -0.28125
v 0.03125 -0.15625 -0.25000
v 0.03125 -0.18750 -0.25000
f 4761/5 4762/5 4763/5
f 4761/5 4763/5 4764/5
v 0.03125 -0.18750 -0.25000
v 0.03125 -0.15625 -0.25000
v 0.03125 -0.15625 -0.21875
v 0.03125 -0.18750 -0.21875
f 4765/6 4766/6 4767/6
f 4765/6 4767/6 4768/6
v 0.00000 -0.18750 -0.25000
v 0.03125 -0.18750 -0.25000
v 0.03125 -0.18750 -0.21875
v 0.00000 -0.18750 -0.21875
f 4769/6 4770/6 4771/6
f 4769/6 4771/6 4772/6
v 0.03125 -0.18750 -0.21875
v 0.03125 -0.15625 -0.21875
v 0.03125 -0.15625 -0.18750
v 0.03125 -0.18750 -0.18750
f 4773/5 4774/5 4775/5
f 4773/5 4775/5 4776/5
v 0.00000 -0.18750 -0.21875
v 0.03125 -0.18750 -0.21875
v 0.03125 -0.18750 -0.18750
v 0.00000 -0.18750 -0.18750
f 4777/5 4778/5 4779/5
f 4777/5 4779/5 4780/5
v 0.00000 -0.18750 -0.18750
v 0.03125 -0.18750 -0.18750
v 0.03125 -0.15625 -0.18750
v 0.00000 -0.15625 -0.18750
f 4781/5 4782/5 4783/5
f 4781/5 4783/5 4784/5
v -0.18750 -0.03125 -0.46875
v -0.18750 0.00000 -0.46875
v -0.18750 0.00000 -0.43750
v -0.18750 -0.03125 -0.43750
f 4785/5 4786/5 4787/5
f 4785/5 4787/5 4788/5
v -0.21875 -0.03125 -0.46875
v -0.18750 -0.03125 -0.46875
v -0.18750 -0.03125 -0.43750
v -0.21875 -0.03125 -0.43750
f 4789/5 4790/5 4791/5
f 4789/5 4791/5 4792/5
v -0.21875 0.00000 -0.46875
v -0.18750 0.00000 -0.46875
v -0.18750 -0.03125 -0.46875
v -0.21875 -0.03125 -0.46875
f 4793/5 4794/5 4795/5
f 4793/5 4795/5 4796/5
v -0.21875 -0.03125 -0.43750
v -0.18750 -0.03125 -0.43750
v -0.18750 -0.03125 -0.40625
v -0.21875 -0.03125 -0.40625
f 4797/5 4798/5 4799/5
f 4797/5 4799/5 4800/5
v -0.21875 -0.03125 -0.40625
v -0.18750 -0.03125 -0.40625
v -0.18750 -0.03125 -0.37500
v -0.21875 -0.03125 -0.37500
f 4801/6 4802/6 4803/6
f 4801/6 4803/6 4804/6
v -0.21875 -0.03125 -0.37500
v -0.18750 -0.03125 -0.37500
v -0.18750 -0.03125 -0.34375
v -0.21875 -0.03125 -0.34375
f 4805/5 4806/5 4807/5
f 4805/5 4807/5 4808/5
v -0.21875 -0.03125 -0.34375
v -0.18750 -0.03125 -0.34375
v -0.18750 -0.03125 -0.31250
v -0.21875 -0.03125 -0.31250
f 4809/5 4810/5 4811/5
f 4809/5 4811/5 4812/5
v -0.21875 -0.03125 -0.28125
v -0.21875 0.00000 -0.28125
v -0.21875 0.00000 -0.31250
v -0.21875 -0.03125 -0.31250
f 4813/5 4814/5 4815/5
f 4813/5 4815/5 4816/5
v -0.21875 -0.03125 -0.31250
v -0.18750 -0.03125 -0.31250
v -0.18750 -0.03125 -0.28125
v -0.21875 -0.03125 -0.28125
f 4817/5 4818/5 4819/5
f 4817/5 4819/5 4820/5
v -0.21875 -0.03125 -0.25000
v -0.21875 0.00000 -0.25000
v -0.21875 0.00000 -0.28125
v -0.21875 -0.03125 -0.28125
f 4821/5 4822/5 4823/5
f 4821/5 4823/5 4824/5
v -0.21875 -0.03125 -0.28125
v -0.18750 -0.03125 -0.28125
v -0.18750 -0.03125 -0.25000
v -0.21875 -0.03125 -0.25000
f 4825/5 4826/5 4827/5
f 4825/5 4827/5 4828/5
v -0.21875 -0.03125 -0.25000
v -0.18750 -0.03125 -0.25000
v -0.18750 0.00000 -0.25000
v -0.21875 0.00000 -0.25000
f 4829/5 4830/5 4831/5
f 4829/5 4831/5 4832/5
v -0.18750 0.00000 -0.46875
v -0.18750 0.03125 -0.46875
v -0.18750 0.03125 -0.43750
v -0.18750 0.00000 -0.43750
f 4833/5 4834/5 4835/5
f 4833/5 4835/5 4836/5
v -0.21875 0.03125 -0.43750
v -0.18750 0.03125 -0.43750
v -0.18750 0.03125 -0.46875
v -0.21875 0.03125 -0.46875
f 4837/5 4838/5 4839/5
f 4837/5 4839/5 4840/5
v -0.21875 0.03125 -0.46875
v -0.18750 0.03125 -0.46875
v -0.18750 0.00000 -0.46875
v -0.21875 0.00000 -0.46875
f 4841/5 4842/5 4843/5
f 4841/5 4843/5 4844/5
v -0.21875 0.03125 -0.40625
v -0.18750 0.03125 -0.40625
v -0.18750 0.03125 -0.43750
v -0.21875 0.03125 -0.43750
f 4845/6 4846/6 4847/6
f 4845/6 4847/6 4848/6
v -0.21875 0.03125 -0.37500
v -0.18750 0.03125 -0.37500
v -0.18750 0.03125 -0.40625
v -0.21875 0.03125 -0.40625
f 4849/5 4850/5 4851/5
f 4849/5 4851/5 4852/5
v -0.21875 0.03125 -0.34375
v -0.18750 0.03125 -0.34375
v -0.18750 0.03125 -0.37500
v -0.21875 0.03125 -0.37500
f 4853/5 4854/5 4855/5
f 4853/5 4855/5 4856/5
v -0.21875 0.03125 -0.31250
v -0.18750 0.03125 -0.31250
v -0.18750 0.03125 -0.34375
v -0.21875 0.03125 -0.34375
f 4857/5 4858/5 4859/5
f 4857/5 4859/5 4860/5
v -0.21875 0.00000 -0.28125
v -0.21875 0.03125 -0.28125
v -0.21875 0.03125 -0.31250
v -0.21875 0.00000 -0.31250
f 4861/5 4862/5 4863/5
f 4861/5 4863/5 4864/5
v -0.21875 0.03125 -0.28125
v -0.18750 0.03125 -0.28125
v -0.18750 0.03125 -0.31250
v -0.21875 0.03125 -0.31250
f 4865/5 4866/5 4867/5
f 4865/5 4867/5 4868/5
v -0.21875 0.00000 -0.25000
v -0.21875 0.03125 -0.25000
v -0.21875 0.03125 -0.28125
v -0.21875 0.00000 -0.28125
f 4869/5 4870/5 4871/5
f 4869/5 4871/5 4872/5
v -0.21875 0.03125 -0.25000
v -0.18750 0.03125 -0.25000
v -0.18750 0.03125 -0.28125
v -0.21875 0.03125 -0.28125
f 4873/5 4874/5 4875/5
f 4873/5 4875/5 4876/5
v -0.21875 0.00000 -0.25000
v -0.18750 0.00000 -0.25000
v -0.18750 0.03125 -0.25000
v -0.21875 0.03125 -0.25000
f 4877/5 4878/5 4879/5
f 4877/5 4879/5 4880/5
v -0.03125 -0.21875 -0.43750
v -0.03125 -0.18750 -0.43750
v -0.03125 -0.18750 -0.46875
v -0.03125 -0.21875 -0.46875
f 4881/5 4882/5 4883/5
f 4881/5 4883/5 4884/5
v -0.03125 -0.18750 -0.43750
v 0.00000 -0.18750 -0.43750
v 0.00000 -0.18750 -0.46875
v -0.03125 -0.18750 -0.46875
f 4885/5 4886/5 4887/5
f 4885/5 4887/5 4888/5
v -0.03125 -0.18750 -0.46875
v 0.00000 -0.18750 -0.46875
v 0.00000 -0.21875 -0.46875
v -0.03125 -0.21875 -0.46875
f 4889/5 4890/5 4891/5
f 4889/5 4891/5 4892/5
v -0.03125 -0.21875 -0.40625
v -0.03125 -0.18750 -0.40625
v -0.03125 -0.18750 -0.43750
v -0.03125 -0.21875 -0.43750
f 4893/5 4894/5 4895/5
f 4893/5 4895/5 4896/5
v -0.03125 -0.21875 -0.37500
v -0.03125 -0.18750 -0.37500
v -0.03125 -0.18750 -0.40625
v -0.03125 -0.21875 -0.40625
f 4897/6 4898/6 4899/6
f 4897/6 4899/6 4900/6
v -0.03125 -0.21875 -0.34375
v -0.03125 -0.18750 -0.34375
v -0.03125 -0.18750 -0.37500
v -0.03125 -0.21875 -0.37500
f 4901/5 4902/5 4903/5
f 4901/5 4903/5 4904/5
v -0.03125 -0.21875 -0.31250
v -0.03125 -0.18750 -0.31250
v -0.03125 -0.18750 -0.34375
v -0.03125 -0.21875 -0.34375
f 4905/5 4906/5 4907/5
f 4905/5 4907/5 4908/5
v -0.03125 -0.21875 -0.28125
v -0.03125 -0.18750 -0.28125
v -0.03125 -0.18750 -0.31250
v -0.03125 -0.21875 -0.31250
f 4909/5 4910/5 4911/5
f 4909/5 4911/5 4912/5
v -0.03125 -0.21875 -0.31250
v 0.00000 -0.21875 -0.31250
v 0.00000 -0.21875 -0.28125
v -0.03125 -0.21875 -0.28125
f 4913/5 4914/5 4915/5
f 4913/5 4915/5 4916/5
v -0.03125 -0.21875 -0.25000
v -0.03125 -0.18750 -0.25000
v -0.03125 -0.18750 -0.28125
v -0.03125 -0.21875 -0.28125
f 4917/5 4918/5 4919/5
f 4917/5 4919/5 4920/5
v -0.03125 -0.21875 -0.28125
v 0.00000 -0.21875 -0.28125
v 0.00000 -0.21875 -0.25000
v -0.03125 -0.21875 -0.25000
f 4921/5 4922/5 4923/5
f 4921/5 4923/5 4924/5
v -0.03125 -0.21875 -0.25000
v 0.00000 -0.21875 -0.25000
v 0.00000 -0.18750 -0.25000
v -0.03125 -0.18750 -0.25000
f 4925/5 4926/5 4927/5
f 4925/5 4927/5 4928/5
v 0.03125 -0.21875 -0.46875
v 0.03125 -0.18750 -0.46875
v 0.03125 -0.18750 -0.43750
v 0.03125 -0.21875 -0.43750
f 4929/5 4930/5 4931/5
f 4929/5 4931/5 4932/5
v 0.00000 -0.18750 -0.43750
v 0.03125 -0.18750 -0.43750
v 0.03125 -0.18750 -0.46875
v 0.00000 -0.18750 -0.46875
f 4933/5 4934/5 4935/5
f 4933/5 4935/5 4936/5
v 0.00000 -0.18750 -0.46875
v 0.03125 -0.18750 -0.46875
v 0.03125 -0.21875 -0.46875
v 0.00000 -0.21875 -0.46875
f 4937/5 4938/5 4939/5
f 4937/5 4939/5 4940/5
v 0.03125 -0.21875 -0.43750
v 0.03125 -0.18750 -0.43750
v 0.03125 -0.18750 -0.40625
v 0.03125 -0.21875 -0.40625
f 4941/6 4942/6 4943/6
f 4941/6 4943/6 4944/6
v 0.03125 -0.21875 -0.40625
v 0.03125 -0.18750 -0.40625
v 0.03125 -0.18750 -0.37500
v 0.03125 -0.21875 -0.37500
f 4945/5 4946/5 4947/5
f 4945/5 4947/5 4948/5
v 0.03125 -0.21875 -0.37500
v 0.03125 -0.18750 -0.37500
v 0.03125 -0.18750 -0.34375
v 0.03125 -0.21875 -0.34375
f 4949/5 4950/5 4951/5
f 4949/5 4951/5 4952/5
v 0.03125 -0.21875 -0.34375
v 0.03125 -0.18750 -0.34375
v 0.03125 -0.18750 -0.31250
v 0.03125 -0.21875 -0.31250
f 4953/5 4954/5 4955/5
f 4953/5 4955/5 4956/5
v 0.03125 -0.21875 -0.31250
v 0.03125 -0.18750 -0.31250
v 0.03125 -0.18750 -0.28125
v 0.03125 -0.21875 -0.28125
f 4957/5 4958/5 4959/5
f 4957/5 4959/5 4960/5
v 0.00000 -0.21875 -0.31250
v 0.03125 -0.21875 -0.31250
v 0.03125 -0.21875 -0.28125
v 0.00000 -0.21875 -0.28125
f 4961/5 4962/5 4963/5
f 4961/5 4963/5 4964/5
v 0.03125 -0.21875 -0.28125
v 0.03125 -0.18750 -0.28125
v 0.03125 -0.18750 -0.25000
v 0.03125 -0.21875 -0.25000
f 4965/5 4966/5 4967/5
f 4965/5 4967/5 4968/5
v 0.00000 -0.21875 -0.28125
v 0.03125 -0.21875 -0.28125
v 0.03125 -0.21875 -0.25000
v 0.00000 -0.21875 -0.25000
f 4969/5 4970/5 4971/5
f 4969/5 4971/5 4972/5
v 0.00000 -0.21875 -0.25000
v 0.03125 -0.21875 -0.25000
v 0.03125 -0.18750 -0.25000
v 0.00000 -0.18750 -0.25000
f 4973/5 4974/5 4975/5
f 4973/5 4975/5 4976/5
v -0.25000 -0.03125 -0.46875
v -0.21875 -0.03125 -0.46875
v -0.21875 -0.03125 -0.43750
v -0.25000 -0.03125 -0.43750
f 4977/5 4978/5 4979/5
f 4977/5 4979/5 4980/5
v -0.25000 0.00000 -0.46875
v -0.21875 0.00000 -0.46875
v -0.21875 -0.03125 -0.46875
v -0.25000 -0.03125 -0.46875
f 4981/5 4982/5 4983/5
f 4981/5 4983/5 4984/5
v -0.25000 -0.03125 -0.43750
v -0.21875 -0.03125 -0.43750
v -0.21875 -0.03125 -0.40625
v -0.25000 -0.03125 -0.40625
f 4985/5 4986/5 4987/5
f 4985/5 4987/5 4988/5
v -0.25000 -0.03125 -0.40625
v -0.21875 -0.03125 -0.40625
v -0.21875 -0.03125 -0.37500
v -0.25000 -0.03125 -0.37500
f 4989/5 4990/5 4991/5
f 4989/5 4991/5 4992/5
v -0.25000 -0.03125 -0.37500
v -0.21875 -0.03125 -0.37500
v -0.21875 -0.03125 -0.34375
v -0.25000 -0.03125 -0.34375
f 4993/6 4994/6 4995/6
f 4993/6 4995/6 4996/6
v -0.25000 -0.03125 -0.31250
v -0.25000 0.00000 -0.31250
v -0.25000 0.00000 -0.34375
v -0.25000 -0.03125 -0.34375
f 4997/5 4998/5 4999/5
f 4997/5 4999/5 5000/5
v -0.25000 -0.03125 -0.34375
v -0.21875 -0.03125 -0.34375
v -0.21875 -0.03125 -0.31250
v -0.25000 -0.03125 -0.31250
f 5001/5 5002/5 5003/5
f 5001/5 5003/5 5004/5
v -0.25000 -0.03125 -0.31250
v -0.21875 -0.03125 -0.31250
v -0.21875 0.00000 -0.31250
v -0.25000 0.00000 -0.31250
f 5005/5 5006/5 5007/5
f 5005/5 5007/5 5008/5
v -0.25000 0.03125 -0.43750
v -0.21875 0.03125 -0.43750
v -0.21875 0.03125 -0.46875
v -0.25000 0.03125 -0.46875
f 5009/5 5010/5 5011/5
f 5009/5 5011/5 5012/5
v -0.25000 0.03125 -0.46875
v -0.21875 0.03125 -0.46875
v -0.21875 0.00000 -0.46875
v -0.25000 0.00000 -0.46875
f 5013/5 5014/5 5015/5
f 5013/5 5015/5 5016/5
v -0.25000 0.03125 -0.40625
v -0.21875 0.03125 -0.40625
v -0.21875 0.03125 -0.43750
v -0.25000 0.03125 -0.43750
f 5017/5 5018/5 5019/5
f 5017/5 5019/5 5020/5
v -0.25000 0.03125 -0.37500
v -0.21875 0.03125 -0.37500
v -0.21875 0.03125 -0.40625
v -0.25000 0.03125 -0.40625
f 5021/6 5022/6 5023/6
f 5021/6 5023/6 5024/6
v -0.25000 0.03125 -0.34375
v -0.21875 0.03125 -0.34375
v -0.21875 0.03125 -0.37500
v -0.25000 0.03125 -0.37500
f 5025/5 5026/5 5027/5
f 5025/5 5027/5 5028/5
v -0.25000 0.00000 -0.31250
v -0.25000 0.03125 -0.31250
v -0.25000 0.03125 -0.34375
v -0.25000 0.00000 -0.34375
f 5029/5 5030/5 5031/5
f 5029/5 5031/5 5032/5
v -0.25000 0.03125 -0.31250
v -0.21875 0.03125 -0.31250
v -0.21875 0.03125 -0.34375
v -0.25000 0.03125 -0.34375
f 5033/5 5034/5 5035/5
f 5033/5 5035/5 5036/5
v -0.25000 0.00000 -0.31250
v -0.21875 0.00000 -0.31250
v -0.21875 0.03125 -0.31250
v -0.25000 0.03125 -0.31250
f 5037/5 5038/5 5039/5
f 5037/5 5039/5 5040/5
v -0.03125 -0.25000 -0.43750
v -0.03125 -0.21875 -0.43750
v -0.03125 -0.21875 -0.46875
v -0.03125 -0.25000 -0.46875
f 5041/5 5042/5 5043/5
f 5041/5 5043/5 5044/5
v -0.03125 -0.21875 -0.46875
v 0.00000 -0.21875 -0.46875
v 0.00000 -0.25000 -0.46875
v -0.03125 -0.25000 -0.46875
f 5045/5 5046/5 5047/5
f 5045/5 5047/5 5048/5
v -0.03125 -0.25000 -0.40625
v -0.03125 -0.21875 -0.40625
v -0.03125 -0.21875 -0.43750
v -0.03125 -0.25000 -0.43750
f 5049/5 5050/5 5051/5
f 5049/5 5051/5 5052/5
v -0.03125 -0.25000 -0.37500
v -0.03125 -0.21875 -0.37500
v -0.03125 -0.21875 -0.40625
v -0.03125 -0.25000 -0.40625
f 5053/5 5054/5 5055/5
f 5053/5 5055/5 5056/5
v -0.03125 -0.25000 -0.34375
v -0.03125 -0.21875 -0.34375
v -0.03125 -0.21875 -0.37500
v -0.03125 -0.25000 -0.37500
f 5057/6 5058/6 5059/6
f 5057/6 5059/6 5060/6
v -0.03125 -0.25000 -0.31250
v -0.03125 -0.21875 -0.31250
v -0.03125 -0.21875 -0.34375
v -0.03125 -0.25000 -0.34375
f 5061/5 5062/5 5063/5
f 5061/5 5063/5 5064/5
v -0.03125 -0.25000 -0.34375
v 0.00000 -0.25000 -0.34375
v 0.00000 -0.25000 -0.31250
v -0.03125 -0.25000 -0.31250
f 5065/5 5066/5 5067/5
f 5065/5 5067/5 5068/5
v -0.03125 -0.25000 -0.31250
v 0.00000 -0.25000 -0.31250
v 0.00000 -0.21875 -0.31250
v -0.03125 -0.21875 -0.31250
f 5069/5 5070/5 5071/5
f 5069/5 5071/5 5072/5
v 0.03125 -0.25000 -0.46875
v 0.03125 -0.21875 -0.46875
v 0.03125 -0.21875 -0.43750
v 0.03125 -0.25000 -0.43750
f 5073/5 5074/5 5075/5
f 5073/5 5075/5 5076/5
v 0.00000 -0.21875 -0.46875
v 0.03125 -0.21875 -0.46875
v 0.03125 -0.25000 -0.46875
v 0.00000 -0.25000 -0.46875
f 5077/5 5078/5 5079/5
f 5077/5 5079/5 5080/5
v 0.03125 -0.25000 -0.43750
v 0.03125 -0.21875 -0.43750
v 0.03125 -0.21875 -0.40625
v 0.03125 -0.25000 -0.40625
f 5081/5 5082/5 5083/5
f 5081/5 5083/5 5084/5
v 0.03125 -0.25000 -0.40625
v 0.03125 -0.21875 -0.40625
v 0.03125 -0.21875 -0.37500
v 0.03125 -0.25000 -0.37500
f 5085/6 5086/6 5087/6
f 5085/6 5087/6 5088/6
v 0.03125 -0.25000 -0.37500
v 0.03125 -0.21875 -0.37500
v 0.03125 -0.21875 -0.34375
v 0.03125 -0.25000 -0.34375
f 5089/5 5090/5 5091/5
f 5089/5 5091/5 5092/5
v 0.03125 -0.25000 -0.34375
v 0.03125 -0.21875 -0.34375
v 0.03125 -0.21875 -0.31250
v 0.03125 -0.25000 -0.31250
f 5093/5 5094/5 5095/5
f 5093/5 5095/5 5096/5
v 0.00000 -0.25000 -0.34375
v 0.03125 -0.25000 -0.34375
v 0.03125 -0.25000 -0.31250
v 0.00000 -0.25000 -0.31250
f 5097/5 5098/5 5099/5
f 5097/5 5099/5 5100/5
v 0.00000 -0.25000 -0.31250
v 0.03125 -0.25000 -0.31250
v 0.03125 -0.21875 -0.31250
v 0.00000 -0.21875 -0.31250
f 5101/5 5102/5 5103/5
f 5101/5 5103/5 5104/5
v -0.28125 -0.03125 -0.43750
v -0.28125 0.00000 -0.43750
v -0.28125 0.00000 -0.46875
v -0.28125 -0.03125 -0.46875
f 5105/5 5106/5 5107/5
f 5105/5 5107/5 5108/5
v -0.28125 -0.03125 -0.46875
v -0.25000 -0.03125 -0.46875
v -0.25000 -0.03125 -0.43750
v -0.28125 -0.03125 -0.43750
f 5109/5 5110/5 5111/5
f 5109/5 5111/5 5112/5
v -0.28125 0.00000 -0.46875
v -0.25000 0.00000 -0.46875
v -0.25000 -0.03125 -0.46875
v -0.28125 -0.03125 -0.46875
f 5113/5 5114/5 5115/5
f 5113/5 5115/5 5116/5
v -0.28125 -0.03125 -0.40625
v -0.28125 0.00000 -0.40625
v -0.28125 0.00000 -0.43750
v -0.28125 -0.03125 -0.43750
f 5117/5 5118/5 5119/5
f 5117/5 5119/5 5120/5
v -0.28125 -0.03125 -0.43750
v -0.25000 -0.03125 -0.43750
v -0.25000 -0.03125 -0.40625
v -0.28125 -0.03125 -0.40625
f 5121/5 5122/5 5123/5
f 5121/5 5123/5 5124/5
v -0.28125 -0.03125 -0.37500
v -0.28125 0.00000 -0.37500
v -0.28125 0.00000 -0.40625
v -0.28125 -0.03125 -0.40625
f 5125/5 5126/5 5127/5
f 5125/5 5127/5 5128/5
v -0.28125 -0.03125 -0.40625
v -0.25000 -0.03125 -0.40625
v -0.25000 -0.03125 -0.37500
v -0.28125 -0.03125 -0.37500
f 5129/5 5130/5 5131/5
f 5129/5 5131/5 5132/5
v -0.28125 -0.03125 -0.34375
v -0.28125 0.00000 -0.34375
v -0.28125 0.00000 -0.37500
v -0.28125 -0.03125 -0.37500
f 5133/5 5134/5 5135/5
f 5133/5 5135/5 5136/5
v -0.28125 -0.03125 -0.37500
v -0.25000 -0.03125 -0.37500
v -0.25000 -0.03125 -0.34375
v -0.28125 -0.03125 -0.34375
f 5137/5 5138/5 5139/5
f 5137/5 5139/5 5140/5
v -0.28125 -0.03125 -0.34375
v -0.25000 -0.03125 -0.34375
v -0.25000 0.00000 -0.34375
v -0.28125 0.00000 -0.34375
f 5141/5 5142/5 5143/5
f 5141/5 5143/5 5144/5
v -0.28125 0.00000 -0.43750
v -0.28125 0.03125 -0.43750
v -0.28125 0.03125 -0.46875
v -0.28125 0.00000 -0.46875
f 5145/5 5146/5 5147/5
f 5145/5 5147/5 5148/5
v -0.28125 0.03125 -0.43750
v -0.25000 0.03125 -0.43750
v -0.25000 0.03125 -0.46875
v -0.28125 0.03125 -0.46875
f 5149/5 5150/5 5151/5
f 5149/5 5151/5 5152/5
v -0.28125 0.03125 -0.46875
v -0.25000 0.03125 -0.46875
v -0.25000 0.00000 -0.46875
v -0.28125 0.00000 -0.46875
f 5153/5 5154/5 5155/5
f 5153/5 5155/5 5156/5
v -0.28125 0.00000 -0.40625
v -0.28125 0.03125 -0.40625
v -0.28125 0.03125 -0.43750
v -0.28125 0.00000 -0.43750
f 5157/5 5158/5 5159/5
f 5157/5 5159/5 5160/5
v -0.28125 0.03125 -0.40625
v -0.25000 0.03125 -0.40625
v -0.25000 0.03125 -0.43750
v -0.28125 0.03125 -0.43750
f 5161/5 5162/5 5163/5
f 5161/5 5163/5 5164/5
v -0.28125 0.00000 -0.37500
v -0.28125 0.03125 -0.37500
v -0.28125 0.03125 -0.40625
v -0.28125 0.00000 -0.40625
f 5165/5 5166/5 5167/5
f 5165/5 5167/5 5168/5
v -0.28125 0.03125 -0.37500
v -0.25000 0.03125 -0.37500
v -0.25000 0.03125 -0.40625
v -0.28125 0.03125 -0.40625
f 5169/5 5170/5 5171/5
f 5169/5 5171/5 5172/5
v -0.28125 0.00000 -0.34375
v -0.28125 0.03125 -0.34375
v -0.28125 0.03125 -0.37500
v -0.28125 0.00000 -0.37500
f 5173/6 5174/6 5175/6
f 5173/6 5175/6 5176/6
v -0.28125 0.03125 -0.34375
v -0.25000 0.03125 -0.34375
v -0.25000 0.03125 -0.37500
v -0.28125 0.03125 -0.37500
f 5177/6 5178/6 5179/6
f 5177/6 5179/6 5180/6
v -0.28125 0.00000 -0.34375
v -0.25000 0.00000 -0.34375
v -0.25000 0.03125 -0.34375
v -0.28125 0.03125 -0.34375
f 5181/6 5182/6 5183/6
f 5181/6 5183/6 5184/6
v -0.03125 -0.28125 -0.43750
v -0.03125 -0.25000 -0.43750
v -0.03125 -0.25000 -0.46875
v -0.03125 -0.28125 -0.46875
f 5185/5 5186/5 5187/5
f 5185/5 5187/5 5188/5
v -0.03125 -0.28125 -0.46875
v 0.00000 -0.28125 -0.46875
v 0.00000 -0.28125 -0.43750
v -0.03125 -0.28125 -0.43750
f 5189/5 5190/5 5191/5
f 5189/5 5191/5 5192/5
v -0.03125 -0.25000 -0.46875
v 0.00000 -0.25000 -0.46875
v 0.00000 -0.28125 -0.46875
v -0.03125 -0.28125 -0.46875
f 5193/5 5194/5 5195/5
f 5193/5 5195/5 5196/5
v -0.03125 -0.28125 -0.40625
v -0.03125 -0.25000 -0.40625
v -0.03125 -0.25000 -0.43750
v -0.03125 -0.28125 -0.43750
f 5197/5 5198/5 5199/5
f 5197/5 5199/5 5200/5
v -0.03125 -0.28125 -0.43750
v 0.00000 -0.28125 -0.43750
v 0.00000 -0.28125 -0.40625
v -0.03125 -0.28125 -0.40625
f 5201/5 5202/5 5203/5
f 5201/5 5203/5 5204/5
v -0.03125 -0.28125 -0.37500
v -0.03125 -0.25000 -0.37500
v -0.03125 -0.25000 -0.40625
v -0.03125 -0.28125 -0.40625
f 5205/5 5206/5 5207/5
f 5205/5 5207/5 5208/5
v -0.03125 -0.28125 -0.40625
v 0.00000 -0.28125 -0.40625
v 0.00000 -0.28125 -0.37500
v -0.03125 -0.28125 -0.37500
f 5209/5 5210/5 5211/5
f 5209/5 5211/5 5212/5
v -0.03125 -0.28125 -0.34375
v -0.03125 -0.25000 -0.34375
v -0.03125 -0.25000 -0.37500
v -0.03125 -0.28125 -0.37500
f 5213/5 5214/5 5215/5
f 5213/5 5215/5 5216/5
v -0.03125 -0.28125 -0.37500
v 0.00000 -0.28125 -0.37500
v 0.00000 -0.28125 -0.34375
v -0.03125 -0.28125 -0.34375
f 5217/5 5218/5 5219/5
f 5217/5 5219/5 5220/5
v -0.03125 -0.28125 -0.34375
v 0.00000 -0.28125 -0.34375
v 0.00000 -0.25000 -0.34375
v -0.03125 -0.25000 -0.34375
f 5221/5 5222/5 5223/5
f 5221/5 5223/5 5224/5
v 0.03125 -0.28125 -0.46875
v 0.03125 -0.25000 -0.46875
v 0.03125 -0.25000 -0.43750
v 0.03125 -0.28125 -0.43750
f 5225/5 5226/5 5227/5
f 5225/5 5227/5 5228/5
v 0.00000 -0.28125 -0.46875
v 0.03125 -0.28125 -0.46875
v 0.03125 -0.28125 -0.43750
v 0.00000 -0.28125 -0.43750
f 5229/5 5230/5 5231/5
f 5229/5 5231/5 5232/5
v 0.00000 -0.25000 -0.46875
v 0.03125 -0.25000 -0.46875
v 0.03125 -0.28125 -0.46875
v 0.00000 -0.28125 -0.46875
f 5233/5 5234/5 5235/5
f 5233/5 5235/5 5236/5
v 0.03125 -0.28125 -0.43750
v 0.03125 -0.25000 -0.43750
v 0.03125 -0.25000 -0.40625
v 0.03125 -0.28125 -0.40625
f 5237/5 5238/5 5239/5
f 5237/5 5239/5 5240/5
v 0.00000 -0.28125 -0.43750
v 0.03125 -0.28125 -0.43750
v 0.03125 -0.28125 -0.40625
v 0.00000 -0.28125 -0.40625
f 5241/5 5242/5 5243/5
f 5241/5 5243/5 5244/5
v 0.03125 -0.28125 -0.40625
v 0.03125 -0.25000 -0.40625
v 0.03125 -0.25000 -0.37500
v 0.03125 -0.28125 -0.37500
f 5245/5 5246/5 5247/5
f 5245/5 5247/5 5248/5
v 0.00000 -0.28125 -0.40625
v 0.03125 -0.28125 -0.40625
v 0.03125 -0.28125 -0.37500
v 0.00000 -0.28125 -0.37500
f 5249/5 5250/5 5251/5
f 5249/5 5251/5 5252/5
v 0.03125 -0.28125 -0.37500
v 0.03125 -0.25000 -0.37500
v 0.03125 -0.25000 -0.34375
v 0.03125 -0.28125 -0.34375
f 5253/6 5254/6 5255/6
f 5253/6 5255/6 5256/6
v 0.00000 -0.28125 -0.37500
v 0.03125 -0.28125 -0.37500
v 0.03125 -0.28125 -0.34375
v 0.00000 -0.28125 -0.34375
f 5257/6 5258/6 5259/6
f 5257/6 5259/6 5260/6
v 0.00000 -0.28125 -0.34375
v 0.03125 -0.28125 -0.34375
v 0.03125 -0.25000 -0.34375
v 0.00000 -0.25000 -0.34375
f 5261/6 5262/6 5263/6
f 5261/6 5263/6 5264/6
v 0.12500 -0.03125 -0.37500
v 0.15625 -0.03125 -0.37500
v 0.15625 -0.03125 -0.34375
v 0.12500 -0.03125 -0.34375
f 5265/5 5266/5 5267/5
f 5265/5 5267/5 5268/5
v 0.12500 -0.03125 -0.34375
v 0.15625 -0.03125 -0.34375
v 0.15625 -0.03125 -0.31250
v 0.12500 -0.03125 -0.31250
f 5269/5 5270/5 5271/5
f 5269/5 5271/5 5272/5
v 0.12500 -0.03125 -0.31250
v 0.15625 -0.03125 -0.31250
v 0.15625 -0.03125 -0.28125
v 0.12500 -0.03125 -0.28125
f 5273/6 5274/6 5275/6
f 5273/6 5275/6 5276/6
v 0.12500 -0.03125 -0.28125
v 0.15625 -0.03125 -0.28125
v 0.15625 -0.03125 -0.25000
v 0.12500 -0.03125 -0.25000
f 5277/5 5278/5 5279/5
f 5277/5 5279/5 5280/5
v 0.12500 -0.03125 -0.25000
v 0.15625 -0.03125 -0.25000
v 0.15625 -0.03125 -0.21875
v 0.12500 -0.03125 -0.21875
f 5281/5 5282/5 5283/5
f 5281/5 5283/5 5284/5
v 0.12500 -0.03125 -0.21875
v 0.15625 -0.03125 -0.21875
v 0.15625 -0.03125 -0.18750
v 0.12500 -0.03125 -0.18750
f 5285/5 5286/5 5287/5
f 5285/5 5287/5 5288/5
v 0.15625 -0.03125 -0.18750
v 0.15625 0.00000 -0.18750
v 0.15625 0.00000 -0.15625
v 0.15625 -0.03125 -0.15625
f 5289/5 5290/5 5291/5
f 5289/5 5291/5 5292/5
v 0.12500 -0.03125 -0.18750
v 0.15625 -0.03125 -0.18750
v 0.15625 -0.03125 -0.15625
v 0.12500 -0.03125 -0.15625
f 5293/5 5294/5 5295/5
f 5293/5 5295/5 5296/5
v 0.15625 -0.03125 -0.15625
v 0.15625 0.00000 -0.15625
v 0.15625 0.00000 -0.12500
v 0.15625 -0.03125 -0.12500
f 5297/5 5298/5 5299/5
f 5297/5 5299/5 5300/5
v 0.12500 -0.03125 -0.15625
v 0.15625 -0.03125 -0.15625
v 0.15625 -0.03125 -0.12500
v 0.12500 -0.03125 -0.12500
f 5301/5 5302/5 5303/5
f 5301/5 5303/5 5304/5
v 0.12500 -0.03125 -0.12500
v 0.15625 -0.03125 -0.12500
v 0.15625 0.00000 -0.12500
v 0.12500 0.00000 -0.12500
f 5305/5 5306/5 5307/5
f 5305/5 5307/5 5308/5
v 0.12500 0.03125 -0.34375
v 0.15625 0.03125 -0.34375
v 0.15625 0.03125 -0.37500
v 0.12500 0.03125 -0.37500
f 5309/5 5310/5 5311/5
f 5309/5 5311/5 5312/5
v 0.12500 0.03125 -0.31250
v 0.15625 0.03125 -0.31250
v 0.15625 0.03125 -0.34375
v 0.12500 0.03125 -0.34375
f 5313/6 5314/6 5315/6
f 5313/6 5315/6 5316/6
v 0.12500 0.03125 -0.28125
v 0.15625 0.03125 -0.28125
v 0.15625 0.03125 -0.31250
v 0.12500 0.03125 -0.31250
f 5317/5 5318/5 5319/5
f 5317/5 5319/5 5320/5
v 0.12500 0.03125 -0.25000
v 0.15625 0.03125 -0.25000
v 0.15625 0.03125 -0.28125
v 0.12500 0.03125 -0.28125
f 5321/5 5322/5 5323/5
f 5321/5 5323/5 5324/5
v 0.12500 0.03125 -0.21875
v 0.15625 0.03125 -0.21875
v 0.15625 0.03125 -0.25000
v 0.12500 0.03125 -0.25000
f 5325/5 5326/5 5327/5
f 5325/5 5327/5 5328/5
v 0.12500 0.03125 -0.18750
v 0.15625 0.03125 -0.18750
v 0.15625 0.03125 -0.21875
v 0.12500 0.03125 -0.21875
f 5329/5 5330/5 5331/5
f 5329/5 5331/5 5332/5
v 0.15625 0.00000 -0.18750
v 0.15625 0.03125 -0.18750
v 0.15625 0.03125 -0.15625
v 0.15625 0.00000 -0.15625
f 5333/5 5334/5 5335/5
f 5333/5 5335/5 5336/5
v 0.12500 0.03125 -0.15625
v 0.15625 0.03125 -0.15625
v 0.15625 0.03125 -0.18750
v 0.12500 0.03125 -0.18750
f 5337/5 5338/5 5339/5
f 5337/5 5339/5 5340/5
v 0.15625 0.00000 -0.15625
v 0.15625 0.03125 -0.15625
v 0.15625 0.03125 -0.12500
v 0.15625 0.00000 -0.12500
f 5341/5 5342/5 5343/5
f 5341/5 5343/5 5344/5
v 0.12500 0.03125 -0.12500
v 0.15625 0.03125 -0.12500
v 0.15625 0.03125 -0.15625
v 0.12500 0.03125 -0.15625
f 5345/5 5346/5 5347/5
f 5345/5 5347/5 5348/5
v 0.12500 0.00000 -0.12500
v 0.15625 0.00000 -0.12500
v 0.15625 0.03125 -0.12500
v 0.12500 0.03125 -0.12500
f 5349/5 5350/5 5351/5
f 5349/5 5351/5 5352/5
v -0.03125 0.12500 -0.34375
v -0.03125 0.15625 -0.34375
v -0.03125 0.15625 -0.37500
v -0.03125 0.12500 -0.37500
f 5353/5 5354/5 5355/5
f 5353/5 5355/5 5356/5
v -0.03125 0.12500 -0.31250
v -0.03125 0.15625 -0.31250
v -0.03125 0.15625 -0.34375
v -0.03125 0.12500 -0.34375
f 5357/5 5358/5 5359/5
f 5357/5 5359/5 5360/5
v -0.03125 0.12500 -0.28125
v -0.03125 0.15625 -0.28125
v -0.03125 0.15625 -0.31250
v -0.03125 0.12500 -0.31250
f 5361/6 5362/6 5363/6
f 5361/6 5363/6 5364/6
v -0.03125 0.12500 -0.25000
v -0.03125 0.15625 -0.25000
v -0.03125 0.15625 -0.28125
v -0.03125 0.12500 -0.28125
f 5365/5 5366/5 5367/5
f 5365/5 5367/5 5368/5
v -0.03125 0.12500 -0.21875
v -0.03125 0.15625 -0.21875
v -0.03125 0.15625 -0.25000
v -0.03125 0.12500 -0.25000
f 5369/5 5370/5 5371/5
f 5369/5 5371/5 5372/5
v -0.03125 0.12500 -0.18750
v -0.03125 0.15625 -0.18750
v -0.03125 0.15625 -0.21875
v -0.03125 0.12500 -0.21875
f 5373/5 5374/5 5375/5
f 5373/5 5375/5 5376/5
v -0.03125 0.12500 -0.15625
v -0.03125 0.15625 -0.15625
v -0.03125 0.15625 -0.18750
v -0.03125 0.12500 -0.18750
f 5377/5 5378/5 5379/5
f 5377/5 5379/5 5380/5
v -0.03125 0.15625 -0.15625
v 0.00000 0.15625 -0.15625
v 0.00000 0.15625 -0.18750
v -0.03125 0.15625 -0.18750
f 5381/5 5382/5 5383/5
f 5381/5 5383/5 5384/5
v -0.03125 0.12500 -0.12500
v -0.03125 0.15625 -0.12500
v -0.03125 0.15625 -0.15625
v -0.03125 0.12500 -0.15625
f 5385/5 5386/5 5387/5
f 5385/5 5387/5 5388/5
v -0.03125 0.15625 -0.12500
v 0.00000 0.15625 -0.12500
v 0.00000 0.15625 -0.15625
v -0.03125 0.15625 -0.15625
f 5389/5 5390/5 5391/5
f 5389/5 5391/5 5392/5
v -0.03125 0.12500 -0.12500
v 0.00000 0.12500 -0.12500
v 0.00000 0.15625 -0.12500
v -0.03125 0.15625 -0.12500
f 5393/5 5394/5 5395/5
f 5393/5 5395/5 5396/5
v 0.03125 0.12500 -0.37500
v 0.03125 0.15625 -0.37500
v 0.03125 0.15625 -0.34375
v 0.03125 0.12500 -0.34375
f 5397/5 5398/5 5399/5
f 5397/5 5399/5 5400/5
v 0.03125 0.12500 -0.34375
v 0.03125 0.15625 -0.34375
v 0.03125 0.15625 -0.31250
v 0.03125 0.12500 -0.31250
f 5401/6 5402/6 5403/6
f 5401/6 5403/6 5404/6
v 0.03125 0.12500 -0.31250
v 0.03125 0.15625 -0.31250
v 0.03125 0.15625 -0.28125
v 0.03125 0.12500 -0.28125
f 5405/5 5406/5 5407/5
f 5405/5 5407/5 5408/5
v 0.03125 0.12500 -0.28125
v 0.03125 0.15625 -0.28125
v 0.03125 0.15625 -0.25000
v 0.03125 0.12500 -0.25000
f 5409/5 5410/5 5411/5
f 5409/5 5411/5 5412/5
v 0.03125 0.12500 -0.25000
v 0.03125 0.15625 -0.25000
v 0.03125 0.15625 -0.21875
v 0.03125 0.12500 -0.21875
f 5413/5 5414/5 5415/5
f 5413/5 5415/5 5416/5
v 0.03125 0.12500 -0.21875
v 0.03125 0.15625 -0.21875
v 0.03125 0.15625 -0.18750
v 0.03125 0.12500 -0.18750
f 5417/5 5418/5 5419/5
f 5417/5 5419/5 5420/5
v 0.03125 0.12500 -0.18750
v 0.03125 0.15625 -0.18750
v 0.03125 0.15625 -0.15625
v 0.03125 0.12500 -0.15625
f 5421/5 5422/5 5423/5
f 5421/5 5423/5 5424/5
v 0.00000 0.15625 -0.15625
v 0.03125 0.15625 -0.15625
v 0.03125 0.15625 -0.18750
v 0.00000 0.15625 -0.18750
f 5425/5 5426/5 5427/5
f 5425/5 5427/5 5428/5
v 0.03125 0.12500 -0.15625
v 0.03125 0.15625 -0.15625
v 0.03125 0.15625 -0.12500
v 0.03125 0.12500 -0.12500
f 5429/5 5430/5 5431/5
f 5429/5 5431/5 5432/5
v 0.00000 0.15625 -0.12500
v 0.03125 0.15625 -0.12500
v 0.03125 0.15625 -0.15625
v 0.00000 0.15625 -0.15625
f 5433/5 5434/5 5435/5
f 5433/5 5435/5 5436/5
v 0.00000 0.12500 -0.12500
v 0.03125 0.12500 -0.12500
v 0.03125 0.15625 -0.12500
v 0.00000 0.15625 -0.12500
f 5437/5 5438/5 5439/5
f 5437/5 5439/5 5440/5
v 0.15625 -0.03125 -0.43750
v 0.18750 -0.03125 -0.43750
v 0.18750 -0.03125 -0.40625
v 0.15625 -0.03125 -0.40625
f 5441/5 5442/5 5443/5
f 5441/5 5443/5 5444/5
v 0.15625 0.00000 -0.43750
v 0.18750 0.00000 -0.43750
v 0.18750 -0.03125 -0.43750
v 0.15625 -0.03125 -0.43750
f 5445/5 5446/5 5447/5
f 5445/5 5447/5 5448/5
v 0.15625 -0.03125 -0.40625
v 0.18750 -0.03125 -0.40625
v 0.18750 -0.03125 -0.37500
v 0.15625 -0.03125 -0.37500
f 5449/5 5450/5 5451/5
f 5449/5 5451/5 5452/5
v 0.15625 -0.03125 -0.37500
v 0.18750 -0.03125 -0.37500
v 0.18750 -0.03125 -0.34375
v 0.15625 -0.03125 -0.34375
f 5453/5 5454/5 5455/5
f 5453/5 5455/5 5456/5
v 0.15625 -0.03125 -0.34375
v 0.18750 -0.03125 -0.34375
v 0.18750 -0.03125 -0.31250
v 0.15625 -0.03125 -0.31250
f 5457/6 5458/6 5459/6
f 5457/6 5459/6 5460/6
v 0.15625 -0.03125 -0.31250
v 0.18750 -0.03125 -0.31250
v 0.18750 -0.03125 -0.28125
v 0.15625 -0.03125 -0.28125
f 5461/5 5462/5 5463/5
f 5461/5 5463/5 5464/5
v 0.15625 -0.03125 -0.28125
v 0.18750 -0.03125 -0.28125
v 0.18750 -0.03125 -0.25000
v 0.15625 -0.03125 -0.25000
f 5465/5 5466/5 5467/5
f 5465/5 5467/5 5468/5
v 0.18750 -0.03125 -0.25000
v 0.18750 0.00000 -0.25000
v 0.18750 0.00000 -0.21875
v 0.18750 -0.03125 -0.21875
f 5469/5 5470/5 5471/5
f 5469/5 5471/5 5472/5
v 0.15625 -0.03125 -0.25000
v 0.18750 -0.03125 -0.25000
v 0.18750 -0.03125 -0.21875
v 0.15625 -0.03125 -0.21875
f 5473/5 5474/5 5475/5
f 5473/5 5475/5 5476/5
v 0.18750 -0.03125 -0.21875
v 0.18750 0.00000 -0.21875
v 0.18750 0.00000 -0.18750
v 0.18750 -0.03125 -0.18750
f 5477/5 5478/5 5479/5
f 5477/5 5479/5 5480/5
v 0.15625 -0.03125 -0.21875
v 0.18750 -0.03125 -0.21875
v 0.18750 -0.03125 -0.18750
v 0.15625 -0.03125 -0.18750
f 5481/5 5482/5 5483/5
f 5481/5 5483/5 5484/5
v 0.15625 -0.03125 -0.18750
v 0.18750 -0.03125 -0.18750
v 0.18750 0.00000 -0.18750
v 0.15625 0.00000 -0.18750
f 5485/5 5486/5 5487/5
f 5485/5 5487/5 5488/5
v 0.15625 0.03125 -0.40625
v 0.18750 0.03125 -0.40625
v 0.18750 0.03125 -0.43750
v 0.15625 0.03125 -0.43750
f 5489/5 5490/5 5491/5
f 5489/5 5491/5 5492/5
v 0.15625 0.03125 -0.43750
v 0.18750 0.03125 -0.43750
v 0.18750 0.00000 -0.43750
v 0.15625 0.00000 -0.43750
f 5493/5 5494/5 5495/5
f 5493/5 5495/5 5496/5
v 0.15625 0.03125 -0.37500
v 0.18750 0.03125 -0.37500
v 0.18750 0.03125 -0.40625
v 0.15625 0.03125 -0.40625
f 5497/5 5498/5 5499/5
f 5497/5 5499/5 5500/5
v 0.15625 0.03125 -0.34375
v 0.18750 0.03125 -0.34375
v 0.18750 0.03125 -0.37500
v 0.15625 0.03125 -0.37500
f 5501/6 5502/6 5503/6
f 5501/6 5503/6 5504/6
v 0.15625 0.03125 -0.31250
v 0.18750 0.03125 -0.31250
v 0.18750 0.03125 -0.34375
v 0.15625 0.03125 -0.34375
f 5505/5 5506/5 5507/5
f 5505/5 5507/5 5508/5
v 0.15625 0.03125 -0.28125
v 0.18750 0.03125 -0.28125
v 0.18750 0.03125 -0.31250
v 0.15625 0.03125 -0.31250
f 5509/5 5510/5 5511/5
f 5509/5 5511/5 5512/5
v 0.15625 0.03125 -0.25000
v 0.18750 0.03125 -0.25000
v 0.18750 0.03125 -0.28125
v 0.15625 0.03125 -0.28125
f 5513/5 5514/5 5515/5
f 5513/5 5515/5 5516/5
v 0.18750 0.00000 -0.25000
v 0.18750 0.03125 -0.25000
v 0.18750 0.03125 -0.21875
v 0.18750 0.00000 -0.21875
f 5517/5 5518/5 5519/5
f 5517/5 5519/5 5520/5
v 0.15625 0.03125 -0.21875
v 0.18750 0.03125 -0.21875
v 0.18750 0.03125 -0.25000
v 0.15625 0.03125 -0.25000
f 5521/5 5522/5 5523/5
f 5521/5 5523/5 5524/5
v 0.18750 0.00000 -0.21875
v 0.18750 0.03125 -0.21875
v 0.18750 0.03125 -0.18750
v 0.18750 0.00000 -0.18750
f 5525/5 5526/5 5527/5
f 5525/5 5527/5 5528/5
v 0.15625 0.03125 -0.18750
v 0.18750 0.03125 -0.18750
v 0.18750 0.03125 -0.21875
v 0.15625 0.03125 -0.21875
f 5529/5 5530/5 5531/5
f 5529/5 5531/5 5532/5
v 0.15625 0.00000 -0.18750
v 0.18750 0.00000 -0.18750
v 0.18750 0.03125 -0.18750
v 0.15625 0.03125 -0.18750
f 5533/5 5534/5 5535/5
f 5533/5 5535/5 5536/5
v -0.03125 0.15625 -0.40625
v -0.03125 0.18750 -0.40625
v -0.03125 0.18750 -0.43750
v -0.03125 0.15625 -0.43750
f 5537/5 5538/5 5539/5
f 5537/5 5539/5 5540/5
v -0.03125 0.18750 -0.43750
v 0.00000 0.18750 -0.43750
v 0.00000 0.15625 -0.43750
v -0.03125 0.15625 -0.43750
f 5541/5 5542/5 5543/5
f 5541/5 5543/5 5544/5
v -0.03125 0.15625 -0.37500
v -0.03125 0.18750 -0.37500
v -0.03125 0.18750 -0.40625
v -0.03125 0.15625 -0.40625
f 5545/5 5546/5 5547/5
f 5545/5 5547/5 5548/5
v -0.03125 0.15625 -0.34375
v -0.03125 0.18750 -0.34375
v -0.03125 0.18750 -0.37500
v -0.03125 0.15625 -0.37500
f 5549/5 5550/5 5551/5
f 5549/5 5551/5 5552/5
v -0.03125 0.15625 -0.31250
v -0.03125 0.18750 -0.31250
v -0.03125 0.18750 -0.34375
v -0.03125 0.15625 -0.34375
f 5553/6 5554/6 5555/6
f 5553/6 5555/6 5556/6
v -0.03125 0.15625 -0.28125
v -0.03125 0.18750 -0.28125
v -0.03125 0.18750 -0.31250
v -0.03125 0.15625 -0.31250
f 5557/5 5558/5 5559/5
f 5557/5 5559/5 5560/5
v -0.03125 0.15625 -0.25000
v -0.03125 0.18750 -0.25000
v -0.03125 0.18750 -0.28125
v -0.03125 0.15625 -0.28125
f 5561/5 5562/5 5563/5
f 5561/5 5563/5 5564/5
v -0.03125 0.15625 -0.21875
v -0.03125 0.18750 -0.21875
v -0.03125 0.18750 -0.25000
v -0.03125 0.15625 -0.25000
f 5565/5 5566/5 5567/5
f 5565/5 5567/5 5568/5
v -0.03125 0.18750 -0.21875
v 0.00000 0.18750 -0.21875
v 0.00000 0.18750 -0.25000
v -0.03125 0.18750 -0.25000
f 5569/5 5570/5 5571/5
f 5569/5 5571/5 5572/5
v -0.03125 0.15625 -0.18750
v -0.03125 0.18750 -0.18750
v -0.03125 0.18750 -0.21875
v -0.03125 0.15625 -0.21875
f 5573/5 5574/5 5575/5
f 5573/5 5575/5 5576/5
v -0.03125 0.18750 -0.18750
v 0.00000 0.18750 -0.18750
v 0.00000 0.18750 -0.21875
v -0.03125 0.18750 -0.21875
f 5577/5 5578/5 5579/5
f 5577/5 5579/5 5580/5
v -0.03125 0.15625 -0.18750
v 0.00000 0.15625 -0.18750
v 0.00000 0.18750 -0.18750
v -0.03125 0.18750 -0.18750
f 5581/5 5582/5 5583/5
f 5581/5 5583/5 5584/5
v 0.03125 0.15625 -0.43750
v 0.03125 0.18750 -0.43750
v 0.03125 0.18750 -0.40625
v 0.03125 0.15625 -0.40625
f 5585/5 5586/5 5587/5
f 5585/5 5587/5 5588/5
v 0.00000 0.18750 -0.43750
v 0.03125 0.18750 -0.43750
v 0.03125 0.15625 -0.43750
v 0.00000 0.15625 -0.43750
f 5589/5 5590/5 5591/5
f 5589/5 5591/5 5592/5
v 0.03125 0.15625 -0.40625
v 0.03125 0.18750 -0.40625
v 0.03125 0.18750 -0.37500
v 0.03125 0.15625 -0.37500
f 5593/5 5594/5 5595/5
f 5593/5 5595/5 5596/5
v 0.03125 0.15625 -0.37500
v 0.03125 0.18750 -0.37500
v 0.03125 0.18750 -0.34375
v 0.03125 0.15625 -0.34375
f 5597/6 5598/6 5599/6
f 5597/6 5599/6 5600/6
v 0.03125 0.15625 -0.34375
v 0.03125 0.18750 -0.34375
v 0.03125 0.18750 -0.31250
v 0.03125 0.15625 -0.31250
f 5601/5 5602/5 5603/5
f 5601/5 5603/5 5604/5
v 0.03125 0.15625 -0.31250
v 0.03125 0.18750 -0.31250
v 0.03125 0.18750 -0.28125
v 0.03125 0.15625 -0.28125
f 5605/5 5606/5 5607/5
f 5605/5 5607/5 5608/5
v 0.03125 0.15625 -0.28125
v 0.03125 0.18750 -0.28125
v 0.03125 0.18750 -0.25000
v 0.03125 0.15625 -0.25000
f 5609/5 5610/5 5611/5
f 5609/5 5611/5 5612/5
v 0.03125 0.15625 -0.25000
v 0.03125 0.18750 -0.25000
v 0.03125 0.18750 -0.21875
v 0.03125 0.15625 -0.21875
f 5613/5 5614/5 5615/5
f 5613/5 5615/5 5616/5
v 0.00000 0.18750 -0.21875
v 0.03125 0.18750 -0.21875
v 0.03125 0.18750 -0.25000
v 0.00000 0.18750 -0.25000
f 5617/5 5618/5 5619/5
f 5617/5 5619/5 5620/5
v 0.03125 0.15625 -0.21875
v 0.03125 0.18750 -0.21875
v 0.03125 0.18750 -0.18750
v 0.03125 0.15625 -0.18750
f 5621/5 5622/5 5623/5
f 5621/5 5623/5 5624/5
v 0.00000 0.18750 -0.18750
v 0.03125 0.18750 -0.18750
v 0.03125 0.18750 -0.21875
v 0.00000 0.18750 -0.21875
f 5625/5 5626/5 5627/5
f 5625/5 5627/5 5628/5
v 0.00000 0.15625 -0.18750
v 0.03125 0.15625 -0.18750
v 0.03125 0.18750 -0.18750
v 0.00000 0.18750 -0.18750
f 5629/5 5630/5 5631/5
f 5629/5 5631/5 5632/5
v 0.18750 -0.03125 -0.43750
v 0.18750 0.00000 -0.43750
v 0.18750 0.00000 -0.46875
v 0.18750 -0.03125 -0.46875
f 5633/5 5634/5 5635/5
f 5633/5 5635/5 5636/5
v 0.18750 -0.03125 -0.46875
v 0.21875 -0.03125 -0.46875
v 0.21875 -0.03125 -0.43750
v 0.18750 -0.03125 -0.43750
f 5637/5 5638/5 5639/5
f 5637/5 5639/5 5640/5
v 0.18750 0.00000 -0.46875
v 0.21875 0.00000 -0.46875
v 0.21875 -0.03125 -0.46875
v 0.18750 -0.03125 -0.46875
f 5641/5 5642/5 5643/5
f 5641/5 5643/5 5644/5
v 0.18750 -0.03125 -0.43750
v 0.21875 -0.03125 -0.43750
v 0.21875 -0.03125 -0.40625
v 0.18750 -0.03125 -0.40625
f 5645/5 5646/5 5647/5
f 5645/5 5647/5 5648/5
v 0.18750 -0.03125 -0.40625
v 0.21875 -0.03125 -0.40625
v 0.21875 -0.03125 -0.37500
v 0.18750 -0.03125 -0.37500
f 5649/5 5650/5 5651/5
f 5649/5 5651/5 5652/5
v 0.18750 -0.03125 -0.37500
v 0.21875 -0.03125 -0.37500
v 0.21875 -0.03125 -0.34375
v 0.18750 -0.03125 -0.34375
f 5653/6 5654/6 5655/6
f 5653/6 5655/6 5656/6
v 0.18750 -0.03125 -0.34375
v 0.21875 -0.03125 -0.34375
v 0.21875 -0.03125 -0.31250
v 0.18750 -0.03125 -0.31250
f 5657/5 5658/5 5659/5
f 5657/5 5659/5 5660/5
v 0.21875 -0.03125 -0.31250
v 0.21875 0.00000 -0.31250
v 0.21875 0.00000 -0.28125
v 0.21875 -0.03125 -0.28125
f 5661/5 5662/5 5663/5
f 5661/5 5663/5 5664/5
v 0.18750 -0.03125 -0.31250
v 0.21875 -0.03125 -0.31250
v 0.21875 -0.03125 -0.28125
v 0.18750 -0.03125 -0.28125
f 5665/5 5666/5 5667/5
f 5665/5 5667/5 5668/5
v 0.21875 -0.03125 -0.28125
v 0.21875 0.00000 -0.28125
v 0.21875 0.00000 -0.25000
v 0.21875 -0.03125 -0.25000
f 5669/5 5670/5 5671/5
f 5669/5 5671/5 5672/5
v 0.18750 -0.03125 -0.28125
v 0.21875 -0.03125 -0.28125
v 0.21875 -0.03125 -0.25000
v 0.18750 -0.03125 -0.25000
f 5673/5 5674/5 5675/5
f 5673/5 5675/5 5676/5
v 0.18750 -0.03125 -0.25000
v 0.21875 -0.03125 -0.25000
v 0.21875 0.00000 -0.25000
v 0.18750 0.00000 -0.25000
f 5677/5 5678/5 5679/5
f 5677/5 5679/5 5680/5
v 0.18750 0.00000 -0.43750
v 0.18750 0.03125 -0.43750
v 0.18750 0.03125 -0.46875
v 0.18750 0.00000 -0.46875
f 5681/5 5682/5 5683/5
f 5681/5 5683/5 5684/5
v 0.18750 0.03125 -0.43750
v 0.21875 0.03125 -0.43750
v 0.21875 0.03125 -0.46875
v 0.18750 0.03125 -0.46875
f 5685/5 5686/5 5687/5
f 5685/5 5687/5 5688/5
v 0.18750 0.03125 -0.46875
v 0.21875 0.03125 -0.46875
v 0.21875 0.00000 -0.46875
v 0.18750 0.00000 -0.46875
f 5689/5 5690/5 5691/5
f 5689/5 5691/5 5692/5
v 0.18750 0.03125 -0.40625
v 0.21875 0.03125 -0.40625
v 0.21875 0.03125 -0.43750
v 0.18750 0.03125 -0.43750
f 5693/5 5694/5 5695/5
f 5693/5 5695/5 5696/5
v 0.18750 0.03125 -0.37500
v 0.21875 0.03125 -0.37500
v 0.21875 0.03125 -0.40625
v 0.18750 0.03125 -0.40625
f 5697/6 5698/6 5699/6
f 5697/6 5699/6 5700/6
v 0.18750 0.03125 -0.34375
v 0.21875 0.03125 -0.34375
v 0.21875 0.03125 -0.37500
v 0.18750 0.03125 -0.37500
f 5701/5 5702/5 5703/5
f 5701/5 5703/5 5704/5
v 0.18750 0.03125 -0.31250
v 0.21875 0.03125 -0.31250
v 0.21875 0.03125 -0.34375
v 0.18750 0.03125 -0.34375
f 5705/5 5706/5 5707/5
f 5705/5 5707/5 5708/5
v 0.21875 0.00000 -0.31250
v 0.21875 0.03125 -0.31250
v 0.21875 0.03125 -0.28125
v 0.21875 0.00000 -0.28125
f 5709/5 5710/5 5711/5
f 5709/5 5711/5 5712/5
v 0.18750 0.03125 -0.28125
v 0.21875 0.03125 -0.28125
v 0.21875 0.03125 -0.31250
v 0.18750 0.03125 -0.31250
f 5713/5 5714/5 5715/5
f 5713/5 5715/5 5716/5
v 0.21875 0.00000 -0.28125
v 0.21875 0.03125 -0.28125
v 0.21875 0.03125 -0.25000
v 0.21875 0.00000 -0.25000
f 5717/5 5718/5 5719/5
f 5717/5 5719/5 5720/5
v 0.18750 0.03125 -0.25000
v 0.21875 0.03125 -0.25000
v 0.21875 0.03125 -0.28125
v 0.18750 0.03125 -0.28125
f 5721/5 5722/5 5723/5
f 5721/5 5723/5 5724/5
v 0.18750 0.00000 -0.25000
v 0.21875 0.00000 -0.25000
v 0.21875 0.03125 -0.25000
v 0.18750 0.03125 -0.25000
f 5725/5 5726/5 5727/5
f 5725/5 5727/5 5728/5
v -0.03125 0.18750 -0.43750
v -0.03125 0.21875 -0.43750
v -0.03125 0.21875 -0.46875
v -0.03125 0.18750 -0.46875
f 5729/5 5730/5 5731/5
f 5729/5 5731/5 5732/5
v -0.03125 0.18750 -0.46875
v 0.00000 0.18750 -0.46875
v 0.00000 0.18750 -0.43750
v -0.03125 0.18750 -0.43750
f 5733/5 5734/5 5735/5
f 5733/5 5735/5 5736/5
v -0.03125 0.21875 -0.46875
v 0.00000 0.21875 -0.46875
v 0.00000 0.18750 -0.46875
v -0.03125 0.18750 -0.46875
f 5737/5 5738/5 5739/5
f 5737/5 5739/5 5740/5
v -0.03125 0.18750 -0.40625
v -0.03125 0.21875 -0.40625
v -0.03125 0.21875 -0.43750
v -0.03125 0.18750 -0.43750
f 5741/5 5742/5 5743/5
f 5741/5 5743/5 5744/5
v -0.03125 0.18750 -0.37500
v -0.03125 0.21875 -0.37500
v -0.03125 0.21875 -0.40625
v -0.03125 0.18750 -0.40625
f 5745/5 5746/5 5747/5
f 5745/5 5747/5 5748/5
v -0.03125 0.18750 -0.34375
v -0.03125 0.21875 -0.34375
v -0.03125 0.21875 -0.37500
v -0.03125 0.18750 -0.37500
f 5749/6 5750/6 5751/6
f 5749/6 5751/6 5752/6
v -0.03125 0.18750 -0.31250
v -0.03125 0.21875 -0.31250
v -0.03125 0.21875 -0.34375
v -0.03125 0.18750 -0.34375
f 5753/5 5754/5 5755/5
f 5753/5 5755/5 5756/5
v -0.03125 0.18750 -0.28125
v -0.03125 0.21875 -0.28125
v -0.03125 0.21875 -0.31250
v -0.03125 0.18750 -0.31250
f 5757/5 5758/5 5759/5
f 5757/5 5759/5 5760/5
v -0.03125 0.21875 -0.28125
v 0.00000 0.21875 -0.28125
v 0.00000 0.21875 -0.31250
v -0.03125 0.21875 -0.31250
f 5761/5 5762/5 5763/5
f 5761/5 5763/5 5764/5
v -0.03125 0.18750 -0.25000
v -0.03125 0.21875 -0.25000
v -0.03125 0.21875 -0.28125
v -0.03125 0.18750 -0.28125
f 5765/5 5766/5 5767/5
f 5765/5 5767/5 5768/5
v -0.03125 0.21875 -0.25000
v 0.00000 0.21875 -0.25000
v 0.00000 0.21875 -0.28125
v -0.03125 0.21875 -0.28125
f 5769/5 5770/5 5771/5
f 5769/5 5771/5 5772/5
v -0.03125 0.18750 -0.25000
v 0.00000 0.18750 -0.25000
v 0.00000 0.21875 -0.25000
v -0.03125 0.21875 -0.25000
f 5773/5 5774/5 5775/5
f 5773/5 5775/5 5776/5
v 0.03125 0.18750 -0.46875
v 0.03125 0.21875 -0.46875
v 0.03125 0.21875 -0.43750
v 0.03125 0.18750 -0.43750
f 5777/5 5778/5 5779/5
f 5777/5 5779/5 5780/5
v 0.00000 0.18750 -0.46875
v 0.03125 0.18750 -0.46875
v 0.03125 0.18750 -0.43750
v 0.00000 0.18750 -0.43750
f 5781/5 5782/5 5783/5
f 5781/5 5783/5 5784/5
v 0.00000 0.21875 -0.46875
v 0.03125 0.21875 -0.46875
v 0.03125 0.18750 -0.46875
v 0.00000 0.18750 -0.46875
f 5785/5 5786/5 5787/5
f 5785/5 5787/5 5788/5
v 0.03125 0.18750 -0.43750
v 0.03125 0.21875 -0.43750
v 0.03125 0.21875 -0.40625
v 0.03125 0.18750 -0.40625
f 5789/5 5790/5 5791/5
f 5789/5 5791/5 5792/5
v 0.03125 0.18750 -0.40625
v 0.03125 0.21875 -0.40625
v 0.03125 0.21875 -0.37500
v 0.03125 0.18750 -0.37500
f 5793/6 5794/6 5795/6
f 5793/6 5795/6 5796/6
v 0.03125 0.18750 -0.37500
v 0.03125 0.21875 -0.37500
v 0.03125 0.21875 -0.34375
v 0.03125 0.18750 -0.34375
f 5797/5 5798/5 5799/5
f 5797/5 5799/5 5800/5
v 0.03125 0.18750 -0.34375
v 0.03125 0.21875 -0.34375
v 0.03125 0.21875 -0.31250
v 0.03125 0.18750 -0.31250
f 5801/5 5802/5 5803/5
f 5801/5 5803/5 5804/5
v 0.03125 0.18750 -0.31250
v 0.03125 0.21875 -0.31250
v 0.03125 0.21875 -0.28125
v 0.03125 0.18750 -0.28125
f 5805/5 5806/5 5807/5
f 5805/5 5807/5 5808/5
v 0.00000 0.21875 -0.28125
v 0.03125 0.21875 -0.28125
v 0.03125 0.21875 -0.31250
v 0.00000 0.21875 -0.31250
f 5809/5 5810/5 5811/5
f 5809/5 5811/5 5812/5
v 0.03125 0.18750 -0.28125
v 0.03125 0.21875 -0.28125
v 0.03125 0.21875 -0.25000
v 0.03125 0.18750 -0.25000
f 5813/5 5814/5 5815/5
f 5813/5 5815/5 5816/5
v 0.00000 0.21875 -0.25000
v 0.03125 0.21875 -0.25000
v 0.03125 0.21875 -0.28125
v 0.00000 0.21875 -0.28125
f 5817/5 5818/5 5819/5
f 5817/5 5819/5 5820/5
v 0.00000 0.18750 -0.25000
v 0.03125 0.18750 -0.25000
v 0.03125 0.21875 -0.25000
v 0.00000 0.21875 -0.25000
f 5821/5 5822/5 5823/5
f 5821/5 5823/5 5824/5
v 0.21875 -0.03125 -0.46875
v 0.25000 -0.03125 -0.46875
v 0.25000 -0.03125 -0.43750
v 0.21875 -0.03125 -0.43750
f 5825/5 5826/5 5827/5
f 5825/5 5827/5 5828/5
v 0.21875 0.00000 -0.46875
v 0.25000 0.00000 -0.46875
v 0.25000 -0.03125 -0.46875
v 0.21875 -0.03125 -0.46875
f 5829/5 5830/5 5831/5
f 5829/5 5831/5 5832/5
v 0.21875 -0.03125 -0.43750
v 0.25000 -0.03125 -0.43750
v 0.25000 -0.03125 -0.40625
v 0.21875 -0.03125 -0.40625
f 5833/5 5834/5 5835/5
f 5833/5 5835/5 5836/5
v 0.21875 -0.03125 -0.40625
v 0.25000 -0.03125 -0.40625
v 0.25000 -0.03125 -0.37500
v 0.21875 -0.03125 -0.37500
f 5837/6 5838/6 5839/6
f 5837/6 5839/6 5840/6
v 0.21875 -0.03125 -0.37500
v 0.25000 -0.03125 -0.37500
v 0.25000 -0.03125 -0.34375
v 0.21875 -0.03125 -0.34375
f 5841/5 5842/5 5843/5
f 5841/5 5843/5 5844/5
v 0.25000 -0.03125 -0.34375
v 0.25000 0.00000 -0.34375
v 0.25000 0.00000 -0.31250
v 0.25000 -0.03125 -0.31250
f 5845/5 5846/5 5847/5
f 5845/5 5847/5 5848/5
v 0.21875 -0.03125 -0.34375
v 0.25000 -0.03125 -0.34375
v 0.25000 -0.03125 -0.31250
v 0.21875 -0.03125 -0.31250
f 5849/5 5850/5 5851/5
f 5849/5 5851/5 5852/5
v 0.21875 -0.03125 -0.31250
v 0.25000 -0.03125 -0.31250
v 0.25000 0.00000 -0.31250
v 0.21875 0.00000 -0.31250
f 5853/5 5854/5 5855/5
f 5853/5 5855/5 5856/5
v 0.21875 0.03125 -0.43750
v 0.25000 0.03125 -0.43750
v 0.25000 0.03125 -0.46875
v 0.21875 0.03125 -0.46875
f 5857/5 5858/5 5859/5
f 5857/5 5859/5 5860/5
v 0.21875 0.03125 -0.46875
v 0.25000 0.03125 -0.46875
v 0.25000 0.00000 -0.46875
v 0.21875 0.00000 -0.46875
f 5861/5 5862/5 5863/5
f 5861/5 5863/5 5864/5
v 0.21875 0.03125 -0.40625
v 0.25000 0.03125 -0.40625
v 0.25000 0.03125 -0.43750
v 0.21875 0.03125 -0.43750
f 5865/6 5866/6 5867/6
f 5865/6 5867/6 5868/6
v 0.21875 0.03125 -0.37500
v 0.25000 0.03125 -0.37500
v 0.25000 0.03125 -0.40625
v 0.21875 0.03125 -0.40625
f 5869/5 5870/5 5871/5
f 5869/5 5871/5 5872/5
v 0.21875 0.03125 -0.34375
v 0.25000 0.03125 -0.34375
v 0.25000 0.03125 -0.37500
v 0.21875 0.03125 -0.37500
f 5873/5 5874/5 5875/5
f 5873/5 5875/5 5876/5
v 0.25000 0.00000 -0.34375
v 0.25000 0.03125 -0.34375
v 0.25000 0.03125 -0.31250
v 0.25000 0.00000 -0.31250
f 5877/5 5878/5 5879/5
f 5877/5 5879/5 5880/5
v 0.21875 0.03125 -0.31250
v 0.25000 0.03125 -0.31250
v 0.25000 0.03125 -0.34375
v 0.21875 0.03125 -0.34375
f 5881/5 5882/5 5883/5
f 5881/5 5883/5 5884/5
v 0.21875 0.00000 -0.31250
v 0.25000 0.00000 -0.31250
v 0.25000 0.03125 -0.31250
v 0.21875 0.03125 -0.31250
f 5885/5 5886/5 5887/5
f 5885/5 5887/5 5888/5
v -0.03125 0.21875 -0.43750
v -0.03125 0.25000 -0.43750
v -0.03125 0.25000 -0.46875
v -0.03125 0.21875 -0.46875
f 5889/5 5890/5 5891/5
f 5889/5 5891/5 5892/5
v -0.03125 0.25000 -0.46875
v 0.00000 0.25000 -0.46875
v 0.00000 0.21875 -0.46875
v -0.03125 0.21875 -0.46875
f 5893/5 5894/5 5895/5
f 5893/5 5895/5 5896/5
v -0.03125 0.21875 -0.40625
v -0.03125 0.25000 -0.40625
v -0.03125 0.25000 -0.43750
v -0.03125 0.21875 -0.43750
f 5897/5 5898/5 5899/5
f 5897/5 5899/5 5900/5
v -0.03125 0.21875 -0.37500
v -0.03125 0.25000 -0.37500
v -0.03125 0.25000 -0.40625
v -0.03125 0.21875 -0.40625
f 5901/6 5902/6 5903/6
f 5901/6 5903/6 5904/6
v -0.03125 0.21875 -0.34375
v -0.03125 0.25000 -0.34375
v -0.03125 0.25000 -0.37500
v -0.03125 0.21875 -0.37500
f 5905/5 5906/5 5907/5
f 5905/5 5907/5 5908/5
v -0.03125 0.21875 -0.31250
v -0.03125 0.25000 -0.31250
v -0.03125 0.25000 -0.34375
v -0.03125 0.21875 -0.34375
f 5909/5 5910/5 5911/5
f 5909/5 5911/5 5912/5
v -0.03125 0.25000 -0.31250
v 0.00000 0.25000 -0.31250
v 0.00000 0.25000 -0.34375
v -0.03125 0.25000 -0.34375
f 5913/5 5914/5 5915/5
f 5913/5 5915/5 5916/5
v -0.03125 0.21875 -0.31250
v 0.00000 0.21875 -0.31250
v 0.00000 0.25000 -0.31250
v -0.03125 0.25000 -0.31250
f 5917/5 5918/5 5919/5
f 5917/5 5919/5 5920/5
v 0.03125 0.21875 -0.46875
v 0.03125 0.25000 -0.46875
v 0.03125 0.25000 -0.43750
v 0.03125 0.21875 -0.43750
f 5921/5 5922/5 5923/5
f 5921/5 5923/5 5924/5
v 0.00000 0.25000 -0.46875
v 0.03125 0.25000 -0.46875
v 0.03125 0.21875 -0.46875
v 0.00000 0.21875 -0.46875
f 5925/5 5926/5 5927/5
f 5925/5 5927/5 5928/5
v 0.03125 0.21875 -0.43750
v 0.03125 0.25000 -0.43750
v 0.03125 0.25000 -0.40625
v 0.03125 0.21875 -0.40625
f 5929/6 5930/6 5931/6
f 5929/6 5931/6 5932/6
v 0.03125 0.21875 -0.40625
v 0.03125 0.25000 -0.40625
v 0.03125 0.25000 -0.37500
v 0.03125 0.21875 -0.37500
f 5933/5 5934/5 5935/5
f 5933/5 5935/5 5936/5
v 0.03125 0.21875 -0.37500
v 0.03125 0.25000 -0.37500
v 0.03125 0.25000 -0.34375
v 0.03125 0.21875 -0.34375
f 5937/5 5938/5 5939/5
f 5937/5 5939/5 5940/5
v 0.03125 0.21875 -0.34375
v 0.03125 0.25000 -0.34375
v 0.03125 0.25000 -0.31250
v 0.03125 0.21875 -0.31250
f 5941/5 5942/5 5943/5
f 5941/5 5943/5 5944/5
v 0.00000 0.25000 -0.31250
v 0.03125 0.25000 -0.31250
v 0.03125 0.25000 -0.34375
v 0.00000 0.25000 -0.34375
f 5945/5 5946/5 5947/5
f 5945/5 5947/5 5948/5
v 0.00000 0.21875 -0.31250
v 0.03125 0.21875 -0.31250
v 0.03125 0.25000 -0.31250
v 0.00000 0.25000 -0.31250
f 5949/5 5950/5 5951/5
f 5949/5 5951/5 5952/5
v 0.28125 -0.03125 -0.46875
v 0.28125 0.00000 -0.46875
v 0.28125 0.00000 -0.43750
v 0.28125 -0.03125 -0.43750
f 5953/5 5954/5 5955/5
f 5953/5 5955/5 5956/5
v 0.25000 -0.03125 -0.46875
v 0.28125 -0.03125 -0.46875
v 0.28125 -0.03125 -0.43750
v 0.25000 -0.03125 -0.43750
f 5957/5 5958/5 5959/5
f 5957/5 5959/5 5960/5
v 0.25000 0.00000 -0.46875
v 0.28125 0.00000 -0.46875
v 0.28125 -0.03125 -0.46875
v 0.25000 -0.03125 -0.46875
f 5961/5 5962/5 5963/5
f 5961/5 5963/5 5964/5
v 0.28125 -0.03125 -0.43750
v 0.28125 0.00000 -0.43750
v 0.28125 0.00000 -0.40625
v 0.28125 -0.03125 -0.40625
f 5965/6 5966/6 5967/6
f 5965/6 5967/6 5968/6
v 0.25000 -0.03125 -0.43750
v 0.28125 -0.03125 -0.43750
v 0.28125 -0.03125 -0.40625
v 0.25000 -0.03125 -0.40625
f 5969/6 5970/6 5971/6
f 5969/6 5971/6 5972/6
v 0.28125 -0.03125 -0.40625
v 0.28125 0.00000 -0.40625
v 0.28125 0.00000 -0.37500
v 0.28125 -0.03125 -0.37500
f 5973/5 5974/5 5975/5
f 5973/5 5975/5 5976/5
v 0.25000 -0.03125 -0.40625
v 0.28125 -0.03125 -0.40625
v 0.28125 -0.03125 -0.37500
v 0.25000 -0.03125 -0.37500
f 5977/5 5978/5 5979/5
f 5977/5 5979/5 5980/5
v 0.28125 -0.03125 -0.37500
v 0.28125 0.00000 -0.37500
v 0.28125 0.00000 -0.34375
v 0.28125 -0.03125 -0.34375
f 5981/5 5982/5 5983/5
f 5981/5 5983/5 5984/5
v 0.25000 -0.03125 -0.37500
v 0.28125 -0.03125 -0.37500
v 0.28125 -0.03125 -0.34375
v 0.25000 -0.03125 -0.34375
f 5985/5 5986/5 5987/5
f 5985/5 5987/5 5988/5
v 0.25000 -0.03125 -0.34375
v 0.28125 -0.03125 -0.34375
v 0.28125 0.00000 -0.34375
v 0.25000 0.00000 -0.34375
f 5989/5 5990/5 5991/5
f 5989/5 5991/5 5992/5
v 0.28125 0.00000 -0.46875
v 0.28125 0.03125 -0.46875
v 0.28125 0.03125 -0.43750
v 0.28125 0.00000 -0.43750
f 5993/6 5994/6 5995/6
f 5993/6 5995/6 5996/6
v 0.25000 0.03125 -0.43750
v 0.28125 0.03125 -0.43750
v 0.28125 0.03125 -0.46875
v 0.25000 0.03125 -0.46875
f 5997/6 5998/6 5999/6
f 5997/6 5999/6 6000/6
v 0.25000 0.03125 -0.46875
v 0.28125 0.03125 -0.46875
v 0.28125 0.00000 -0.46875
v 0.25000 0.00000 -0.46875
f 6001/6 6002/6 6003/6
f 6001/6 6003/6 6004/6
v 0.28125 0.00000 -0.43750
v 0.28125 0.03125 -0.43750
v 0.28125 0.03125 -0.40625
v 0.28125 0.00000 -0.40625
f 6005/5 6006/5 6007/5
f 6005/5 6007/5 6008/5
v 0.25000 0.03125 -0.40625
v 0.28125 0.03125 -0.40625
v 0.28125 0.03125 -0.43750
v 0.25000 0.03125 -0.43750
f 6009/5 6010/5 6011/5
f 6009/5 6011/5 6012/5
v 0.28125 0.00000 -0.40625
v 0.28125 0.03125 -0.40625
v 0.28125 0.03125 -0.37500
v 0.28125 0.00000 -0.37500
f 6013/5 6014/5 6015/5
f 6013/5 6015/5 6016/5
v 0.25000 0.03125 -0.37500
v 0.28125 0.03125 -0.37500
v 0.28125 0.03125 -0.40625
v 0.25000 0.03125 -0.40625
f 6017/5 6018/5 6019/5
f 6017/5 6019/5 6020/5
v 0.28125 0.00000 -0.37500
v 0.28125 0.03125 -0.37500
v 0.28125 0.03125 -0.34375
v 0.28125 0.00000 -0.34375
f 6021/5 6022/5 6023/5
f 6021/5 6023/5 6024/5
v 0.25000 0.03125 -0.34375
v 0.28125 0.03125 -0.34375
v 0.28125 0.03125 -0.37500
v 0.25000 0.03125 -0.37500
f 6025/5 6026/5 6027/5
f 6025/5 6027/5 6028/5
v 0.25000 0.00000 -0.34375
v 0.28125 0.00000 -0.34375
v 0.28125 0.03125 -0.34375
v 0.25000 0.03125 -0.34375
f 6029/5 6030/5 6031/5
f 6029/5 6031/5 6032/5
v -0.03125 0.25000 -0.43750
v -0.03125 0.28125 -0.43750
v -0.03125 0.28125 -0.46875
v -0.03125 0.25000 -0.46875
f 6033/5 6034/5 6035/5
f 6033/5 6035/5 6036/5
v -0.03125 0.28125 -0.43750
v 0.00000 0.28125 -0.43750
v 0.00000 0.28125 -0.46875
v -0.03125 0.28125 -0.46875
f 6037/5 6038/5 6039/5
f 6037/5 6039/5 6040/5
v -0.03125 0.28125 -0.46875
v 0.00000 0.28125 -0.46875
v 0.00000 0.25000 -0.46875
v -0.03125 0.25000 -0.46875
f 6041/5 6042/5 6043/5
f 6041/5 6043/5 6044/5
v -0.03125 0.25000 -0.40625
v -0.03125 0.28125 -0.40625
v -0.03125 0.28125 -0.43750
v -0.03125 0.25000 -0.43750
f 6045/6 6046/6 6047/6
f 6045/6 6047/6 6048/6
v -0.03125 0.28125 -0.40625
v 0.00000 0.28125 -0.40625
v 0.00000 0.28125 -0.43750
v -0.03125 0.28125 -0.43750
f 6049/6 6050/6 6051/6
f 6049/6 6051/6 6052/6
v -0.03125 0.25000 -0.37500
v -0.03125 0.28125 -0.37500
v -0.03125 0.28125 -0.40625
v -0.03125 0.25000 -0.40625
f 6053/5 6054/5 6055/5
f 6053/5 6055/5 6056/5
v -0.03125 0.28125 -0.37500
v 0.00000 0.28125 -0.37500
v 0.00000 0.28125 -0.40625
v -0.03125 0.28125 -0.40625
f 6057/5 6058/5 6059/5
f 6057/5 6059/5 6060/5
v -0.03125 0.25000 -0.34375
v -0.03125 0.28125 -0.34375
v -0.03125 0.28125 -0.37500
v -0.03125 0.25000 -0.37500
f 6061/5 6062/5 6063/5
f 6061/5 6063/5 6064/5
v -0.03125 0.28125 -0.34375
v 0.00000 0.28125 -0.34375
v 0.00000 0.28125 -0.37500
v -0.03125 0.28125 -0.37500
f 6065/5 6066/5 6067/5
f 6065/5 6067/5 6068/5
v -0.03125 0.25000 -0.34375
v 0.00000 0.25000 -0.34375
v 0.00000 0.28125 -0.34375
v -0.03125 0.28125 -0.34375
f 6069/5 6070/5 6071/5
f 6069/5 6071/5 6072/5
v 0.03125 0.25000 -0.46875
v 0.03125 0.28125 -0.46875
v 0.03125 0.28125 -0.43750
v 0.03125 0.25000 -0.43750
f 6073/6 6074/6 6075/6
f 6073/6 6075/6 6076/6
v 0.00000 0.28125 -0.43750
v 0.03125 0.28125 -0.43750
v 0.03125 0.28125 -0.46875
v 0.00000 0.28125 -0.46875
f 6077/6 6078/6 6079/6
f 6077/6 6079/6 6080/6
v 0.00000 0.28125 -0.46875
v 0.03125 0.28125 -0.46875
v 0.03125 0.25000 -0.46875
v 0.00000 0.25000 -0.46875
f 6081/6 6082/6 6083/6
f 6081/6 6083/6 6084/6
v 0.03125 0.25000 -0.43750
v 0.03125 0.28125 -0.43750
v 0.03125 0.28125 -0.40625
v 0.03125 0.25000 -0.40625
f 6085/5 6086/5 6087/5
f 6085/5 6087/5 6088/5
v 0.00000 0.28125 -0.40625
v 0.03125 0.28125 -0.40625
v 0.03125 0.28125 -0.43750
v 0.00000 0.28125 -0.43750
f 6089/5 6090/5 6091/5
f 6089/5 6091/5 6092/5
v 0.03125 0.25000 -0.40625
v 0.03125 0.28125 -0.40625
v 0.03125 0.28125 -0.37500
v 0.03125 0.25000 -0.37500
f 6093/5 6094/5 6095/5
f 6093/5 6095/5 6096/5
v 0.00000 0.28125 -0.37500
v 0.03125 0.28125 -0.37500
v 0.03125 0.28125 -0.40625
v 0.00000 0.28125 -0.40625
f 6097/5 6098/5 6099/5
f 6097/5 6099/5 6100/5
v 0.03125 0.25000 -0.37500
v 0.03125 0.28125 -0.37500
v 0.03125 0.28125 -0.34375
v 0.03125 0.25000 -0.34375
f 6101/5 6102/5 6103/5
f 6101/5 6103/5 6104/5
v 0.00000 0.28125 -0.34375
v 0.03125 0.28125 -0.34375
v 0.03125 0.28125 -0.37500
v 0.00000 0.28125 -0.37500
f 6105/5 6106/5 6107/5
f 6105/5 6107/5 6108/5
v 0.00000 0.25000 -0.34375
v 0.03125 0.25000 -0.34375
v 0.03125 0.28125 -0.34375
v 0.00000 0.28125 -0.34375
f 6109/5 6110/5 6111/5
f 6109/5 6111/5 6112/5
v -0.12500 -0.12500 -0.46875
v -0.12500 -0.09375 -0.46875
v -0.12500 -0.09375 -0.50000
v -0.12500 -0.12500 -0.50000
f 6113/11 6114/11 6115/11
f 6113/11 6115/11 6116/11
v -0.12500 -0.12500 -0.50000
v -0.09375 -0.12500 -0.50000
v -0.09375 -0.12500 -0.46875
v -0.12500 -0.12500 -0.46875
f 6117/11 6118/11 6119/11
f 6117/11 6119/11 6120/11
v -0.12500 -0.09375 -0.50000
v -0.09375 -0.09375 -0.50000
v -0.09375 -0.12500 -0.50000
v -0.12500 -0.12500 -0.50000
f 6121/11 6122/11 6123/11
f 6121/11 6123/11 6124/11
v -0.12500 -0.09375 -0.46875
v -0.12500 -0.06250 -0.46875
v -0.12500 -0.06250 -0.50000
v -0.12500 -0.09375 -0.50000
f 6125/11 6126/11 6127/11
f 6125/11 6127/11 6128/11
v -0.12500 -0.06250 -0.50000
v -0.09375 -0.06250 -0.50000
v -0.09375 -0.09375 -0.50000
v -0.12500 -0.09375 -0.50000
f 6129/11 6130/11 6131/11
f 6129/11 6131/11 6132/11
v -0.12500 -0.06250 -0.46875
v -0.12500 -0.03125 -0.46875
v -0.12500 -0.03125 -0.50000
v -0.12500 -0.06250 -0.50000
f 6133/11 6134/11 6135/11
f 6133/11 6135/11 6136/11
v -0.12500 -0.03125 -0.50000
v -0.09375 -0.03125 -0.50000
v -0.09375 -0.06250 -0.50000
v -0.12500 -0.06250 -0.50000
f 6137/11 6138/11 6139/11
f 6137/11 6139/11 6140/11
v -0.12500 -0.03125 -0.46875
v -0.12500 0.00000 -0.46875
v -0.12500 0.00000 -0.50000
v -0.12500 -0.03125 -0.50000
f 6141/11 6142/11 6143/11
f 6141/11 6143/11 6144/11
v -0.12500 0.00000 -0.50000
v -0.09375 0.00000 -0.50000
v -0.09375 -0.03125 -0.50000
v -0.12500 -0.03125 -0.50000
f 6145/11 6146/11 6147/11
f 6145/11 6147/11 6148/11
v -0.12500 0.00000 -0.46875
v -0.12500 0.03125 -0.46875
v -0.12500 0.03125 -0.50000
v -0.12500 0.00000 -0.50000
f 6149/11 6150/11 6151/11
f 6149/11 6151/11 6152/11
v -0.12500 0.03125 -0.50000
v -0.09375 0.03125 -0.50000
v -0.09375 0.00000 -0.50000
v -0.12500 0.00000 -0.50000
f 6153/11 6154/11 6155/11
f 6153/11 6155/11 6156/11
v -0.12500 0.03125 -0.46875
v -0.12500 0.06250 -0.46875
v -0.12500 0.06250 -0.50000
v -0.12500 0.03125 -0.50000
f 6157/11 6158/11 6159/11
f 6157/11 6159/11 6160/11
v -0.12500 0.06250 -0.50000
v -0.09375 0.06250 -0.50000
v -0.09375 0.03125 -0.50000
v -0.12500 0.03125 -0.50000
f 6161/11 6162/11 6163/11
f 6161/11 6163/11 6164/11
v -0.12500 0.06250 -0.46875
v -0.12500 0.09375 -0.46875
v -0.12500 0.09375 -0.50000
v -0.12500 0.06250 -0.50000
f 6165/11 6166/11 6167/11
f 6165/11 6167/11 6168/11
v -0.12500 0.09375 -0.50000
v -0.09375 0.09375 -0.50000
v -0.09375 0.06250 -0.50000
v -0.12500 0.06250 -0.50000
f 6169/11 6170/11 6171/11
f 6169/11 6171/11 6172/11
v -0.12500 0.09375 -0.46875
v -0.12500 0.12500 -0.46875
v -0.12500 0.12500 -0.50000
v -0.12500 0.09375 -0.50000
f 6173/11 6174/11 6175/11
f 6173/11 6175/11 6176/11
v -0.12500 0.12500 -0.46875
v -0.09375 0.12500 -0.46875
v -0.09375 0.12500 -0.50000
v -0.12500 0.12500 -0.50000
f 6177/11 6178/11 6179/11
f 6177/11 6179/11 6180/11
v -0.12500 0.12500 -0.50000
v -0.09375 0.12500 -0.50000
v -0.09375 0.09375 -0.50000
v -0.12500 0.09375 -0.50000
f 6181/11 6182/11 6183/11
f 6181/11 6183/11 6184/11
v -0.09375 -0.12500 -0.50000
v -0.06250 -0.12500 -0.50000
v -0.06250 -0.12500 -0.46875
v -0.09375 -0.12500 -0.46875
f 6185/11 6186/11 6187/11
f 6185/11 6187/11 6188/11
v -0.09375 -0.09375 -0.50000
v -0.06250 -0.09375 -0.50000
v -0.06250 -0.12500 -0.50000
v -0.09375 -0.12500 -0.50000
f 6189/11 6190/11 6191/11
f 6189/11 6191/11 6192/11
v -0.09375 0.12500 -0.46875
v -0.06250 0.12500 -0.46875
v -0.06250 0.12500 -0.50000
v -0.09375 0.12500 -0.50000
f 6193/11 6194/11 6195/11
f 6193/11 6195/11 6196/11
v -0.09375 0.12500 -0.50000
v -0.06250 0.12500 -0.50000
v -0.06250 0.09375 -0.50000
v -0.09375 0.09375 -0.50000
f 6197/11 6198/11 6199/11
f 6197/11 6199/11 6200/11
v -0.06250 -0.12500 -0.50000
v -0.03125 -0.12500 -0.50000
v -0.03125 -0.12500 -0.46875
v -0.06250 -0.12500 -0.46875
f 6201/11 6202/11 6203/11
f 6201/11 6203/11 6204/11
v -0.06250 -0.09375 -0.50000
v -0.03125 -0.09375 -0.50000
v -0.03125 -0.12500 -0.50000
v -0.06250 -0.12500 -0.50000
f 6205/11 6206/11 6207/11
f 6205/11 6207/11 6208/11
v -0.06250 0.12500 -0.46875
v -0.03125 0.12500 -0.46875
v -0.03125 0.12500 -0.50000
v -0.06250 0.12500 -0.50000
f 6209/11 6210/11 6211/11
f 6209/11 6211/11 6212/11
v -0.06250 0.12500 -0.50000
v -0.03125 0.12500 -0.50000
v -0.03125 0.09375 -0.50000
v -0.06250 0.09375 -0.50000
f 6213/11 6214/11 6215/11
f 6213/11 6215/11 6216/11
v -0.03125 -0.12500 -0.50000
v 0.00000 -0.12500 -0.50000
v 0.00000 -0.12500 -0.46875
v -0.03125 -0.12500 -0.46875
f 6217/11 6218/11 6219/11
f 6217/11 6219/11 6220/11
v -0.03125 -0.09375 -0.50000
v 0.00000 -0.09375 -0.50000
v 0.00000 -0.12500 -0.50000
v -0.03125 -0.12500 -0.50000
f 6221/11 6222/11 6223/11
f 6221/11 6223/11 6224/11
v -0.03125 0.12500 -0.46875
v 0.00000 0.12500 -0.46875
v 0.00000 0.12500 -0.50000
v -0.03125 0.12500 -0.50000
f 6225/11 6226/11 6227/11
f 6225/11 6227/11 6228/11
v -0.03125 0.12500 -0.50000
v 0.00000 0.12500 -0.50000
v 0.00000 0.09375 -0.50000
v -0.03125 0.09375 -0.50000
f 6229/11 6230/11 6231/11
f 6229/11 6231/11 6232/11
v 0.00000 -0.12500 -0.50000
v 0.03125 -0.12500 -0.50000
v 0.03125 -0.12500 -0.46875
v 0.00000 -0.12500 -0.46875
f 6233/11 6234/11 6235/11
f 6233/11 6235/11 6236/11
v 0.00000 -0.09375 -0.50000
v 0.03125 -0.09375 -0.50000
v 0.03125 -0.12500 -0.50000
v 0.00000 -0.12500 -0.50000
f 6237/11 6238/11 6239/11
f 6237/11 6239/11 6240/11
v 0.00000 0.12500 -0.46875
v 0.03125 0.12500 -0.46875
v 0.03125 0.12500 -0.50000
v 0.00000 0.12500 -0.50000
f 6241/11 6242/11 6243/11
f 6241/11 6243/11 6244/11
v 0.00000 0.12500 -0.50000
v 0.03125 0.12500 -0.50000
v 0.03125 0.09375 -0.50000
v 0.00000 0.09375 -0.50000
f 6245/11 6246/11 6247/11
f 6245/11 6247/11 6248/11
v 0.03125 -0.12500 -0.50000
v 0.06250 -0.12500 -0.50000
v 0.06250 -0.12500 -0.46875
v 0.03125 -0.12500 -0.46875
f 6249/11 6250/11 6251/11
f 6249/11 6251/11 6252/11
v 0.03125 -0.09375 -0.50000
v 0.06250 -0.09375 -0.50000
v 0.06250 -0.12500 -0.50000
v 0.03125 -0.12500 -0.50000
f 6253/11 6254/11 6255/11
f 6253/11 6255/11 6256/11
v 0.03125 0.12500 -0.46875
v 0.06250 0.12500 -0.46875
v 0.06250 0.12500 -0.50000
v 0.03125 0.12500 -0.50000
f 6257/11 6258/11 6259/11
f 6257/11 6259/11 6260/11
v 0.03125 0.12500 -0.50000
v 0.06250 0.12500 -0.50000
v 0.06250 0.09375 -0.50000
v 0.03125 0.09375 -0.50000
f 6261/11 6262/11 6263/11
f 6261/11 6263/11 6264/11
v 0.06250 -0.12500 -0.50000
v 0.09375 -0.12500 -0.50000
v 0.09375 -0.12500 -0.46875
v 0.06250 -0.12500 -0.46875
f 6265/11 6266/11 6267/11
f 6265/11 6267/11 6268/11
v 0.06250 -0.09375 -0.50000
v 0.09375 -0.09375 -0.50000
v 0.09375 -0.12500 -0.50000
v 0.06250 -0.12500 -0.50000
f 6269/11 6270/11 6271/11
f 6269/11 6271/11 6272/11
v 0.06250 0.12500 -0.46875
v 0.09375 0.12500 -0.46875
v 0.09375 0.12500 -0.50000
v 0.06250 0.12500 -0.50000
f 6273/11 6274/11 6275/11
f 6273/11 6275/11 6276/11
v 0.06250 0.12500 -0.50000
v 0.09375 0.12500 -0.50000
v 0.09375 0.09375 -0.50000
v 0.06250 0.09375 -0.50000
f 6277/11 6278/11 6279/11
f 6277/11 6279/11 6280/11
v 0.12500 -0.12500 -0.50000
v 0.12500 -0.09375 -0.50000
v 0.12500 -0.09375 -0.46875
v 0.12500 -0.12500 -0.46875
f 6281/11 6282/11 6283/11
f 6281/11 6283/11 6284/11
v 0.09375 -0.12500 -0.50000
v 0.12500 -0.12500 -0.50000
v 0.12500 -0.12500 -0.46875
v 0.09375 -0.12500 -0.46875
f 6285/11 6286/11 6287/11
f 6285/11 6287/11 6288/11
v 0.09375 -0.09375 -0.50000
v 0.12500 -0.09375 -0.50000
v 0.12500 -0.12500 -0.50000
v 0.09375 -0.12500 -0.50000
f 6289/11 6290/11 6291/11
f 6289/11 6291/11 6292/11
v 0.12500 -0.09375 -0.50000
v 0.12500 -0.06250 -0.50000
v 0.12500 -0.06250 -0.46875
v 0.12500 -0.09375 -0.46875
f 6293/11 6294/11 6295/11
f 6293/11 6295/11 6296/11
v 0.09375 -0.06250 -0.50000
v 0.12500 -0.06250 -0.50000
v 0.12500 -0.09375 -0.50000
v 0.09375 -0.09375 -0.50000
f 6297/11 6298/11 6299/11
f 6297/11 6299/11 6300/11
v 0.12500 -0.06250 -0.50000
v 0.12500 -0.03125 -0.50000
v 0.12500 -0.03125 -0.46875
v 0.12500 -0.06250 -0.46875
f 6301/11 6302/11 6303/11
f 6301/11 6303/11 6304/11
v 0.09375 -0.03125 -0.50000
v 0.12500 -0.03125 -0.50000
v 0.12500 -0.06250 -0.50000
v 0.09375 -0.06250 -0.50000
f 6305/11 6306/11 6307/11
f 6305/11 6307/11 6308/11
v 0.12500 -0.03125 -0.50000
v 0.12500 0.00000 -0.50000
v 0.12500 0.00000 -0.46875
v 0.12500 -0.03125 -0.46875
f 6309/11 6310/11 6311/11
f 6309/11 6311/11 6312/11
v 0.09375 0.00000 -0.50000
v 0.12500 0.00000 -0.50000
v 0.12500 -0.03125 -0.50000
v 0.09375 -0.03125 -0.50000
f 6313/11 6314/11 6315/11
f 6313/11 6315/11 6316/11
v 0.12500 0.00000 -0.50000
v 0.12500 0.03125 -0.50000
v 0.12500 0.03125 -0.46875
v 0.12500 0.00000 -0.46875
f 6317/11 6318/11 6319/11
f 6317/11 6319/11 6320/11
v 0.09375 0.03125 -0.50000
v 0.12500 0.03125 -0.50000
v 0.12500 0.00000 -0.50000
v 0.09375 0.00000 -0.50000
f 6321/11 6322/11 6323/11
f 6321/11 6323/11 6324/11
v 0.12500 0.03125 -0.50000
v 0.12500 0.06250 -0.50000
v 0.12500 0.06250 -0.46875
v 0.12500 0.03125 -0.46875
f 6325/11 6326/11 6327/11
f 6325/11 6327/11 6328/11
v 0.09375 0.06250 -0.50000
v 0.12500 0.06250 -0.50000
v 0.12500 0.03125 -0.50000
v 0.09375 0.03125 -0.50000
f 6329/11 6330/11 6331/11
f 6329/11 6331/11 6332/11
v 0.12500 0.06250 -0.50000
v 0.12500 0.09375 -0.50000
v 0.12500 0.09375 -0.46875
v 0.12500 0.06250 -0.46875
f 6333/11 6334/11 6335/11
f 6333/11 6335/11 6336/11
v 0.09375 0.09375 -0.50000
v 0.12500 0.09375 -0.50000
v 0.12500 0.06250 -0.50000
v 0.09375 0.06250 -0.50000
f 6337/11 6338/11 6339/11
f 6337/11 6339/11 6340/11
v 0.12500 0.09375 -0.50000
v 0.12500 0.12500 -0.50000
v 0.12500 0.12500 -0.46875
v 0.12500 0.09375 -0.46875
f 6341/11 6342/11 6343/11
f 6341/11 6343/11 6344/11
v 0.09375 0.12500 -0.46875
v 0.12500 0.12500 -0.46875
v 0.12500 0.12500 -0.50000
v 0.09375 0.12500 -0.50000
f 6345/11 6346/11 6347/11
f 6345/11 6347/11 6348/11
v 0.09375 0.12500 -0.50000
v 0.12500 0.12500 -0.50000
v 0.12500 0.09375 -0.50000
v 0.09375 0.09375 -0.50000
f 6349/11 6350/11 6351/11
f 6349/11 6351/11 6352/11
g glow
v -0.12500 -0.12500 0.25000
v -0.12500 -0.09375 0.25000
v -0.12500 -0.09375 0.21875
v -0.12500 -0.12500 0.21875
f 6353/8 6354/8 6355/8
f 6353/8 6355/8 6356/8
v -0.12500 -0.12500 0.21875
v -0.09375 -0.12500 0.21875
v -0.09375 -0.12500 0.25000
v -0.12500 -0.12500 0.25000
f 6357/8 6358/8 6359/8
f 6357/8 6359/8 6360/8
v -0.12500 -0.09375 0.25000
v -0.12500 -0.06250 0.25000
v -0.12500 -0.06250 0.21875
v -0.12500 -0.09375 0.21875
f 6361/8 6362/8 6363/8
f 6361/8 6363/8 6364/8
v -0.12500 -0.06250 0.25000
v -0.12500 -0.03125 0.25000
v -0.12500 -0.03125 0.21875
v -0.12500 -0.06250 0.21875
f 6365/8 6366/8 6367/8
f 6365/8 6367/8 6368/8
v -0.12500 -0.03125 0.25000
v -0.12500 0.00000 0.25000
v -0.12500 0.00000 0.21875
v -0.12500 -0.03125 0.21875
f 6369/8 6370/8 6371/8
f 6369/8 6371/8 6372/8
v -0.12500 0.00000 0.25000
v -0.12500 0.03125 0.25000
v -0.12500 0.03125 0.21875
v -0.12500 0.00000 0.21875
f 6373/8 6374/8 6375/8
f 6373/8 6375/8 6376/8
v -0.12500 0.03125 0.25000
v -0.12500 0.06250 0.25000
v -0.12500 0.06250 0.21875
v -0.12500 0.03125 0.21875
f 6377/8 6378/8 6379/8
f 6377/8 6379/8 6380/8
v -0.12500 0.06250 0.25000
v -0.12500 0.09375 0.25000
v -0.12500 0.09375 0.21875
v -0.12500 0.06250 0.21875
f 6381/8 6382/8 6383/8
f 6381/8 6383/8 6384/8
v -0.12500 0.09375 0.25000
v -0.12500 0.12500 0.25000
v -0.12500 0.12500 0.21875
v -0.12500 0.09375 0.21875
f 6385/8 6386/8 6387/8
f 6385/8 6387/8 6388/8
v -0.12500 0.12500 0.25000
v -0.09375 0.12500 0.25000
v -0.09375 0.12500 0.21875
v -0.12500 0.12500 0.21875
f 6389/8 6390/8 6391/8
f 6389/8 6391/8 6392/8
v -0.09375 -0.12500 0.21875
v -0.06250 -0.12500 0.21875
v -0.06250 -0.12500 0.25000
v -0.09375 -0.12500 0.25000
f 6393/8 6394/8 6395/8
f 6393/8 6395/8 6396/8
v -0.09375 0.12500 0.25000
v -0.06250 0.12500 0.25000
v -0.06250 0.12500 0.21875
v -0.09375 0.12500 0.21875
f 6397/8 6398/8 6399/8
f 6397/8 6399/8 6400/8
v -0.06250 -0.12500 0.21875
v -0.03125 -0.12500 0.21875
v -0.03125 -0.12500 0.25000
v -0.06250 -0.12500 0.25000
f 6401/8 6402/8 6403/8
f 6401/8 6403/8 6404/8
v -0.06250 0.12500 0.25000
v -0.03125 0.12500 0.25000
v -0.03125 0.12500 0.21875
v -0.06250 0.12500 0.21875
f 6405/8 6406/8 6407/8
f 6405/8 6407/8 6408/8
v -0.03125 -0.12500 0.21875
v 0.00000 -0.12500 0.21875
v 0.00000 -0.12500 0.25000
v -0.03125 -0.12500 0.25000
f 6409/8 6410/8 6411/8
f 6409/8 6411/8 6412/8
v -0.03125 0.12500 0.25000
v 0.00000 0.12500 0.25000
v 0.00000 0.12500 0.21875
v -0.03125 0.12500 0.21875
f 6413/8 6414/8 6415/8
f 6413/8 6415/8 6416/8
v 0.00000 -0.12500 0.21875
v 0.03125 -0.12500 0.21875
v 0.03125 -0.12500 0.25000
v 0.00000 -0.12500 0.25000
f 6417/8 6418/8 6419/8
f 6417/8 6419/8 6420/8
v 0.00000 0.12500 0.25000
v 0.03125 0.12500 0.25000
v 0.03125 0.12500 0.21875
v 0.00000 0.12500 0.21875
f 6421/8 6422/8 6423/8
f 6421/8 6423/8 6424/8
v 0.03125 -0.12500 0.21875
v 0.06250 -0.12500 0.21875
v 0.06250 -0.12500 0.25000
v 0.03125 -0.12500 0.25000
f 6425/8 6426/8 6427/8
f 6425/8 6427/8 6428/8
v 0.03125 0.12500 0.25000
v 0.06250 0.12500 0.25000
v 0.06250 0.12500 0.21875
v 0.03125 0.12500 0.21875
f 6429/8 6430/8 6431/8
f 6429/8 6431/8 6432/8
v 0.06250 -0.12500 0.21875
v 0.09375 -0.12500 0.21875
v 0.09375 -0.12500 0.25000
v 0.06250 -0.12500 0.25000
f 6433/8 6434/8 6435/8
f 6433/8 6435/8 6436/8
v 0.06250 0.12500 0.25000
v 0.09375 0.12500 0.25000
v 0.09375 0.12500 0.21875
v 0.06250 0.12500 0.21875
f 6437/8 6438/8 6439/8
f 6437/8 6439/8 6440/8
v 0.12500 -0.12500 0.21875
v 0.12500 -0.09375 0.21875
v 0.12500 -0.09375 0.25000
v 0.12500 -0.12500 0.25000
f 6441/8 6442/8 6443/8
f 6441/8 6443/8 6444/8
v 0.09375 -0.12500 0.21875
v 0.12500 -0.12500 0.21875
v 0.12500 -0.12500 0.25000
v 0.09375 -0.12500 0.25000
f 6445/8 6446/8 6447/8
f 6445/8 6447/8 6448/8
v 0.12500 -0.09375 0.21875
v 0.12500 -0.06250 0.21875
v 0.12500 -0.06250 0.25000
v 0.12500 -0.09375 0.25000
f 6449/8 6450/8 6451/8
f 6449/8 6451/8 6452/8
v 0.12500 -0.06250 0.21875
v 0.12500 -0.03125 0.21875
v 0.12500 -0.03125 0.25000
v 0.12500 -0.06250 0.25000
f 6453/8 6454/8 6455/8
f 6453/8 6455/8 6456/8
v 0.12500 -0.03125 0.21875
v 0.12500 0.00000 0.21875
v 0.12500 0.00000 0.25000
v 0.12500 -0.03125 0.25000
f 6457/8 6458/8 6459/8
f 6457/8 6459/8 6460/8
v 0.12500 0.00000 0.21875
v 0.12500 0.03125 0.21875
v 0.12500 0.03125 0.25000
v 0.12500 0.00000 0.25000
f 6461/8 6462/8 6463/8
f 6461/8 6463/8 6464/8
v 0.12500 0.03125 0.21875
v 0.12500 0.06250 0.21875
v 0.12500 0.06250 0.25000
v 0.12500 0.03125 0.25000
f 6465/8 6466/8 6467/8
f 6465/8 6467/8 6468/8
v 0.12500 0.06250 0.21875
v 0.12500 0.09375 0.21875
v 0.12500 0.09375 0.25000
v 0.12500 0.06250 0.25000
f 6469/8 6470/8 6471/8
f 6469/8 6471/8 6472/8
v 0.12500 0.09375 0.21875
v 0.12500 0.12500 0.21875
v 0.12500 0.12500 0.25000
v 0.12500 0.09375 0.25000
f 6473/8 6474/8 6475/8
f 6473/8 6475/8 6476/8
v 0.09375 0.12500 0.25000
v 0.12500 0.12500 0.25000
v 0.12500 0.12500 0.21875
v 0.09375 0.12500 0.21875
f 6477/8 6478/8 6479/8
f 6477/8 6479/8 6480/8
v -0.09375 -0.06250 -0.50000
v -0.06250 -0.06250 -0.50000
v -0.06250 -0.09375 -0.50000
v -0.09375 -0.09375 -0.50000
f 6481/9 6482/9 6483/9
f 6481/9 6483/9 6484/9
v -0.09375 -0.03125 -0.50000
v -0.06250 -0.03125 -0.50000
v -0.06250 -0.06250 -0.50000
v -0.09375 -0.06250 -0.50000
f 6485/9 6486/9 6487/9
f 6485/9 6487/9 6488/9
v -0.09375 0.00000 -0.50000
v -0.06250 0.00000 -0.50000
v -0.06250 -0.03125 -0.50000
v -0.09375 -0.03125 -0.50000
f 6489/9 6490/9 6491/9
f 6489/9 6491/9 6492/9
v -0.09375 0.03125 -0.50000
v -0.06250 0.03125 -0.50000
v -0.06250 0.00000 -0.50000
v -0.09375 0.00000 -0.50000
f 6493/9 6494/9 6495/9
f 6493/9 6495/9 6496/9
v -0.09375 0.06250 -0.50000
v -0.06250 0.06250 -0.50000
v -0.06250 0.03125 -0.50000
v -0.09375 0.03125 -0.50000
f 6497/9 6498/9 6499/9
f 6497/9 6499/9 6500/9
v -0.09375 0.09375 -0.50000
v -0.06250 0.09375 -0.50000
v -0.06250 0.06250 -0.50000
v -0.09375 0.06250 -0.50000
f 6501/9 6502/9 6503/9
f 6501/9 6503/9 6504/9
v -0.06250 -0.06250 -0.50000
v -0.03125 -0.06250 -0.50000
v -0.03125 -0.09375 -0.50000
v -0.06250 -0.09375 -0.50000
f 6505/9 6506/9 6507/9
f 6505/9 6507/9 6508/9
v -0.06250 -0.03125 -0.50000
v -0.03125 -0.03125 -0.50000
v -0.03125 -0.06250 -0.50000
v -0.06250 -0.06250 -0.50000
f 6509/10 6510/10 6511/10
f 6509/10 6511/10 6512/10
v -0.06250 0.00000 -0.50000
v -0.03125 0.00000 -0.50000
v -0.03125 -0.03125 -0.50000
v -0.06250 -0.03125 -0.50000
f 6513/10 6514/10 6515/10
f 6513/10 6515/10 6516/10
v -0.06250 0.03125 -0.50000
v -0.03125 0.03125 -0.50000
v -0.03125 0.00000 -0.50000
v -0.06250 0.00000 -0.50000
f 6517/10 6518/10 6519/10
f 6517/10 6519/10 6520/10
v -0.06250 0.06250 -0.50000
v -0.03125 0.06250 -0.50000
v -0.03125 0.03125 -0.50000
v -0.06250 0.03125 -0.50000
f 6521/10 6522/10 6523/10
f 6521/10 6523/10 6524/10
v -0.06250 0.09375 -0.50000
v -0.03125 0.09375 -0.50000
v -0.03125 0.06250 -0.50000
v -0.06250 0.06250 -0.50000
f 6525/9 6526/9 6527/9
f 6525/9 6527/9 6528/9
v -0.03125 -0.06250 -0.50000
v 0.00000 -0.06250 -0.50000
v 0.00000 -0.09375 -0.50000
v -0.03125 -0.09375 -0.50000
f 6529/9 6530/9 6531/9
f 6529/9 6531/9 6532/9
v -0.03125 -0.03125 -0.50000
v 0.00000 -0.03125 -0.50000
v 0.00000 -0.06250 -0.50000
v -0.03125 -0.06250 -0.50000
f 6533/10 6534/10 6535/10
f 6533/10 6535/10 6536/10
v -0.03125 0.00000 -0.50000
v 0.00000 0.00000 -0.50000
v 0.00000 -0.03125 -0.50000
v -0.03125 -0.03125 -0.50000
f 6537/10 6538/10 6539/10
f 6537/10 6539/10 6540/10
v -0.03125 0.03125 -0.50000
v 0.00000 0.03125 -0.50000
v 0.00000 0.00000 -0.50000
v -0.03125 0.00000 -0.50000
f 6541/10 6542/10 6543/10
f 6541/10 6543/10 6544/10
v -0.03125 0.06250 -0.50000
v 0.00000 0.06250 -0.50000
v 0.00000 0.03125 -0.50000
v -0.03125 0.03125 -0.50000
f 6545/10 6546/10 6547/10
f 6545/10 6547/10 6548/10
v -0.03125 0.09375 -0.50000
v 0.00000 0.09375 -0.50000
v 0.00000 0.06250 -0.50000
v -0.03125 0.06250 -0.50000
f 6549/9 6550/9 6551/9
f 6549/9 6551/9 6552/9
v 0.00000 -0.06250 -0.50000
v 0.03125 -0.06250 -0.50000
v 0.03125 -0.09375 -0.50000
v 0.00000 -0.09375 -0.50000
f 6553/9 6554/9 6555/9
f 6553/9 6555/9 6556/9
v 0.00000 -0.03125 -0.50000
v 0.03125 -0.03125 -0.50000
v 0.03125 -0.06250 -0.50000
v 0.00000 -0.06250 -0.50000
f 6557/10 6558/10 6559/10
f 6557/10 6559/10 6560/10
v 0.00000 0.00000 -0.50000
v 0.03125 0.00000 -0.50000
v 0.03125 -0.03125 -0.50000
v 0.00000 -0.03125 -0.50000
f 6561/10 6562/10 6563/10
f 6561/10 6563/10 6564/10
v 0.00000 0.03125 -0.50000
v 0.03125 0.03125 -0.50000
v 0.03125 0.00000 -0.50000
v 0.00000 0.00000 -0.50000
f 6565/10 6566/10 6567/10
f 6565/10 6567/10 6568/10
v 0.00000 0.06250 -0.50000
v 0.03125 0.06250 -0.50000
v 0.03125 0.03125 -0.50000
v 0.00000 0.03125 -0.50000
f 6569/10 6570/10 6571/10
f 6569/10 6571/10 6572/10
v 0.00000 0.09375 -0.50000
v 0.03125 0.09375 -0.50000
v 0.03125 0.06250 -0.50000
v 0.00000 0.06250 -0.50000
f 6573/9 6574/9 6575/9
f 6573/9 6575/9 6576/9
v 0.03125 -0.06250 -0.50000
v 0.06250 -0.06250 -0.50000
v 0.06250 -0.09375 -0.50000
v 0.03125 -0.09375 -0.50000
f 6577/9 6578/9 6579/9
f 6577/9 6579/9 6580/9
v 0.03125 -0.03125 -0.50000
v 0.06250 -0.03125 -0.50000
v 0.06250 -0.06250 -0.50000
v 0.03125 -0.06250 -0.50000
f 6581/10 6582/10 6583/10
f 6581/10 6583/10 6584/10
v 0.03125 0.00000 -0.50000
v 0.06250 0.00000 -0.50000
v 0.06250 -0.03125 -0.50000
v 0.03125 -0.03125 -0.50000
f 6585/10 6586/10 6587/10
f 6585/10 6587/10 6588/10
v 0.03125 0.03125 -0.50000
v 0.06250 0.03125 -0.50000
v 0.06250 0.00000 -0.50000
v 0.03125 0.00000 -0.50000
f 6589/10 6590/10 6591/10
f 6589/10 6591/10 6592/10
v 0.03125 0.06250 -0.50000
v 0.06250 0.06250 -0.50000
v 0.06250 0.03125 -0.50000
v 0.03125 0.03125 -0.50000
f 6593/10 6594/10 6595/10
f 6593/10 6595/10 6596/10
v 0.03125 0.09375 -0.50000
v 0.06250 0.09375 -0.50000
v 0.06250 0.06250 -0.50000
v 0.03125 0.06250 -0.50000
f 6597/9 6598/9 6599/9
f 6597/9 6599/9 6600/9
v 0.06250 -0.06250 -0.50000
v 0.09375 -0.06250 -0.50000
v 0.09375 -0.09375 -0.50000
v 0.06250 -0.09375 -0.50000
f 6601/9 6602/9 6603/9
f 6601/9 6603/9 6604/9
v 0.06250 -0.03125 -0.50000
v 0.09375 -0.03125 -0.50000
v 0.09375 -0.06250 -0.50000
v 0.06250 -0.06250 -0.50000
f 6605/9 6606/9 6607/9
f 6605/9 6607/9 6608/9
v 0.06250 0.00000 -0.50000
v 0.09375 0.00000 -0.50000
v 0.09375 -0.03125 -0.50000
v 0.06250 -0.03125 -0.50000
f 6609/9 6610/9 6611/9
f 6609/9 6611/9 6612/9
v 0.06250 0.03125 -0.50000
v 0.09375 0.03125 -0.50000
v 0.09375 0.00000 -0.50000
v 0.06250 0.00000 -0.50000
f 6613/9 6614/9 6615/9
f 6613/9 6615/9 6616/9
v 0.06250 0.06250 -0.50000
v 0.09375 0.06250 -0.50000
v 0.09375 0.03125 -0.50000
v 0.06250 0.03125 -0.50000
f 6617/9 6618/9 6619/9
f 6617/9 6619/9 6620/9
v 0.06250 0.09375 -0.50000
v 0.09375 0.09375 -0.50000
v 0.09375 0.06250 -0.50000
v 0.06250 0.06250 -0.50000
f 6621/9 6622/9 6623/9
f 6621/9 6623/9 6624/9
