# H18, assembled using Weapon_Claymore_H18_134_5 prefab transforms
mtllib mdl.mtl
v 0.02821029 0.031227972 1.283538
v 0.0328111 0 1.2895716
v 0.035431366 0.0005020019 1.294554
v 0.030789338 0.035611942 1.2886964
v 0.02821029 -0.031227972 1.283538
v 0.030789338 -0.034607936 1.2886964
v 0.013012964 -0.049668435 1.2665944
v 0.013539336 -0.04411975 1.2635944
v -0.01068937 -0.046397828 1.2220863
v -0.018307626 -0.0613918 1.208469
v 0.013012964 0.04720108 1.2665944
v 0.02821029 0.031227972 1.283538
v 0.013539336 0.04411975 1.2635944
v -0.01068937 0.046397828 1.2220863
v -0.018307626 0.0613918 1.208469
v -0.06355251 -0.031238403 1.4077774
v -0.052513245 -0.031348795 1.4001391
v -0.06885877 -0.031231245 1.2712742
v -0.098063484 -0.033547238 1.2772965
v -0.062277086 0 1.4118619
v -0.08077093 0 1.4194015
v -0.08106559 -0.031238403 1.4147534
v -0.05165472 0 1.404317
v -0.098063484 -0.033547238 1.2772965
v -0.06355251 0.031238403 1.4077774
v -0.08106559 0.031238403 1.4147534
v -0.052513245 0.031348795 1.4001391
v -0.06885877 0.031231245 1.2712742
v -0.098063484 0.033547238 1.2772965
v -0.098063484 0.033547238 1.2772965
v 0.037285883 -0.032796875 1.1794629
v 0.031959374 -0.032796875 1.2377913
v 0.035212394 0 1.2431874
v 0.040227853 0 1.1831583
v -0.0030106711 -0.032542516 1.1834307
v -0.00055289984 -0.03287402 1.1709254
v -0.0087375045 -0.03287402 1.1294178
v 0.0075916885 -0.03287402 1.1266665
v 0.037285883 0.032796875 1.1794629
v 0.031959374 0.032796875 1.2377913
v -0.0030106711 0.032542516 1.1834307
v -0.00055289984 0.03287402 1.1709254
v -0.0087375045 0.03287402 1.1294178
v 0.0075916885 0.03287402 1.1266665
v -0.020169064 -0.03287402 1.0631375
v -0.020170324 -0.03287402 1.1057484
v 0.0075916885 -0.03287402 1.1266665
v 0.0075916885 -0.03287402 0.70113575
v -0.020162694 -0.03287402 0.59294945
v 0.03246132 -0.03287402 0.670932
v 0.03246136 -0.03287402 0.43214884
v -0.046935234 -0.03287402 0.56913567
v -0.046935234 -0.03287402 0.45599085
v 0.03246136 -0.03287402 0.43214884
v -0.042917136 -0.03287402 0.43214884
v -0.055904865 -0.03287402 0.447952
v -0.020169064 0.03287402 1.0631375
v 0.0075916885 0.03287402 1.1266665
v 0.0075916885 0.03287402 0.70113575
v -0.020162694 0.03287402 0.59294945
v 0.03246132 0.03287402 0.670932
v 0.03246136 0.03287402 0.43214884
v -0.046935234 0.03287402 0.56913567
v -0.046935234 0.03287402 0.45599085
v -0.020170324 0.03287402 1.1057484
v -0.042917136 -0.03287402 0.43214884
v 0.03246136 -0.03287402 0.43214884
v 0.03246136 0 0.43214884
v -0.042917136 0 0.43214884
v -0.042917136 0.037714895 0.43214884
v 0.03246136 0.03287402 0.43214884
v -0.042917136 0 0.3451311
v -0.042917136 -0.051272307 0.3451311
v -0.042917136 -0.03287402 0.43214884
v -0.042917136 0 0.43214884
v -0.042917136 -0.051272307 0.43214884
v -0.042917136 0.037714895 0.43214884
v -0.042917136 0.051272307 0.3451311
v -0.042917136 0.051272307 0.43214884
v -0.08060646 0 0.036063362
v -0.08060646 -0.051272307 0.036063362
v -0.08060646 -0.051272307 0.3451311
v -0.08060646 0 0.3451311
v -0.08060646 0.051272307 0.3451311
v -0.08060646 0.051272307 0.036063362
v -0.14021596 0 -0.07930255
v -0.14021596 -0.051272307 -0.07930255
v -0.1375864 -0.051272307 -0.05075413
v -0.1375864 0 -0.05075413
v -0.1375864 0.051272307 -0.05075413
v -0.14021596 0.051272307 -0.07930255
v -0.1375864 0 -0.05075413
v -0.1375864 -0.051272307 -0.05075413
v -0.12368427 -0.051272307 -0.06500933
v -0.12368427 0 -0.06500933
v -0.12368427 0.051272307 -0.06500933
v -0.1375864 0.051272307 -0.05075413
v -0.041432627 0 -0.08256934
v -0.041432627 -0.051272307 -0.08256934
v -0.041432627 -0.051272307 0.036063362
v -0.041432627 0 0.036063362
v -0.041432627 0.051272307 0.036063362
v -0.041432627 0.051272307 -0.08256934
v -0.041432627 0 0.036063362
v -0.041432627 -0.051272307 0.036063362
v -0.08060646 -0.051272307 0.036063362
v -0.08060646 0 0.036063362
v -0.08060646 0.051272307 0.036063362
v -0.041432627 0.051272307 0.036063362
v -0.1375864 -0.051272307 -0.05075413
v -0.14021596 -0.051272307 -0.07930255
v -0.19115268 -0.051405992 -0.052911844
v -0.08060646 -0.051272307 0.036063362
v -0.12368427 -0.051272307 -0.06500933
v -0.041432627 -0.051272307 0.036063362
v -0.041432627 -0.051272307 -0.08256934
v -0.16078536 -0.05115782 -0.09530736
v -0.14171696 -0.051272314 0.37104478
v -0.19113499 -0.051272307 0.41717952
v -0.08060646 -0.051272307 0.3451311
v -0.042917136 -0.051272307 0.3451311
v -0.055869322 -0.051272314 0.4479839
v -0.042917136 -0.051272307 0.43214884
v -0.22455974 -0.046674777 1.2790337
v -0.22455974 0 1.2790337
v -0.21851993 0 1.470698
v -0.22046629 -0.046674777 1.4106026
v -0.21871814 -0.031241225 1.4653431
v -0.22028507 -0.05285139 1.4107536
v -0.22004917 -0.052295074 1.4259645
v -0.22455974 0.046674777 1.2790337
v -0.22046629 0.046674777 1.4106026
v -0.21871814 0.031241225 1.4653431
v -0.22028507 0.05285139 1.4107536
v -0.22004917 0.052295074 1.4259645
v -0.042917136 0 0.3451311
v -0.08060646 0 0.3451311
v -0.08060646 -0.051272307 0.3451311
v -0.042917136 -0.051272307 0.3451311
v -0.042917136 0 0.3451311
v -0.08060646 0.051272307 0.3451311
v -0.042917136 0.051272307 0.3451311
v -0.041432627 0 -0.08256934
v -0.12368427 0 -0.06500933
v -0.12368427 -0.051272307 -0.06500933
v -0.041432627 -0.051272307 -0.08256934
v -0.12368427 0.051272307 -0.06500933
v -0.041432627 0.051272307 -0.08256934
v -0.19115268 -0.051405992 -0.052911844
v -0.1911173 0 -0.053006545
v -0.19113499 0 0.41717952
v -0.19113499 -0.051272307 0.41717952
v -0.19115268 0.051405992 -0.052911844
v -0.19113499 0 0.41717952
v -0.19113499 0.051272307 0.41717952
v -0.004219205 -0.049668517 1.3101354
v -0.018307626 -0.0613918 1.208469
v -0.03957435 -0.0613918 1.240297
v 0.013012964 -0.049668435 1.2665944
v 0.030789338 -0.034607936 1.2886964
v 0.009478343 -0.034608107 1.3334608
v 0.0131295035 0.0005020019 1.3403492
v 0.035431366 0.0005020019 1.294554
v -0.017361905 0.0005020019 1.3836904
v -0.01957832 -0.034608107 1.3757259
v -0.049928665 0.0005020019 1.4184184
v -0.051251106 -0.034608796 1.4103993
v -0.025059393 -0.049668517 1.3443726
v -0.07140226 -0.0613918 1.2615637
v -0.055403862 -0.049668517 1.3768224
v 0.030789338 0.035611942 1.2886964
v 0.009478343 0.035612114 1.3334608
v -0.01957832 0.035612114 1.3757259
v -0.051251106 0.0356128 1.4103993
v -0.004219205 0.047201157 1.3101354
v 0.013012964 0.04720108 1.2665944
v -0.025059393 0.047201157 1.3443726
v -0.055403862 0.047201157 1.3768224
v -0.07140226 0.0613918 1.2615637
v -0.03957435 0.0613918 1.240297
v -0.018307626 0.0613918 1.208469
v -0.0029633688 -0.046994194 1.1836774
v 0.02288132 -0.044119686 1.2237532
v 0.031959374 -0.032796875 1.2377913
v -0.0030106711 -0.032542516 1.1834307
v 0.03843132 -0.031164384 1.2482655
v 0.035212394 0 1.2431874
v 0.04282608 0 1.2551799
v 0.03843132 0.031164384 1.2482655
v 0.031959374 0.032796875 1.2377913
v 0.02288132 0.044119686 1.2237532
v -0.0029633688 0.046994194 1.1836774
v -0.0030106711 0.032542516 1.1834307
v -0.15511261 -0.0613918 1.2563939
v -0.14204578 -0.077665634 1.2508357
v -0.17010655 -0.077665634 1.232086
v -0.18559131 -0.04697502 1.2475708
v -0.18885615 -0.077665634 1.2040254
v -0.20908801 -0.04697502 1.2124057
v -0.1954401 -0.077665634 1.1709254
v -0.2173389 -0.04697502 1.1709254
v -0.18885615 -0.077665634 1.1378255
v -0.20908809 -0.04697502 1.1294453
v -0.17010662 -0.077665634 1.1097648
v -0.1911701 -0.04697502 1.1030349
v -0.12771769 -0.0613918 1.2652977
v -0.108945884 -0.077665634 1.2574197
v -0.09954062 -0.0613918 1.2671608
v -0.07140226 -0.0613918 1.2615637
v -0.07584599 -0.077665634 1.2508355
v -0.03957435 -0.0613918 1.240297
v -0.047785223 -0.077665634 1.232086
v -0.018307626 -0.0613918 1.208469
v -0.02903568 -0.077665634 1.2040253
v -0.06948135 -0.047140267 1.2715293
v -0.0978979 -0.047021277 1.2771379
v -0.17091192 -0.06520782 1.099789
v -0.14204583 -0.077665634 1.0910151
v -0.14533406 -0.065207824 1.0830767
v -0.10894592 -0.077665634 1.0844312
v -0.10894592 -0.06520783 1.0760448
v -0.0029633688 -0.046994194 1.1836774
v -0.01068937 -0.046397828 1.2220863
v -0.022451703 -0.077665634 1.1709254
v -0.00055289984 -0.04697502 1.1709254
v -0.02903568 -0.077665634 1.1378255
v -0.0087375045 -0.04697502 1.1294178
v -0.0477853 -0.077665634 1.1097647
v -0.020170324 -0.04697502 1.1057484
v -0.048104305 -0.06520782 1.0993422
v -0.07251219 -0.06520782 1.0829666
v -0.075846024 -0.077665634 1.0910151
v -0.10894592 -0.06520783 1.0760448
v -0.10894592 -0.077665634 1.0844312
v -0.1954401 -0.077665634 1.1709254
v -0.022451703 -0.077665634 1.1709254
v -0.02903568 -0.077665634 1.1378255
v -0.18885615 -0.077665634 1.1378255
v -0.02903568 -0.077665634 1.2040253
v -0.18885615 -0.077665634 1.2040254
v -0.047785223 -0.077665634 1.232086
v -0.17010655 -0.077665634 1.232086
v -0.07584599 -0.077665634 1.2508355
v -0.14204578 -0.077665634 1.2508357
v -0.108945884 -0.077665634 1.2574197
v -0.17010662 -0.077665634 1.1097648
v -0.0477853 -0.077665634 1.1097647
v -0.14204583 -0.077665634 1.0910151
v -0.075846024 -0.077665634 1.0910151
v -0.10894592 -0.077665634 1.0844312
v -0.19113499 -0.06305153 0.41717952
v -0.17095456 -0.08141342 0.41868496
v -0.14171696 -0.081849284 0.39117274
v -0.14171696 -0.063616484 0.37104478
v -0.14171696 -0.081849284 0.39117274
v -0.062180173 -0.08050903 0.46079502
v -0.046935234 -0.06229614 0.45599085
v -0.14171696 -0.063616484 0.37104478
v -0.17091192 -0.06520782 1.099789
v -0.17095456 -0.08141342 0.41868496
v -0.19113499 -0.06305153 0.41717952
v -0.1911701 -0.04697502 1.1030349
v -0.046935234 -0.060005568 0.56913567
v -0.046935234 -0.06229614 0.45599085
v -0.062180173 -0.08050903 0.46079502
v -0.062180173 -0.07823837 0.56913567
v -0.020162694 -0.05941597 0.59294945
v -0.034606166 -0.07764885 0.59294945
v -0.020169064 -0.04697502 1.0631375
v -0.034606166 -0.065207824 1.0631375
v -0.048393134 -0.065207824 1.0762979
v -0.034606166 -0.065207824 1.0631375
v -0.034606166 -0.07764885 0.59294945
v -0.062180173 -0.07823837 0.56913567
v -0.07251219 -0.06520782 1.0829666
v -0.048104305 -0.06520782 1.0993422
v -0.10894592 -0.06520783 1.0760448
v -0.14171696 -0.081849284 0.39117274
v -0.17095456 -0.08141342 0.41868496
v -0.062180173 -0.08050903 0.46079502
v -0.14533406 -0.065207824 1.0830767
v -0.10894592 -0.06520783 1.0760448
v -0.17091192 -0.06520782 1.099789
v -0.048393134 -0.065207824 1.0762979
v -0.048104305 -0.06520782 1.0993422
v -0.020170324 -0.04697502 1.1057484
v -0.020169064 -0.04697502 1.0631375
v -0.020169064 -0.04697502 1.0631375
v -0.034606166 -0.065207824 1.0631375
v -0.048393134 -0.065207824 1.0762979
v -0.09954062 -0.0613918 1.2671608
v -0.12508593 -0.052295074 1.4103285
v -0.0832103 -0.052295074 1.3960735
v -0.17757893 -0.052295074 1.4221382
v -0.12771769 -0.0613918 1.2652977
v -0.124359205 -0.03123535 1.4518111
v -0.07892055 -0.031241072 1.4364461
v -0.07892055 0 1.441801
v -0.124359205 0 1.4571654
v -0.17887996 -0.031239394 1.4633164
v -0.17887996 0 1.4686714
v -0.21871814 -0.031241225 1.4653431
v -0.21851993 0 1.470698
v -0.22004917 -0.052295074 1.4259645
v -0.22028507 -0.05285139 1.4107536
v -0.15511261 -0.0613918 1.2563939
v -0.124359205 0.03123535 1.4518111
v -0.07892055 0.031241072 1.4364461
v -0.17887996 0.031239394 1.4633164
v -0.21871814 0.031241225 1.4653431
v -0.0832103 0.052295074 1.3960735
v -0.12508593 0.052295074 1.4103285
v -0.09954062 0.0613918 1.2671608
v -0.17757893 0.052295074 1.4221382
v -0.12771769 0.0613918 1.2652977
v -0.22004917 0.052295074 1.4259645
v -0.22028507 0.05285139 1.4107536
v -0.15511261 0.0613918 1.2563939
v -0.15511261 -0.0613918 1.2563939
v -0.15913951 -0.0468249 1.2652454
v -0.22028507 -0.05285139 1.4107536
v -0.22046629 -0.046674777 1.4106026
v -0.2173389 -0.04697502 1.1709254
v -0.2173389 -0.04122033 1.1709254
v -0.20908801 -0.04122033 1.2124056
v -0.20908801 -0.04697502 1.2124057
v -0.20908809 -0.04697502 1.1294453
v -0.20908809 -0.04122033 1.1294452
v -0.18652111 -0.04122033 1.2482266
v -0.18559131 -0.04697502 1.2475708
v -0.1911701 -0.04122033 1.1030349
v -0.1911701 -0.04697502 1.1030349
v -0.00055289984 -0.04697502 1.1709254
v -0.00055289984 -0.03287402 1.1709254
v -0.0087375045 -0.03287402 1.1294178
v -0.0087375045 -0.04697502 1.1294178
v -0.020170324 -0.03287402 1.1057484
v -0.020170324 -0.04697502 1.1057484
v -0.0030106711 -0.032542516 1.1834307
v -0.0029633688 -0.046994194 1.1836774
v -0.14171696 -0.063616484 0.37104478
v -0.14171696 -0.051272314 0.37104478
v -0.19113499 -0.051272307 0.41717952
v -0.19113499 -0.06305153 0.41717952
v -0.046935234 -0.03287402 0.45599085
v -0.055904865 -0.03287402 0.447952
v -0.055869322 -0.051272314 0.4479839
v -0.046935234 -0.06229614 0.45599085
v -0.14171696 -0.051272314 0.37104478
v -0.14171696 -0.063616484 0.37104478
v -0.19113499 -0.051272307 0.41717952
v -0.1911701 -0.04122033 1.1030349
v -0.1911701 -0.04697502 1.1030349
v -0.19113499 -0.06305153 0.41717952
v -0.1911701 0 1.2515063
v -0.19113499 0 0.41717952
v -0.18652111 -0.04122033 1.2482266
v -0.22455974 -0.046674777 1.2790337
v -0.22455974 0 1.2790337
v -0.18559131 -0.04697502 1.2475708
v -0.18652111 -0.04122033 1.2482266
v -0.22455974 0.046674777 1.2790337
v -0.1911701 0 1.2515063
v -0.18652111 0.041220024 1.2482266
v -0.1911701 0.04122033 1.1030349
v -0.19113499 0.051272307 0.41717952
v -0.1911701 0.04697502 1.1030349
v -0.19113499 0.06305153 0.41717952
v -0.1911701 0 1.2515063
v -0.19113499 0 0.41717952
v -0.18652111 0.041220024 1.2482266
v -0.18559131 0.04697502 1.2475708
v -0.046935234 -0.060005568 0.56913567
v -0.046935234 -0.03287402 0.56913567
v -0.046935234 -0.03287402 0.45599085
v -0.046935234 -0.06229614 0.45599085
v -0.020162694 -0.05941597 0.59294945
v -0.020162694 -0.03287402 0.59294945
v -0.046935234 -0.03287402 0.56913567
v -0.046935234 -0.060005568 0.56913567
v -0.020170324 -0.04697502 1.1057484
v -0.020170324 -0.03287402 1.1057484
v -0.020169064 -0.03287402 1.0631375
v -0.020169064 -0.04697502 1.0631375
v -0.020162694 -0.03287402 0.59294945
v -0.020162694 -0.05941597 0.59294945
v -0.051251106 -0.034608796 1.4103993
v -0.052513245 -0.031348795 1.4001391
v -0.05165472 0 1.404317
v -0.049928665 0.0005020019 1.4184184
v -0.055403862 -0.049668517 1.3768224
v -0.06948135 -0.047140267 1.2715293
v -0.07140226 -0.0613918 1.2615637
v -0.06885877 -0.031231245 1.2712742
v -0.051251106 0.0356128 1.4103993
v -0.052513245 0.031348795 1.4001391
v -0.055403862 0.047201157 1.3768224
v -0.06948135 0.047140267 1.2715293
v -0.07140226 0.0613918 1.2615637
v -0.06885877 0.031231245 1.2712742
v -0.07892055 0 1.441801
v -0.08077093 0 1.4194015
v -0.08106559 -0.031238403 1.4147534
v -0.07892055 -0.031241072 1.4364461
v -0.0832103 -0.052295074 1.3960735
v -0.0978979 -0.047021277 1.2771379
v -0.098063484 -0.033547238 1.2772965
v -0.09954062 -0.0613918 1.2671608
v -0.08106559 0.031238403 1.4147534
v -0.07892055 0.031241072 1.4364461
v -0.0832103 0.052295074 1.3960735
v -0.0978979 0.047021277 1.2771379
v -0.098063484 0.033547238 1.2772965
v -0.09954062 0.0613918 1.2671608
v -0.24460387 -0.060584765 -0.004279942
v -0.22523077 -0.060584765 -0.06948808
v -0.23572986 -0.051327508 -0.07637979
v -0.25567034 -0.051327508 -0.011153023
v -0.28384033 -0.060584765 0.067582384
v -0.2945937 -0.051327508 0.058807075
v -0.2634984 -0.036963034 -0.016185844
v -0.30242175 -0.036963034 0.052778006
v -0.24341266 -0.036963034 -0.08081112
v -0.25122166 -0.070761286 0.09512964
v -0.20510677 -0.070761286 0.03510206
v -0.18862796 -0.0483649 -0.12419552
v -0.19490512 -0.03541467 -0.12961583
v -0.18039097 -0.05647944 -0.1174183
v -0.14564061 -0.03020322 -0.17068319
v -0.14564009 -0.04098583 -0.16433777
v -0.20517948 -0.070761286 -0.005152802
v -0.14869049 -0.06600035 -0.08942953
v -0.30242157 0 0.052778006
v -0.2634984 0 -0.016185844
v -0.24341273 0 -0.08081112
v -0.19498801 0 -0.12983747
v -0.14564103 0 -0.1712806
v -0.14564091 -0.04831508 -0.14796586
v -0.2871813 -0.05566846 0.07328076
v -0.24982548 -0.06723045 0.1045392
v -0.25122166 -0.070761286 0.09512964
v -0.28384033 -0.060584765 0.067582384
v -0.20510677 -0.070761286 0.03510206
v -0.19801967 -0.06383777 0.038406823
v -0.294685 -0.049772937 0.06705241
v -0.2871813 -0.05566846 0.07328076
v -0.2945937 -0.051327508 0.058807075
v -0.2945937 -0.051327508 0.058807075
v -0.30242175 -0.036963034 0.052778006
v -0.3018371 -0.037359733 0.060998905
v -0.301837 0 0.060998905
v -0.30242157 0 0.052778006
v -0.19979675 -0.050525617 -0.0027269977
v -0.19860478 -0.06383777 -0.0027551411
v -0.19801967 -0.06383777 0.038406823
v -0.19800708 -0.05545898 0.038404744
v -0.19801967 -0.06383777 0.038406823
v -0.19860478 -0.06383777 -0.0027551411
v -0.20517948 -0.070761286 -0.005152802
v -0.20510677 -0.070761286 0.03510206
v -0.14869049 -0.06600035 -0.08942953
v -0.14306797 -0.061599605 -0.085442595
v -0.14564091 -0.04831508 -0.14796586
v -0.24982548 -0.05828815 0.1045392
v -0.24982548 -0.06723045 0.1045392
v -0.2871813 -0.05566846 0.07328076
v -0.28663352 -0.047576 0.073696256
v -0.294685 -0.049772937 0.06705241
v -0.29391214 -0.0363903 0.067639194
v -0.3018371 -0.037359733 0.060998905
v -0.29391214 0 0.06763674
v -0.301837 0 0.060998905
v -0.3018371 0.037359733 0.060998905
v -0.29391214 0.0363903 0.067639194
v -0.294685 0.049772937 0.06705241
v -0.28663352 0.047576 0.073696256
v -0.2871813 0.05566846 0.07328076
v -0.24982548 0.05828815 0.1045392
v -0.24982548 0.06723045 0.1045392
v -0.19800708 -0.05545898 0.038404744
v -0.19801967 -0.06383777 0.038406823
v -0.24982548 -0.06723045 0.1045392
v -0.24982548 -0.05828815 0.1045392
v -0.14306797 -0.052409515 -0.085442595
v -0.14306797 -0.061599605 -0.085442595
v -0.19860478 -0.06383777 -0.0027551411
v -0.19979675 -0.050525617 -0.0027269977
v -0.14564009 -0.04098583 -0.16433777
v -0.14306909 -0.037130766 -0.14537944
v -0.14306982 -0.030009016 -0.1520481
v -0.14564061 -0.03020322 -0.17068319
v -0.14564103 0 -0.1712806
v -0.14306612 0 -0.15285702
v -0.14564091 -0.04831508 -0.14796586
v -0.14306797 -0.052409515 -0.085442595
v -0.14306797 -0.061599605 -0.085442595
v -0.14306982 0.030009016 -0.1520481
v -0.14564061 0.03020322 -0.17068319
v -0.14564009 0.04098583 -0.16433777
v -0.14306909 0.037130766 -0.14537944
v -0.14564091 0.04831508 -0.14796586
v -0.14306797 0.052409515 -0.085442595
v -0.14306797 0.061599605 -0.085442595
v -0.19979675 -0.050525617 -0.0027269977
v -0.19800708 -0.05545898 0.038404744
v -0.24982548 -0.05828815 0.1045392
v -0.28663352 -0.047576 0.073696256
v -0.19979675 -0.050525617 -0.0027269977
v -0.23099974 -0.04637154 -0.02131058
v -0.19115268 -0.051405992 -0.052911844
v -0.14306909 -0.037130766 -0.14537944
v -0.14306797 -0.052409515 -0.085442595
v -0.16078536 -0.05115782 -0.09530736
v -0.19979675 -0.050525617 -0.0027269977
v -0.19115268 -0.051405992 -0.052911844
v -0.17881434 -0.03754602 -0.11525337
v -0.14306982 -0.030009016 -0.1520481
v -0.1781493 0 -0.115429774
v -0.14306612 0 -0.15285702
v -0.16078536 -0.05115782 -0.09530736
v -0.14306982 0.030009016 -0.1520481
v -0.17881434 0.03754602 -0.11525337
v -0.14306909 0.037130766 -0.14537944
v -0.16078536 0.05115782 -0.09530736
v -0.16078536 0.05115782 -0.09530736
v -0.14306797 0.052409515 -0.085442595
v -0.19979675 0.050525617 -0.0027269977
v -0.19115268 0.051405992 -0.052911844
v -0.29391214 -0.0363903 0.067639194
v -0.29391214 0 0.06763674
v -0.2309984 0 -0.02125698
v -0.23099974 -0.04637154 -0.02131058
v -0.16078536 -0.05115782 -0.09530736
v -0.14021596 0 -0.07930255
v -0.1781493 0 -0.115429774
v -0.14021596 -0.051272307 -0.07930255
v -0.17881434 -0.03754602 -0.11525337
v -0.28663352 -0.047576 0.073696256
v -0.29391214 -0.0363903 0.067639194
v -0.23099974 -0.04637154 -0.02131058
v -0.19979675 -0.050525617 -0.0027269977
v -0.23099974 -0.04637154 -0.02131058
v -0.2309984 0 -0.02125698
v -0.1911173 0 -0.053006545
v -0.19115268 -0.051405992 -0.052911844
v -0.23099974 0.04637154 -0.02131058
v -0.19115268 0.051405992 -0.052911844
v -0.055904865 -0.03287402 0.447952
v -0.042917136 -0.03287402 0.43214884
v -0.042917136 -0.051272307 0.43214884
v -0.055869322 -0.051272314 0.4479839
v -0.098063484 -0.033547238 1.2772965
v -0.06885877 -0.031231245 1.2712742
v -0.06948135 -0.047140267 1.2715293
v -0.0978979 -0.047021277 1.2771379
v -0.15913951 -0.0468249 1.2652454
v -0.20908801 -0.04122033 1.2124056
v -0.2173389 -0.04122033 1.1709254
v -0.20908809 -0.04122033 1.1294452
v -0.18652111 -0.04122033 1.2482266
v -0.1911701 -0.04122033 1.1030349
v -0.15913951 -0.0468249 1.2652454
v -0.18559131 -0.04697502 1.2475708
v -0.22455974 -0.046674777 1.2790337
v -0.22046629 -0.046674777 1.4106026
v 0.04878475 -0.04046955 1.1795444
v 0.049609754 -0.04046955 1.1492726
v 0.0067753624 -0.04760101 1.1295326
v 0.04441345 -0.04046955 1.1926107
v 0.043589056 -0.04046955 1.1091446
v 0.030491259 -0.04046955 1.0778085
v 0.0067678094 -0.04888277 0.8309303
v 0.030472415 -0.041559275 0.8408521
v 0.035420496 -0.041559275 0.8134474
v 0.006768 -0.0528589 0.69546044
v 0.063818626 -0.04493971 0.7118864
v 0.0416436 -0.03181127 1.0578685
v 0.054546013 -0.031822946 1.1039281
v 0.04164364 -0.032901194 0.84519684
v 0.06169876 -0.031826645 1.1541355
v 0.05915142 -0.031856872 1.1910648
v 0.046801146 -0.03290042 0.81664467
v 0.07520321 -0.039132774 0.7147471
v 0.062344894 -0.037660178 0.66131467
v 0.05224285 -0.031856872 1.2054092
v 0.046801146 -0.03290042 0.81664467
v 0.04164364 -0.032901194 0.84519684
v 0.04682991 0 0.84519684
v 0.05214504 0 0.81664467
v 0.04682991 0 1.0578685
v 0.0416436 -0.03181127 1.0578685
v 0.060205307 0 1.1039281
v 0.054546013 -0.031822946 1.1039281
v 0.0673587 0 1.1554344
v 0.06169876 -0.031826645 1.1541355
v 0.065085255 0 1.1950926
v 0.05915142 -0.031856872 1.1910648
v 0.077609286 -0.028239135 0.7147471
v 0.07520321 -0.039132774 0.7147471
v 0.06296867 -0.033828124 0.6613115
v 0.062344894 -0.037660178 0.66131467
v 0.079051666 -0.016220016 0.7147471
v 0.08068519 0 0.7147471
v 0.07669609 0 0.6987681
v 0.075196795 -0.012014313 0.698566
v 0.05224285 -0.031856872 1.2054092
v 0.058010977 0 1.2138269
v 0.058367804 -0.031663436 0.66513276
v 0.069046855 -0.02691681 0.7133594
v 0.070431404 -0.016970672 0.7133594
v 0.0674097 -0.010754776 0.68736905
v 0.06907211 0 0.68736905
v 0.058369596 0 0.66513276
v 0.075196795 -0.012014313 0.698566
v 0.07669609 0 0.6987681
v 0.06907211 0 0.68736905
v 0.0674097 -0.010754776 0.68736905
v 0.058367804 -0.031663436 0.66513276
v 0.06296867 -0.033828124 0.6613115
v 0.077609286 -0.028239135 0.7147471
v 0.069046855 -0.02691681 0.7133594
v 0.077609286 -0.028239135 0.7147471
v 0.079051666 -0.016220016 0.7147471
v 0.070431404 -0.016970672 0.7133594
v 0.069046855 -0.02691681 0.7133594
v 0.079051666 -0.016220016 0.7147471
v 0.075196795 -0.012014313 0.698566
v 0.0674097 -0.010754776 0.68736905
v 0.070431404 -0.016970672 0.7133594
v 0.058367804 -0.031663436 0.66513276
v 0.042680778 -0.034602005 0.6735643
v 0.06296867 -0.033828124 0.6613115
v 0.0067678094 -0.04888277 0.8309303
v 0.006768 -0.0528589 0.69546044
v 0.006768 -0.0374422 0.69546044
v 0.006768 0 0.69546044
v 0.0067678094 0 0.8309303
v 0.0067678094 0.04888277 0.8309303
v 0.006768 0.037442196 0.69546044
v 0.006768 0.0528589 0.69546044
v 0.0067753624 -0.04760101 1.1295326
v 0.0067678094 0 0.8309303
v 0.0067753624 0 1.1295326
v 0.0067753624 0.04760101 1.1295326
v 0.006768 -0.0374422 0.69546044
v 0.006768 -0.0528589 0.69546044
v 0.062344894 -0.037660178 0.66131467
v 0.042680778 -0.034602005 0.6735643
v 0.06296867 -0.033828124 0.6613115
v 0.006768 0 0.69546044
v 0.006768 -0.0374422 0.69546044
v 0.022769853 -0.0374422 0.667946
v 0.022769853 0 0.667946
v 0.022769853 0.037442196 0.667946
v 0.006768 0.037442196 0.69546044
v 0.055519827 -0.0346078 0.64610493
v 0.022769853 -0.0374422 0.667946
v 0.006768 -0.0374422 0.69546044
v 0.042680778 -0.034602005 0.6735643
v 0.0067753624 0 1.1295326
v 0.04441345 -0.04046955 1.1926107
v 0.0067753624 -0.04760101 1.1295326
v 0.05224285 -0.031856872 1.2054092
v 0.058010977 0 1.2138269
v 0.0067753624 0.04760101 1.1295326
v 0.04441345 0.04046955 1.1926107
v 0.05224285 0.031856872 1.2054092
v 0.0067753624 0 1.1295326
v 0.058010977 0 1.2138269
v 0.055519827 -0.0346078 0.64610493
v 0.042680778 -0.034602005 0.6735643
v 0.042680703 0 0.6735643
v 0.05676174 0 0.6443735
v 0.055519827 0.0346078 0.64610493
v 0.05676174 0 0.6443735
v 0.042680778 0.034602005 0.6735643
v 0.058369596 0 0.66513276
v 0.042680703 0 0.6735643
v 0.042680778 -0.034602005 0.6735643
v 0.058367804 -0.031663436 0.66513276
v 0.042680778 0.034602005 0.6735643
v 0.058367804 0.031663436 0.66513276
v 0.038661197 -0.027989883 0.38497517
v 0.0814666 -0.02798996 0.38497737
v 0.07925995 -0.009152527 0.3541202
v 0.05841446 -0.009152527 0.3541202
v 0.04429962 -0.045537032 0.45009708
v 0.009946177 -0.042007294 0.4308855
v 0.018507397 -0.04649078 0.45009708
v 0.009934542 -0.048279647 0.4581064
v 0.009934542 -0.048279647 0.4581064
v 0.009946177 -0.042007294 0.4308855
v 0.009946177 0 0.4308855
v 0.009934542 0 0.4581064
v 0.009934542 0.048279647 0.4581064
v 0.009946177 0.042007294 0.4308855
v 0.05841446 0 0.3541202
v 0.038661197 0 0.38497096
v 0.038661197 -0.027989883 0.38497517
v 0.05841446 -0.009152527 0.3541202
v 0.009946177 -0.042007294 0.4308855
v 0.009946177 0 0.4308855
v 0.038661197 0.027989883 0.38497517
v 0.05841446 0.009152527 0.3541202
v 0.009946177 0.042007294 0.4308855
v 0.05841446 -0.009152527 0.3541202
v 0.07925995 -0.009152527 0.3541202
v 0.07925995 0 0.3541202
v 0.05841446 0 0.3541202
v 0.05841446 0.009152527 0.3541202
v 0.07925995 0.009152527 0.3541202
v -0.0057184193 -0.057994384 0.64704525
v 0.06479118 -0.052623447 0.64704525
v 0.068958856 -0.04766892 0.6186263
v 0.014995424 -0.052534178 0.6186262
v 0.014995691 -0.050862044 0.5137762
v 0.07607357 -0.04615164 0.51377016
v -0.012570646 -0.055666044 0.47936276
v 0.0767717 -0.048594553 0.47936276
v 0.015010111 -0.055401 0.65794545
v 0.019546397 -0.047865804 0.67064077
v 0.009934542 -0.048279647 0.4581064
v 0.07878933 -0.03876803 0.6186263
v 0.07458664 -0.04373336 0.64704525
v 0.07458664 -0.037528608 0.64704525
v 0.07878933 -0.032400284 0.6186263
v 0.022780497 -0.040276565 0.67969185
v 0.08588436 -0.037261073 0.51376915
v 0.07878933 -0.018953476 0.6186263
v 0.07878933 0 0.6186263
v 0.08656719 -0.03988574 0.47936276
v 0.08588436 0 0.51376915
v 0.07878933 0 0.6186263
v 0.08656719 0 0.47936276
v 0.07458664 0 0.64704525
v 0.07458664 -0.013932114 0.64704525
v 0.081465684 -0.0054629967 0.38497296
v 0.081465684 0 0.38497296
v 0.073894344 -0.019717852 0.39823988
v 0.08588436 0.03726107 0.51376915
v 0.07878933 0.018953476 0.6186263
v 0.07878933 0.032400284 0.6186263
v 0.07878933 0.038768034 0.6186263
v 0.07458664 0.037528608 0.64704525
v 0.07458664 0.043733362 0.64704525
v 0.022780497 0.040276565 0.67969185
v 0.08656719 0.039885744 0.47936276
v 0.07458664 0.013932114 0.64704525
v 0.06479118 0.052623447 0.64704525
v 0.068958856 0.04766892 0.6186263
v -0.0057184193 0.057994384 0.64704525
v 0.014995424 0.052534178 0.6186262
v 0.014995691 0.050862044 0.5137762
v 0.07607357 0.04615164 0.51377016
v -0.012570646 0.055666044 0.47936276
v 0.0767717 0.048594553 0.47936276
v 0.015010111 0.055401 0.65794545
v 0.019546397 0.047865804 0.67064077
v 0.009934542 0.048279647 0.4581064
v 0.081465684 0.0054629967 0.38497296
v 0.073894344 0.01971785 0.39823988
v 0.04429962 0.045537032 0.45009708
v 0.073894344 0.01971785 0.39823988
v 0.018507397 0.04649078 0.45009708
v 0.014995424 -0.052534178 0.6186262
v 0.014995691 -0.050862044 0.5137762
v 0.014995691 0 0.5137762
v 0.014995424 0 0.6186262
v 0.014995424 0.052534178 0.6186262
v 0.014995691 0.050862044 0.5137762
v 0.014995691 -0.050862044 0.5137762
v -0.012570646 -0.055666044 0.47936276
v -0.012570646 0 0.47936276
v 0.014995691 0 0.5137762
v 0.014995691 0.050862044 0.5137762
v -0.012570646 0.055666044 0.47936276
v -0.0057184193 -0.057994384 0.64704525
v 0.014995424 -0.052534178 0.6186262
v 0.014995424 0 0.6186262
v -0.0057184193 0 0.64704525
v -0.0057184193 0.057994384 0.64704525
v 0.014995424 0.052534178 0.6186262
v 0.015010111 -0.055401 0.65794545
v -0.0057184193 -0.057994384 0.64704525
v -0.0057184193 0 0.64704525
v 0.015010111 0 0.65794545
v 0.015010111 0.055401 0.65794545
v 0.015010111 0 0.65794545
v -0.0057184193 0.057994384 0.64704525
v 0.009934542 0 0.4581064
v -0.012570646 0 0.47936276
v -0.012570646 -0.055666044 0.47936276
v 0.009934542 -0.048279647 0.4581064
v -0.012570646 0.055666044 0.47936276
v 0.009934542 0.048279647 0.4581064
v 0.073894344 -0.019717852 0.39823988
v 0.0814666 -0.02798996 0.38497737
v 0.04429962 -0.045537032 0.45009708
v 0.081465684 -0.0054629967 0.38497296
v 0.067255974 -0.034675784 0.642267
v 0.019802324 -0.037813872 0.671544
v 0.067255974 -0.016536865 0.642267
v 0.019802324 0 0.671544
v 0.067255974 0 0.642267
v 0.07437798 -0.03117691 0.62204194
v 0.067255974 -0.034675784 0.642267
v 0.067255974 -0.016536865 0.642267
v 0.07437798 -0.020115051 0.62204194
v 0.07458664 -0.037528608 0.64704525
v 0.022780497 -0.040276565 0.67969185
v 0.019802324 -0.037813872 0.671544
v 0.067255974 -0.034675784 0.642267
v 0.07878933 -0.032400284 0.6186263
v 0.07437798 -0.03117691 0.62204194
v 0.07458664 0 0.64704525
v 0.07458664 -0.013932114 0.64704525
v 0.067255974 -0.016536865 0.642267
v 0.067255974 0 0.642267
v 0.067255974 0.016536865 0.642267
v 0.07458664 0.013932114 0.64704525
v 0.07458664 -0.013932114 0.64704525
v 0.07878933 -0.018953476 0.6186263
v 0.07437798 -0.020115051 0.62204194
v 0.067255974 -0.016536865 0.642267
v 0.07878933 -0.018953476 0.6186263
v 0.07878933 -0.032400284 0.6186263
v 0.07437798 -0.03117691 0.62204194
v 0.07437798 -0.020115051 0.62204194
v 0.019802324 0 0.671544
v 0.019802324 -0.037813872 0.671544
v 0.015010111 -0.055401 0.65794545
v 0.015010111 0 0.65794545
v 0.019546397 -0.047865804 0.67064077
v 0.022780497 -0.040276565 0.67969185
v 0.015010111 0.055401 0.65794545
v 0.019802324 0.037813872 0.671544
v 0.019546397 0.047865804 0.67064077
v 0.022780497 0.040276565 0.67969185
v 0.04429962 -0.045537032 0.45009708
v 0.073894344 -0.019717852 0.39823988
v 0.018507397 -0.04649078 0.45009708
v 0.0814666 -0.02798996 0.38497737
v 0.081465684 -0.0054629967 0.38497296
v 0.07925995 0 0.3541202
v 0.07925995 -0.009152527 0.3541202
v 0.0814666 0.02798996 0.38497737
v 0.07925995 0.009152527 0.3541202
v 0.081465684 0.0054629967 0.38497296
v 0.07925995 0 0.3541202
v 0.081465684 -0.0054629967 0.38497296
v 0.081465684 0 0.38497296
v 0.081465684 0.0054629967 0.38497296
v -0.11156036 -0.051270846 0.32124445
v -0.11491245 -0.058600977 0.32124752
v -0.11077873 -0.058600977 0.3250539
v -0.10763496 -0.051270846 0.32505116
v -0.11119209 -0.051270846 0.34845096
v -0.114337005 -0.058600977 0.34563038
v -0.114337005 -0.058600977 0.34563038
v -0.1261695 -0.058600977 0.35038677
v -0.1287875 -0.051270846 0.35536358
v -0.11119209 -0.051270846 0.34845096
v -0.111565284 -0.051270846 0.16243178
v -0.11999206 -0.051270846 0.15573046
v -0.11999447 -0.058600977 0.16019437
v -0.114910774 -0.058600977 0.16513623
v -0.12877563 -0.051270846 0.16243166
v -0.12615798 -0.058600977 0.16514345
v -0.11999447 -0.058600977 0.16019437
v -0.11491245 -0.058600977 0.32124752
v -0.11156036 -0.051270846 0.32124445
v -0.111565284 -0.051270846 0.16243178
v -0.114910774 -0.058600977 0.16513623
v -0.1261695 -0.058600977 0.35038677
v -0.114337005 -0.058600977 0.34563038
v -0.11077873 -0.058600977 0.3250539
v -0.11491245 -0.058600977 0.32124752
v -0.114910774 -0.058600977 0.16513623
v -0.12615798 -0.058600977 0.16514345
v -0.11999447 -0.058600977 0.16019437
v -0.12877563 -0.051270846 0.16243166
v -0.1287875 -0.051270846 0.35536358
v -0.1261695 -0.058600977 0.35038677
v -0.12615798 -0.058600977 0.16514345
v -0.1387283 -0.08010721 0.18623692
v -0.13145477 -0.06911742 0.1671697
v -0.19828582 -0.06911742 0.22009516
v -0.18896815 -0.08010721 0.22548924
v -0.1889822 -0.08010721 0.3772989
v -0.19827369 -0.06911742 0.3860394
v -0.18435512 -0.06911742 0.38608855
v -0.18896815 -0.08010721 0.22548924
v -0.19828582 -0.06911742 0.22009516
v -0.19827369 -0.06911742 0.3860394
v -0.1889822 -0.08010721 0.3772989
v -0.19827369 -0.06911742 0.3860394
v -0.19828582 -0.06911742 0.22009516
v -0.19828582 -0.05127377 0.22009516
v -0.19827369 -0.05127377 0.3860394
v -0.13145477 -0.051270846 0.1671697
v -0.19828582 -0.06911742 0.22009516
v -0.13145477 -0.06911742 0.1671697
v -0.19828582 -0.05127377 0.22009516
v -0.13144383 -0.06911742 0.34132582
v -0.13144383 -0.051270846 0.34132582
v -0.13145477 -0.051270846 0.1671697
v -0.13145477 -0.06911742 0.1671697
v -0.1889822 -0.08010721 0.3772989
v -0.13873087 -0.08010721 0.33575168
v -0.1387283 -0.08010721 0.18623692
v -0.18896815 -0.08010721 0.22548924
v -0.13144383 -0.06911742 0.34132582
v -0.13145477 -0.06911742 0.1671697
v -0.1387283 -0.08010721 0.18623692
v -0.13873087 -0.08010721 0.33575168
v -0.18435512 -0.051270846 0.38608855
v -0.18435512 -0.06911742 0.38608855
v -0.19827369 -0.06911742 0.3860394
v -0.19827369 -0.05127377 0.3860394
v -0.18435512 -0.06911742 0.38608855
v -0.13144383 -0.06911742 0.34132582
v -0.13873087 -0.08010721 0.33575168
v -0.1889822 -0.08010721 0.3772989
v -0.18435512 -0.06911742 0.38608855
v -0.18435512 -0.051270846 0.38608855
v -0.13144383 -0.051270846 0.34132582
v -0.13144383 -0.06911742 0.34132582
v -0.123420104 -0.05885211 0.35951436
v -0.11626701 -0.06984152 0.36290538
v -0.10111622 -0.06984152 0.3558101
v -0.10570545 -0.05885211 0.35202998
v -0.10104969 -0.053184014 0.32385707
v -0.09619755 -0.0657146 0.32670936
v -0.09619755 -0.0657146 0.32670936
v -0.07477791 -0.062394913 0.31521186
v -0.07408191 -0.05034009 0.3092855
v -0.10104969 -0.053184014 0.32385707
v -0.05316963 -0.052705247 0.33605364
v -0.07408191 -0.05034009 0.3092855
v -0.07477791 -0.062394913 0.31521186
v -0.058780935 -0.06359854 0.3348691
v -0.048990477 -0.06984152 0.41897509
v -0.06240047 -0.06984152 0.41942844
v -0.0652227 -0.05885211 0.4254294
v -0.043994244 -0.05885211 0.4254294
v -0.11761436 -0.06984152 0.3675268
v -0.12643406 -0.05885211 0.36840877
v -0.0652227 -0.05885211 0.4254294
v -0.06240047 -0.06984152 0.41942844
v -0.10570545 -0.05885211 0.35202998
v -0.10570545 -0.043526314 0.35202998
v -0.123420104 -0.043526314 0.35951436
v -0.123420104 -0.05885211 0.35951436
v -0.10104969 -0.053184014 0.32385707
v -0.10104969 -0.043526314 0.32328036
v -0.07408191 -0.05034009 0.3092855
v -0.07408191 -0.043526314 0.30851567
v -0.10104969 -0.043526314 0.32328036
v -0.10104969 -0.053184014 0.32385707
v -0.123420104 -0.05885211 0.35951436
v -0.123420104 -0.043526314 0.35951436
v -0.12643406 -0.043526314 0.36840877
v -0.12643406 -0.05885211 0.36840877
v -0.07408191 -0.043526314 0.30851567
v -0.07408191 -0.05034009 0.3092855
v -0.05316963 -0.052705247 0.33605364
v -0.05316963 -0.043526314 0.3356386
v -0.043994244 -0.05885211 0.4254294
v -0.043994244 -0.043526314 0.4254294
v -0.043994244 -0.043526314 0.4060664
v -0.043994244 -0.05885211 0.4060664
v -0.053171422 -0.05885211 0.39541864
v -0.05316963 -0.052705247 0.33605364
v -0.058780935 -0.06359854 0.3348691
v -0.058780935 -0.06984152 0.39541864
v -0.053171422 -0.043526314 0.39541864
v -0.05316963 -0.043526314 0.3356386
v -0.05316963 -0.052705247 0.33605364
v -0.053171422 -0.05885211 0.39541864
v -0.043994244 -0.05885211 0.4060664
v -0.053171422 -0.05885211 0.39541864
v -0.058780935 -0.06984152 0.39541864
v -0.048990477 -0.06984152 0.4060664
v -0.043994244 -0.043526314 0.4060664
v -0.053171422 -0.043526314 0.39541864
v -0.053171422 -0.05885211 0.39541864
v -0.043994244 -0.05885211 0.4060664
v -0.11626701 -0.06984152 0.36290538
v -0.11761436 -0.06984152 0.3675268
v -0.06240047 -0.06984152 0.41942844
v -0.058780935 -0.06984152 0.39541864
v -0.10111622 -0.06984152 0.3558101
v -0.058780935 -0.06359854 0.3348691
v -0.09619755 -0.0657146 0.32670936
v -0.07477791 -0.062394913 0.31521186
v -0.048990477 -0.06984152 0.41897509
v -0.058780935 -0.06984152 0.39541864
v -0.048990477 -0.06984152 0.4060664
v -0.043994244 -0.05885211 0.4254294
v -0.043994244 -0.05885211 0.4060664
v -0.048990477 -0.06984152 0.4060664
v -0.048990477 -0.06984152 0.41897509
v -0.11626701 -0.06984152 0.36290538
v -0.123420104 -0.05885211 0.35951436
v -0.12643406 -0.05885211 0.36840877
v -0.11761436 -0.06984152 0.3675268
v -0.12643406 -0.05885211 0.36840877
v -0.12643406 -0.043526314 0.36840877
v -0.0652227 -0.043526314 0.4254294
v -0.0652227 -0.05885211 0.4254294
v -0.0652227 -0.05885211 0.4254294
v -0.0652227 -0.043526314 0.4254294
v -0.043994244 -0.043526314 0.4254294
v -0.043994244 -0.05885211 0.4254294
v -0.112553716 -0.062099535 -0.069655195
v -0.097046666 -0.062099535 -0.08154653
v -0.09704614 -0.051272307 -0.09118299
v -0.11826798 -0.051272307 -0.075049326
v -0.11826798 -0.051272307 0.0014943081
v -0.07617257 -0.051272307 0.0014942318
v -0.08117448 -0.062099535 -0.004136757
v -0.112553716 -0.062099535 -0.004136757
v -0.112553716 -0.062099535 -0.069655195
v -0.11826798 -0.051272307 -0.075049326
v -0.11826798 -0.051272307 0.0014943081
v -0.112553716 -0.062099535 -0.004136757
v -0.11826798 -0.051272307 0.0014943081
v -0.11826798 -0.051272307 -0.075049326
v -0.11826798 -0.032732222 -0.075049326
v -0.11826798 -0.032732222 0.0014943081
v -0.09704614 -0.051272307 -0.09118299
v -0.09704614 -0.032732222 -0.09118299
v -0.11826798 -0.032732222 -0.075049326
v -0.11826798 -0.051272307 -0.075049326
v -0.112553716 -0.062099535 -0.004136757
v -0.08117448 -0.062099535 -0.004136757
v -0.0811718 -0.062099535 -0.069655195
v -0.112553716 -0.062099535 -0.069655195
v -0.097046666 -0.062099535 -0.08154653
v -0.07617257 -0.051272307 0.0014942318
v -0.07616967 -0.051272307 -0.07508061
v -0.0811718 -0.062099535 -0.069655195
v -0.08117448 -0.062099535 -0.004136757
v -0.07616967 -0.051272307 -0.07508061
v -0.07616967 -0.032732222 -0.07508061
v -0.09704614 -0.032732222 -0.09118299
v -0.09704614 -0.051272307 -0.09118299
v -0.097046666 -0.062099535 -0.08154653
v -0.0811718 -0.062099535 -0.069655195
v -0.07616967 -0.051272307 -0.07508061
v -0.09704614 -0.051272307 -0.09118299
v -0.10654754 -0.051270846 0.16164652
v -0.10013683 -0.058252152 0.16164652
v -0.10790569 -0.058252152 0.15436716
v -0.11391197 -0.051270846 0.15436704
v -0.1079084 -0.058252152 0.009876685
v -0.11391178 -0.051270846 0.0044675595
v -0.11391197 -0.051270846 0.15436704
v -0.1079084 -0.058252152 0.009876685
v -0.081171796 -0.058252152 0.009876685
v -0.07616966 -0.051270846 0.004466262
v -0.11391178 -0.051270846 0.0044675595
v -0.10016292 -0.058252152 0.30978766
v -0.10655308 -0.051270846 0.31533736
v -0.10326248 -0.051270846 0.31957135
v -0.10013683 -0.058252152 0.16164652
v -0.10654754 -0.051270846 0.16164652
v -0.10655308 -0.051270846 0.31533736
v -0.10016292 -0.058252152 0.30978766
v -0.07616966 0 0.004466262
v -0.07616966 -0.051270846 0.004466262
v -0.07617252 -0.051270846 0.30307782
v -0.07617252 0 0.30307782
v -0.081171796 -0.058252152 0.009876685
v -0.10013683 -0.058252152 0.16164652
v -0.10016292 -0.058252152 0.30978766
v -0.08117447 -0.058252152 0.29927427
v -0.10790569 -0.058252152 0.15436716
v -0.1079084 -0.058252152 0.009876685
v -0.07617252 -0.051270846 0.30307782
v -0.07616966 -0.051270846 0.004466262
v -0.081171796 -0.058252152 0.009876685
v -0.08117447 -0.058252152 0.29927427
v -0.08117447 -0.058252152 0.29927427
v -0.10016292 -0.058252152 0.30978766
v -0.10326248 -0.051270846 0.31957135
v -0.07617252 -0.051270846 0.30307782
v -0.10326248 0 0.31957135
v -0.07617252 0 0.30307782
v -0.07617252 -0.051270846 0.30307782
v -0.10326248 -0.051270846 0.31957135
v -0.09704614 -0.032732222 -0.09118299
v -0.07616967 -0.032732222 -0.07508061
v -0.11826798 -0.032732222 -0.075049326
v -0.11826798 -0.032732222 0.0014943081
v -0.07408191 -0.043526314 0.30851567
v -0.05316963 -0.043526314 0.3356386
v -0.10104969 -0.043526314 0.32328036
v -0.053171422 -0.043526314 0.39541864
v -0.19828582 -0.05127377 0.22009516
v -0.13145477 -0.051270846 0.1671697
v -0.18435512 -0.051270846 0.38608855
v -0.19827369 -0.05127377 0.3860394
v -0.061259955 -0.0701992 -0.107529216
v -0.043913193 -0.0701992 -0.107529216
v -0.03866394 -0.05694412 -0.14004217
v -0.06436771 -0.05694412 -0.1400109
v -0.07232994 -0.05694412 -0.12771173
v -0.0660099 -0.0701992 -0.100684315
v -0.034410894 -0.05694412 -0.12771165
v -0.04156738 -0.0701992 -0.100684315
v -0.034412723 -0.05694412 0.036063362
v -0.04156906 -0.0701992 0.028202033
v -0.0660099 -0.0701992 0.042099357
v -0.07232994 -0.05694412 0.05597406
v -0.07232994 -0.05694412 0.05597406
v -0.045603104 -0.05694412 0.05597402
v -0.049799766 -0.0701992 0.042099357
v -0.0660099 -0.0701992 0.042099357
v -0.07232994 -0.05694412 -0.12771173
v -0.06436771 -0.05694412 -0.1400109
v -0.06436771 -0.038639314 -0.1400109
v -0.07232994 -0.038639314 -0.12771173
v -0.06436771 -0.05694412 -0.1400109
v -0.03866394 -0.05694412 -0.14004217
v -0.03866394 -0.038639314 -0.14004217
v -0.06436771 -0.038639314 -0.1400109
v -0.03866394 -0.038639314 -0.14004217
v -0.03866394 -0.05694412 -0.14004217
v -0.034410894 -0.05694412 -0.12771165
v -0.034410894 -0.038639314 -0.12771165
v -0.034412723 -0.05694412 0.036063362
v -0.034412723 -0.038639314 0.036063362
v -0.0660099 -0.0701992 -0.100684315
v -0.04156738 -0.0701992 -0.100684315
v -0.043913193 -0.0701992 -0.107529216
v -0.061259955 -0.0701992 -0.107529216
v -0.04156906 -0.0701992 0.028202033
v -0.0660099 -0.0701992 0.042099357
v -0.049799766 -0.0701992 0.042099357
v -0.045603104 -0.038639314 0.05597402
v -0.045603104 -0.05694412 0.05597402
v -0.07232994 -0.05694412 0.05597406
v -0.07232994 -0.038639314 0.05597406
v -0.07232994 -0.038639314 0.05597406
v -0.07232994 -0.05694412 0.05597406
v -0.07232994 -0.05694412 -0.12771173
v -0.07232994 -0.038639314 -0.12771173
v -0.034412723 -0.038639314 0.036063362
v -0.034412723 -0.05694412 0.036063362
v -0.045603104 -0.05694412 0.05597402
v -0.045603104 -0.038639314 0.05597402
v -0.045603104 -0.05694412 0.05597402
v -0.034412723 -0.05694412 0.036063362
v -0.04156906 -0.0701992 0.028202033
v -0.049799766 -0.0701992 0.042099357
v -0.034412723 -0.038639314 0.036063362
v -0.07232994 -0.038639314 0.05597406
v -0.07232994 -0.038639314 -0.12771173
v -0.034410894 -0.038639314 -0.12771165
v -0.045603104 -0.038639314 0.05597402
v -0.06436771 -0.038639314 -0.1400109
v -0.03866394 -0.038639314 -0.14004217
v 0.019546397 -0.047865804 0.67064077
v -0.1375864 0.051272307 -0.05075413
v -0.19115268 0.051405992 -0.052911844
v -0.14021596 0.051272307 -0.07930255
v -0.08060646 0.051272307 0.036063362
v -0.12368427 0.051272307 -0.06500933
v -0.041432627 0.051272307 0.036063362
v -0.041432627 0.051272307 -0.08256934
v -0.16078536 0.05115782 -0.09530736
v -0.14171696 0.051272314 0.37104478
v -0.19113499 0.051272307 0.41717952
v -0.08060646 0.051272307 0.3451311
v -0.042917136 0.051272307 0.3451311
v -0.055869322 0.051272314 0.4479839
v -0.042917136 0.051272307 0.43214884
v -0.15511261 0.0613918 1.2563939
v -0.18559131 0.04697502 1.2475708
v -0.17010655 0.077665634 1.232086
v -0.14204578 0.077665634 1.2508357
v -0.18885615 0.077665634 1.2040254
v -0.20908801 0.04697502 1.2124057
v -0.1954401 0.077665634 1.1709254
v -0.2173389 0.04697502 1.1709254
v -0.18885615 0.077665634 1.1378255
v -0.20908809 0.04697502 1.1294453
v -0.17010662 0.077665634 1.1097648
v -0.1911701 0.04697502 1.1030349
v -0.12771769 0.0613918 1.2652977
v -0.108945884 0.077665634 1.2574197
v -0.09954062 0.0613918 1.2671608
v -0.07140226 0.0613918 1.2615637
v -0.07584599 0.077665634 1.2508355
v -0.03957435 0.0613918 1.240297
v -0.047785223 0.077665634 1.232086
v -0.018307626 0.0613918 1.208469
v -0.02903568 0.077665634 1.2040253
v -0.06948135 0.047140267 1.2715293
v -0.0978979 0.047021277 1.2771379
v -0.17091192 0.06520782 1.099789
v -0.14204583 0.077665634 1.0910151
v -0.14533406 0.065207824 1.0830767
v -0.10894592 0.077665634 1.0844312
v -0.10894592 0.06520783 1.0760448
v -0.0029633688 0.046994194 1.1836774
v -0.022451703 0.077665634 1.1709254
v -0.01068937 0.046397828 1.2220863
v -0.00055289984 0.04697502 1.1709254
v -0.02903568 0.077665634 1.1378255
v -0.0087375045 0.04697502 1.1294178
v -0.0477853 0.077665634 1.1097647
v -0.020170324 0.04697502 1.1057484
v -0.048104305 0.06520782 1.0993422
v -0.07251219 0.06520782 1.0829666
v -0.075846024 0.077665634 1.0910151
v -0.10894592 0.06520783 1.0760448
v -0.10894592 0.077665634 1.0844312
v -0.1954401 0.077665634 1.1709254
v -0.18885615 0.077665634 1.1378255
v -0.02903568 0.077665634 1.1378255
v -0.022451703 0.077665634 1.1709254
v -0.02903568 0.077665634 1.2040253
v -0.18885615 0.077665634 1.2040254
v -0.047785223 0.077665634 1.232086
v -0.17010655 0.077665634 1.232086
v -0.07584599 0.077665634 1.2508355
v -0.14204578 0.077665634 1.2508357
v -0.108945884 0.077665634 1.2574197
v -0.17010662 0.077665634 1.1097648
v -0.0477853 0.077665634 1.1097647
v -0.14204583 0.077665634 1.0910151
v -0.075846024 0.077665634 1.0910151
v -0.10894592 0.077665634 1.0844312
v -0.19113499 0.06305153 0.41717952
v -0.14171696 0.063616484 0.37104478
v -0.14171696 0.081849284 0.39117274
v -0.17095456 0.08141342 0.41868496
v -0.14171696 0.081849284 0.39117274
v -0.14171696 0.063616484 0.37104478
v -0.046935234 0.06229614 0.45599085
v -0.062180173 0.08050903 0.46079502
v -0.17091192 0.06520782 1.099789
v -0.1911701 0.04697502 1.1030349
v -0.19113499 0.06305153 0.41717952
v -0.17095456 0.08141342 0.41868496
v -0.046935234 0.060005568 0.56913567
v -0.062180173 0.07823837 0.56913567
v -0.062180173 0.08050903 0.46079502
v -0.046935234 0.06229614 0.45599085
v -0.020162694 0.05941597 0.59294945
v -0.034606166 0.07764885 0.59294945
v -0.020169064 0.04697502 1.0631375
v -0.034606166 0.065207824 1.0631375
v -0.048393134 0.065207824 1.0762979
v -0.062180173 0.07823837 0.56913567
v -0.034606166 0.07764885 0.59294945
v -0.034606166 0.065207824 1.0631375
v -0.07251219 0.06520782 1.0829666
v -0.048104305 0.06520782 1.0993422
v -0.10894592 0.06520783 1.0760448
v -0.14171696 0.081849284 0.39117274
v -0.062180173 0.08050903 0.46079502
v -0.17095456 0.08141342 0.41868496
v -0.14533406 0.065207824 1.0830767
v -0.10894592 0.06520783 1.0760448
v -0.17091192 0.06520782 1.099789
v -0.048393134 0.065207824 1.0762979
v -0.020170324 0.04697502 1.1057484
v -0.048104305 0.06520782 1.0993422
v -0.020169064 0.04697502 1.0631375
v -0.020169064 0.04697502 1.0631375
v -0.048393134 0.065207824 1.0762979
v -0.034606166 0.065207824 1.0631375
v -0.15511261 0.0613918 1.2563939
v -0.22028507 0.05285139 1.4107536
v -0.15913951 0.0468249 1.2652454
v -0.22046629 0.046674777 1.4106026
v -0.2173389 0.04697502 1.1709254
v -0.20908801 0.04697502 1.2124057
v -0.20908801 0.04122033 1.2124056
v -0.2173389 0.04122033 1.1709254
v -0.20908809 0.04697502 1.1294453
v -0.20908809 0.04122033 1.1294452
v -0.18652111 0.041220024 1.2482266
v -0.18559131 0.04697502 1.2475708
v -0.1911701 0.04122033 1.1030349
v -0.1911701 0.04697502 1.1030349
v -0.00055289984 0.04697502 1.1709254
v -0.0087375045 0.04697502 1.1294178
v -0.0087375045 0.03287402 1.1294178
v -0.00055289984 0.03287402 1.1709254
v -0.020170324 0.03287402 1.1057484
v -0.020170324 0.04697502 1.1057484
v -0.0030106711 0.032542516 1.1834307
v -0.0029633688 0.046994194 1.1836774
v -0.14171696 0.063616484 0.37104478
v -0.19113499 0.06305153 0.41717952
v -0.19113499 0.051272307 0.41717952
v -0.14171696 0.051272314 0.37104478
v -0.046935234 0.03287402 0.45599085
v -0.046935234 0.06229614 0.45599085
v -0.055869322 0.051272314 0.4479839
v -0.055904865 0.037714895 0.447952
v -0.14171696 0.051272314 0.37104478
v -0.14171696 0.063616484 0.37104478
v -0.046935234 0.060005568 0.56913567
v -0.046935234 0.06229614 0.45599085
v -0.046935234 0.03287402 0.45599085
v -0.046935234 0.03287402 0.56913567
v -0.020162694 0.05941597 0.59294945
v -0.046935234 0.060005568 0.56913567
v -0.046935234 0.03287402 0.56913567
v -0.020162694 0.03287402 0.59294945
v -0.020170324 0.04697502 1.1057484
v -0.020169064 0.04697502 1.0631375
v -0.020169064 0.03287402 1.0631375
v -0.020170324 0.03287402 1.1057484
v -0.020162694 0.03287402 0.59294945
v -0.020162694 0.05941597 0.59294945
v -0.24460387 0.060584765 -0.004279942
v -0.25567034 0.051327508 -0.011153023
v -0.23572986 0.051327508 -0.07637979
v -0.22523077 0.060584765 -0.06948808
v -0.28384033 0.060584765 0.067582384
v -0.2945937 0.051327508 0.058807075
v -0.2634984 0.036963034 -0.016185844
v -0.30242175 0.036963034 0.052778006
v -0.24341266 0.036963034 -0.08081112
v -0.25122166 0.070761286 0.09512964
v -0.20510677 0.070761286 0.03510206
v -0.18862796 0.0483649 -0.12419552
v -0.19490512 0.03541467 -0.12961583
v -0.18039097 0.05647944 -0.1174183
v -0.14564061 0.03020322 -0.17068319
v -0.14564009 0.04098583 -0.16433777
v -0.20517948 0.070761286 -0.005152802
v -0.14869049 0.06600035 -0.08942953
v -0.30242157 0 0.052778006
v -0.2634984 0 -0.016185844
v -0.24341273 0 -0.08081112
v -0.19498801 0 -0.12983747
v -0.14564103 0 -0.1712806
v -0.14564091 0.04831508 -0.14796586
v -0.2871813 0.05566846 0.07328076
v -0.28384033 0.060584765 0.067582384
v -0.25122166 0.070761286 0.09512964
v -0.24982548 0.06723045 0.1045392
v -0.20510677 0.070761286 0.03510206
v -0.19800708 0.06396724 0.038404744
v -0.294685 0.049772937 0.06705241
v -0.2945937 0.051327508 0.058807075
v -0.2871813 0.05566846 0.07328076
v -0.3018371 0.037359733 0.060998905
v -0.30242175 0.036963034 0.052778006
v -0.2945937 0.051327508 0.058807075
v -0.301837 0 0.060998905
v -0.30242157 0 0.052778006
v -0.19979675 0.050525617 -0.0027269977
v -0.19800708 0.05545898 0.038404744
v -0.19800708 0.06396724 0.038404744
v -0.19859546 0.06396724 -0.0027269977
v -0.19800708 0.06396724 0.038404744
v -0.20510677 0.070761286 0.03510206
v -0.20517948 0.070761286 -0.005152802
v -0.19859546 0.06396724 -0.0027269977
v -0.14869049 0.06600035 -0.08942953
v -0.14306797 0.061599605 -0.085442595
v -0.14564091 0.04831508 -0.14796586
v -0.19800708 0.05545898 0.038404744
v -0.24982548 0.05828815 0.1045392
v -0.24982548 0.06723045 0.1045392
v -0.19800708 0.06396724 0.038404744
v -0.14306797 0.052409515 -0.085442595
v -0.19979675 0.050525617 -0.0027269977
v -0.19859546 0.06396724 -0.0027269977
v -0.14306797 0.061599605 -0.085442595
v -0.20510677 0.070761286 0.03510206
v -0.20517948 0.070761286 -0.005152802
v -0.19979675 0.050525617 -0.0027269977
v -0.28663352 0.047576 0.073696256
v -0.24982548 0.05828815 0.1045392
v -0.19800708 0.05545898 0.038404744
v -0.19979675 0.050525617 -0.0027269977
v -0.19115268 0.051405992 -0.052911844
v -0.23099974 0.04637154 -0.02131058
v -0.29391214 0.0363903 0.067639194
v -0.23099974 0.04637154 -0.02131058
v -0.2309984 0 -0.02125698
v -0.29391214 0 0.06763674
v -0.16078536 0.05115782 -0.09530736
v -0.1781493 0 -0.115429774
v -0.14021596 0 -0.07930255
v -0.14021596 0.051272307 -0.07930255
v -0.17881434 0.03754602 -0.11525337
v -0.28663352 0.047576 0.073696256
v -0.19979675 0.050525617 -0.0027269977
v -0.23099974 0.04637154 -0.02131058
v -0.29391214 0.0363903 0.067639194
v -0.055904865 0.037714895 0.447952
v -0.055869322 0.051272314 0.4479839
v -0.042917136 0.051272307 0.43214884
v -0.042917136 0.037714895 0.43214884
v -0.042917136 0.037714895 0.43214884
v -0.046935234 0.03287402 0.45599085
v -0.055904865 0.037714895 0.447952
v 0.03246136 0.03287402 0.43214884
v -0.098063484 0.033547238 1.2772965
v -0.0978979 0.047021277 1.2771379
v -0.06948135 0.047140267 1.2715293
v -0.06885877 0.031231245 1.2712742
v -0.15913951 0.0468249 1.2652454
v -0.20908801 0.04122033 1.2124056
v -0.18652111 0.041220024 1.2482266
v -0.20908809 0.04122033 1.1294452
v -0.2173389 0.04122033 1.1709254
v -0.1911701 0.04122033 1.1030349
v -0.15913951 0.0468249 1.2652454
v -0.22046629 0.046674777 1.4106026
v -0.22455974 0.046674777 1.2790337
v -0.18559131 0.04697502 1.2475708
v 0.04878475 0.04046955 1.1795444
v 0.0067753624 0.04760101 1.1295326
v 0.049609754 0.04046955 1.1492726
v 0.043589056 0.04046955 1.1091446
v 0.030491259 0.04046955 1.0778085
v 0.0067678094 0.04888277 0.8309303
v 0.030472415 0.041559275 0.8408521
v 0.035420496 0.041559275 0.8134474
v 0.006768 0.0528589 0.69546044
v 0.063818626 0.04493971 0.7118864
v 0.0416436 0.03181127 1.0578685
v 0.054546013 0.031822946 1.1039281
v 0.04164364 0.032901194 0.84519684
v 0.06169876 0.031826645 1.1541355
v 0.05915142 0.031856872 1.1910648
v 0.046801146 0.032900415 0.81664467
v 0.07520321 0.03913277 0.7147471
v 0.062344894 0.037660174 0.66131467
v 0.05224285 0.031856872 1.2054092
v 0.04441345 0.04046955 1.1926107
v 0.0067753624 0.04760101 1.1295326
v 0.046801146 0.032900415 0.81664467
v 0.05214504 0 0.81664467
v 0.04682991 0 0.84519684
v 0.04164364 0.032901194 0.84519684
v 0.04682991 0 1.0578685
v 0.0416436 0.03181127 1.0578685
v 0.060205307 0 1.1039281
v 0.054546013 0.031822946 1.1039281
v 0.0673587 0 1.1554344
v 0.06169876 0.031826645 1.1541355
v 0.065085255 0 1.1950926
v 0.05915142 0.031856872 1.1910648
v 0.077609286 0.028239135 0.7147471
v 0.07520321 0.03913277 0.7147471
v 0.06296867 0.033828124 0.6613115
v 0.062344894 0.037660174 0.66131467
v 0.079051666 0.016220016 0.7147471
v 0.08068519 0 0.7147471
v 0.07669609 0 0.6987681
v 0.075196795 0.012014313 0.698566
v 0.05224285 0.031856872 1.2054092
v 0.058010977 0 1.2138269
v 0.058367804 0.031663436 0.66513276
v 0.0674097 0.010754776 0.68736905
v 0.070431404 0.016970672 0.7133594
v 0.069046855 0.02691681 0.7133594
v 0.06907211 0 0.68736905
v 0.058369596 0 0.66513276
v 0.075196795 0.012014313 0.698566
v 0.0674097 0.010754776 0.68736905
v 0.06907211 0 0.68736905
v 0.07669609 0 0.6987681
v 0.058367804 0.031663436 0.66513276
v 0.069046855 0.02691681 0.7133594
v 0.077609286 0.028239135 0.7147471
v 0.06296867 0.033828124 0.6613115
v 0.077609286 0.028239135 0.7147471
v 0.069046855 0.02691681 0.7133594
v 0.070431404 0.016970672 0.7133594
v 0.079051666 0.016220016 0.7147471
v 0.079051666 0.016220016 0.7147471
v 0.070431404 0.016970672 0.7133594
v 0.0674097 0.010754776 0.68736905
v 0.075196795 0.012014313 0.698566
v 0.058367804 0.031663436 0.66513276
v 0.06296867 0.033828124 0.6613115
v 0.042680778 0.034602005 0.6735643
v 0.006768 0.037442196 0.69546044
v 0.042680778 0.034602005 0.6735643
v 0.062344894 0.037660174 0.66131467
v 0.006768 0.0528589 0.69546044
v 0.06296867 0.033828124 0.6613115
v 0.055519827 0.0346078 0.64610493
v 0.042680778 0.034602005 0.6735643
v 0.006768 0.037442196 0.69546044
v 0.022769853 0.037442196 0.667946
v 0.038661197 0.027989883 0.38497517
v 0.05841446 0.009152527 0.3541202
v 0.07925995 0.009152527 0.3541202
v 0.0814666 0.02798996 0.38497737
v 0.04429962 0.045537032 0.45009708
v 0.009946177 0.042007294 0.4308855
v 0.018507397 0.04649078 0.45009708
v 0.009934542 0.048279647 0.4581064
v 0.073894344 0.01971785 0.39823988
v 0.04429962 0.045537032 0.45009708
v 0.0814666 0.02798996 0.38497737
v 0.081465684 0.0054629967 0.38497296
v 0.067255974 0.034675784 0.642267
v 0.067255974 0.016536865 0.642267
v 0.019802324 0.037813872 0.671544
v 0.019802324 0 0.671544
v 0.067255974 0 0.642267
v 0.07437798 0.03117691 0.62204194
v 0.07437798 0.020115051 0.62204194
v 0.067255974 0.016536865 0.642267
v 0.067255974 0.034675784 0.642267
v 0.07458664 0.037528608 0.64704525
v 0.067255974 0.034675784 0.642267
v 0.019802324 0.037813872 0.671544
v 0.022780497 0.040276565 0.67969185
v 0.07878933 0.032400284 0.6186263
v 0.07437798 0.03117691 0.62204194
v 0.07458664 0.013932114 0.64704525
v 0.067255974 0.016536865 0.642267
v 0.07437798 0.020115051 0.62204194
v 0.07878933 0.018953476 0.6186263
v 0.07878933 0.018953476 0.6186263
v 0.07437798 0.020115051 0.62204194
v 0.07437798 0.03117691 0.62204194
v 0.07878933 0.032400284 0.6186263
v -0.19257241 0.08010691 0.0005490187
v -0.19861408 0.069117576 -0.0027832848
v -0.1722007 0.068209045 -0.042240277
v -0.17020267 0.08010691 -0.03321508
v -0.20194046 0.069112755 0.056318372
v -0.19963627 0.08010691 0.051284153
v -0.18319798 0.08010691 0.04860132
v -0.18599804 0.06911765 0.05485104
v -0.19252533 0.08010691 0.039526965
v -0.19803226 0.069117576 0.038408905
v -0.19861408 0.069117576 -0.0027832848
v -0.19257241 0.08010691 0.0005490187
v -0.19803226 0.069117576 0.038408905
v -0.19803226 0.051273927 0.038408905
v -0.19861408 0.051273927 -0.0027832848
v -0.19861408 0.069117576 -0.0027832848
v -0.1722007 0.068209045 -0.042240277
v -0.19861408 0.069117576 -0.0027832848
v -0.19861408 0.051273927 -0.0027832848
v -0.1725363 0.051273927 -0.042492498
v -0.20086609 0.08010691 0.04997692
v -0.19252533 0.08010691 0.039526965
v -0.18319798 0.08010691 0.04860132
v -0.19963627 0.08010691 0.051284153
v -0.19257241 0.08010691 0.0005490187
v -0.1355033 0.08010691 -0.006844849
v -0.13178112 0.08010691 0.07297456
v -0.14893627 0.08010691 0.084247835
v -0.154921 0.08010691 0.097955756
v -0.15337345 0.08010691 0.09916757
v -0.17020267 0.08010691 -0.03321508
v -0.15398456 0.068933934 0.10521246
v -0.15337345 0.08010691 0.09916757
v -0.13178112 0.08010691 0.07297456
v -0.12685727 0.069117576 0.07546483
v -0.12987365 0.069117576 -0.01042849
v -0.1722007 0.068209045 -0.042240277
v -0.1725363 0.051273927 -0.042492498
v -0.12987365 0.051273927 -0.01042849
v -0.17020267 0.08010691 -0.03321508
v -0.1722007 0.068209045 -0.042240277
v -0.12987365 0.069117576 -0.01042849
v -0.1355033 0.08010691 -0.006844849
v -0.18599804 0.06911765 0.05485104
v -0.18319798 0.08010691 0.04860132
v -0.14893627 0.08010691 0.084247835
v -0.15504594 0.06911765 0.087097175
v -0.12685727 0.069117576 0.07546483
v -0.13178112 0.08010691 0.07297456
v -0.1355033 0.08010691 -0.006844849
v -0.12987365 0.069117576 -0.01042849
v -0.12987365 0.051273927 -0.01042849
v -0.12685727 0.051273927 0.07546483
v -0.12685727 0.069117576 0.07546483
v -0.12987365 0.069117576 -0.01042849
v -0.15929352 0.06903491 0.09977608
v -0.154921 0.08010691 0.097955756
v -0.15337345 0.08010691 0.09916757
v -0.15398456 0.068933934 0.10521246
v -0.15504594 0.06911765 0.087097175
v -0.14893627 0.08010691 0.084247835
v -0.154921 0.08010691 0.097955756
v -0.15929352 0.06903491 0.09977608
v -0.19963627 0.08010691 0.051284153
v -0.20194046 0.069112755 0.056318372
v -0.20750648 0.06911765 0.05046288
v -0.20086609 0.08010691 0.04997692
v -0.20086609 0.08010691 0.04997692
v -0.20750648 0.06911765 0.05046288
v -0.19803226 0.069117576 0.038408905
v -0.19252533 0.08010691 0.039526965
v -0.20750648 0.06911765 0.05046288
v -0.19803226 0.051273927 0.038408905
v -0.19803226 0.069117576 0.038408905
v -0.2477763 0.06911765 0.10192027
v -0.2477763 0.051273763 0.10192027
v -0.20050426 0.08010683 0.17754263
v -0.19380394 0.06911765 0.19529535
v -0.24758579 0.06911765 0.18272695
v -0.24016613 0.08010683 0.16855493
v -0.12771429 0.06911765 0.13179362
v -0.14889935 0.08010683 0.13058764
v -0.15398456 0.068933934 0.10521246
v -0.15929352 0.06903491 0.09977608
v -0.20827368 0.08010683 0.06820881
v -0.20194046 0.069112755 0.056318372
v -0.20750648 0.06911765 0.05046288
v -0.20050426 0.08010683 0.17754263
v -0.14889935 0.08010683 0.13058764
v -0.12771429 0.06911765 0.13179362
v -0.19380394 0.06911765 0.19529535
v -0.12771429 0.06911765 0.13179362
v -0.12771429 0.051273927 0.13179362
v -0.19380394 0.051273603 0.19529535
v -0.19380394 0.06911765 0.19529535
v -0.24758579 0.06911765 0.18272695
v -0.19380394 0.06911765 0.19529535
v -0.19380394 0.051273603 0.19529535
v -0.24758579 0.051273763 0.18272695
v -0.14889935 0.08010683 0.13058764
v -0.20050426 0.08010683 0.17754263
v -0.23781551 0.08010683 0.10557836
v -0.20827368 0.08010683 0.06820881
v -0.24016613 0.08010683 0.16855493
v -0.24308757 0.08010683 0.13907404
v -0.20750648 0.06911765 0.05046288
v -0.20827368 0.08010683 0.06820881
v -0.23781551 0.08010683 0.10557836
v -0.2477763 0.06911765 0.10192027
v -0.25169438 0.06911765 0.14261888
v -0.24758579 0.06911765 0.18272695
v -0.24758579 0.051273763 0.18272695
v -0.25169438 0.051273763 0.14261888
v -0.2477763 0.06911765 0.10192027
v -0.2477763 0.051273763 0.10192027
v -0.24016613 0.08010683 0.16855493
v -0.24758579 0.06911765 0.18272695
v -0.25169438 0.06911765 0.14261888
v -0.24308757 0.08010683 0.13907404
v -0.2477763 0.06911765 0.10192027
v -0.23781551 0.08010683 0.10557836
v -0.15386781 0.051273927 0.105084434
v -0.2477763 0.051273763 0.10192027
v -0.12771429 0.051273927 0.13179362
v -0.25169438 0.051273763 0.14261888
v -0.24758579 0.051273763 0.18272695
v -0.19380394 0.051273603 0.19529535
v -0.19803226 0.051273927 0.038408905
v -0.1725363 0.051273927 -0.042492498
v -0.19861408 0.051273927 -0.0027832848
v -0.11156036 0.051270843 0.32124445
v -0.10763496 0.051270843 0.32505116
v -0.11077873 0.058600977 0.3250539
v -0.11491245 0.058600977 0.32124752
v -0.11119209 0.051270843 0.34845096
v -0.114337005 0.058600977 0.34563038
v -0.114337005 0.058600977 0.34563038
v -0.11119209 0.051270843 0.34845096
v -0.1287875 0.051270843 0.35536358
v -0.1261695 0.058600977 0.35038677
v -0.111565284 0.051270843 0.16243178
v -0.114910774 0.058600977 0.16513623
v -0.11999447 0.058600977 0.16019437
v -0.11999206 0.051270843 0.15573046
v -0.11999447 0.058600977 0.16019437
v -0.12615798 0.058600977 0.16514345
v -0.12877563 0.051270843 0.16243166
v -0.11491245 0.058600977 0.32124752
v -0.114910774 0.058600977 0.16513623
v -0.111565284 0.051270843 0.16243178
v -0.11156036 0.051270843 0.32124445
v -0.1261695 0.058600977 0.35038677
v -0.11491245 0.058600977 0.32124752
v -0.11077873 0.058600977 0.3250539
v -0.114337005 0.058600977 0.34563038
v -0.114910774 0.058600977 0.16513623
v -0.12615798 0.058600977 0.16514345
v -0.11999447 0.058600977 0.16019437
v -0.12877563 0.051270843 0.16243166
v -0.12615798 0.058600977 0.16514345
v -0.1261695 0.058600977 0.35038677
v -0.1287875 0.051270843 0.35536358
v -0.1387283 0.08010721 0.18623692
v -0.18896815 0.08010721 0.22548924
v -0.19828582 0.06911742 0.22009516
v -0.13145477 0.06911742 0.1671697
v -0.1889822 0.08010721 0.3772989
v -0.18435512 0.06911742 0.38608855
v -0.19827369 0.06911742 0.3860394
v -0.18896815 0.08010721 0.22548924
v -0.1889822 0.08010721 0.3772989
v -0.19827369 0.06911742 0.3860394
v -0.19828582 0.06911742 0.22009516
v -0.19827369 0.06911742 0.3860394
v -0.19827369 0.051273763 0.3860394
v -0.19828582 0.051273763 0.22009516
v -0.19828582 0.06911742 0.22009516
v -0.13145477 0.051270843 0.1671697
v -0.13145477 0.06911742 0.1671697
v -0.19828582 0.06911742 0.22009516
v -0.19828582 0.051273763 0.22009516
v -0.13144383 0.06911742 0.34132582
v -0.13145477 0.06911742 0.1671697
v -0.13145477 0.051270843 0.1671697
v -0.13144383 0.051270843 0.34132582
v -0.1889822 0.08010721 0.3772989
v -0.18896815 0.08010721 0.22548924
v -0.1387283 0.08010721 0.18623692
v -0.13873087 0.08010721 0.33575168
v -0.13144383 0.06911742 0.34132582
v -0.13873087 0.08010721 0.33575168
v -0.1387283 0.08010721 0.18623692
v -0.13145477 0.06911742 0.1671697
v -0.18435512 0.051270843 0.38608855
v -0.19827369 0.051273763 0.3860394
v -0.19827369 0.06911742 0.3860394
v -0.18435512 0.06911742 0.38608855
v -0.18435512 0.06911742 0.38608855
v -0.1889822 0.08010721 0.3772989
v -0.13873087 0.08010721 0.33575168
v -0.13144383 0.06911742 0.34132582
v -0.18435512 0.06911742 0.38608855
v -0.13144383 0.06911742 0.34132582
v -0.13144383 0.051270843 0.34132582
v -0.18435512 0.051270843 0.38608855
v -0.123420104 0.05870714 0.35951436
v -0.10570545 0.05870714 0.35202998
v -0.10111622 0.06969655 0.3558101
v -0.11626701 0.06969655 0.36290538
v -0.10104969 0.053039044 0.32385707
v -0.09619755 0.06556963 0.32670936
v -0.09619755 0.06556963 0.32670936
v -0.10104969 0.053039044 0.32385707
v -0.07408191 0.05019512 0.3092855
v -0.07477791 0.062249944 0.31521186
v -0.05316963 0.05256028 0.33605364
v -0.058780935 0.06345358 0.3348691
v -0.07477791 0.062249944 0.31521186
v -0.07408191 0.05019512 0.3092855
v -0.048990477 0.06969655 0.41897509
v -0.043994244 0.05870714 0.4254294
v -0.0652227 0.05870714 0.4254294
v -0.06240047 0.06969655 0.41942844
v -0.11761436 0.06969655 0.3675268
v -0.06240047 0.06969655 0.41942844
v -0.0652227 0.05870714 0.4254294
v -0.12643406 0.05870714 0.36840877
v -0.10570545 0.05870714 0.35202998
v -0.123420104 0.05870714 0.35951436
v -0.123420104 0.043381352 0.35951436
v -0.10570545 0.043381352 0.35202998
v -0.10104969 0.053039044 0.32385707
v -0.10104969 0.043381352 0.32328036
v -0.07408191 0.05019512 0.3092855
v -0.10104969 0.053039044 0.32385707
v -0.10104969 0.043381352 0.32328036
v -0.07408191 0.043381352 0.30851567
v -0.123420104 0.05870714 0.35951436
v -0.12643406 0.05870714 0.36840877
v -0.12643406 0.043381352 0.36840877
v -0.123420104 0.043381352 0.35951436
v -0.07408191 0.043381352 0.30851567
v -0.05316963 0.043381352 0.3356386
v -0.05316963 0.05256028 0.33605364
v -0.07408191 0.05019512 0.3092855
v -0.043994244 0.05870714 0.4254294
v -0.043994244 0.05870714 0.4060664
v -0.043994244 0.043381352 0.4060664
v -0.043994244 0.043381352 0.4254294
v -0.053171422 0.05870714 0.39541864
v -0.058780935 0.06969655 0.39541864
v -0.058780935 0.06345358 0.3348691
v -0.05316963 0.05256028 0.33605364
v -0.053171422 0.043381352 0.39541864
v -0.053171422 0.05870714 0.39541864
v -0.05316963 0.05256028 0.33605364
v -0.05316963 0.043381352 0.3356386
v -0.043994244 0.05870714 0.4060664
v -0.048990477 0.06969655 0.4060664
v -0.058780935 0.06969655 0.39541864
v -0.053171422 0.05870714 0.39541864
v -0.043994244 0.043381352 0.4060664
v -0.043994244 0.05870714 0.4060664
v -0.053171422 0.05870714 0.39541864
v -0.053171422 0.043381352 0.39541864
v -0.11626701 0.06969655 0.36290538
v -0.058780935 0.06969655 0.39541864
v -0.06240047 0.06969655 0.41942844
v -0.11761436 0.06969655 0.3675268
v -0.10111622 0.06969655 0.3558101
v -0.058780935 0.06345358 0.3348691
v -0.09619755 0.06556963 0.32670936
v -0.07477791 0.062249944 0.31521186
v -0.048990477 0.06969655 0.41897509
v -0.058780935 0.06969655 0.39541864
v -0.048990477 0.06969655 0.4060664
v -0.043994244 0.05870714 0.4254294
v -0.048990477 0.06969655 0.41897509
v -0.048990477 0.06969655 0.4060664
v -0.043994244 0.05870714 0.4060664
v -0.11626701 0.06969655 0.36290538
v -0.11761436 0.06969655 0.3675268
v -0.12643406 0.05870714 0.36840877
v -0.123420104 0.05870714 0.35951436
v -0.12643406 0.05870714 0.36840877
v -0.0652227 0.05870714 0.4254294
v -0.0652227 0.043381352 0.4254294
v -0.12643406 0.043381352 0.36840877
v -0.0652227 0.05870714 0.4254294
v -0.043994244 0.05870714 0.4254294
v -0.043994244 0.043381352 0.4254294
v -0.0652227 0.043381352 0.4254294
v -0.112553716 0.062208958 -0.069655195
v -0.11826798 0.051272307 -0.075049326
v -0.09704614 0.051272307 -0.09118299
v -0.097046666 0.062208958 -0.08154653
v -0.11826798 0.051272307 0.0014943081
v -0.112553716 0.062208958 -0.004136757
v -0.08117448 0.062208958 -0.004136757
v -0.07617257 0.051272307 0.0014942318
v -0.112553716 0.062208958 -0.069655195
v -0.112553716 0.062208958 -0.004136757
v -0.11826798 0.051272307 0.0014943081
v -0.11826798 0.051272307 -0.075049326
v -0.11826798 0.051272307 0.0014943081
v -0.11826798 0.03284164 0.0014943081
v -0.11826798 0.03284164 -0.075049326
v -0.11826798 0.051272307 -0.075049326
v -0.09704614 0.051272307 -0.09118299
v -0.11826798 0.051272307 -0.075049326
v -0.11826798 0.03284164 -0.075049326
v -0.09704614 0.03284164 -0.09118299
v -0.112553716 0.062208958 -0.004136757
v -0.112553716 0.062208958 -0.069655195
v -0.0811718 0.062208958 -0.069655195
v -0.08117448 0.062208958 -0.004136757
v -0.097046666 0.062208958 -0.08154653
v -0.07617257 0.051272307 0.0014942318
v -0.08117448 0.062208958 -0.004136757
v -0.0811718 0.062208958 -0.069655195
v -0.07616967 0.051272307 -0.07508061
v -0.07616967 0.051272307 -0.07508061
v -0.09704614 0.051272307 -0.09118299
v -0.09704614 0.03284164 -0.09118299
v -0.07616967 0.03284164 -0.07508061
v -0.097046666 0.062208958 -0.08154653
v -0.09704614 0.051272307 -0.09118299
v -0.07616967 0.051272307 -0.07508061
v -0.0811718 0.062208958 -0.069655195
v -0.10654754 0.051273927 0.16164652
v -0.11391197 0.051273927 0.15436704
v -0.10790569 0.058252152 0.15436716
v -0.10013683 0.058252152 0.16164652
v -0.11391197 0.051273927 0.15436704
v -0.11391178 0.051273927 0.0044675595
v -0.1079084 0.058252152 0.009876685
v -0.1079084 0.058252152 0.009876685
v -0.11391178 0.051273927 0.0044675595
v -0.07616966 0.051273927 0.004466262
v -0.081171796 0.058252152 0.009876685
v -0.10016292 0.058252152 0.30978766
v -0.10326248 0.051273927 0.31957135
v -0.10655308 0.051273927 0.31533736
v -0.10013683 0.058252152 0.16164652
v -0.10016292 0.058252152 0.30978766
v -0.10655308 0.051273927 0.31533736
v -0.10654754 0.051273927 0.16164652
v -0.07616966 0 0.004466262
v -0.07617252 0 0.30307782
v -0.07617252 0.051273927 0.30307782
v -0.07616966 0.051273927 0.004466262
v -0.081171796 0.058252152 0.009876685
v -0.08117447 0.058252152 0.29927427
v -0.10016292 0.058252152 0.30978766
v -0.10013683 0.058252152 0.16164652
v -0.10790569 0.058252152 0.15436716
v -0.1079084 0.058252152 0.009876685
v -0.07617252 0.051273927 0.30307782
v -0.08117447 0.058252152 0.29927427
v -0.081171796 0.058252152 0.009876685
v -0.07616966 0.051273927 0.004466262
v -0.08117447 0.058252152 0.29927427
v -0.07617252 0.051273927 0.30307782
v -0.10326248 0.051273927 0.31957135
v -0.10016292 0.058252152 0.30978766
v -0.10326248 0 0.31957135
v -0.10326248 0.051273927 0.31957135
v -0.07617252 0.051273927 0.30307782
v -0.07617252 0 0.30307782
v -0.09704614 0.03284164 -0.09118299
v -0.11826798 0.03284164 -0.075049326
v -0.07616967 0.03284164 -0.07508061
v -0.11826798 0.03284164 0.0014943081
v -0.07408191 0.043381352 0.30851567
v -0.10104969 0.043381352 0.32328036
v -0.05316963 0.043381352 0.3356386
v -0.053171422 0.043381352 0.39541864
v -0.15504594 0.06911765 0.087097175
v -0.15929352 0.06903491 0.09977608
v -0.20194046 0.069112755 0.056318372
v -0.18599804 0.06911765 0.05485104
v -0.15386781 0.051273927 0.105084434
v -0.12771429 0.051273927 0.13179362
v -0.12771429 0.06911765 0.13179362
v -0.15398456 0.068933934 0.10521246
v -0.15386781 0.051273927 0.105084434
v -0.15398456 0.068933934 0.10521246
v -0.12685727 0.069117576 0.07546483
v -0.12685727 0.051273927 0.07546483
v -0.19828582 0.051273763 0.22009516
v -0.19827369 0.051273763 0.3860394
v -0.18435512 0.051270843 0.38608855
v -0.13145477 0.051270843 0.1671697
v -0.061259955 0.0701992 -0.107529216
v -0.06436771 0.05694412 -0.1400109
v -0.03866394 0.05694412 -0.14004217
v -0.043913193 0.0701992 -0.107529216
v -0.07232994 0.05694412 -0.12771173
v -0.0660099 0.0701992 -0.100684315
v -0.034410894 0.05694412 -0.12771165
v -0.04156738 0.0701992 -0.100684315
v -0.034412723 0.05694412 0.036063362
v -0.04156906 0.0701992 0.028202033
v -0.0660099 0.0701992 0.042099357
v -0.07232994 0.05694412 0.05597406
v -0.07232994 0.05694412 0.05597406
v -0.0660099 0.0701992 0.042099357
v -0.049799766 0.0701992 0.042099357
v -0.045603104 0.05694412 0.05597402
v -0.07232994 0.05694412 -0.12771173
v -0.07232994 0.038639314 -0.12771173
v -0.06436771 0.038639314 -0.1400109
v -0.06436771 0.05694412 -0.1400109
v -0.06436771 0.05694412 -0.1400109
v -0.06436771 0.038639314 -0.1400109
v -0.03866394 0.038639314 -0.14004217
v -0.03866394 0.05694412 -0.14004217
v -0.03866394 0.038639314 -0.14004217
v -0.034410894 0.038639314 -0.12771165
v -0.034410894 0.05694412 -0.12771165
v -0.03866394 0.05694412 -0.14004217
v -0.034412723 0.05694412 0.036063362
v -0.034412723 0.038639314 0.036063362
v -0.0660099 0.0701992 -0.100684315
v -0.061259955 0.0701992 -0.107529216
v -0.043913193 0.0701992 -0.107529216
v -0.04156738 0.0701992 -0.100684315
v -0.04156906 0.0701992 0.028202033
v -0.0660099 0.0701992 0.042099357
v -0.049799766 0.0701992 0.042099357
v -0.045603104 0.038639314 0.05597402
v -0.07232994 0.038639314 0.05597406
v -0.07232994 0.05694412 0.05597406
v -0.045603104 0.05694412 0.05597402
v -0.07232994 0.038639314 0.05597406
v -0.07232994 0.038639314 -0.12771173
v -0.07232994 0.05694412 -0.12771173
v -0.07232994 0.05694412 0.05597406
v -0.034412723 0.038639314 0.036063362
v -0.045603104 0.038639314 0.05597402
v -0.045603104 0.05694412 0.05597402
v -0.034412723 0.05694412 0.036063362
v -0.045603104 0.05694412 0.05597402
v -0.049799766 0.0701992 0.042099357
v -0.04156906 0.0701992 0.028202033
v -0.034412723 0.05694412 0.036063362
v -0.034412723 0.038639314 0.036063362
v -0.034410894 0.038639314 -0.12771165
v -0.07232994 0.038639314 -0.12771173
v -0.07232994 0.038639314 0.05597406
v -0.045603104 0.038639314 0.05597402
v -0.06436771 0.038639314 -0.1400109
v -0.03866394 0.038639314 -0.14004217
v 0.019546397 0.047865804 0.67064077
v -0.0006786704 0.027318802 -0.2171503
v -0.0006786704 0.032135926 -0.211169
v -0.028509175 0.01606804 -0.211169
v -0.024337461 0.013659363 -0.2171503
v -0.028509175 -0.016067887 -0.211169
v -0.024337461 -0.013659286 -0.2171503
v -0.024337461 -0.013659286 -0.2171503
v -0.028509175 -0.016067887 -0.211169
v -0.0006786704 -0.032135773 -0.211169
v -0.00067878485 -0.027318649 -0.2171503
v -0.00067878485 -0.027318649 -0.2171503
v -0.0006786704 -0.032135773 -0.211169
v 0.027151834 -0.016067887 -0.211169
v 0.022980005 -0.013659286 -0.2171503
v 0.022980005 -0.013659286 -0.2171503
v 0.027151834 -0.016067887 -0.211169
v 0.027151834 0.01606804 -0.211169
v 0.022980044 0.013659439 -0.2171503
v -0.0006786704 0.032135926 -0.211169
v -0.0006786704 0.027318802 -0.2171503
v -0.024337461 0.013659363 -0.2171503
v -0.0006786704 0 -0.2171503
v -0.0006786704 0.027318802 -0.2171503
v -0.024337461 -0.013659286 -0.2171503
v -0.00067878485 -0.027318649 -0.2171503
v 0.022980005 -0.013659286 -0.2171503
v 0.022980044 0.013659439 -0.2171503
v -0.0006786704 0.032135926 -0.17958874
v -0.0006786704 -0.032135773 -0.17958874
v -0.007868192 -0.02911682 -0.1859396
v -0.007868192 0.029116973 -0.1859396
v -0.0006786704 0.032135926 -0.17958874
v 0.006510775 0.029116973 -0.1859396
v 0.006510775 -0.02911682 -0.1859396
v -0.0006786704 -0.032135773 -0.17958874
v -0.0006786704 -0.032135773 -0.211169
v -0.0006786704 -0.032135773 -0.17958874
v 0.006510775 -0.02911682 -0.1859396
v 0.027151834 -0.016067887 -0.1859396
v 0.027151834 -0.016067887 -0.211169
v 0.027151834 0.01606804 -0.1859396
v 0.027151834 0.01606804 -0.211169
v -0.007868192 -0.02911682 -0.1859396
v -0.0006786704 -0.032135773 -0.17958874
v -0.0006786704 -0.032135773 -0.211169
v -0.028509175 -0.016067887 -0.211169
v -0.028509175 -0.016067887 -0.1859396
v -0.028509175 0.01606804 -0.211169
v -0.028509175 0.01606804 -0.1859396
v -0.0006786704 0.032135926 -0.211169
v -0.0006786704 0.032135926 -0.17958874
v -0.007868192 0.029116973 -0.1859396
v -0.028509175 0.01606804 -0.1859396
v -0.028509175 0.01606804 -0.211169
v 0.006510775 0.029116973 -0.1859396
v -0.0006786704 0.032135926 -0.17958874
v -0.0006786704 0.032135926 -0.211169
v 0.027151834 0.01606804 -0.211169
v 0.027151834 0.01606804 -0.1859396
v -0.007868192 -0.02911682 -0.1859396
v -0.028509175 -0.016067887 -0.1859396
v -0.028509175 0.01606804 -0.1859396
v -0.007868192 0.029116973 -0.1859396
v 0.006510775 0.029116973 -0.1859396
v 0.027151834 0.01606804 -0.1859396
v 0.027151834 -0.016067887 -0.1859396
v 0.006510775 -0.02911682 -0.1859396
v -0.0006786704 0.027318802 0.06674711
v -0.0006786704 0.032135926 0.072728395
v -0.028509175 0.01606804 0.072728395
v -0.024337461 0.013659363 0.06674711
v -0.028509175 -0.016067887 0.072728395
v -0.024337461 -0.013659286 0.06674711
v -0.024337461 -0.013659286 0.06674711
v -0.028509175 -0.016067887 0.072728395
v -0.0006786704 -0.032135773 0.072728395
v -0.00067878485 -0.027318649 0.06674711
v -0.00067878485 -0.027318649 0.06674711
v -0.0006786704 -0.032135773 0.072728395
v 0.027151834 -0.016067887 0.072728395
v 0.022980005 -0.013659286 0.06674711
v 0.022980005 -0.013659286 0.06674711
v 0.027151834 -0.016067887 0.072728395
v 0.027151834 0.01606804 0.072728395
v 0.022980044 0.013659439 0.06674711
v -0.0006786704 0.032135926 0.072728395
v -0.0006786704 0.027318802 0.06674711
v -0.024337461 0.013659363 0.06674711
v -0.0006786704 0 0.06674711
v -0.0006786704 0.027318802 0.06674711
v -0.024337461 -0.013659286 0.06674711
v -0.00067878485 -0.027318649 0.06674711
v 0.022980005 -0.013659286 0.06674711
v 0.022980044 0.013659439 0.06674711
v -0.0006786704 0.032135926 0.10430868
v -0.0006786704 -0.032135773 0.10430868
v -0.007868192 -0.02911682 0.09795782
v -0.007868192 0.029116973 0.09795782
v -0.0006786704 0.032135926 0.10430868
v 0.006510775 0.029116973 0.09795782
v 0.006510775 -0.02911682 0.09795782
v -0.0006786704 -0.032135773 0.10430868
v -0.0006786704 -0.032135773 0.072728395
v -0.0006786704 -0.032135773 0.10430868
v 0.006510775 -0.02911682 0.09795782
v 0.027151834 -0.016067887 0.09795782
v 0.027151834 -0.016067887 0.072728395
v 0.027151834 0.01606804 0.09795782
v 0.027151834 0.01606804 0.072728395
v -0.007868192 -0.02911682 0.09795782
v -0.0006786704 -0.032135773 0.10430868
v -0.0006786704 -0.032135773 0.072728395
v -0.028509175 -0.016067887 0.072728395
v -0.028509175 -0.016067887 0.09795782
v -0.028509175 0.01606804 0.072728395
v -0.028509175 0.01606804 0.09795782
v -0.0006786704 0.032135926 0.072728395
v -0.0006786704 0.032135926 0.10430868
v -0.007868192 0.029116973 0.09795782
v -0.028509175 0.01606804 0.09795782
v -0.028509175 0.01606804 0.072728395
v 0.006510775 0.029116973 0.09795782
v -0.0006786704 0.032135926 0.10430868
v -0.0006786704 0.032135926 0.072728395
v 0.027151834 0.01606804 0.072728395
v 0.027151834 0.01606804 0.09795782
v -0.007868192 -0.02911682 0.09795782
v -0.028509175 -0.016067887 0.09795782
v -0.028509175 0.01606804 0.09795782
v -0.007868192 0.029116973 0.09795782
v 0.006510775 0.029116973 0.09795782
v 0.027151834 0.01606804 0.09795782
v 0.027151834 -0.016067887 0.09795782
v 0.006510775 -0.02911682 0.09795782
v -0.0006786704 0.027318802 0.12243555
v -0.0006786704 0.032135926 0.12841684
v -0.028509175 0.01606804 0.12841684
v -0.024337461 0.013659363 0.12243555
v -0.028509175 -0.016067887 0.12841684
v -0.024337461 -0.013659286 0.12243555
v -0.024337461 -0.013659286 0.12243555
v -0.028509175 -0.016067887 0.12841684
v -0.0006786704 -0.032135773 0.12841684
v -0.00067878485 -0.027318649 0.12243555
v -0.00067878485 -0.027318649 0.12243555
v -0.0006786704 -0.032135773 0.12841684
v 0.027151834 -0.016067887 0.12841684
v 0.022980005 -0.013659286 0.12243555
v 0.022980005 -0.013659286 0.12243555
v 0.027151834 -0.016067887 0.12841684
v 0.027151834 0.01606804 0.12841684
v 0.022980044 0.013659439 0.12243555
v -0.0006786704 0.032135926 0.12841684
v -0.0006786704 0.027318802 0.12243555
v -0.024337461 0.013659363 0.12243555
v -0.0006786704 0 0.12243555
v -0.0006786704 0.027318802 0.12243555
v -0.024337461 -0.013659286 0.12243555
v -0.00067878485 -0.027318649 0.12243555
v 0.022980005 -0.013659286 0.12243555
v 0.022980044 0.013659439 0.12243555
v -0.0006786704 0.032135926 0.15999712
v -0.0006786704 -0.032135773 0.15999712
v -0.007868192 -0.02911682 0.15364626
v -0.007868192 0.029116973 0.15364626
v -0.0006786704 0.032135926 0.15999712
v 0.006510775 0.029116973 0.15364626
v 0.006510775 -0.02911682 0.15364626
v -0.0006786704 -0.032135773 0.15999712
v -0.0006786704 -0.032135773 0.12841684
v -0.0006786704 -0.032135773 0.15999712
v 0.006510775 -0.02911682 0.15364626
v 0.027151834 -0.016067887 0.15364626
v 0.027151834 -0.016067887 0.12841684
v 0.027151834 0.01606804 0.15364626
v 0.027151834 0.01606804 0.12841684
v -0.007868192 -0.02911682 0.15364626
v -0.0006786704 -0.032135773 0.15999712
v -0.0006786704 -0.032135773 0.12841684
v -0.028509175 -0.016067887 0.12841684
v -0.028509175 -0.016067887 0.15364626
v -0.028509175 0.01606804 0.12841684
v -0.028509175 0.01606804 0.15364626
v -0.0006786704 0.032135926 0.12841684
v -0.0006786704 0.032135926 0.15999712
v -0.007868192 0.029116973 0.15364626
v -0.028509175 0.01606804 0.15364626
v -0.028509175 0.01606804 0.12841684
v 0.006510775 0.029116973 0.15364626
v -0.0006786704 0.032135926 0.15999712
v -0.0006786704 0.032135926 0.12841684
v 0.027151834 0.01606804 0.12841684
v 0.027151834 0.01606804 0.15364626
v -0.007868192 -0.02911682 0.15364626
v -0.028509175 -0.016067887 0.15364626
v -0.028509175 0.01606804 0.15364626
v -0.007868192 0.029116973 0.15364626
v 0.006510775 0.029116973 0.15364626
v 0.027151834 0.01606804 0.15364626
v 0.027151834 -0.016067887 0.15364626
v 0.006510775 -0.02911682 0.15364626
v -0.0006786704 0.027318802 0.17676775
v -0.0006786704 0.032135926 0.18274903
v -0.028509175 0.01606804 0.18274903
v -0.024337461 0.013659363 0.17676775
v -0.028509175 -0.016067887 0.18274903
v -0.024337461 -0.013659286 0.17676775
v -0.024337461 -0.013659286 0.17676775
v -0.028509175 -0.016067887 0.18274903
v -0.0006786704 -0.032135773 0.18274903
v -0.00067878485 -0.027318649 0.17676775
v -0.00067878485 -0.027318649 0.17676775
v -0.0006786704 -0.032135773 0.18274903
v 0.027151834 -0.016067887 0.18274903
v 0.022980005 -0.013659286 0.17676775
v 0.022980005 -0.013659286 0.17676775
v 0.027151834 -0.016067887 0.18274903
v 0.027151834 0.01606804 0.18274903
v 0.022980044 0.013659439 0.17676775
v -0.0006786704 0.032135926 0.18274903
v -0.0006786704 0.027318802 0.17676775
v -0.024337461 0.013659363 0.17676775
v -0.0006786704 0 0.17676775
v -0.0006786704 0.027318802 0.17676775
v -0.024337461 -0.013659286 0.17676775
v -0.00067878485 -0.027318649 0.17676775
v 0.022980005 -0.013659286 0.17676775
v 0.022980044 0.013659439 0.17676775
v -0.0006786704 0.032135926 0.21432932
v -0.0006786704 -0.032135773 0.21432932
v -0.007868192 -0.02911682 0.20797846
v -0.007868192 0.029116973 0.20797846
v -0.0006786704 0.032135926 0.21432932
v 0.006510775 0.029116973 0.20797846
v 0.006510775 -0.02911682 0.20797846
v -0.0006786704 -0.032135773 0.21432932
v -0.0006786704 -0.032135773 0.18274903
v -0.0006786704 -0.032135773 0.21432932
v 0.006510775 -0.02911682 0.20797846
v 0.027151834 -0.016067887 0.20797846
v 0.027151834 -0.016067887 0.18274903
v 0.027151834 0.01606804 0.20797846
v 0.027151834 0.01606804 0.18274903
v -0.007868192 -0.02911682 0.20797846
v -0.0006786704 -0.032135773 0.21432932
v -0.0006786704 -0.032135773 0.18274903
v -0.028509175 -0.016067887 0.18274903
v -0.028509175 -0.016067887 0.20797846
v -0.028509175 0.01606804 0.18274903
v -0.028509175 0.01606804 0.20797846
v -0.0006786704 0.032135926 0.18274903
v -0.0006786704 0.032135926 0.21432932
v -0.007868192 0.029116973 0.20797846
v -0.028509175 0.01606804 0.20797846
v -0.028509175 0.01606804 0.18274903
v 0.006510775 0.029116973 0.20797846
v -0.0006786704 0.032135926 0.21432932
v -0.0006786704 0.032135926 0.18274903
v 0.027151834 0.01606804 0.18274903
v 0.027151834 0.01606804 0.20797846
v -0.007868192 -0.02911682 0.20797846
v -0.028509175 -0.016067887 0.20797846
v -0.028509175 0.01606804 0.20797846
v -0.007868192 0.029116973 0.20797846
v 0.006510775 0.029116973 0.20797846
v 0.027151834 0.01606804 0.20797846
v 0.027151834 -0.016067887 0.20797846
v 0.006510775 -0.02911682 0.20797846
v -0.0006786704 0.027318802 0.2310413
v -0.0006786704 0.032135926 0.23702258
v -0.028509175 0.01606804 0.23702258
v -0.024337461 0.013659363 0.2310413
v -0.028509175 -0.016067887 0.23702258
v -0.024337461 -0.013659286 0.2310413
v -0.024337461 -0.013659286 0.2310413
v -0.028509175 -0.016067887 0.23702258
v -0.0006786704 -0.032135773 0.23702258
v -0.00067878485 -0.027318649 0.2310413
v -0.00067878485 -0.027318649 0.2310413
v -0.0006786704 -0.032135773 0.23702258
v 0.027151834 -0.016067887 0.23702258
v 0.022980005 -0.013659286 0.2310413
v 0.022980005 -0.013659286 0.2310413
v 0.027151834 -0.016067887 0.23702258
v 0.027151834 0.01606804 0.23702258
v 0.022980044 0.013659439 0.2310413
v -0.0006786704 0.032135926 0.23702258
v -0.0006786704 0.027318802 0.2310413
v -0.024337461 0.013659363 0.2310413
v -0.0006786704 0 0.2310413
v -0.0006786704 0.027318802 0.2310413
v -0.024337461 -0.013659286 0.2310413
v -0.00067878485 -0.027318649 0.2310413
v 0.022980005 -0.013659286 0.2310413
v 0.022980044 0.013659439 0.2310413
v -0.0006786704 0.032135926 0.26860285
v -0.0006786704 -0.032135773 0.26860285
v -0.007868192 -0.02911682 0.262252
v -0.007868192 0.029116973 0.262252
v -0.0006786704 0.032135926 0.26860285
v 0.006510775 0.029116973 0.262252
v 0.006510775 -0.02911682 0.262252
v -0.0006786704 -0.032135773 0.26860285
v -0.0006786704 -0.032135773 0.23702258
v -0.0006786704 -0.032135773 0.26860285
v 0.006510775 -0.02911682 0.262252
v 0.027151834 -0.016067887 0.262252
v 0.027151834 -0.016067887 0.23702258
v 0.027151834 0.01606804 0.262252
v 0.027151834 0.01606804 0.23702258
v -0.007868192 -0.02911682 0.262252
v -0.0006786704 -0.032135773 0.26860285
v -0.0006786704 -0.032135773 0.23702258
v -0.028509175 -0.016067887 0.23702258
v -0.028509175 -0.016067887 0.262252
v -0.028509175 0.01606804 0.23702258
v -0.028509175 0.01606804 0.262252
v -0.0006786704 0.032135926 0.23702258
v -0.0006786704 0.032135926 0.26860285
v -0.007868192 0.029116973 0.262252
v -0.028509175 0.01606804 0.262252
v -0.028509175 0.01606804 0.23702258
v 0.006510775 0.029116973 0.262252
v -0.0006786704 0.032135926 0.26860285
v -0.0006786704 0.032135926 0.23702258
v 0.027151834 0.01606804 0.23702258
v 0.027151834 0.01606804 0.262252
v -0.007868192 -0.02911682 0.262252
v -0.028509175 -0.016067887 0.262252
v -0.028509175 0.01606804 0.262252
v -0.007868192 0.029116973 0.262252
v 0.006510775 0.029116973 0.262252
v 0.027151834 0.01606804 0.262252
v 0.027151834 -0.016067887 0.262252
v 0.006510775 -0.02911682 0.262252
v -0.031138722 0 -0.14555877
v -0.041432608 0 -0.13253886
v -0.029496076 -0.028817367 -0.13253886
v -0.022217138 -0.02153839 -0.14555877
v -0.022217138 0.021538466 -0.14555877
v -0.029496076 0.028817367 -0.13253886
v -0.0006786704 0.030460129 -0.14555877
v -0.0006786704 0.040754013 -0.13253886
v -0.029496076 0.028817367 -0.13253886
v -0.022217138 0.021538466 -0.14555877
v 0.02085976 0.021538466 -0.14555877
v 0.028138658 0.028817367 -0.13253886
v -0.0006786704 0.040754013 -0.13253886
v -0.0006786704 0.030460129 -0.14555877
v 0.029781304 0 -0.14555877
v 0.040075187 0 -0.13253886
v 0.028138658 0.028817367 -0.13253886
v 0.02085976 0.021538466 -0.14555877
v 0.02085976 -0.02153839 -0.14555877
v 0.028138658 -0.028817367 -0.13253886
v -0.0006786704 -0.030459976 -0.14555877
v -0.0006786704 -0.04075386 -0.13253886
v 0.028138658 -0.028817367 -0.13253886
v 0.02085976 -0.02153839 -0.14555877
v -0.022217138 -0.02153839 -0.14555877
v -0.029496076 -0.028817367 -0.13253886
v -0.0006786704 -0.04075386 -0.13253886
v -0.0006786704 -0.030459976 -0.14555877
v -0.041432608 0 -0.13253886
v -0.041432608 0 -0.06222186
v -0.029496076 -0.028817367 -0.06222186
v -0.029496076 -0.028817367 -0.13253886
v -0.029496076 0.028817367 -0.13253886
v -0.029496076 0.028817367 -0.06222186
v -0.0006786704 -0.04075386 -0.06222186
v -0.0006786704 -0.04075386 -0.13253886
v 0.028138658 -0.028817367 -0.06222186
v 0.028138658 -0.028817367 -0.13253886
v -0.0006786704 0.040754013 -0.13253886
v -0.029496076 0.028817367 -0.06222186
v -0.0006786704 0.040754013 -0.06222186
v 0.028138658 0.028817367 -0.13253886
v -0.0006786704 0.040754013 -0.06222186
v 0.028138658 0.028817367 -0.06222186
v 0.040075187 0 -0.13253886
v 0.040075187 0 -0.06222186
v 0.028138658 -0.028817367 -0.06222186
v 0.040075187 0 -0.13253886
v 0.028138658 -0.028817367 -0.06222186
v 0.024009287 -0.024687957 -0.050090283
v 0.034235384 0 -0.050090283
v 0.040075187 0 -0.06222186
v 0.024009287 0.02468811 -0.050090283
v 0.028138658 0.028817367 -0.06222186
v -0.0006786704 -0.04075386 -0.06222186
v -0.0006786704 -0.034914017 -0.050090283
v 0.024009287 -0.024687957 -0.050090283
v 0.028138658 -0.028817367 -0.06222186
v -0.029496076 -0.028817367 -0.06222186
v -0.025366703 -0.024687957 -0.050090283
v -0.0006786704 -0.034914017 -0.050090283
v -0.0006786704 -0.04075386 -0.06222186
v -0.041432608 0 -0.06222186
v -0.035592802 0 -0.050090283
v -0.025366703 -0.024687957 -0.050090283
v -0.029496076 -0.028817367 -0.06222186
v -0.029496076 0.028817367 -0.06222186
v -0.025366703 0.02468811 -0.050090283
v -0.0006786704 0.040754013 -0.06222186
v -0.0006786704 0.03491417 -0.050090283
v -0.025366703 0.02468811 -0.050090283
v -0.029496076 0.028817367 -0.06222186
v 0.028138658 0.028817367 -0.06222186
v 0.024009287 0.02468811 -0.050090283
v -0.0006786704 0.03491417 -0.050090283
v -0.0006786704 0.040754013 -0.06222186
v -0.022217138 -0.02153839 -0.14555877
v 0.02085976 -0.02153839 -0.14555877
v 0.029781304 0 -0.14555877
v -0.031138722 0 -0.14555877
v -0.0006786704 -0.030459976 -0.14555877
v 0.02085976 0.021538466 -0.14555877
v -0.022217138 0.021538466 -0.14555877
v -0.031138722 0 -0.14555877
v 0.029781304 0 -0.14555877
v -0.0006786704 0.030460129 -0.14555877
v -0.035592802 0 -0.050090283
v 0.034235384 0 -0.050090283
v 0.024009287 -0.024687957 -0.050090283
v -0.025366703 -0.024687957 -0.050090283
v -0.0006786704 -0.034914017 -0.050090283
v -0.025366703 0.02468811 -0.050090283
v 0.024009287 0.02468811 -0.050090283
v -0.0006786704 0.03491417 -0.050090283
v -0.0006786704 0.039076768 0.33704776
v -0.0006786704 0 0.33704174
v 0.026952745 0.027631454 0.33704776
v -0.028310124 0.027631454 0.33704776
v -0.039755397 0 0.33704776
v 0.03839802 0 0.33704776
v -0.028310124 -0.027631378 0.33704776
v -0.039755397 0 0.33704776
v -0.0006786704 -0.03907669 0.33704776
v 0.026952745 -0.027631378 0.33704776
v 0.03839802 0 0.33704776
v 0.030030213 0.030708922 0.43214884
v -0.0006786704 0 0.43217236
v -0.0006786704 0.043428954 0.43214884
v 0.042750206 0 0.43214884
v 0.030030213 -0.03070877 0.43214884
v -0.0006786704 -0.04342888 0.43214884
v -0.0006786704 0.043428954 0.43214884
v -0.03138763 0.030708922 0.43214884
v -0.044107627 0 0.43214884
v -0.03138763 -0.03070877 0.43214884
v -0.0006786704 -0.04342888 0.43214884
v -0.03498882 0 0.35314235
v -0.044107627 0 0.42181918
v -0.03138763 -0.03070877 0.42181918
v -0.024939649 -0.024260864 0.35314235
v -0.024939649 0.02426094 0.35314235
v -0.03138763 0.030708922 0.42181918
v -0.0006786704 0.03431015 0.35314235
v -0.0006786704 0.043428954 0.42181918
v -0.03138763 0.030708922 0.42181918
v -0.024939649 0.02426094 0.35314235
v 0.023582231 0.02426094 0.35314235
v 0.030030213 0.030708922 0.42181918
v -0.0006786704 0.043428954 0.42181918
v -0.0006786704 0.03431015 0.35314235
v 0.033631366 0 0.35314235
v 0.042750206 0 0.42181918
v 0.030030213 0.030708922 0.42181918
v 0.023582231 0.02426094 0.35314235
v 0.023582231 -0.024260864 0.35314235
v 0.030030213 -0.03070877 0.42181918
v -0.0006786704 -0.034310073 0.35314235
v -0.0006786704 -0.04342888 0.42181918
v 0.030030213 -0.03070877 0.42181918
v 0.023582231 -0.024260864 0.35314235
v -0.024939649 -0.024260864 0.35314235
v -0.03138763 -0.03070877 0.42181918
v -0.0006786704 -0.04342888 0.42181918
v -0.0006786704 -0.034310073 0.35314235
v -0.03498882 0 0.35314235
v -0.03978809 0 0.36395037
v -0.03596973 0.009218216 0.3531426
v -0.0006786704 0.039109495 0.36395037
v -0.0006786704 0.03431015 0.35314235
v -0.009896887 0.03529106 0.3531426
v -0.0006786704 0.03431015 0.35314235
v -0.0006786704 0.039109495 0.36395037
v 0.008539431 0.03529106 0.3531426
v 0.038430672 0 0.36395037
v 0.033631366 0 0.35314235
v 0.034612354 0.009218216 0.3531426
v 0.033631366 0 0.35314235
v 0.038430672 0 0.36395037
v 0.034612354 -0.009218063 0.3531426
v -0.0006786704 -0.034310073 0.35314235
v 0.023582231 -0.024260864 0.35314235
v 0.026975786 -0.027654495 0.3531426
v 0.008539431 -0.035290983 0.3531426
v -0.028333204 -0.027654419 0.3531426
v -0.024939649 -0.024260864 0.35314235
v -0.009896887 -0.035290983 0.3531426
v -0.03978809 0 0.36395037
v -0.03498882 0 0.35314235
v -0.03596973 -0.009218063 0.3531426
v -0.0006786704 -0.03910934 0.36395037
v -0.0006786704 -0.03907669 0.33704776
v -0.009896887 -0.035290983 0.3531426
v -0.028310124 -0.027631378 0.33704776
v -0.028333204 -0.027654419 0.3531426
v -0.0006786704 -0.03907669 0.33704776
v 0.008539431 -0.035290983 0.3531426
v -0.0006786704 -0.03910934 0.36395037
v 0.026975786 -0.027654495 0.3531426
v 0.026952745 -0.027631378 0.33704776
v -0.039755397 0 0.33704776
v -0.03978809 0 0.36395037
v -0.03596973 -0.009218063 0.3531426
v -0.03596973 0.009218216 0.3531426
v -0.028310124 0.027631454 0.33704776
v -0.028333204 0.027654571 0.3531426
v -0.028333204 -0.027654419 0.3531426
v -0.028310124 -0.027631378 0.33704776
v -0.009896887 0.03529106 0.3531426
v -0.0006786704 0.039076768 0.33704776
v -0.0006786704 0.039109495 0.36395037
v 0.026952745 0.027631454 0.33704776
v 0.008539431 0.03529106 0.3531426
v 0.026975747 0.027654571 0.3531426
v -0.0006786704 0.039109495 0.36395037
v -0.0006786704 0.039076768 0.33704776
v -0.028333204 0.027654571 0.3531426
v -0.028310124 0.027631454 0.33704776
v 0.034612354 0.009218216 0.3531426
v 0.03839802 0 0.33704776
v 0.038430672 0 0.36395037
v 0.034612354 -0.009218063 0.3531426
v 0.026952745 -0.027631378 0.33704776
v 0.026975786 -0.027654495 0.3531426
v 0.026975747 0.027654571 0.3531426
v 0.026952745 0.027631454 0.33704776
v -0.03138763 -0.03070877 0.42181918
v -0.03138763 -0.03070877 0.43214884
v -0.0006786704 -0.04342888 0.43214884
v -0.0006786704 -0.04342888 0.42181918
v -0.044107627 0 0.42181918
v -0.044107627 0 0.43214884
v 0.030030213 -0.03070877 0.43214884
v 0.030030213 -0.03070877 0.42181918
v 0.042750206 0 0.43214884
v 0.042750206 0 0.42181918
v 0.042750206 0 0.43214884
v 0.030030213 0.030708922 0.43214884
v 0.030030213 0.030708922 0.42181918
v -0.0006786704 0.043428954 0.43214884
v -0.0006786704 0.043428954 0.42181918
v -0.03138763 0.030708922 0.43214884
v -0.03138763 0.030708922 0.42181918
v -0.044107627 0 0.43214884
v -0.044107627 0 0.42181918
v -0.0006786704 -0.034310073 0.35314235
v -0.0006786704 -0.03910934 0.36395037
v -0.009896887 -0.035290983 0.3531426
v -0.0006786704 -0.03910934 0.36395037
v -0.0006786704 -0.034310073 0.35314235
v 0.008539431 -0.035290983 0.3531426
v -0.03498882 0 0.35314235
v -0.024939649 -0.024260864 0.35314235
v -0.028333204 -0.027654419 0.3531426
v -0.03596973 -0.009218063 0.3531426
v -0.028333204 0.027654571 0.3531426
v -0.024939649 0.02426094 0.35314235
v -0.03498882 0 0.35314235
v -0.03596973 0.009218216 0.3531426
v -0.0006786704 0.03431015 0.35314235
v -0.024939649 0.02426094 0.35314235
v -0.028333204 0.027654571 0.3531426
v -0.009896887 0.03529106 0.3531426
v 0.026975747 0.027654571 0.3531426
v 0.023582231 0.02426094 0.35314235
v 0.008539431 0.03529106 0.3531426
v 0.033631366 0 0.35314235
v 0.023582231 0.02426094 0.35314235
v 0.026975747 0.027654571 0.3531426
v 0.034612354 0.009218216 0.3531426
v 0.026975786 -0.027654495 0.3531426
v 0.023582231 -0.024260864 0.35314235
v 0.033631366 0 0.35314235
v 0.034612354 -0.009218063 0.3531426
v -0.0006786704 0.027318802 0.28543204
v -0.0006786704 0.032135926 0.2914133
v -0.028509175 0.01606804 0.2914133
v -0.024337461 0.013659363 0.28543204
v -0.028509175 -0.016067887 0.2914133
v -0.024337461 -0.013659286 0.28543204
v -0.024337461 -0.013659286 0.28543204
v -0.028509175 -0.016067887 0.2914133
v -0.0006786704 -0.032135773 0.2914133
v -0.00067878485 -0.027318649 0.28543204
v -0.00067878485 -0.027318649 0.28543204
v -0.0006786704 -0.032135773 0.2914133
v 0.027151834 -0.016067887 0.2914133
v 0.022980005 -0.013659286 0.28543204
v 0.022980005 -0.013659286 0.28543204
v 0.027151834 -0.016067887 0.2914133
v 0.027151834 0.01606804 0.2914133
v 0.022980044 0.013659439 0.28543204
v -0.0006786704 0.032135926 0.2914133
v -0.0006786704 0.027318802 0.28543204
v -0.024337461 0.013659363 0.28543204
v -0.0006786704 0 0.28543204
v -0.0006786704 0.027318802 0.28543204
v -0.024337461 -0.013659286 0.28543204
v -0.00067878485 -0.027318649 0.28543204
v 0.022980005 -0.013659286 0.28543204
v 0.022980044 0.013659439 0.28543204
v -0.0006786704 0.032135926 0.32299358
v -0.0006786704 -0.032135773 0.32299358
v -0.007868192 -0.02911682 0.31664273
v -0.007868192 0.029116973 0.31664273
v -0.0006786704 0.032135926 0.32299358
v 0.006510775 0.029116973 0.31664273
v 0.006510775 -0.02911682 0.31664273
v -0.0006786704 -0.032135773 0.32299358
v -0.0006786704 -0.032135773 0.2914133
v -0.0006786704 -0.032135773 0.32299358
v 0.006510775 -0.02911682 0.31664273
v 0.027151834 -0.016067887 0.31664273
v 0.027151834 -0.016067887 0.2914133
v 0.027151834 0.01606804 0.31664273
v 0.027151834 0.01606804 0.2914133
v -0.007868192 -0.02911682 0.31664273
v -0.0006786704 -0.032135773 0.32299358
v -0.0006786704 -0.032135773 0.2914133
v -0.028509175 -0.016067887 0.2914133
v -0.028509175 -0.016067887 0.31664273
v -0.028509175 0.01606804 0.2914133
v -0.028509175 0.01606804 0.31664273
v -0.0006786704 0.032135926 0.2914133
v -0.0006786704 0.032135926 0.32299358
v -0.007868192 0.029116973 0.31664273
v -0.028509175 0.01606804 0.31664273
v -0.028509175 0.01606804 0.2914133
v 0.006510775 0.029116973 0.31664273
v -0.0006786704 0.032135926 0.32299358
v -0.0006786704 0.032135926 0.2914133
v 0.027151834 0.01606804 0.2914133
v 0.027151834 0.01606804 0.31664273
v -0.007868192 -0.02911682 0.31664273
v -0.028509175 -0.016067887 0.31664273
v -0.028509175 0.01606804 0.31664273
v -0.007868192 0.029116973 0.31664273
v 0.006510775 0.029116973 0.31664273
v 0.027151834 0.01606804 0.31664273
v 0.027151834 -0.016067887 0.31664273
v 0.006510775 -0.02911682 0.31664273
v -0.00067878485 0.031584702 -0.3457788
v -0.00067878485 0.025955124 -0.33574125
v -0.0119175315 0.019466247 -0.33574125
v -0.023156391 0.012977447 -0.33574125
v -0.02803188 0.015792465 -0.3457788
v -0.023156391 -0.012977295 -0.33574125
v -0.02803188 -0.015792312 -0.3457788
v -0.0119175315 -0.019466171 -0.33574122
v -0.00067878485 -0.025954971 -0.33574122
v -0.00067878485 -0.031584702 -0.3457788
v -0.02803188 -0.015792312 -0.3457788
v -0.023156391 -0.012977295 -0.33574125
v -0.00067878485 -0.031584702 -0.3457788
v -0.00067878485 -0.025954971 -0.33574122
v 0.010560038 -0.019466171 -0.33574122
v 0.021798937 -0.012977295 -0.33574122
v 0.026674425 -0.015792312 -0.3457788
v 0.026674425 -0.015792312 -0.3457788
v 0.021798937 -0.012977295 -0.33574122
v 0.021798937 0.012977447 -0.33574125
v 0.026674425 0.015792465 -0.3457788
v 0.010560038 0.019466247 -0.33574125
v -0.00067878485 0.031584702 -0.3457788
v -0.00067878485 0.025955124 -0.33574125
v -0.02803188 -0.015792312 -0.3457788
v -0.00067878485 -0.031584702 -0.3457788
v -0.00067878485 0.031584702 -0.3457788
v -0.02803188 0.015792465 -0.3457788
v 0.026674425 0.015792465 -0.3457788
v 0.026674425 -0.015792312 -0.3457788
v -0.02037578 0.011372093 -0.24982187
v -0.02037578 0.011372093 0.34012175
v -0.02037578 -0.01137194 0.34012175
v -0.02037578 -0.01137194 -0.24982187
v -0.02037578 -0.01137194 -0.24982187
v -0.0006787884 -0.022744112 0.34012175
v -0.0006787884 -0.022744112 -0.24982187
v 0.019018326 -0.01137194 0.34012175
v 0.019018326 -0.01137194 -0.24982187
v 0.019018326 0.011372093 0.34012175
v 0.019018326 0.011372093 -0.24982187
v -0.0006787884 0.022744264 -0.24982187
v -0.0006787884 0.022744264 0.34012175
v -0.02037578 0.011372093 0.34012175
v -0.02037578 0.011372093 -0.24982187
v 0.019018326 0.011372093 -0.24982187
v 0.019018326 0.011372093 0.34012175
v -0.033550907 0.018978804 -0.30410454
v -0.02037578 0.011372093 -0.24982187
v -0.02037578 -0.01137194 -0.24982187
v -0.033550907 -0.018978728 -0.30410454
v -0.00067878485 0.037957687 -0.30410454
v -0.0006787884 0.022744264 -0.24982187
v -0.033550907 0.018978804 -0.30410454
v -0.02037578 -0.01137194 -0.24982187
v -0.0006787884 -0.022744112 -0.24982187
v -0.00067878485 -0.03795738 -0.30410454
v 0.032193452 0.018978804 -0.30410454
v 0.019018326 0.011372093 -0.24982187
v -0.0006787884 0.022744264 -0.24982187
v -0.00067878485 0.037957687 -0.30410454
v 0.032193452 -0.018978728 -0.30410454
v 0.019018326 -0.01137194 -0.24982187
v 0.032193452 0.018978804 -0.30410454
v -0.00067878485 -0.03795738 -0.30410454
v 0.019018326 -0.01137194 -0.24982187
v -0.0006787884 -0.022744112 -0.24982187
v -0.023156391 0.012977447 -0.33574125
v -0.033550907 0.018978804 -0.30410454
v -0.033550907 -0.018978728 -0.30410454
v -0.023156391 -0.012977295 -0.33574125
v -0.0119175315 -0.019466171 -0.33574122
v -0.00067878485 -0.025945282 -0.3304684
v -0.00067878485 -0.03795738 -0.30410454
v -0.0119175315 0.019466247 -0.33574125
v -0.033550907 0.018978804 -0.30410454
v -0.023156391 0.012977447 -0.33574125
v -0.00067878485 0.037957687 -0.30410454
v -0.00067878485 0.025945282 -0.3304684
v -0.00067878485 0.025945282 -0.3304684
v -0.00067878485 0.025955124 -0.33574125
v 0.010560038 0.019466247 -0.33574125
v 0.021798937 -0.012977295 -0.33574122
v 0.032193452 -0.018978728 -0.30410454
v 0.032193452 0.018978804 -0.30410454
v 0.021798937 0.012977447 -0.33574125
v 0.010560038 -0.019466171 -0.33574122
v -0.00067878485 -0.03795738 -0.30410454
v -0.00067878485 -0.025945282 -0.3304684
v -0.0119175315 -0.019466171 -0.33574122
v -0.00067878485 -0.025945282 -0.3304684
v -0.00067878485 -0.025954971 -0.33574122
v -0.00067878485 -0.025954971 -0.33574122
v -0.00067878485 -0.025945282 -0.3304684
v 0.010560038 -0.019466171 -0.33574122
v -0.00067878485 0.025955124 -0.33574125
v -0.00067878485 0.025945282 -0.3304684
v -0.0119175315 0.019466247 -0.33574125
v -0.00067878485 0.025945282 -0.3304684
v 0.010560038 0.019466247 -0.33574125
v 0.032193452 0.018978804 -0.30410454
v -0.00067878485 0.037957687 -0.30410454
v 0.021798937 0.012977447 -0.33574125
v -0.01068937 -0.046397828 1.2220863
v 0.013539336 -0.04411975 1.2635944
v 0.02288132 -0.044119686 1.2237532
v -0.0029633688 -0.046994194 1.1836774
v 0.02821029 -0.031227972 1.283538
v 0.03843132 -0.031164384 1.2482655
v 0.0328111 0 1.2895716
v 0.04282608 0 1.2551799
v -0.01068937 0.046397828 1.2220863
v -0.0029633688 0.046994194 1.1836774
v 0.02288132 0.044119686 1.2237532
v 0.013539336 0.04411975 1.2635944
v 0.02821029 0.031227972 1.283538
v 0.03843132 0.031164384 1.2482655
v 0.0328111 0 1.2895716
v 0.04282608 0 1.2551799
v -0.19257241 -0.08010691 0.0005490187
v -0.17020267 -0.08010691 -0.03321508
v -0.1722007 -0.068209045 -0.042240277
v -0.19860478 -0.06084709 -0.0027551411
v -0.20194046 -0.069112755 0.056318372
v -0.18599804 -0.06911765 0.05485104
v -0.18319798 -0.08010691 0.04860132
v -0.19963627 -0.08010691 0.051284153
v -0.19252533 -0.08010691 0.039526965
v -0.19257241 -0.08010691 0.0005490187
v -0.19860478 -0.06084709 -0.0027551411
v -0.19801967 -0.06084709 0.038406823
v -0.19801967 -0.06084709 0.038406823
v -0.19860478 -0.06084709 -0.0027551411
v -0.19861408 -0.051273946 -0.0027832848
v -0.19803226 -0.051273946 0.038408905
v -0.1722007 -0.068209045 -0.042240277
v -0.1725363 -0.051273946 -0.042492498
v -0.19861408 -0.051273946 -0.0027832848
v -0.19860478 -0.06084709 -0.0027551411
v -0.20086609 -0.08010691 0.04997692
v -0.19963627 -0.08010691 0.051284153
v -0.18319798 -0.08010691 0.04860132
v -0.19252533 -0.08010691 0.039526965
v -0.19257241 -0.08010691 0.0005490187
v -0.1355033 -0.08010691 -0.006844849
v -0.13178112 -0.08010691 0.07297456
v -0.14893627 -0.08010691 0.084247835
v -0.154921 -0.08010691 0.097955756
v -0.15337345 -0.08010691 0.09916757
v -0.17020267 -0.08010691 -0.03321508
v -0.15398456 -0.068933934 0.10521246
v -0.12685727 -0.069117576 0.07546483
v -0.13178112 -0.08010691 0.07297456
v -0.15337345 -0.08010691 0.09916757
v -0.12987365 -0.069117576 -0.01042849
v -0.12987365 -0.051273946 -0.01042849
v -0.1725363 -0.051273946 -0.042492498
v -0.1722007 -0.068209045 -0.042240277
v -0.17020267 -0.08010691 -0.03321508
v -0.1355033 -0.08010691 -0.006844849
v -0.12987365 -0.069117576 -0.01042849
v -0.1722007 -0.068209045 -0.042240277
v -0.18599804 -0.06911765 0.05485104
v -0.15504594 -0.06911765 0.087097175
v -0.14893627 -0.08010691 0.084247835
v -0.18319798 -0.08010691 0.04860132
v -0.12685727 -0.069117576 0.07546483
v -0.12987365 -0.069117576 -0.01042849
v -0.1355033 -0.08010691 -0.006844849
v -0.13178112 -0.08010691 0.07297456
v -0.12987365 -0.051273946 -0.01042849
v -0.12987365 -0.069117576 -0.01042849
v -0.12685727 -0.069117576 0.07546483
v -0.12685727 -0.051273946 0.07546483
v -0.15929352 -0.06903491 0.09977608
v -0.15398456 -0.068933934 0.10521246
v -0.15337345 -0.08010691 0.09916757
v -0.154921 -0.08010691 0.097955756
v -0.15504594 -0.06911765 0.087097175
v -0.15929352 -0.06903491 0.09977608
v -0.154921 -0.08010691 0.097955756
v -0.14893627 -0.08010691 0.084247835
v -0.19963627 -0.08010691 0.051284153
v -0.20086609 -0.08010691 0.04997692
v -0.20750648 -0.06911765 0.05046288
v -0.20194046 -0.069112755 0.056318372
v -0.20086609 -0.08010691 0.04997692
v -0.19252533 -0.08010691 0.039526965
v -0.19801967 -0.06084709 0.038406823
v -0.20750648 -0.06911765 0.05046288
v -0.20750648 -0.06911765 0.05046288
v -0.19801967 -0.06084709 0.038406823
v -0.19803226 -0.051273946 0.038408905
v -0.2477763 -0.06911765 0.10192027
v -0.2477763 -0.05127378 0.10192027
v -0.20050426 -0.08010683 0.17754263
v -0.24016613 -0.08010683 0.16855493
v -0.24758579 -0.06911765 0.18272695
v -0.19380394 -0.06911765 0.19529535
v -0.12771429 -0.06911765 0.13179362
v -0.15398456 -0.068933934 0.10521246
v -0.14889935 -0.08010683 0.13058764
v -0.15929352 -0.06903491 0.09977608
v -0.20827368 -0.08010683 0.06820881
v -0.20194046 -0.069112755 0.056318372
v -0.20750648 -0.06911765 0.05046288
v -0.20050426 -0.08010683 0.17754263
v -0.19380394 -0.06911765 0.19529535
v -0.12771429 -0.06911765 0.13179362
v -0.14889935 -0.08010683 0.13058764
v -0.12771429 -0.06911765 0.13179362
v -0.19380394 -0.06911765 0.19529535
v -0.19380394 -0.051273618 0.19529535
v -0.12771429 -0.051273942 0.13179362
v -0.24758579 -0.06911765 0.18272695
v -0.24758579 -0.05127378 0.18272695
v -0.19380394 -0.051273618 0.19529535
v -0.19380394 -0.06911765 0.19529535
v -0.14889935 -0.08010683 0.13058764
v -0.20827368 -0.08010683 0.06820881
v -0.23781551 -0.08010683 0.10557836
v -0.20050426 -0.08010683 0.17754263
v -0.24016613 -0.08010683 0.16855493
v -0.24308757 -0.08010683 0.13907404
v -0.20750648 -0.06911765 0.05046288
v -0.2477763 -0.06911765 0.10192027
v -0.23781551 -0.08010683 0.10557836
v -0.20827368 -0.08010683 0.06820881
v -0.25169438 -0.06911765 0.14261888
v -0.25169438 -0.05127378 0.14261888
v -0.24758579 -0.05127378 0.18272695
v -0.24758579 -0.06911765 0.18272695
v -0.2477763 -0.06911765 0.10192027
v -0.2477763 -0.05127378 0.10192027
v -0.24016613 -0.08010683 0.16855493
v -0.24308757 -0.08010683 0.13907404
v -0.25169438 -0.06911765 0.14261888
v -0.24758579 -0.06911765 0.18272695
v -0.2477763 -0.06911765 0.10192027
v -0.23781551 -0.08010683 0.10557836
v -0.15386781 -0.051273946 0.105084434
v -0.12771429 -0.051273942 0.13179362
v -0.2477763 -0.05127378 0.10192027
v -0.25169438 -0.05127378 0.14261888
v -0.24758579 -0.05127378 0.18272695
v -0.19380394 -0.051273618 0.19529535
v -0.19803226 -0.051273946 0.038408905
v -0.1725363 -0.051273946 -0.042492498
v -0.19861408 -0.051273946 -0.0027832848
v -0.15504594 -0.06911765 0.087097175
v -0.18599804 -0.06911765 0.05485104
v -0.20194046 -0.069112755 0.056318372
v -0.15929352 -0.06903491 0.09977608
v -0.15386781 -0.051273946 0.105084434
v -0.15398456 -0.068933934 0.10521246
v -0.12771429 -0.06911765 0.13179362
v -0.12771429 -0.051273942 0.13179362
v -0.15386781 -0.051273946 0.105084434
v -0.12685727 -0.051273946 0.07546483
v -0.12685727 -0.069117576 0.07546483
v -0.15398456 -0.068933934 0.10521246
v -0.29285845 0.019476144 0.18130751
v -0.260953 0.019476144 0.1500289
v -0.22662503 0.035326693 0.17991239
v -0.24417765 0.035326693 0.23229268
v -0.23407245 0.019476144 0.12897047
v -0.2001852 0.033797406 0.14793111
v -0.17990825 0.031249246 0.13155577
v -0.2001852 0.033797406 0.14793111
v -0.187839 0.02614355 0.0650247
v -0.24450962 0.019476144 0.11955297
v -0.21676418 0.019476144 0.04923406
v -0.18897296 0.019476144 0.024158988
v -0.1698708 0.0273929 0.04638105
v -0.2001852 0.033797406 0.14793111
v -0.23407245 0.019476144 0.12897047
v -0.24450962 0.019476144 0.11955297
v -0.29285845 0.019476144 0.18130751
v -0.24417765 0.003625503 0.23229268
v -0.22662503 0.003625503 0.17991239
v -0.260953 0.019476144 0.1500289
v -0.2001852 0.005154628 0.14793111
v -0.23407245 0.019476144 0.12897047
v -0.24417765 0.035326693 0.23229268
v -0.22662503 0.035326693 0.17991239
v -0.22662503 0.003625503 0.17991239
v -0.24417765 0.003625503 0.23229268
v -0.2001852 0.005154628 0.14793111
v -0.2001852 0.033797406 0.14793111
v -0.17990825 0.007702869 0.13155577
v -0.17990825 0.031249246 0.13155577
v -0.29285845 0.019476144 0.18130751
v -0.24417765 0.035326693 0.23229268
v -0.24417765 0.003625503 0.23229268
v -0.17990825 0.007702869 0.13155577
v -0.187839 0.012808566 0.0650247
v -0.2001852 0.005154628 0.14793111
v -0.21676418 0.019476144 0.04923406
v -0.24450962 0.019476144 0.11955297
v -0.18897296 0.019476144 0.024158988
v -0.1698708 0.0115592955 0.04638105
v -0.1698708 0.0273929 0.04638105
v -0.18897296 0.019476144 0.024158988
v -0.1698708 0.0115592955 0.04638105
v -0.24450962 0.019476144 0.11955297
v -0.23407245 0.019476144 0.12897047
v -0.2001852 0.005154628 0.14793111
v -0.187839 0.02614355 0.0650247
v -0.1698708 0.0273929 0.04638105
v -0.1698708 0.0115592955 0.04638105
v -0.187839 0.012808566 0.0650247
v -0.17990825 0.031249246 0.13155577
v -0.187839 0.02614355 0.0650247
v -0.187839 0.012808566 0.0650247
v -0.17990825 0.007702869 0.13155577
v -0.24259594 -0.014525512 0.2158228
v -0.2283089 -0.014525512 0.17970204
v -0.21676418 -0.014525512 0.18476789
v -0.23114894 -0.014525512 0.22092848
v -0.1882169 -0.014525512 0.1590241
v -0.18506269 -0.014525512 0.13021451
v -0.24259594 -0.024426775 0.2158228
v -0.23114894 -0.024426775 0.22092848
v -0.21676418 -0.024426775 0.18476789
v -0.2283089 -0.024426775 0.17802793
v -0.1882169 -0.024426775 0.1590241
v -0.18506269 -0.024426775 0.13021451
v -0.23114894 -0.014525512 0.22092848
v -0.21676418 -0.014525512 0.18476789
v -0.21676418 -0.024426775 0.18476789
v -0.23114894 -0.024426775 0.22092848
v -0.1882169 -0.024426775 0.1590241
v -0.1882169 -0.014525512 0.1590241
v -0.18506269 -0.024426775 0.13021451
v -0.18506269 -0.014525512 0.13021451
v -0.24259594 -0.014525512 0.2158228
v -0.23114894 -0.014525512 0.22092848
v -0.23114894 -0.024426775 0.22092848
v -0.24259594 -0.024426775 0.2158228
v -0.24259594 0.014525558 0.2158228
v -0.23114894 0.014525558 0.22092848
v -0.21676418 0.014525558 0.18476789
v -0.2283089 0.014525558 0.17970204
v -0.1882169 0.014525558 0.1590241
v -0.18506269 0.014525558 0.13021451
v -0.24259594 0.024426818 0.2158228
v -0.2283089 0.024426818 0.17802793
v -0.21676418 0.024426818 0.18476789
v -0.23114894 0.024426818 0.22092848
v -0.1882169 0.024426818 0.1590241
v -0.18506269 0.024426818 0.13021451
v -0.23114894 0.014525558 0.22092848
v -0.23114894 0.024426818 0.22092848
v -0.21676418 0.024426818 0.18476789
v -0.21676418 0.014525558 0.18476789
v -0.1882169 0.024426818 0.1590241
v -0.1882169 0.014525558 0.1590241
v -0.18506269 0.024426818 0.13021451
v -0.18506269 0.014525558 0.13021451
v -0.24259594 0.014525558 0.2158228
v -0.24259594 0.024426818 0.2158228
v -0.23114894 0.024426818 0.22092848
v -0.23114894 0.014525558 0.22092848
v -0.29285845 -0.019476099 0.18130751
v -0.260953 -0.019476099 0.1500289
v -0.22662503 -0.0036255484 0.17991239
v -0.24417765 -0.0036255484 0.23229268
v -0.23407245 -0.019476099 0.12897047
v -0.2001852 -0.0051548383 0.14793111
v -0.17990825 -0.0077029965 0.13155577
v -0.2001852 -0.0051548383 0.14793111
v -0.187839 -0.012808692 0.0650247
v -0.24450962 -0.019476099 0.11955297
v -0.21676418 -0.019476099 0.04923406
v -0.18897296 -0.019476099 0.024158988
v -0.1698708 -0.011559341 0.04638105
v -0.2001852 -0.0051548383 0.14793111
v -0.23407245 -0.019476099 0.12897047
v -0.24450962 -0.019476099 0.11955297
v -0.29285845 -0.019476099 0.18130751
v -0.24417765 -0.035326738 0.23229268
v -0.22662503 -0.035326738 0.17991239
v -0.260953 -0.019476099 0.1500289
v -0.2001852 -0.033797614 0.14793111
v -0.23407245 -0.019476099 0.12897047
v -0.24417765 -0.0036255484 0.23229268
v -0.22662503 -0.0036255484 0.17991239
v -0.22662503 -0.035326738 0.17991239
v -0.24417765 -0.035326738 0.23229268
v -0.2001852 -0.033797614 0.14793111
v -0.2001852 -0.0051548383 0.14793111
v -0.17990825 -0.031249372 0.13155577
v -0.17990825 -0.0077029965 0.13155577
v -0.29285845 -0.019476099 0.18130751
v -0.24417765 -0.0036255484 0.23229268
v -0.24417765 -0.035326738 0.23229268
v -0.17990825 -0.031249372 0.13155577
v -0.187839 -0.026143674 0.0650247
v -0.2001852 -0.033797614 0.14793111
v -0.21676418 -0.019476099 0.04923406
v -0.24450962 -0.019476099 0.11955297
v -0.18897296 -0.019476099 0.024158988
v -0.1698708 -0.027392944 0.04638105
v -0.1698708 -0.011559341 0.04638105
v -0.18897296 -0.019476099 0.024158988
v -0.1698708 -0.027392944 0.04638105
v -0.24450962 -0.019476099 0.11955297
v -0.23407245 -0.019476099 0.12897047
v -0.2001852 -0.033797614 0.14793111
v -0.187839 -0.012808692 0.0650247
v -0.1698708 -0.011559341 0.04638105
v -0.1698708 -0.027392944 0.04638105
v -0.187839 -0.026143674 0.0650247
v -0.17990825 -0.0077029965 0.13155577
v -0.187839 -0.012808692 0.0650247
v -0.187839 -0.026143674 0.0650247
v -0.17990825 -0.031249372 0.13155577
v -0.29285845 0.019476144 1.1280065
v -0.260953 0.019476144 1.0967278
v -0.22662503 0.035326693 1.1266114
v -0.24417765 0.035326693 1.1789917
v -0.23407245 0.019476144 1.0756694
v -0.2001852 0.033797406 1.0946301
v -0.17990825 0.031249246 1.0782547
v -0.2001852 0.033797406 1.0946301
v -0.187839 0.02614355 1.0117236
v -0.24450962 0.019476144 1.066252
v -0.21676418 0.019476144 0.99593306
v -0.18897296 0.019476144 0.970858
v -0.1698708 0.0273929 0.99308
v -0.2001852 0.033797406 1.0946301
v -0.23407245 0.019476144 1.0756694
v -0.24450962 0.019476144 1.066252
v -0.29285845 0.019476144 1.1280065
v -0.24417765 0.003625503 1.1789917
v -0.22662503 0.003625503 1.1266114
v -0.260953 0.019476144 1.0967278
v -0.2001852 0.005154628 1.0946301
v -0.23407245 0.019476144 1.0756694
v -0.24417765 0.035326693 1.1789917
v -0.22662503 0.035326693 1.1266114
v -0.22662503 0.003625503 1.1266114
v -0.24417765 0.003625503 1.1789917
v -0.2001852 0.005154628 1.0946301
v -0.2001852 0.033797406 1.0946301
v -0.17990825 0.007702869 1.0782547
v -0.17990825 0.031249246 1.0782547
v -0.29285845 0.019476144 1.1280065
v -0.24417765 0.035326693 1.1789917
v -0.24417765 0.003625503 1.1789917
v -0.17990825 0.007702869 1.0782547
v -0.187839 0.012808566 1.0117236
v -0.2001852 0.005154628 1.0946301
v -0.21676418 0.019476144 0.99593306
v -0.24450962 0.019476144 1.066252
v -0.18897296 0.019476144 0.970858
v -0.1698708 0.0115592955 0.99308
v -0.1698708 0.0273929 0.99308
v -0.18897296 0.019476144 0.970858
v -0.1698708 0.0115592955 0.99308
v -0.24450962 0.019476144 1.066252
v -0.23407245 0.019476144 1.0756694
v -0.2001852 0.005154628 1.0946301
v -0.187839 0.02614355 1.0117236
v -0.1698708 0.0273929 0.99308
v -0.1698708 0.0115592955 0.99308
v -0.187839 0.012808566 1.0117236
v -0.17990825 0.031249246 1.0782547
v -0.187839 0.02614355 1.0117236
v -0.187839 0.012808566 1.0117236
v -0.17990825 0.007702869 1.0782547
v -0.29285845 0.019476144 0.31684133
v -0.260953 0.019476144 0.28556272
v -0.22662503 0.035326693 0.31544623
v -0.24417765 0.035326693 0.3678265
v -0.23407245 0.019476144 0.26450428
v -0.2001852 0.033797406 0.28346494
v -0.17990825 0.031249246 0.26708958
v -0.2001852 0.033797406 0.28346494
v -0.187839 0.02614355 0.20055853
v -0.24450962 0.019476144 0.2550868
v -0.21676418 0.019476144 0.18476789
v -0.18897296 0.019476144 0.15969282
v -0.1698708 0.0273929 0.18191488
v -0.2001852 0.033797406 0.28346494
v -0.23407245 0.019476144 0.26450428
v -0.24450962 0.019476144 0.2550868
v -0.29285845 0.019476144 0.31684133
v -0.24417765 0.003625503 0.3678265
v -0.22662503 0.003625503 0.31544623
v -0.260953 0.019476144 0.28556272
v -0.2001852 0.005154628 0.28346494
v -0.23407245 0.019476144 0.26450428
v -0.24417765 0.035326693 0.3678265
v -0.22662503 0.035326693 0.31544623
v -0.22662503 0.003625503 0.31544623
v -0.24417765 0.003625503 0.3678265
v -0.2001852 0.005154628 0.28346494
v -0.2001852 0.033797406 0.28346494
v -0.17990825 0.007702869 0.26708958
v -0.17990825 0.031249246 0.26708958
v -0.29285845 0.019476144 0.31684133
v -0.24417765 0.035326693 0.3678265
v -0.24417765 0.003625503 0.3678265
v -0.17990825 0.007702869 0.26708958
v -0.187839 0.012808566 0.20055853
v -0.2001852 0.005154628 0.28346494
v -0.21676418 0.019476144 0.18476789
v -0.24450962 0.019476144 0.2550868
v -0.18897296 0.019476144 0.15969282
v -0.1698708 0.0115592955 0.18191488
v -0.1698708 0.0273929 0.18191488
v -0.18897296 0.019476144 0.15969282
v -0.1698708 0.0115592955 0.18191488
v -0.24450962 0.019476144 0.2550868
v -0.23407245 0.019476144 0.26450428
v -0.2001852 0.005154628 0.28346494
v -0.187839 0.02614355 0.20055853
v -0.1698708 0.0273929 0.18191488
v -0.1698708 0.0115592955 0.18191488
v -0.187839 0.012808566 0.20055853
v -0.17990825 0.031249246 0.26708958
v -0.187839 0.02614355 0.20055853
v -0.187839 0.012808566 0.20055853
v -0.17990825 0.007702869 0.26708958
v -0.29285845 0.019476144 0.45237514
v -0.260953 0.019476144 0.42109653
v -0.22662503 0.035326693 0.45098004
v -0.24417765 0.035326693 0.50336033
v -0.23407245 0.019476144 0.4000381
v -0.2001852 0.033797406 0.41899875
v -0.17990825 0.031249246 0.4026234
v -0.2001852 0.033797406 0.41899875
v -0.187839 0.02614355 0.33609232
v -0.24450962 0.019476144 0.39062062
v -0.21676418 0.019476144 0.3203017
v -0.18897296 0.019476144 0.29522663
v -0.1698708 0.0273929 0.3174487
v -0.2001852 0.033797406 0.41899875
v -0.23407245 0.019476144 0.4000381
v -0.24450962 0.019476144 0.39062062
v -0.29285845 0.019476144 0.45237514
v -0.24417765 0.003625503 0.50336033
v -0.22662503 0.003625503 0.45098004
v -0.260953 0.019476144 0.42109653
v -0.2001852 0.005154628 0.41899875
v -0.23407245 0.019476144 0.4000381
v -0.24417765 0.035326693 0.50336033
v -0.22662503 0.035326693 0.45098004
v -0.22662503 0.003625503 0.45098004
v -0.24417765 0.003625503 0.50336033
v -0.2001852 0.005154628 0.41899875
v -0.2001852 0.033797406 0.41899875
v -0.17990825 0.007702869 0.4026234
v -0.17990825 0.031249246 0.4026234
v -0.29285845 0.019476144 0.45237514
v -0.24417765 0.035326693 0.50336033
v -0.24417765 0.003625503 0.50336033
v -0.17990825 0.007702869 0.4026234
v -0.187839 0.012808566 0.33609232
v -0.2001852 0.005154628 0.41899875
v -0.21676418 0.019476144 0.3203017
v -0.24450962 0.019476144 0.39062062
v -0.18897296 0.019476144 0.29522663
v -0.1698708 0.0115592955 0.3174487
v -0.1698708 0.0273929 0.3174487
v -0.18897296 0.019476144 0.29522663
v -0.1698708 0.0115592955 0.3174487
v -0.24450962 0.019476144 0.39062062
v -0.23407245 0.019476144 0.4000381
v -0.2001852 0.005154628 0.41899875
v -0.187839 0.02614355 0.33609232
v -0.1698708 0.0273929 0.3174487
v -0.1698708 0.0115592955 0.3174487
v -0.187839 0.012808566 0.33609232
v -0.17990825 0.031249246 0.4026234
v -0.187839 0.02614355 0.33609232
v -0.187839 0.012808566 0.33609232
v -0.17990825 0.007702869 0.4026234
v -0.29285845 0.019476144 0.587909
v -0.260953 0.019476144 0.5566304
v -0.22662503 0.035326693 0.5865139
v -0.24417765 0.035326693 0.63889414
v -0.23407245 0.019476144 0.53557193
v -0.2001852 0.033797406 0.5545326
v -0.17990825 0.031249246 0.5381572
v -0.2001852 0.033797406 0.5545326
v -0.187839 0.02614355 0.47162616
v -0.24450962 0.019476144 0.52615446
v -0.21676418 0.019476144 0.45583552
v -0.18897296 0.019476144 0.43076044
v -0.1698708 0.0273929 0.45298252
v -0.2001852 0.033797406 0.5545326
v -0.23407245 0.019476144 0.53557193
v -0.24450962 0.019476144 0.52615446
v -0.29285845 0.019476144 0.587909
v -0.24417765 0.003625503 0.63889414
v -0.22662503 0.003625503 0.5865139
v -0.260953 0.019476144 0.5566304
v -0.2001852 0.005154628 0.5545326
v -0.23407245 0.019476144 0.53557193
v -0.24417765 0.035326693 0.63889414
v -0.22662503 0.035326693 0.5865139
v -0.22662503 0.003625503 0.5865139
v -0.24417765 0.003625503 0.63889414
v -0.2001852 0.005154628 0.5545326
v -0.2001852 0.033797406 0.5545326
v -0.17990825 0.007702869 0.5381572
v -0.17990825 0.031249246 0.5381572
v -0.29285845 0.019476144 0.587909
v -0.24417765 0.035326693 0.63889414
v -0.24417765 0.003625503 0.63889414
v -0.17990825 0.007702869 0.5381572
v -0.187839 0.012808566 0.47162616
v -0.2001852 0.005154628 0.5545326
v -0.21676418 0.019476144 0.45583552
v -0.24450962 0.019476144 0.52615446
v -0.18897296 0.019476144 0.43076044
v -0.1698708 0.0115592955 0.45298252
v -0.1698708 0.0273929 0.45298252
v -0.18897296 0.019476144 0.43076044
v -0.1698708 0.0115592955 0.45298252
v -0.24450962 0.019476144 0.52615446
v -0.23407245 0.019476144 0.53557193
v -0.2001852 0.005154628 0.5545326
v -0.187839 0.02614355 0.47162616
v -0.1698708 0.0273929 0.45298252
v -0.1698708 0.0115592955 0.45298252
v -0.187839 0.012808566 0.47162616
v -0.17990825 0.031249246 0.5381572
v -0.187839 0.02614355 0.47162616
v -0.187839 0.012808566 0.47162616
v -0.17990825 0.007702869 0.5381572
v -0.29285845 0.019476144 0.72344285
v -0.260953 0.019476144 0.69216424
v -0.22662503 0.035326693 0.7220477
v -0.24417765 0.035326693 0.774428
v -0.23407245 0.019476144 0.6711058
v -0.2001852 0.033797406 0.69006646
v -0.17990825 0.031249246 0.6736911
v -0.2001852 0.033797406 0.69006646
v -0.187839 0.02614355 0.60716
v -0.24450962 0.019476144 0.66168827
v -0.21676418 0.019476144 0.59136933
v -0.18897296 0.019476144 0.56629425
v -0.1698708 0.0273929 0.58851635
v -0.2001852 0.033797406 0.69006646
v -0.23407245 0.019476144 0.6711058
v -0.24450962 0.019476144 0.66168827
v -0.29285845 0.019476144 0.72344285
v -0.24417765 0.003625503 0.774428
v -0.22662503 0.003625503 0.7220477
v -0.260953 0.019476144 0.69216424
v -0.2001852 0.005154628 0.69006646
v -0.23407245 0.019476144 0.6711058
v -0.24417765 0.035326693 0.774428
v -0.22662503 0.035326693 0.7220477
v -0.22662503 0.003625503 0.7220477
v -0.24417765 0.003625503 0.774428
v -0.2001852 0.005154628 0.69006646
v -0.2001852 0.033797406 0.69006646
v -0.17990825 0.007702869 0.6736911
v -0.17990825 0.031249246 0.6736911
v -0.29285845 0.019476144 0.72344285
v -0.24417765 0.035326693 0.774428
v -0.24417765 0.003625503 0.774428
v -0.17990825 0.007702869 0.6736911
v -0.187839 0.012808566 0.60716
v -0.2001852 0.005154628 0.69006646
v -0.21676418 0.019476144 0.59136933
v -0.24450962 0.019476144 0.66168827
v -0.18897296 0.019476144 0.56629425
v -0.1698708 0.0115592955 0.58851635
v -0.1698708 0.0273929 0.58851635
v -0.18897296 0.019476144 0.56629425
v -0.1698708 0.0115592955 0.58851635
v -0.24450962 0.019476144 0.66168827
v -0.23407245 0.019476144 0.6711058
v -0.2001852 0.005154628 0.69006646
v -0.187839 0.02614355 0.60716
v -0.1698708 0.0273929 0.58851635
v -0.1698708 0.0115592955 0.58851635
v -0.187839 0.012808566 0.60716
v -0.17990825 0.031249246 0.6736911
v -0.187839 0.02614355 0.60716
v -0.187839 0.012808566 0.60716
v -0.17990825 0.007702869 0.6736911
v -0.29285845 0.019476144 0.85897666
v -0.260953 0.019476144 0.82769805
v -0.22662503 0.035326693 0.85758156
v -0.24417765 0.035326693 0.9099618
v -0.23407245 0.019476144 0.8066396
v -0.2001852 0.033797406 0.82560027
v -0.17990825 0.031249246 0.8092249
v -0.2001852 0.033797406 0.82560027
v -0.187839 0.02614355 0.74269384
v -0.24450962 0.019476144 0.79722214
v -0.21676418 0.019476144 0.7269032
v -0.18897296 0.019476144 0.7018281
v -0.1698708 0.0273929 0.7240502
v -0.2001852 0.033797406 0.82560027
v -0.23407245 0.019476144 0.8066396
v -0.24450962 0.019476144 0.79722214
v -0.29285845 0.019476144 0.85897666
v -0.24417765 0.003625503 0.9099618
v -0.22662503 0.003625503 0.85758156
v -0.260953 0.019476144 0.82769805
v -0.2001852 0.005154628 0.82560027
v -0.23407245 0.019476144 0.8066396
v -0.24417765 0.035326693 0.9099618
v -0.22662503 0.035326693 0.85758156
v -0.22662503 0.003625503 0.85758156
v -0.24417765 0.003625503 0.9099618
v -0.2001852 0.005154628 0.82560027
v -0.2001852 0.033797406 0.82560027
v -0.17990825 0.007702869 0.8092249
v -0.17990825 0.031249246 0.8092249
v -0.29285845 0.019476144 0.85897666
v -0.24417765 0.035326693 0.9099618
v -0.24417765 0.003625503 0.9099618
v -0.17990825 0.007702869 0.8092249
v -0.187839 0.012808566 0.74269384
v -0.2001852 0.005154628 0.82560027
v -0.21676418 0.019476144 0.7269032
v -0.24450962 0.019476144 0.79722214
v -0.18897296 0.019476144 0.7018281
v -0.1698708 0.0115592955 0.7240502
v -0.1698708 0.0273929 0.7240502
v -0.18897296 0.019476144 0.7018281
v -0.1698708 0.0115592955 0.7240502
v -0.24450962 0.019476144 0.79722214
v -0.23407245 0.019476144 0.8066396
v -0.2001852 0.005154628 0.82560027
v -0.187839 0.02614355 0.74269384
v -0.1698708 0.0273929 0.7240502
v -0.1698708 0.0115592955 0.7240502
v -0.187839 0.012808566 0.74269384
v -0.17990825 0.031249246 0.8092249
v -0.187839 0.02614355 0.74269384
v -0.187839 0.012808566 0.74269384
v -0.17990825 0.007702869 0.8092249
v -0.29285845 0.019476144 0.9936997
v -0.260953 0.019476144 0.9624211
v -0.22662503 0.035326693 0.99230456
v -0.24417765 0.035326693 1.0446849
v -0.23407245 0.019476144 0.9413627
v -0.2001852 0.033797406 0.96032333
v -0.17990825 0.031249246 0.943948
v -0.2001852 0.033797406 0.96032333
v -0.187839 0.02614355 0.8774169
v -0.24450962 0.019476144 0.93194515
v -0.21676418 0.019476144 0.86162627
v -0.18897296 0.019476144 0.8365512
v -0.1698708 0.0273929 0.85877323
v -0.2001852 0.033797406 0.96032333
v -0.23407245 0.019476144 0.9413627
v -0.24450962 0.019476144 0.93194515
v -0.29285845 0.019476144 0.9936997
v -0.24417765 0.003625503 1.0446849
v -0.22662503 0.003625503 0.99230456
v -0.260953 0.019476144 0.9624211
v -0.2001852 0.005154628 0.96032333
v -0.23407245 0.019476144 0.9413627
v -0.24417765 0.035326693 1.0446849
v -0.22662503 0.035326693 0.99230456
v -0.22662503 0.003625503 0.99230456
v -0.24417765 0.003625503 1.0446849
v -0.2001852 0.005154628 0.96032333
v -0.2001852 0.033797406 0.96032333
v -0.17990825 0.007702869 0.943948
v -0.17990825 0.031249246 0.943948
v -0.29285845 0.019476144 0.9936997
v -0.24417765 0.035326693 1.0446849
v -0.24417765 0.003625503 1.0446849
v -0.17990825 0.007702869 0.943948
v -0.187839 0.012808566 0.8774169
v -0.2001852 0.005154628 0.96032333
v -0.21676418 0.019476144 0.86162627
v -0.24450962 0.019476144 0.93194515
v -0.18897296 0.019476144 0.8365512
v -0.1698708 0.0115592955 0.85877323
v -0.1698708 0.0273929 0.85877323
v -0.18897296 0.019476144 0.8365512
v -0.1698708 0.0115592955 0.85877323
v -0.24450962 0.019476144 0.93194515
v -0.23407245 0.019476144 0.9413627
v -0.2001852 0.005154628 0.96032333
v -0.187839 0.02614355 0.8774169
v -0.1698708 0.0273929 0.85877323
v -0.1698708 0.0115592955 0.85877323
v -0.187839 0.012808566 0.8774169
v -0.17990825 0.031249246 0.943948
v -0.187839 0.02614355 0.8774169
v -0.187839 0.012808566 0.8774169
v -0.17990825 0.007702869 0.943948
v -0.29285845 0.019476144 1.2635403
v -0.260953 0.019476144 1.2322617
v -0.22662503 0.035326693 1.2621452
v -0.24417765 0.035326693 1.3145254
v -0.23407245 0.019476144 1.2112033
v -0.2001852 0.033797406 1.2301639
v -0.17990825 0.031249246 1.2137886
v -0.2001852 0.033797406 1.2301639
v -0.187839 0.02614355 1.1472576
v -0.24450962 0.019476144 1.2017858
v -0.21676418 0.019476144 1.1314669
v -0.18897296 0.019476144 1.1063918
v -0.1698708 0.0273929 1.1286138
v -0.2001852 0.033797406 1.2301639
v -0.23407245 0.019476144 1.2112033
v -0.24450962 0.019476144 1.2017858
v -0.29285845 0.019476144 1.2635403
v -0.24417765 0.003625503 1.3145254
v -0.22662503 0.003625503 1.2621452
v -0.260953 0.019476144 1.2322617
v -0.2001852 0.005154628 1.2301639
v -0.23407245 0.019476144 1.2112033
v -0.24417765 0.035326693 1.3145254
v -0.22662503 0.035326693 1.2621452
v -0.22662503 0.003625503 1.2621452
v -0.24417765 0.003625503 1.3145254
v -0.2001852 0.005154628 1.2301639
v -0.2001852 0.033797406 1.2301639
v -0.17990825 0.007702869 1.2137886
v -0.17990825 0.031249246 1.2137886
v -0.29285845 0.019476144 1.2635403
v -0.24417765 0.035326693 1.3145254
v -0.24417765 0.003625503 1.3145254
v -0.17990825 0.007702869 1.2137886
v -0.187839 0.012808566 1.1472576
v -0.2001852 0.005154628 1.2301639
v -0.21676418 0.019476144 1.1314669
v -0.24450962 0.019476144 1.2017858
v -0.18897296 0.019476144 1.1063918
v -0.1698708 0.0115592955 1.1286138
v -0.1698708 0.0273929 1.1286138
v -0.18897296 0.019476144 1.1063918
v -0.1698708 0.0115592955 1.1286138
v -0.24450962 0.019476144 1.2017858
v -0.23407245 0.019476144 1.2112033
v -0.2001852 0.005154628 1.2301639
v -0.187839 0.02614355 1.1472576
v -0.1698708 0.0273929 1.1286138
v -0.1698708 0.0115592955 1.1286138
v -0.187839 0.012808566 1.1472576
v -0.17990825 0.031249246 1.2137886
v -0.187839 0.02614355 1.1472576
v -0.187839 0.012808566 1.1472576
v -0.17990825 0.007702869 1.2137886
v -0.24259594 -0.014525512 0.48689044
v -0.2283089 -0.014525512 0.4507697
v -0.21676418 -0.014525512 0.45583552
v -0.23114894 -0.014525512 0.4919961
v -0.1882169 -0.014525512 0.43009174
v -0.18506269 -0.014525512 0.40128216
v -0.24259594 -0.024426775 0.48689044
v -0.23114894 -0.024426775 0.4919961
v -0.21676418 -0.024426775 0.45583552
v -0.2283089 -0.024426775 0.44909558
v -0.1882169 -0.024426775 0.43009174
v -0.18506269 -0.024426775 0.40128216
v -0.23114894 -0.014525512 0.4919961
v -0.21676418 -0.014525512 0.45583552
v -0.21676418 -0.024426775 0.45583552
v -0.23114894 -0.024426775 0.4919961
v -0.1882169 -0.024426775 0.43009174
v -0.1882169 -0.014525512 0.43009174
v -0.18506269 -0.024426775 0.40128216
v -0.18506269 -0.014525512 0.40128216
v -0.24259594 -0.014525512 0.48689044
v -0.23114894 -0.014525512 0.4919961
v -0.23114894 -0.024426775 0.4919961
v -0.24259594 -0.024426775 0.48689044
v -0.24259594 -0.014525512 0.35135663
v -0.2283089 -0.014525512 0.31523588
v -0.21676418 -0.014525512 0.3203017
v -0.23114894 -0.014525512 0.35646227
v -0.1882169 -0.014525512 0.29455793
v -0.18506269 -0.014525512 0.26574835
v -0.24259594 -0.024426775 0.35135663
v -0.23114894 -0.024426775 0.35646227
v -0.21676418 -0.024426775 0.3203017
v -0.2283089 -0.024426775 0.31356177
v -0.1882169 -0.024426775 0.29455793
v -0.18506269 -0.024426775 0.26574835
v -0.23114894 -0.014525512 0.35646227
v -0.21676418 -0.014525512 0.3203017
v -0.21676418 -0.024426775 0.3203017
v -0.23114894 -0.024426775 0.35646227
v -0.1882169 -0.024426775 0.29455793
v -0.1882169 -0.014525512 0.29455793
v -0.18506269 -0.024426775 0.26574835
v -0.18506269 -0.014525512 0.26574835
v -0.24259594 -0.014525512 0.35135663
v -0.23114894 -0.014525512 0.35646227
v -0.23114894 -0.024426775 0.35646227
v -0.24259594 -0.024426775 0.35135663
v -0.24259594 -0.014525512 0.62242424
v -0.2283089 -0.014525512 0.58630353
v -0.21676418 -0.014525512 0.59136933
v -0.23114894 -0.014525512 0.6275299
v -0.1882169 -0.014525512 0.56562555
v -0.18506269 -0.014525512 0.536816
v -0.24259594 -0.024426775 0.62242424
v -0.23114894 -0.024426775 0.6275299
v -0.21676418 -0.024426775 0.59136933
v -0.2283089 -0.024426775 0.5846294
v -0.1882169 -0.024426775 0.56562555
v -0.18506269 -0.024426775 0.536816
v -0.23114894 -0.014525512 0.6275299
v -0.21676418 -0.014525512 0.59136933
v -0.21676418 -0.024426775 0.59136933
v -0.23114894 -0.024426775 0.6275299
v -0.1882169 -0.024426775 0.56562555
v -0.1882169 -0.014525512 0.56562555
v -0.18506269 -0.024426775 0.536816
v -0.18506269 -0.014525512 0.536816
v -0.24259594 -0.014525512 0.62242424
v -0.23114894 -0.014525512 0.6275299
v -0.23114894 -0.024426775 0.6275299
v -0.24259594 -0.024426775 0.62242424
v -0.24259594 -0.014525512 0.7579581
v -0.2283089 -0.014525512 0.72183734
v -0.21676418 -0.014525512 0.7269032
v -0.23114894 -0.014525512 0.7630638
v -0.1882169 -0.014525512 0.7011594
v -0.18506269 -0.014525512 0.6723498
v -0.24259594 -0.024426775 0.7579581
v -0.23114894 -0.024426775 0.7630638
v -0.21676418 -0.024426775 0.7269032
v -0.2283089 -0.024426775 0.7201632
v -0.1882169 -0.024426775 0.7011594
v -0.18506269 -0.024426775 0.6723498
v -0.23114894 -0.014525512 0.7630638
v -0.21676418 -0.014525512 0.7269032
v -0.21676418 -0.024426775 0.7269032
v -0.23114894 -0.024426775 0.7630638
v -0.1882169 -0.024426775 0.7011594
v -0.1882169 -0.014525512 0.7011594
v -0.18506269 -0.024426775 0.6723498
v -0.18506269 -0.014525512 0.6723498
v -0.24259594 -0.014525512 0.7579581
v -0.23114894 -0.014525512 0.7630638
v -0.23114894 -0.024426775 0.7630638
v -0.24259594 -0.024426775 0.7579581
v -0.24259594 -0.014525512 0.893492
v -0.2283089 -0.014525512 0.8573712
v -0.21676418 -0.014525512 0.862437
v -0.23114894 -0.014525512 0.8985976
v -0.1882169 -0.014525512 0.8366932
v -0.18506269 -0.014525512 0.8078837
v -0.24259594 -0.024426775 0.893492
v -0.23114894 -0.024426775 0.8985976
v -0.21676418 -0.024426775 0.862437
v -0.2283089 -0.024426775 0.8556971
v -0.1882169 -0.024426775 0.8366932
v -0.18506269 -0.024426775 0.8078837
v -0.23114894 -0.014525512 0.8985976
v -0.21676418 -0.014525512 0.862437
v -0.21676418 -0.024426775 0.862437
v -0.23114894 -0.024426775 0.8985976
v -0.1882169 -0.024426775 0.8366932
v -0.1882169 -0.014525512 0.8366932
v -0.18506269 -0.024426775 0.8078837
v -0.18506269 -0.014525512 0.8078837
v -0.24259594 -0.014525512 0.893492
v -0.23114894 -0.014525512 0.8985976
v -0.23114894 -0.024426775 0.8985976
v -0.24259594 -0.024426775 0.893492
v -0.24259594 -0.014525512 1.028215
v -0.2283089 -0.014525512 0.9920942
v -0.21676418 -0.014525512 0.9971601
v -0.23114894 -0.014525512 1.0333207
v -0.1882169 -0.014525512 0.9714163
v -0.18506269 -0.014525512 0.9426067
v -0.24259594 -0.024426775 1.028215
v -0.23114894 -0.024426775 1.0333207
v -0.21676418 -0.024426775 0.9971601
v -0.2283089 -0.024426775 0.9904201
v -0.1882169 -0.024426775 0.9714163
v -0.18506269 -0.024426775 0.9426067
v -0.23114894 -0.014525512 1.0333207
v -0.21676418 -0.014525512 0.9971601
v -0.21676418 -0.024426775 0.9971601
v -0.23114894 -0.024426775 1.0333207
v -0.1882169 -0.024426775 0.9714163
v -0.1882169 -0.014525512 0.9714163
v -0.18506269 -0.024426775 0.9426067
v -0.18506269 -0.014525512 0.9426067
v -0.24259594 -0.014525512 1.028215
v -0.23114894 -0.014525512 1.0333207
v -0.23114894 -0.024426775 1.0333207
v -0.24259594 -0.024426775 1.028215
v -0.29285845 -0.019476099 1.1280065
v -0.260953 -0.019476099 1.0967278
v -0.22662503 -0.0036255484 1.1266114
v -0.24417765 -0.0036255484 1.1789917
v -0.23407245 -0.019476099 1.0756694
v -0.2001852 -0.0051548383 1.0946301
v -0.17990825 -0.0077029965 1.0782547
v -0.2001852 -0.0051548383 1.0946301
v -0.187839 -0.012808692 1.0117236
v -0.24450962 -0.019476099 1.066252
v -0.21676418 -0.019476099 0.99593306
v -0.18897296 -0.019476099 0.970858
v -0.1698708 -0.011559341 0.99308
v -0.2001852 -0.0051548383 1.0946301
v -0.23407245 -0.019476099 1.0756694
v -0.24450962 -0.019476099 1.066252
v -0.29285845 -0.019476099 1.1280065
v -0.24417765 -0.035326738 1.1789917
v -0.22662503 -0.035326738 1.1266114
v -0.260953 -0.019476099 1.0967278
v -0.2001852 -0.033797614 1.0946301
v -0.23407245 -0.019476099 1.0756694
v -0.24417765 -0.0036255484 1.1789917
v -0.22662503 -0.0036255484 1.1266114
v -0.22662503 -0.035326738 1.1266114
v -0.24417765 -0.035326738 1.1789917
v -0.2001852 -0.033797614 1.0946301
v -0.2001852 -0.0051548383 1.0946301
v -0.17990825 -0.031249372 1.0782547
v -0.17990825 -0.0077029965 1.0782547
v -0.29285845 -0.019476099 1.1280065
v -0.24417765 -0.0036255484 1.1789917
v -0.24417765 -0.035326738 1.1789917
v -0.17990825 -0.031249372 1.0782547
v -0.187839 -0.026143674 1.0117236
v -0.2001852 -0.033797614 1.0946301
v -0.21676418 -0.019476099 0.99593306
v -0.24450962 -0.019476099 1.066252
v -0.18897296 -0.019476099 0.970858
v -0.1698708 -0.027392944 0.99308
v -0.1698708 -0.011559341 0.99308
v -0.18897296 -0.019476099 0.970858
v -0.1698708 -0.027392944 0.99308
v -0.24450962 -0.019476099 1.066252
v -0.23407245 -0.019476099 1.0756694
v -0.2001852 -0.033797614 1.0946301
v -0.187839 -0.012808692 1.0117236
v -0.1698708 -0.011559341 0.99308
v -0.1698708 -0.027392944 0.99308
v -0.187839 -0.026143674 1.0117236
v -0.17990825 -0.0077029965 1.0782547
v -0.187839 -0.012808692 1.0117236
v -0.187839 -0.026143674 1.0117236
v -0.17990825 -0.031249372 1.0782547
v -0.24259594 -0.014525512 1.1625218
v -0.2283089 -0.014525512 1.1264011
v -0.21676418 -0.014525512 1.1314669
v -0.23114894 -0.014525512 1.1676275
v -0.1882169 -0.014525512 1.1057231
v -0.18506269 -0.014525512 1.0769135
v -0.24259594 -0.024426775 1.1625218
v -0.23114894 -0.024426775 1.1676275
v -0.21676418 -0.024426775 1.1314669
v -0.2283089 -0.024426775 1.1247269
v -0.1882169 -0.024426775 1.1057231
v -0.18506269 -0.024426775 1.0769135
v -0.23114894 -0.014525512 1.1676275
v -0.21676418 -0.014525512 1.1314669
v -0.21676418 -0.024426775 1.1314669
v -0.23114894 -0.024426775 1.1676275
v -0.1882169 -0.024426775 1.1057231
v -0.1882169 -0.014525512 1.1057231
v -0.18506269 -0.024426775 1.0769135
v -0.18506269 -0.014525512 1.0769135
v -0.24259594 -0.014525512 1.1625218
v -0.23114894 -0.014525512 1.1676275
v -0.23114894 -0.024426775 1.1676275
v -0.24259594 -0.024426775 1.1625218
v -0.24259594 -0.014525512 1.2980555
v -0.2283089 -0.014525512 1.2619349
v -0.21676418 -0.014525512 1.2670007
v -0.23114894 -0.014525512 1.3031611
v -0.1882169 -0.014525512 1.241257
v -0.18506269 -0.014525512 1.2124473
v -0.24259594 -0.024426775 1.2980555
v -0.23114894 -0.024426775 1.3031611
v -0.21676418 -0.024426775 1.2670007
v -0.2283089 -0.024426775 1.2602607
v -0.1882169 -0.024426775 1.241257
v -0.18506269 -0.024426775 1.2124473
v -0.23114894 -0.014525512 1.3031611
v -0.21676418 -0.014525512 1.2670007
v -0.21676418 -0.024426775 1.2670007
v -0.23114894 -0.024426775 1.3031611
v -0.1882169 -0.024426775 1.241257
v -0.1882169 -0.014525512 1.241257
v -0.18506269 -0.024426775 1.2124473
v -0.18506269 -0.014525512 1.2124473
v -0.24259594 -0.014525512 1.2980555
v -0.23114894 -0.014525512 1.3031611
v -0.23114894 -0.024426775 1.3031611
v -0.24259594 -0.024426775 1.2980555
v -0.24259594 0.014525558 0.48689044
v -0.23114894 0.014525558 0.4919961
v -0.21676418 0.014525558 0.45583552
v -0.2283089 0.014525558 0.4507697
v -0.1882169 0.014525558 0.43009174
v -0.18506269 0.014525558 0.40128216
v -0.24259594 0.024426818 0.48689044
v -0.2283089 0.024426818 0.44909558
v -0.21676418 0.024426818 0.45583552
v -0.23114894 0.024426818 0.4919961
v -0.1882169 0.024426818 0.43009174
v -0.18506269 0.024426818 0.40128216
v -0.23114894 0.014525558 0.4919961
v -0.23114894 0.024426818 0.4919961
v -0.21676418 0.024426818 0.45583552
v -0.21676418 0.014525558 0.45583552
v -0.1882169 0.024426818 0.43009174
v -0.1882169 0.014525558 0.43009174
v -0.18506269 0.024426818 0.40128216
v -0.18506269 0.014525558 0.40128216
v -0.24259594 0.014525558 0.48689044
v -0.24259594 0.024426818 0.48689044
v -0.23114894 0.024426818 0.4919961
v -0.23114894 0.014525558 0.4919961
v -0.24259594 0.014525558 0.35135663
v -0.23114894 0.014525558 0.35646227
v -0.21676418 0.014525558 0.3203017
v -0.2283089 0.014525558 0.31523588
v -0.1882169 0.014525558 0.29455793
v -0.18506269 0.014525558 0.26574835
v -0.24259594 0.024426818 0.35135663
v -0.2283089 0.024426818 0.31356177
v -0.21676418 0.024426818 0.3203017
v -0.23114894 0.024426818 0.35646227
v -0.1882169 0.024426818 0.29455793
v -0.18506269 0.024426818 0.26574835
v -0.23114894 0.014525558 0.35646227
v -0.23114894 0.024426818 0.35646227
v -0.21676418 0.024426818 0.3203017
v -0.21676418 0.014525558 0.3203017
v -0.1882169 0.024426818 0.29455793
v -0.1882169 0.014525558 0.29455793
v -0.18506269 0.024426818 0.26574835
v -0.18506269 0.014525558 0.26574835
v -0.24259594 0.014525558 0.35135663
v -0.24259594 0.024426818 0.35135663
v -0.23114894 0.024426818 0.35646227
v -0.23114894 0.014525558 0.35646227
v -0.24259594 0.014525558 0.62242424
v -0.23114894 0.014525558 0.6275299
v -0.21676418 0.014525558 0.59136933
v -0.2283089 0.014525558 0.58630353
v -0.1882169 0.014525558 0.56562555
v -0.18506269 0.014525558 0.536816
v -0.24259594 0.024426818 0.62242424
v -0.2283089 0.024426818 0.5846294
v -0.21676418 0.024426818 0.59136933
v -0.23114894 0.024426818 0.6275299
v -0.1882169 0.024426818 0.56562555
v -0.18506269 0.024426818 0.536816
v -0.23114894 0.014525558 0.6275299
v -0.23114894 0.024426818 0.6275299
v -0.21676418 0.024426818 0.59136933
v -0.21676418 0.014525558 0.59136933
v -0.1882169 0.024426818 0.56562555
v -0.1882169 0.014525558 0.56562555
v -0.18506269 0.024426818 0.536816
v -0.18506269 0.014525558 0.536816
v -0.24259594 0.014525558 0.62242424
v -0.24259594 0.024426818 0.62242424
v -0.23114894 0.024426818 0.6275299
v -0.23114894 0.014525558 0.6275299
v -0.24259594 0.014525558 0.7579581
v -0.23114894 0.014525558 0.7630638
v -0.21676418 0.014525558 0.7269032
v -0.2283089 0.014525558 0.72183734
v -0.1882169 0.014525558 0.7011594
v -0.18506269 0.014525558 0.6723498
v -0.24259594 0.024426818 0.7579581
v -0.2283089 0.024426818 0.7201632
v -0.21676418 0.024426818 0.7269032
v -0.23114894 0.024426818 0.7630638
v -0.1882169 0.024426818 0.7011594
v -0.18506269 0.024426818 0.6723498
v -0.23114894 0.014525558 0.7630638
v -0.23114894 0.024426818 0.7630638
v -0.21676418 0.024426818 0.7269032
v -0.21676418 0.014525558 0.7269032
v -0.1882169 0.024426818 0.7011594
v -0.1882169 0.014525558 0.7011594
v -0.18506269 0.024426818 0.6723498
v -0.18506269 0.014525558 0.6723498
v -0.24259594 0.014525558 0.7579581
v -0.24259594 0.024426818 0.7579581
v -0.23114894 0.024426818 0.7630638
v -0.23114894 0.014525558 0.7630638
v -0.24259594 0.014525558 0.893492
v -0.23114894 0.014525558 0.8985976
v -0.21676418 0.014525558 0.862437
v -0.2283089 0.014525558 0.8573712
v -0.1882169 0.014525558 0.8366932
v -0.18506269 0.014525558 0.8078837
v -0.24259594 0.024426818 0.893492
v -0.2283089 0.024426818 0.8556971
v -0.21676418 0.024426818 0.862437
v -0.23114894 0.024426818 0.8985976
v -0.1882169 0.024426818 0.8366932
v -0.18506269 0.024426818 0.8078837
v -0.23114894 0.014525558 0.8985976
v -0.23114894 0.024426818 0.8985976
v -0.21676418 0.024426818 0.862437
v -0.21676418 0.014525558 0.862437
v -0.1882169 0.024426818 0.8366932
v -0.1882169 0.014525558 0.8366932
v -0.18506269 0.024426818 0.8078837
v -0.18506269 0.014525558 0.8078837
v -0.24259594 0.014525558 0.893492
v -0.24259594 0.024426818 0.893492
v -0.23114894 0.024426818 0.8985976
v -0.23114894 0.014525558 0.8985976
v -0.24259594 0.014525558 1.028215
v -0.23114894 0.014525558 1.0333207
v -0.21676418 0.014525558 0.9971601
v -0.2283089 0.014525558 0.9920942
v -0.1882169 0.014525558 0.9714163
v -0.18506269 0.014525558 0.9426067
v -0.24259594 0.024426818 1.028215
v -0.2283089 0.024426818 0.9904201
v -0.21676418 0.024426818 0.9971601
v -0.23114894 0.024426818 1.0333207
v -0.1882169 0.024426818 0.9714163
v -0.18506269 0.024426818 0.9426067
v -0.23114894 0.014525558 1.0333207
v -0.23114894 0.024426818 1.0333207
v -0.21676418 0.024426818 0.9971601
v -0.21676418 0.014525558 0.9971601
v -0.1882169 0.024426818 0.9714163
v -0.1882169 0.014525558 0.9714163
v -0.18506269 0.024426818 0.9426067
v -0.18506269 0.014525558 0.9426067
v -0.24259594 0.014525558 1.028215
v -0.24259594 0.024426818 1.028215
v -0.23114894 0.024426818 1.0333207
v -0.23114894 0.014525558 1.0333207
v -0.24259594 0.014525558 1.1625218
v -0.23114894 0.014525558 1.1676275
v -0.21676418 0.014525558 1.1314669
v -0.2283089 0.014525558 1.1264011
v -0.1882169 0.014525558 1.1057231
v -0.18506269 0.014525558 1.0769135
v -0.24259594 0.024426818 1.1625218
v -0.2283089 0.024426818 1.1247269
v -0.21676418 0.024426818 1.1314669
v -0.23114894 0.024426818 1.1676275
v -0.1882169 0.024426818 1.1057231
v -0.18506269 0.024426818 1.0769135
v -0.23114894 0.014525558 1.1676275
v -0.23114894 0.024426818 1.1676275
v -0.21676418 0.024426818 1.1314669
v -0.21676418 0.014525558 1.1314669
v -0.1882169 0.024426818 1.1057231
v -0.1882169 0.014525558 1.1057231
v -0.18506269 0.024426818 1.0769135
v -0.18506269 0.014525558 1.0769135
v -0.24259594 0.014525558 1.1625218
v -0.24259594 0.024426818 1.1625218
v -0.23114894 0.024426818 1.1676275
v -0.23114894 0.014525558 1.1676275
v -0.24259594 0.014525558 1.2980555
v -0.23114894 0.014525558 1.3031611
v -0.21676418 0.014525558 1.2670007
v -0.2283089 0.014525558 1.2619349
v -0.1882169 0.014525558 1.241257
v -0.18506269 0.014525558 1.2124473
v -0.24259594 0.024426818 1.2980555
v -0.2283089 0.024426818 1.2602607
v -0.21676418 0.024426818 1.2670007
v -0.23114894 0.024426818 1.3031611
v -0.1882169 0.024426818 1.241257
v -0.18506269 0.024426818 1.2124473
v -0.23114894 0.014525558 1.3031611
v -0.23114894 0.024426818 1.3031611
v -0.21676418 0.024426818 1.2670007
v -0.21676418 0.014525558 1.2670007
v -0.1882169 0.024426818 1.241257
v -0.1882169 0.014525558 1.241257
v -0.18506269 0.024426818 1.2124473
v -0.18506269 0.014525558 1.2124473
v -0.24259594 0.014525558 1.2980555
v -0.24259594 0.024426818 1.2980555
v -0.23114894 0.024426818 1.3031611
v -0.23114894 0.014525558 1.3031611
v -0.29285845 -0.019476099 0.31684133
v -0.260953 -0.019476099 0.28556272
v -0.22662503 -0.0036255484 0.31544623
v -0.24417765 -0.0036255484 0.3678265
v -0.23407245 -0.019476099 0.26450428
v -0.2001852 -0.0051548383 0.28346494
v -0.17990825 -0.0077029965 0.26708958
v -0.2001852 -0.0051548383 0.28346494
v -0.187839 -0.012808692 0.20055853
v -0.24450962 -0.019476099 0.2550868
v -0.21676418 -0.019476099 0.18476789
v -0.18897296 -0.019476099 0.15969282
v -0.1698708 -0.011559341 0.18191488
v -0.2001852 -0.0051548383 0.28346494
v -0.23407245 -0.019476099 0.26450428
v -0.24450962 -0.019476099 0.2550868
v -0.29285845 -0.019476099 0.31684133
v -0.24417765 -0.035326738 0.3678265
v -0.22662503 -0.035326738 0.31544623
v -0.260953 -0.019476099 0.28556272
v -0.2001852 -0.033797614 0.28346494
v -0.23407245 -0.019476099 0.26450428
v -0.24417765 -0.0036255484 0.3678265
v -0.22662503 -0.0036255484 0.31544623
v -0.22662503 -0.035326738 0.31544623
v -0.24417765 -0.035326738 0.3678265
v -0.2001852 -0.033797614 0.28346494
v -0.2001852 -0.0051548383 0.28346494
v -0.17990825 -0.031249372 0.26708958
v -0.17990825 -0.0077029965 0.26708958
v -0.29285845 -0.019476099 0.31684133
v -0.24417765 -0.0036255484 0.3678265
v -0.24417765 -0.035326738 0.3678265
v -0.17990825 -0.031249372 0.26708958
v -0.187839 -0.026143674 0.20055853
v -0.2001852 -0.033797614 0.28346494
v -0.21676418 -0.019476099 0.18476789
v -0.24450962 -0.019476099 0.2550868
v -0.18897296 -0.019476099 0.15969282
v -0.1698708 -0.027392944 0.18191488
v -0.1698708 -0.011559341 0.18191488
v -0.18897296 -0.019476099 0.15969282
v -0.1698708 -0.027392944 0.18191488
v -0.24450962 -0.019476099 0.2550868
v -0.23407245 -0.019476099 0.26450428
v -0.2001852 -0.033797614 0.28346494
v -0.187839 -0.012808692 0.20055853
v -0.1698708 -0.011559341 0.18191488
v -0.1698708 -0.027392944 0.18191488
v -0.187839 -0.026143674 0.20055853
v -0.17990825 -0.0077029965 0.26708958
v -0.187839 -0.012808692 0.20055853
v -0.187839 -0.026143674 0.20055853
v -0.17990825 -0.031249372 0.26708958
v -0.29285845 -0.019476099 0.45237514
v -0.260953 -0.019476099 0.42109653
v -0.22662503 -0.0036255484 0.45098004
v -0.24417765 -0.0036255484 0.50336033
v -0.23407245 -0.019476099 0.4000381
v -0.2001852 -0.0051548383 0.41899875
v -0.17990825 -0.0077029965 0.4026234
v -0.2001852 -0.0051548383 0.41899875
v -0.187839 -0.012808692 0.33609232
v -0.24450962 -0.019476099 0.39062062
v -0.21676418 -0.019476099 0.3203017
v -0.18897296 -0.019476099 0.29522663
v -0.1698708 -0.011559341 0.3174487
v -0.2001852 -0.0051548383 0.41899875
v -0.23407245 -0.019476099 0.4000381
v -0.24450962 -0.019476099 0.39062062
v -0.29285845 -0.019476099 0.45237514
v -0.24417765 -0.035326738 0.50336033
v -0.22662503 -0.035326738 0.45098004
v -0.260953 -0.019476099 0.42109653
v -0.2001852 -0.033797614 0.41899875
v -0.23407245 -0.019476099 0.4000381
v -0.24417765 -0.0036255484 0.50336033
v -0.22662503 -0.0036255484 0.45098004
v -0.22662503 -0.035326738 0.45098004
v -0.24417765 -0.035326738 0.50336033
v -0.2001852 -0.033797614 0.41899875
v -0.2001852 -0.0051548383 0.41899875
v -0.17990825 -0.031249372 0.4026234
v -0.17990825 -0.0077029965 0.4026234
v -0.29285845 -0.019476099 0.45237514
v -0.24417765 -0.0036255484 0.50336033
v -0.24417765 -0.035326738 0.50336033
v -0.17990825 -0.031249372 0.4026234
v -0.187839 -0.026143674 0.33609232
v -0.2001852 -0.033797614 0.41899875
v -0.21676418 -0.019476099 0.3203017
v -0.24450962 -0.019476099 0.39062062
v -0.18897296 -0.019476099 0.29522663
v -0.1698708 -0.027392944 0.3174487
v -0.1698708 -0.011559341 0.3174487
v -0.18897296 -0.019476099 0.29522663
v -0.1698708 -0.027392944 0.3174487
v -0.24450962 -0.019476099 0.39062062
v -0.23407245 -0.019476099 0.4000381
v -0.2001852 -0.033797614 0.41899875
v -0.187839 -0.012808692 0.33609232
v -0.1698708 -0.011559341 0.3174487
v -0.1698708 -0.027392944 0.3174487
v -0.187839 -0.026143674 0.33609232
v -0.17990825 -0.0077029965 0.4026234
v -0.187839 -0.012808692 0.33609232
v -0.187839 -0.026143674 0.33609232
v -0.17990825 -0.031249372 0.4026234
v -0.29285845 -0.019476099 0.587909
v -0.260953 -0.019476099 0.5566304
v -0.22662503 -0.0036255484 0.5865139
v -0.24417765 -0.0036255484 0.63889414
v -0.23407245 -0.019476099 0.53557193
v -0.2001852 -0.0051548383 0.5545326
v -0.17990825 -0.0077029965 0.5381572
v -0.2001852 -0.0051548383 0.5545326
v -0.187839 -0.012808692 0.47162616
v -0.24450962 -0.019476099 0.52615446
v -0.21676418 -0.019476099 0.45583552
v -0.18897296 -0.019476099 0.43076044
v -0.1698708 -0.011559341 0.45298252
v -0.2001852 -0.0051548383 0.5545326
v -0.23407245 -0.019476099 0.53557193
v -0.24450962 -0.019476099 0.52615446
v -0.29285845 -0.019476099 0.587909
v -0.24417765 -0.035326738 0.63889414
v -0.22662503 -0.035326738 0.5865139
v -0.260953 -0.019476099 0.5566304
v -0.2001852 -0.033797614 0.5545326
v -0.23407245 -0.019476099 0.53557193
v -0.24417765 -0.0036255484 0.63889414
v -0.22662503 -0.0036255484 0.5865139
v -0.22662503 -0.035326738 0.5865139
v -0.24417765 -0.035326738 0.63889414
v -0.2001852 -0.033797614 0.5545326
v -0.2001852 -0.0051548383 0.5545326
v -0.17990825 -0.031249372 0.5381572
v -0.17990825 -0.0077029965 0.5381572
v -0.29285845 -0.019476099 0.587909
v -0.24417765 -0.0036255484 0.63889414
v -0.24417765 -0.035326738 0.63889414
v -0.17990825 -0.031249372 0.5381572
v -0.187839 -0.026143674 0.47162616
v -0.2001852 -0.033797614 0.5545326
v -0.21676418 -0.019476099 0.45583552
v -0.24450962 -0.019476099 0.52615446
v -0.18897296 -0.019476099 0.43076044
v -0.1698708 -0.027392944 0.45298252
v -0.1698708 -0.011559341 0.45298252
v -0.18897296 -0.019476099 0.43076044
v -0.1698708 -0.027392944 0.45298252
v -0.24450962 -0.019476099 0.52615446
v -0.23407245 -0.019476099 0.53557193
v -0.2001852 -0.033797614 0.5545326
v -0.187839 -0.012808692 0.47162616
v -0.1698708 -0.011559341 0.45298252
v -0.1698708 -0.027392944 0.45298252
v -0.187839 -0.026143674 0.47162616
v -0.17990825 -0.0077029965 0.5381572
v -0.187839 -0.012808692 0.47162616
v -0.187839 -0.026143674 0.47162616
v -0.17990825 -0.031249372 0.5381572
v -0.29285845 -0.019476099 0.72344285
v -0.260953 -0.019476099 0.69216424
v -0.22662503 -0.0036255484 0.7220477
v -0.24417765 -0.0036255484 0.774428
v -0.23407245 -0.019476099 0.6711058
v -0.2001852 -0.0051548383 0.69006646
v -0.17990825 -0.0077029965 0.6736911
v -0.2001852 -0.0051548383 0.69006646
v -0.187839 -0.012808692 0.60716
v -0.24450962 -0.019476099 0.66168827
v -0.21676418 -0.019476099 0.59136933
v -0.18897296 -0.019476099 0.56629425
v -0.1698708 -0.011559341 0.58851635
v -0.2001852 -0.0051548383 0.69006646
v -0.23407245 -0.019476099 0.6711058
v -0.24450962 -0.019476099 0.66168827
v -0.29285845 -0.019476099 0.72344285
v -0.24417765 -0.035326738 0.774428
v -0.22662503 -0.035326738 0.7220477
v -0.260953 -0.019476099 0.69216424
v -0.2001852 -0.033797614 0.69006646
v -0.23407245 -0.019476099 0.6711058
v -0.24417765 -0.0036255484 0.774428
v -0.22662503 -0.0036255484 0.7220477
v -0.22662503 -0.035326738 0.7220477
v -0.24417765 -0.035326738 0.774428
v -0.2001852 -0.033797614 0.69006646
v -0.2001852 -0.0051548383 0.69006646
v -0.17990825 -0.031249372 0.6736911
v -0.17990825 -0.0077029965 0.6736911
v -0.29285845 -0.019476099 0.72344285
v -0.24417765 -0.0036255484 0.774428
v -0.24417765 -0.035326738 0.774428
v -0.17990825 -0.031249372 0.6736911
v -0.187839 -0.026143674 0.60716
v -0.2001852 -0.033797614 0.69006646
v -0.21676418 -0.019476099 0.59136933
v -0.24450962 -0.019476099 0.66168827
v -0.18897296 -0.019476099 0.56629425
v -0.1698708 -0.027392944 0.58851635
v -0.1698708 -0.011559341 0.58851635
v -0.18897296 -0.019476099 0.56629425
v -0.1698708 -0.027392944 0.58851635
v -0.24450962 -0.019476099 0.66168827
v -0.23407245 -0.019476099 0.6711058
v -0.2001852 -0.033797614 0.69006646
v -0.187839 -0.012808692 0.60716
v -0.1698708 -0.011559341 0.58851635
v -0.1698708 -0.027392944 0.58851635
v -0.187839 -0.026143674 0.60716
v -0.17990825 -0.0077029965 0.6736911
v -0.187839 -0.012808692 0.60716
v -0.187839 -0.026143674 0.60716
v -0.17990825 -0.031249372 0.6736911
v -0.29285845 -0.019476099 0.85897666
v -0.260953 -0.019476099 0.82769805
v -0.22662503 -0.0036255484 0.85758156
v -0.24417765 -0.0036255484 0.9099618
v -0.23407245 -0.019476099 0.8066396
v -0.2001852 -0.0051548383 0.82560027
v -0.17990825 -0.0077029965 0.8092249
v -0.2001852 -0.0051548383 0.82560027
v -0.187839 -0.012808692 0.74269384
v -0.24450962 -0.019476099 0.79722214
v -0.21676418 -0.019476099 0.7269032
v -0.18897296 -0.019476099 0.7018281
v -0.1698708 -0.011559341 0.7240502
v -0.2001852 -0.0051548383 0.82560027
v -0.23407245 -0.019476099 0.8066396
v -0.24450962 -0.019476099 0.79722214
v -0.29285845 -0.019476099 0.85897666
v -0.24417765 -0.035326738 0.9099618
v -0.22662503 -0.035326738 0.85758156
v -0.260953 -0.019476099 0.82769805
v -0.2001852 -0.033797614 0.82560027
v -0.23407245 -0.019476099 0.8066396
v -0.24417765 -0.0036255484 0.9099618
v -0.22662503 -0.0036255484 0.85758156
v -0.22662503 -0.035326738 0.85758156
v -0.24417765 -0.035326738 0.9099618
v -0.2001852 -0.033797614 0.82560027
v -0.2001852 -0.0051548383 0.82560027
v -0.17990825 -0.031249372 0.8092249
v -0.17990825 -0.0077029965 0.8092249
v -0.29285845 -0.019476099 0.85897666
v -0.24417765 -0.0036255484 0.9099618
v -0.24417765 -0.035326738 0.9099618
v -0.17990825 -0.031249372 0.8092249
v -0.187839 -0.026143674 0.74269384
v -0.2001852 -0.033797614 0.82560027
v -0.21676418 -0.019476099 0.7269032
v -0.24450962 -0.019476099 0.79722214
v -0.18897296 -0.019476099 0.7018281
v -0.1698708 -0.027392944 0.7240502
v -0.1698708 -0.011559341 0.7240502
v -0.18897296 -0.019476099 0.7018281
v -0.1698708 -0.027392944 0.7240502
v -0.24450962 -0.019476099 0.79722214
v -0.23407245 -0.019476099 0.8066396
v -0.2001852 -0.033797614 0.82560027
v -0.187839 -0.012808692 0.74269384
v -0.1698708 -0.011559341 0.7240502
v -0.1698708 -0.027392944 0.7240502
v -0.187839 -0.026143674 0.74269384
v -0.17990825 -0.0077029965 0.8092249
v -0.187839 -0.012808692 0.74269384
v -0.187839 -0.026143674 0.74269384
v -0.17990825 -0.031249372 0.8092249
v -0.29285845 -0.019476099 0.9936997
v -0.260953 -0.019476099 0.9624211
v -0.22662503 -0.0036255484 0.99230456
v -0.24417765 -0.0036255484 1.0446849
v -0.23407245 -0.019476099 0.9413627
v -0.2001852 -0.0051548383 0.96032333
v -0.17990825 -0.0077029965 0.943948
v -0.2001852 -0.0051548383 0.96032333
v -0.187839 -0.012808692 0.8774169
v -0.24450962 -0.019476099 0.93194515
v -0.21676418 -0.019476099 0.86162627
v -0.18897296 -0.019476099 0.8365512
v -0.1698708 -0.011559341 0.85877323
v -0.2001852 -0.0051548383 0.96032333
v -0.23407245 -0.019476099 0.9413627
v -0.24450962 -0.019476099 0.93194515
v -0.29285845 -0.019476099 0.9936997
v -0.24417765 -0.035326738 1.0446849
v -0.22662503 -0.035326738 0.99230456
v -0.260953 -0.019476099 0.9624211
v -0.2001852 -0.033797614 0.96032333
v -0.23407245 -0.019476099 0.9413627
v -0.24417765 -0.0036255484 1.0446849
v -0.22662503 -0.0036255484 0.99230456
v -0.22662503 -0.035326738 0.99230456
v -0.24417765 -0.035326738 1.0446849
v -0.2001852 -0.033797614 0.96032333
v -0.2001852 -0.0051548383 0.96032333
v -0.17990825 -0.031249372 0.943948
v -0.17990825 -0.0077029965 0.943948
v -0.29285845 -0.019476099 0.9936997
v -0.24417765 -0.0036255484 1.0446849
v -0.24417765 -0.035326738 1.0446849
v -0.17990825 -0.031249372 0.943948
v -0.187839 -0.026143674 0.8774169
v -0.2001852 -0.033797614 0.96032333
v -0.21676418 -0.019476099 0.86162627
v -0.24450962 -0.019476099 0.93194515
v -0.18897296 -0.019476099 0.8365512
v -0.1698708 -0.027392944 0.85877323
v -0.1698708 -0.011559341 0.85877323
v -0.18897296 -0.019476099 0.8365512
v -0.1698708 -0.027392944 0.85877323
v -0.24450962 -0.019476099 0.93194515
v -0.23407245 -0.019476099 0.9413627
v -0.2001852 -0.033797614 0.96032333
v -0.187839 -0.012808692 0.8774169
v -0.1698708 -0.011559341 0.85877323
v -0.1698708 -0.027392944 0.85877323
v -0.187839 -0.026143674 0.8774169
v -0.17990825 -0.0077029965 0.943948
v -0.187839 -0.012808692 0.8774169
v -0.187839 -0.026143674 0.8774169
v -0.17990825 -0.031249372 0.943948
v -0.29285845 -0.019476099 1.2635403
v -0.260953 -0.019476099 1.2322617
v -0.22662503 -0.0036255484 1.2621452
v -0.24417765 -0.0036255484 1.3145254
v -0.23407245 -0.019476099 1.2112033
v -0.2001852 -0.0051548383 1.2301639
v -0.17990825 -0.0077029965 1.2137886
v -0.2001852 -0.0051548383 1.2301639
v -0.187839 -0.012808692 1.1472576
v -0.24450962 -0.019476099 1.2017858
v -0.21676418 -0.019476099 1.1314669
v -0.18897296 -0.019476099 1.1063918
v -0.1698708 -0.011559341 1.1286138
v -0.2001852 -0.0051548383 1.2301639
v -0.23407245 -0.019476099 1.2112033
v -0.24450962 -0.019476099 1.2017858
v -0.29285845 -0.019476099 1.2635403
v -0.24417765 -0.035326738 1.3145254
v -0.22662503 -0.035326738 1.2621452
v -0.260953 -0.019476099 1.2322617
v -0.2001852 -0.033797614 1.2301639
v -0.23407245 -0.019476099 1.2112033
v -0.24417765 -0.0036255484 1.3145254
v -0.22662503 -0.0036255484 1.2621452
v -0.22662503 -0.035326738 1.2621452
v -0.24417765 -0.035326738 1.3145254
v -0.2001852 -0.033797614 1.2301639
v -0.2001852 -0.0051548383 1.2301639
v -0.17990825 -0.031249372 1.2137886
v -0.17990825 -0.0077029965 1.2137886
v -0.29285845 -0.019476099 1.2635403
v -0.24417765 -0.0036255484 1.3145254
v -0.24417765 -0.035326738 1.3145254
v -0.17990825 -0.031249372 1.2137886
v -0.187839 -0.026143674 1.1472576
v -0.2001852 -0.033797614 1.2301639
v -0.21676418 -0.019476099 1.1314669
v -0.24450962 -0.019476099 1.2017858
v -0.18897296 -0.019476099 1.1063918
v -0.1698708 -0.027392944 1.1286138
v -0.1698708 -0.011559341 1.1286138
v -0.18897296 -0.019476099 1.1063918
v -0.1698708 -0.027392944 1.1286138
v -0.24450962 -0.019476099 1.2017858
v -0.23407245 -0.019476099 1.2112033
v -0.2001852 -0.033797614 1.2301639
v -0.187839 -0.012808692 1.1472576
v -0.1698708 -0.011559341 1.1286138
v -0.1698708 -0.027392944 1.1286138
v -0.187839 -0.026143674 1.1472576
v -0.17990825 -0.0077029965 1.2137886
v -0.187839 -0.012808692 1.1472576
v -0.187839 -0.026143674 1.1472576
v -0.17990825 -0.031249372 1.2137886
v -0.02336829 0.019477256 1.33172086
v -0.05730855 0.019477256 1.30266278
v -0.03053073 0.035327807 1.26586103
v 0.02318013 0.035327807 1.27878156
v -0.08062972 0.019477256 1.27772001
v -0.06469461 0.033798513 1.24230909
v -0.08277498 0.031250358 1.22353666
v -0.06469461 0.033798513 1.24230909
v -0.148361656 0.026144661 1.23723577
v -0.089101645 0.019477256 1.28893811
v -0.161571133 0.019477256 1.26742704
v -0.18897296 0.019477256 1.24192701
v -0.16850032 0.027394008 1.22096074
v -0.06469461 0.033798513 1.24230909
v -0.08062972 0.019477256 1.27772001
v -0.089101645 0.019477256 1.28893811
v -0.02336829 0.019477256 1.33172086
v 0.02318013 0.003626615 1.27878156
v -0.03053073 0.003626615 1.26586103
v -0.05730855 0.019477256 1.30266278
v -0.06469461 0.00515574 1.24230909
v -0.08062972 0.019477256 1.27772001
v 0.02318013 0.035327807 1.27878156
v -0.03053073 0.035327807 1.26586103
v -0.03053073 0.003626615 1.26586103
v 0.02318013 0.003626615 1.27878156
v -0.06469461 0.00515574 1.24230909
v -0.06469461 0.033798513 1.24230909
v -0.08277498 0.007703983 1.22353666
v -0.08277498 0.031250358 1.22353666
v -0.02336829 0.019477256 1.33172086
v 0.02318013 0.035327807 1.27878156
v 0.02318013 0.003626615 1.27878156
v -0.08277498 0.007703983 1.22353666
v -0.148361656 0.012809679 1.23723577
v -0.06469461 0.00515574 1.24230909
v -0.161571133 0.019477256 1.26742704
v -0.089101645 0.019477256 1.28893811
v -0.18897296 0.019477256 1.24192701
v -0.16850032 0.011560406 1.22096074
v -0.16850032 0.027394008 1.22096074
v -0.18897296 0.019477256 1.24192701
v -0.16850032 0.011560406 1.22096074
v -0.089101645 0.019477256 1.28893811
v -0.08062972 0.019477256 1.27772001
v -0.06469461 0.00515574 1.24230909
v -0.148361656 0.026144661 1.23723577
v -0.16850032 0.027394008 1.22096074
v -0.16850032 0.011560406 1.22096074
v -0.148361656 0.012809679 1.23723577
v -0.08277498 0.031250358 1.22353666
v -0.148361656 0.026144661 1.23723577
v -0.148361656 0.012809679 1.23723577
v -0.08277498 0.007703983 1.22353666
v 0.00663507 -0.014524401 1.27864133
v -0.03059344 -0.014524401 1.26755681
v -0.02655313 -0.014524401 1.25561452
v 0.01072355 -0.014524401 1.26679296
v -0.05468694 -0.014524401 1.22941953
v -0.08366189 -0.014524401 1.22878835
v 0.00663507 -0.0244256636 1.27864133
v 0.01072355 -0.0244256636 1.26679296
v -0.02655313 -0.0244256636 1.25561452
v -0.03226125 -0.0244256636 1.26770276
v -0.05468694 -0.0244256636 1.22941953
v -0.08366189 -0.0244256636 1.22878835
v 0.01072355 -0.014524401 1.26679296
v -0.02655313 -0.014524401 1.25561452
v -0.02655313 -0.0244256636 1.25561452
v 0.01072355 -0.0244256636 1.26679296
v -0.05468694 -0.0244256636 1.22941953
v -0.05468694 -0.014524401 1.22941953
v -0.08366189 -0.0244256636 1.22878835
v -0.08366189 -0.014524401 1.22878835
v 0.00663507 -0.014524401 1.27864133
v 0.01072355 -0.014524401 1.26679296
v 0.01072355 -0.0244256636 1.26679296
v 0.00663507 -0.0244256636 1.27864133
v 0.00663507 0.014526669 1.27864133
v 0.01072355 0.014526669 1.26679296
v -0.02655313 0.014526669 1.25561452
v -0.03059344 0.014526669 1.26755681
v -0.05468694 0.014526669 1.22941953
v -0.08366189 0.014526669 1.22878835
v 0.00663507 0.024427928 1.27864133
v -0.03226125 0.024427928 1.26770276
v -0.02655313 0.024427928 1.25561452
v 0.01072355 0.024427928 1.26679296
v -0.05468694 0.024427928 1.22941953
v -0.08366189 0.024427928 1.22878835
v 0.01072355 0.014526669 1.26679296
v 0.01072355 0.024427928 1.26679296
v -0.02655313 0.024427928 1.25561452
v -0.02655313 0.014526669 1.25561452
v -0.05468694 0.024427928 1.22941953
v -0.05468694 0.014526669 1.22941953
v -0.08366189 0.024427928 1.22878835
v -0.08366189 0.014526669 1.22878835
v 0.00663507 0.014526669 1.27864133
v 0.00663507 0.024427928 1.27864133
v 0.01072355 0.024427928 1.26679296
v 0.01072355 0.014526669 1.26679296
v -0.02336829 -0.0194749875 1.33172086
v -0.05730855 -0.0194749875 1.30266278
v -0.03053073 -0.003624436 1.26586103
v 0.02318013 -0.003624436 1.27878156
v -0.08062972 -0.0194749875 1.27772001
v -0.06469461 -0.005153727 1.24230909
v -0.08277498 -0.007701885 1.22353666
v -0.06469461 -0.005153727 1.24230909
v -0.148361656 -0.012807581 1.23723577
v -0.089101645 -0.0194749875 1.28893811
v -0.161571133 -0.0194749875 1.26742704
v -0.18897296 -0.0194749875 1.24192701
v -0.16850032 -0.01155823 1.22096074
v -0.06469461 -0.005153727 1.24230909
v -0.08062972 -0.0194749875 1.27772001
v -0.089101645 -0.0194749875 1.28893811
v -0.02336829 -0.0194749875 1.33172086
v 0.02318013 -0.035325626 1.27878156
v -0.03053073 -0.035325626 1.26586103
v -0.05730855 -0.0194749875 1.30266278
v -0.06469461 -0.033796502 1.24230909
v -0.08062972 -0.0194749875 1.27772001
v 0.02318013 -0.003624436 1.27878156
v -0.03053073 -0.003624436 1.26586103
v -0.03053073 -0.035325626 1.26586103
v 0.02318013 -0.035325626 1.27878156
v -0.06469461 -0.033796502 1.24230909
v -0.06469461 -0.005153727 1.24230909
v -0.08277498 -0.03124826 1.22353666
v -0.08277498 -0.007701885 1.22353666
v -0.02336829 -0.0194749875 1.33172086
v 0.02318013 -0.003624436 1.27878156
v 0.02318013 -0.035325626 1.27878156
v -0.08277498 -0.03124826 1.22353666
v -0.148361656 -0.0261425633 1.23723577
v -0.06469461 -0.033796502 1.24230909
v -0.161571133 -0.0194749875 1.26742704
v -0.089101645 -0.0194749875 1.28893811
v -0.18897296 -0.0194749875 1.24192701
v -0.16850032 -0.027391833 1.22096074
v -0.16850032 -0.01155823 1.22096074
v -0.18897296 -0.0194749875 1.24192701
v -0.16850032 -0.027391833 1.22096074
v -0.089101645 -0.0194749875 1.28893811
v -0.08062972 -0.0194749875 1.27772001
v -0.06469461 -0.033796502 1.24230909
v -0.148361656 -0.012807581 1.23723577
v -0.16850032 -0.01155823 1.22096074
v -0.16850032 -0.027391833 1.22096074
v -0.148361656 -0.0261425633 1.23723577
v -0.08277498 -0.007701885 1.22353666
v -0.148361656 -0.012807581 1.23723577
v -0.148361656 -0.0261425633 1.23723577
v -0.08277498 -0.03124826 1.22353666
vt 0.41357422 0.5234375
vt 0.43945312 0.5239258
vt 0.44018555 0.5292969
vt 0.41479492 0.5288086
vt 0.41357422 0.5234375
vt 0.41479492 0.5288086
vt 0.39111328 0.5180664
vt 0.38989258 0.5126953
vt 0.36328125 0.49194336
vt 0.3474121 0.4909668
vt 0.39111328 0.5180664
vt 0.41357422 0.5234375
vt 0.38989258 0.5126953
vt 0.36328125 0.49194336
vt 0.3474121 0.4909668
vt 0.68652344 0.59814453
vt 0.67626953 0.59277344
vt 0.67626953 0.4807129
vt 0.70214844 0.48291016
vt 0.6777344 0.62402344
vt 0.6948242 0.62939453
vt 0.70214844 0.60253906
vt 0.6669922 0.6196289
vt 0.70214844 0.48291016
vt 0.68652344 0.59814453
vt 0.70214844 0.60253906
vt 0.67626953 0.59277344
vt 0.67626953 0.4807129
vt 0.70214844 0.48291016
vt 0.70214844 0.48291016
vt 0.9296875 0.6352539
vt 0.9296875 0.6850586
vt 0.9560547 0.6875
vt 0.9560547 0.63720703
vt 0.89404297 0.63671875
vt 0.8959961 0.6254883
vt 0.88916016 0.59033203
vt 0.90283203 0.5883789
vt 0.9296875 0.6352539
vt 0.9296875 0.6850586
vt 0.89404297 0.63671875
vt 0.8959961 0.6254883
vt 0.88916016 0.59033203
vt 0.90283203 0.5883789
vt 0.8798828 0.53515625
vt 0.8798828 0.5708008
vt 0.90283203 0.5883789
vt 0.90283203 0.23400879
vt 0.8798828 0.1439209
vt 0.92333984 0.2088623
vt 0.92333984 0.010131836
vt 0.8574219 0.12414551
vt 0.8574219 0.02998352
vt 0.92333984 0.010131836
vt 0.86083984 0.010124207
vt 0.85009766 0.023284912
vt 0.8798828 0.53515625
vt 0.90283203 0.5883789
vt 0.90283203 0.23400879
vt 0.8798828 0.1439209
vt 0.92333984 0.2088623
vt 0.92333984 0.010131836
vt 0.8574219 0.12414551
vt 0.8574219 0.02998352
vt 0.8798828 0.5708008
vt 0.62939453 0.9111328
vt 0.62939453 0.9711914
vt 0.60302734 0.9711914
vt 0.60302734 0.9111328
vt 0.62939453 0.9111328
vt 0.62939453 0.9711914
vt 0.60302734 0.8413086
vt 0.6401367 0.8413086
vt 0.62939453 0.9111328
vt 0.60302734 0.9111328
vt 0.6401367 0.9111328
vt 0.62939453 0.9111328
vt 0.6401367 0.8413086
vt 0.6401367 0.9111328
vt 0.9604492 0.24975586
vt 0.92333984 0.24975586
vt 0.92333984 0.50683594
vt 0.9604492 0.50683594
vt 0.92333984 0.50683594
vt 0.92333984 0.24975586
vt 0.3623047 0.96240234
vt 0.3996582 0.96191406
vt 0.3996582 0.9458008
vt 0.3623047 0.9458008
vt 0.3996582 0.9458008
vt 0.3996582 0.96191406
vt 0.3623047 0.9458008
vt 0.3996582 0.9458008
vt 0.3996582 0.9291992
vt 0.3623047 0.9291992
vt 0.3996582 0.9291992
vt 0.3996582 0.9458008
vt 0.3623047 0.859375
vt 0.3996582 0.859375
vt 0.3996582 0.7607422
vt 0.3623047 0.7607422
vt 0.3996582 0.7607422
vt 0.3996582 0.859375
vt 0.3623047 0.7607422
vt 0.3996582 0.7607422
vt 0.3996582 0.72802734
vt 0.3623047 0.72802734
vt 0.3996582 0.72802734
vt 0.3996582 0.7607422
vt 0.7558594 0.044921875
vt 0.75341797 0.0211792
vt 0.7104492 0.043182373
vt 0.80322266 0.1171875
vt 0.76708984 0.033050537
vt 0.8359375 0.1171875
vt 0.8359375 0.018432617
vt 0.7363281 0.007896423
vt 0.7524414 0.39575195
vt 0.7109375 0.45043945
vt 0.80322266 0.37426758
vt 0.83447266 0.37426758
vt 0.82373047 0.4597168
vt 0.83447266 0.44628906
vt 0.64404297 0.6665039
vt 0.6069336 0.66748047
vt 0.6069336 0.82666016
vt 0.64404297 0.7763672
vt 0.63427734 0.82177734
vt 0.6489258 0.7763672
vt 0.6489258 0.7890625
vt 0.64404297 0.6665039
vt 0.64404297 0.7763672
vt 0.63427734 0.82177734
vt 0.6489258 0.7763672
vt 0.6489258 0.7890625
vt 0.9604492 0.5385742
vt 0.9604492 0.50683594
vt 0.92333984 0.50683594
vt 0.92333984 0.5385742
vt 0.9604492 0.5385742
vt 0.92333984 0.50683594
vt 0.92333984 0.5385742
vt 0.3623047 0.859375
vt 0.3623047 0.9291992
vt 0.3996582 0.9291992
vt 0.3996582 0.859375
vt 0.3996582 0.9291992
vt 0.3996582 0.859375
vt 0.7104492 0.043182373
vt 0.6821289 0.043121338
vt 0.6821289 0.45043945
vt 0.7109375 0.45043945
vt 0.7104492 0.043182373
vt 0.6821289 0.45043945
vt 0.7109375 0.45043945
vt 0.3947754 0.55566406
vt 0.3474121 0.4909668
vt 0.34423828 0.51953125
vt 0.39111328 0.5180664
vt 0.41479492 0.5288086
vt 0.41601562 0.56640625
vt 0.44091797 0.5708008
vt 0.44018555 0.5292969
vt 0.43652344 0.61279297
vt 0.41210938 0.60546875
vt 0.42944336 0.6508789
vt 0.4050293 0.64208984
vt 0.39282227 0.5864258
vt 0.33007812 0.54589844
vt 0.38452148 0.6196289
vt 0.41479492 0.5288086
vt 0.41601562 0.56640625
vt 0.41210938 0.60546875
vt 0.4050293 0.64208984
vt 0.3947754 0.55566406
vt 0.39111328 0.5180664
vt 0.39282227 0.5864258
vt 0.38452148 0.6196289
vt 0.33007812 0.54589844
vt 0.34423828 0.51953125
vt 0.3474121 0.4909668
vt 0.7973633 0.6645508
vt 0.7944336 0.7050781
vt 0.78222656 0.7246094
vt 0.7792969 0.6669922
vt 0.78271484 0.7294922
vt 0.75634766 0.72509766
vt 0.75683594 0.7368164
vt 0.78271484 0.7294922
vt 0.78222656 0.7246094
vt 0.7944336 0.7050781
vt 0.79248047 0.6665039
vt 0.7792969 0.6669922
vt 0.08746338 0.9604492
vt 0.101379395 0.9506836
vt 0.08117676 0.9370117
vt 0.059326172 0.9555664
vt 0.06793213 0.9165039
vt 0.04156494 0.9267578
vt 0.06317139 0.8925781
vt 0.035186768 0.8930664
vt 0.06744385 0.86865234
vt 0.040924072 0.86035156
vt 0.0803833 0.84765625
vt 0.052520752 0.8388672
vt 0.11022949 0.96875
vt 0.12561035 0.9560547
vt 0.13330078 0.97021484
vt 0.15588379 0.96484375
vt 0.14978027 0.9511719
vt 0.18103027 0.9482422
vt 0.17041016 0.9375
vt 0.19909668 0.9223633
vt 0.1842041 0.9165039
vt 0.15893555 0.9790039
vt 0.1361084 0.9838867
vt 0.07489014 0.8359375
vt 0.10089111 0.8334961
vt 0.095947266 0.8222656
vt 0.12585449 0.828125
vt 0.12573242 0.81640625
vt 0.21704102 0.90234375
vt 0.21289062 0.93359375
vt 0.18920898 0.8930664
vt 0.21801758 0.89160156
vt 0.18469238 0.86865234
vt 0.21130371 0.859375
vt 0.17150879 0.84765625
vt 0.20568848 0.83740234
vt 0.17578125 0.8359375
vt 0.15563965 0.82177734
vt 0.15075684 0.8334961
vt 0.12573242 0.81640625
vt 0.12585449 0.828125
vt 0.06317139 0.8925781
vt 0.18920898 0.8930664
vt 0.18469238 0.86865234
vt 0.06744385 0.86865234
vt 0.1842041 0.9165039
vt 0.06793213 0.9165039
vt 0.17041016 0.9375
vt 0.08117676 0.9370117
vt 0.14978027 0.9511719
vt 0.101379395 0.9506836
vt 0.12561035 0.9560547
vt 0.0803833 0.84765625
vt 0.17150879 0.84765625
vt 0.10089111 0.8334961
vt 0.15075684 0.8334961
vt 0.12585449 0.828125
vt 0.052520752 0.2746582
vt 0.07421875 0.2758789
vt 0.09661865 0.2553711
vt 0.09765625 0.23400879
vt 0.09661865 0.2553711
vt 0.16381836 0.30932617
vt 0.18444824 0.3017578
vt 0.09765625 0.23400879
vt 0.07489014 0.8359375
vt 0.07421875 0.2758789
vt 0.052520752 0.2746582
vt 0.052520752 0.8388672
vt 0.18444824 0.39575195
vt 0.18444824 0.3017578
vt 0.16381836 0.30932617
vt 0.16381836 0.39916992
vt 0.20568848 0.41918945
vt 0.18664551 0.4194336
vt 0.20568848 0.80615234
vt 0.18664551 0.80566406
vt 0.17553711 0.81640625
vt 0.18664551 0.80566406
vt 0.18664551 0.4194336
vt 0.16381836 0.39916992
vt 0.15563965 0.82177734
vt 0.17578125 0.8359375
vt 0.12573242 0.81640625
vt 0.09661865 0.2553711
vt 0.07421875 0.2758789
vt 0.16381836 0.30932617
vt 0.095947266 0.8222656
vt 0.12573242 0.81640625
vt 0.07489014 0.8359375
vt 0.17553711 0.81640625
vt 0.17578125 0.8359375
vt 0.20568848 0.83740234
vt 0.20568848 0.80615234
vt 0.20568848 0.80615234
vt 0.18664551 0.80566406
vt 0.17553711 0.81640625
vt 0.72265625 0.46166992
vt 0.7714844 0.5722656
vt 0.7348633 0.56933594
vt 0.81591797 0.57128906
vt 0.7451172 0.45458984
vt 0.7792969 0.6098633
vt 0.7397461 0.6074219
vt 0.7397461 0.63427734
vt 0.78027344 0.6357422
vt 0.82470703 0.60839844
vt 0.82714844 0.63427734
vt 0.8574219 0.6040039
vt 0.86083984 0.6303711
vt 0.8510742 0.56689453
vt 0.84814453 0.5541992
vt 0.765625 0.44189453
vt 0.7792969 0.6098633
vt 0.7397461 0.6074219
vt 0.82470703 0.60839844
vt 0.8574219 0.6040039
vt 0.7348633 0.56933594
vt 0.7714844 0.5722656
vt 0.72265625 0.46166992
vt 0.81591797 0.57128906
vt 0.7451172 0.45458984
vt 0.8510742 0.56689453
vt 0.84814453 0.5541992
vt 0.765625 0.44189453
vt 0.74365234 0.8569336
vt 0.7236328 0.8652344
vt 0.7363281 0.9863281
vt 0.7236328 0.9863281
vt 0.7314453 0.7866211
vt 0.7236328 0.7866211
vt 0.7236328 0.82128906
vt 0.7314453 0.82128906
vt 0.7314453 0.7519531
vt 0.7236328 0.7519531
vt 0.7236328 0.85009766
vt 0.7314453 0.85009766
vt 0.7236328 0.72998047
vt 0.7314453 0.72998047
vt 0.00730896 0.7836914
vt 0.035186768 0.7836914
vt 0.035186768 0.70996094
vt 0.00730896 0.70996094
vt 0.035186768 0.6743164
vt 0.00730896 0.6743164
vt 0.035186768 0.80810547
vt 0.00730896 0.80859375
vt 0.0072669983 0.048553467
vt 0.02293396 0.048736572
vt 0.02293396 0.0076179504
vt 0.0072669983 0.007434845
vt 0.035186768 0.14477539
vt 0.035186768 0.13562012
vt 0.022903442 0.13562012
vt 0.00730896 0.14453125
vt 0.02293396 0.048736572
vt 0.0072669983 0.048553467
vt 0.6455078 0.008476257
vt 0.63916016 0.5209961
vt 0.6435547 0.5209961
vt 0.6611328 0.008468628
vt 0.6069336 0.63134766
vt 0.6069336 0.008506775
vt 0.63916016 0.625
vt 0.64404297 0.6665039
vt 0.6069336 0.66748047
vt 0.64404297 0.625
vt 0.63916016 0.625
vt 0.64404297 0.6665039
vt 0.6069336 0.63134766
vt 0.63916016 0.625
vt 0.63916016 0.5209961
vt 0.6455078 0.008476257
vt 0.6435547 0.5209961
vt 0.6611328 0.008468628
vt 0.6069336 0.63134766
vt 0.6069336 0.008506775
vt 0.63916016 0.625
vt 0.64404297 0.625
vt 0.00730896 0.23059082
vt 0.035186768 0.23083496
vt 0.035186768 0.14477539
vt 0.00730896 0.14453125
vt 0.00730896 0.25854492
vt 0.035186768 0.25878906
vt 0.035186768 0.23083496
vt 0.00730896 0.23059082
vt 0.00730896 0.6743164
vt 0.035186768 0.6743164
vt 0.035186768 0.6333008
vt 0.00730896 0.6333008
vt 0.035186768 0.25878906
vt 0.00730896 0.25854492
vt 0.33813477 0.65527344
vt 0.33374023 0.65527344
vt 0.3334961 0.67285156
vt 0.3425293 0.67285156
vt 0.3190918 0.6464844
vt 0.25976562 0.6464844
vt 0.2541504 0.6381836
vt 0.25976562 0.65527344
vt 0.33813477 0.65527344
vt 0.33374023 0.65527344
vt 0.3190918 0.6464844
vt 0.25976562 0.6464844
vt 0.2541504 0.6381836
vt 0.25976562 0.65527344
vt 0.35961914 0.63623047
vt 0.34716797 0.63623047
vt 0.34716797 0.61865234
vt 0.35668945 0.61865234
vt 0.33398438 0.6069336
vt 0.26708984 0.6098633
vt 0.26708984 0.6176758
vt 0.2614746 0.6020508
vt 0.34716797 0.61865234
vt 0.35668945 0.61865234
vt 0.33398438 0.6069336
vt 0.26708984 0.6098633
vt 0.26708984 0.6176758
vt 0.2614746 0.6020508
vt 0.8046875 0.9199219
vt 0.8222656 0.86572266
vt 0.8330078 0.86572266
vt 0.81640625 0.9199219
vt 0.8046875 0.98339844
vt 0.81640625 0.98339844
vt 0.8286133 0.9199219
vt 0.8286133 0.98339844
vt 0.8432617 0.86572266
vt 0.7758789 0.98339844
vt 0.76464844 0.9272461
vt 0.82910156 0.8261719
vt 0.83935547 0.8261719
vt 0.8183594 0.8261719
vt 0.8364258 0.77197266
vt 0.8261719 0.7739258
vt 0.7783203 0.8989258
vt 0.7783203 0.82421875
vt 0.86083984 0.98339844
vt 0.86083984 0.9199219
vt 0.86083984 0.86572266
vt 0.86083984 0.8261719
vt 0.86083984 0.77197266
vt 0.8144531 0.7817383
vt 0.8046875 0.9902344
vt 0.77001953 0.9902344
vt 0.7758789 0.98339844
vt 0.8046875 0.98339844
vt 0.76464844 0.9272461
vt 0.75634766 0.9272461
vt 0.81640625 0.9902344
vt 0.8046875 0.9902344
vt 0.81640625 0.98339844
vt 0.81640625 0.98339844
vt 0.8286133 0.98339844
vt 0.8286133 0.9902344
vt 0.86083984 0.9902344
vt 0.86083984 0.98339844
vt 0.9785156 0.19763184
vt 0.9946289 0.19763184
vt 0.9946289 0.23205566
vt 0.9785156 0.23205566
vt 0.75634766 0.9272461
vt 0.77246094 0.89746094
vt 0.7783203 0.8989258
vt 0.76464844 0.9272461
vt 0.7783203 0.82421875
vt 0.77246094 0.8232422
vt 0.8144531 0.7817383
vt 0.9785156 0.30200195
vt 0.9946289 0.3022461
vt 0.9946289 0.3293457
vt 0.9785156 0.32763672
vt 0.9946289 0.33569336
vt 0.9785156 0.3491211
vt 0.9946289 0.34643555
vt 0.9785156 0.39233398
vt 0.9946289 0.39208984
vt 0.9946289 0.34643555
vt 0.9785156 0.3491211
vt 0.9946289 0.33569336
vt 0.9785156 0.32763672
vt 0.9946289 0.3293457
vt 0.9785156 0.30200195
vt 0.9946289 0.3022461
vt 0.9785156 0.23205566
vt 0.9946289 0.23205566
vt 0.9946289 0.3022461
vt 0.9785156 0.30200195
vt 0.9785156 0.11401367
vt 0.9946289 0.11395264
vt 0.9946289 0.19763184
vt 0.9785156 0.19763184
vt 0.9946289 0.041107178
vt 0.9785156 0.04888916
vt 0.9785156 0.03591919
vt 0.9946289 0.038879395
vt 0.9946289 0.0065460205
vt 0.9785156 0.0071754456
vt 0.9946289 0.050598145
vt 0.9785156 0.11401367
vt 0.9946289 0.11395264
vt 0.9785156 0.03591919
vt 0.9946289 0.038879395
vt 0.9946289 0.041107178
vt 0.9785156 0.04888916
vt 0.9946289 0.050598145
vt 0.9785156 0.11401367
vt 0.9946289 0.11395264
vt 0.6972656 0.69677734
vt 0.7060547 0.6855469
vt 0.7050781 0.6557617
vt 0.69677734 0.6557617
vt 0.6972656 0.69677734
vt 0.68896484 0.6933594
vt 0.68847656 0.71191406
vt 0.6845703 0.74902344
vt 0.6953125 0.73095703
vt 0.6879883 0.73046875
vt 0.6972656 0.69677734
vt 0.68847656 0.71191406
vt 0.6791992 0.73046875
vt 0.6791992 0.75146484
vt 0.6557617 0.73046875
vt 0.6557617 0.75146484
vt 0.6879883 0.73046875
vt 0.6791992 0.75146484
vt 0.6791992 0.73046875
vt 0.6845703 0.74902344
vt 0.6879883 0.73046875
vt 0.6879883 0.73046875
vt 0.6953125 0.73095703
vt 0.6972656 0.69677734
vt 0.68847656 0.71191406
vt 0.69091797 0.6557617
vt 0.67285156 0.6557617
vt 0.67285156 0.69189453
vt 0.68896484 0.6933594
vt 0.3996582 0.9765625
vt 0.3623047 0.96240234
vt 0.3623047 0.9902344
vt 0.3996582 0.96191406
vt 0.3996582 0.9897461
vt 0.69677734 0.6557617
vt 0.69091797 0.6557617
vt 0.68896484 0.6933594
vt 0.6972656 0.69677734
vt 0.68896484 0.6933594
vt 0.67285156 0.69189453
vt 0.67285156 0.71191406
vt 0.68847656 0.71191406
vt 0.68896484 0.6933594
vt 0.68847656 0.71191406
vt 0.83203125 0.46679688
vt 0.84277344 0.453125
vt 0.83447266 0.44628906
vt 0.82373047 0.4597168
vt 0.13842773 0.9946289
vt 0.16223145 0.99121094
vt 0.15893555 0.9790039
vt 0.1361084 0.9838867
vt 0.07910156 0.97265625
vt 0.8745117 0.66503906
vt 0.8798828 0.6923828
vt 0.8745117 0.71972656
vt 0.86279297 0.6479492
vt 0.86279297 0.7368164
vt 0.7236328 0.8652344
vt 0.69873047 0.8623047
vt 0.6816406 0.89453125
vt 0.7236328 0.9863281
vt 0.36987305 0.4350586
vt 0.37036133 0.41064453
vt 0.33544922 0.39501953
vt 0.36645508 0.44580078
vt 0.36523438 0.37817383
vt 0.35498047 0.35205078
vt 0.33544922 0.14782715
vt 0.35498047 0.15600586
vt 0.35864258 0.13366699
vt 0.33544922 0.038879395
vt 0.3803711 0.052520752
vt 0.36743164 0.33569336
vt 0.37719727 0.37329102
vt 0.36743164 0.15966797
vt 0.38330078 0.41430664
vt 0.3815918 0.44458008
vt 0.37060547 0.13684082
vt 0.39331055 0.054992676
vt 0.38134766 0.011734009
vt 0.37670898 0.45703125
vt 0.40429688 0.13671875
vt 0.40429688 0.16027832
vt 0.43676758 0.16027832
vt 0.43676758 0.1361084
vt 0.43676758 0.33325195
vt 0.40429688 0.3330078
vt 0.43676758 0.3725586
vt 0.40429688 0.37158203
vt 0.43676758 0.4140625
vt 0.40429688 0.41259766
vt 0.43676758 0.4453125
vt 0.40429688 0.4423828
vt 0.41357422 0.050689697
vt 0.40429688 0.050842285
vt 0.40893555 0.0064888
vt 0.40429688 0.006362915
vt 0.42333984 0.05041504
vt 0.43676758 0.050201416
vt 0.43676758 0.036834717
vt 0.42651367 0.03656006
vt 0.40429688 0.45532227
vt 0.43676758 0.46069336
vt 0.048736572 0.0073928833
vt 0.049591064 0.06262207
vt 0.060577393 0.06390381
vt 0.07141113 0.033477783
vt 0.084472656 0.033477783
vt 0.084472656 0.0073928833
vt 0.07287598 0.050628662
vt 0.084472656 0.050445557
vt 0.084472656 0.033477783
vt 0.07141113 0.033477783
vt 0.048736572 0.0073928833
vt 0.042297363 0.0073928833
vt 0.04034424 0.066223145
vt 0.049591064 0.06262207
vt 0.04840088 0.07220459
vt 0.061676025 0.07342529
vt 0.060577393 0.06390381
vt 0.049591064 0.06262207
vt 0.068725586 0.06921387
vt 0.07287598 0.050628662
vt 0.07141113 0.033477783
vt 0.060577393 0.06390381
vt 0.113708496 0.013130188
vt 0.11224365 0.026657104
vt 0.111694336 0.008857727
vt 0.4958496 0.14782715
vt 0.4958496 0.03552246
vt 0.4873047 0.035491943
vt 0.4567871 0.03552246
vt 0.4567871 0.14782715
vt 0.4958496 0.14782715
vt 0.4873047 0.035491943
vt 0.4958496 0.03552246
vt 0.4958496 0.3930664
vt 0.4567871 0.14782715
vt 0.4567871 0.3930664
vt 0.4958496 0.3930664
vt 0.111572266 0.0579834
vt 0.10021973 0.058563232
vt 0.107421875 0.0095825195
vt 0.11224365 0.026657104
vt 0.111694336 0.008857727
vt 0.4567871 0.03552246
vt 0.4873047 0.035491943
vt 0.4873047 0.009010315
vt 0.4567871 0.009025574
vt 0.4873047 0.009010315
vt 0.4873047 0.035491943
vt 0.09838867 0.20324707
vt 0.11071777 0.18518066
vt 0.11364746 0.16809082
vt 0.09838867 0.18530273
vt 0.4567871 0.3930664
vt 0.4958496 0.45336914
vt 0.4958496 0.3930664
vt 0.48754883 0.46557617
vt 0.4567871 0.4741211
vt 0.4958496 0.3930664
vt 0.4958496 0.45336914
vt 0.48754883 0.46557617
vt 0.4567871 0.3930664
vt 0.4567871 0.4741211
vt 0.09838867 0.20324707
vt 0.09838867 0.18530273
vt 0.07672119 0.18530273
vt 0.07672119 0.20324707
vt 0.09838867 0.20324707
vt 0.07672119 0.20324707
vt 0.09838867 0.18530273
vt 0.13708496 0.011833191
vt 0.13793945 0.025054932
vt 0.11224365 0.026657104
vt 0.113708496 0.013130188
vt 0.11224365 0.026657104
vt 0.113708496 0.013130188
vt 0.2607422 0.7158203
vt 0.29614258 0.7158203
vt 0.2944336 0.68603516
vt 0.2770996 0.6855469
vt 0.26538086 0.7714844
vt 0.23706055 0.7553711
vt 0.24414062 0.7714844
vt 0.23706055 0.7783203
vt 0.96191406 0.086120605
vt 0.9584961 0.072143555
vt 0.9370117 0.072265625
vt 0.9370117 0.08630371
vt 0.96191406 0.086120605
vt 0.9584961 0.072143555
vt 0.9370117 0.025619507
vt 0.9370117 0.04446411
vt 0.9511719 0.044433594
vt 0.94140625 0.025619507
vt 0.9584961 0.072143555
vt 0.9370117 0.072265625
vt 0.9511719 0.044433594
vt 0.94140625 0.025619507
vt 0.9584961 0.072143555
vt 0.2770996 0.6855469
vt 0.2944336 0.68603516
vt 0.2944336 0.67822266
vt 0.2770996 0.67822266
vt 0.2770996 0.6855469
vt 0.2944336 0.68603516
vt 0.2265625 0.9428711
vt 0.29418945 0.9428711
vt 0.29418945 0.91845703
vt 0.24304199 0.91845703
vt 0.24182129 0.82666016
vt 0.29418945 0.82666016
vt 0.21838379 0.796875
vt 0.29418945 0.796875
vt 0.24597168 0.95410156
vt 0.25 0.9663086
vt 0.23706055 0.7783203
vt 0.30541992 0.91845703
vt 0.30541992 0.94091797
vt 0.31518555 0.9433594
vt 0.31518555 0.91845703
vt 0.31518555 0.9916992
vt 0.30737305 0.82666016
vt 0.3269043 0.91845703
vt 0.34301758 0.91845703
vt 0.30395508 0.796875
vt 0.34301758 0.82666016
vt 0.34301758 0.91845703
vt 0.34301758 0.796875
vt 0.34301758 0.9404297
vt 0.3322754 0.9404297
vt 0.3383789 0.71484375
vt 0.34301758 0.71484375
vt 0.3232422 0.7246094
vt 0.30737305 0.82666016
vt 0.3269043 0.91845703
vt 0.31518555 0.91845703
vt 0.30541992 0.91845703
vt 0.31518555 0.9433594
vt 0.30541992 0.94091797
vt 0.31518555 0.9916992
vt 0.30395508 0.796875
vt 0.3322754 0.9404297
vt 0.29418945 0.9428711
vt 0.29418945 0.91845703
vt 0.2265625 0.9428711
vt 0.24304199 0.91845703
vt 0.24182129 0.82666016
vt 0.29418945 0.82666016
vt 0.21838379 0.796875
vt 0.29418945 0.796875
vt 0.24597168 0.95410156
vt 0.25 0.9663086
vt 0.23706055 0.7783203
vt 0.3383789 0.71484375
vt 0.3232422 0.7246094
vt 0.26538086 0.7714844
vt 0.2939453 0.72314453
vt 0.24414062 0.7714844
vt 0.96484375 0.18127441
vt 0.9638672 0.12536621
vt 0.9370117 0.12548828
vt 0.9370117 0.18139648
vt 0.96484375 0.18127441
vt 0.9638672 0.12536621
vt 0.9638672 0.12536621
vt 0.9658203 0.10217285
vt 0.9370117 0.10235596
vt 0.9370117 0.12548828
vt 0.9638672 0.12536621
vt 0.9658203 0.10217285
vt 0.96777344 0.19995117
vt 0.96484375 0.18127441
vt 0.9370117 0.18139648
vt 0.9370117 0.20019531
vt 0.96777344 0.19995117
vt 0.96484375 0.18127441
vt 0.9667969 0.21264648
vt 0.96777344 0.19995117
vt 0.9370117 0.20019531
vt 0.9370117 0.21264648
vt 0.9667969 0.21264648
vt 0.9370117 0.21264648
vt 0.96777344 0.19995117
vt 0.9370117 0.08630371
vt 0.9370117 0.10235596
vt 0.9658203 0.10217285
vt 0.96191406 0.086120605
vt 0.9658203 0.10217285
vt 0.96191406 0.086120605
vt 0.0149383545 0.86621094
vt 0.00522995 0.85546875
vt 0.00522995 0.92041016
vt 0.023529053 0.8510742
vt 0.65283203 0.94433594
vt 0.65283203 0.9926758
vt 0.66845703 0.94433594
vt 0.68310547 0.9926758
vt 0.68310547 0.94433594
vt 0.65625 0.92578125
vt 0.65283203 0.94433594
vt 0.66845703 0.94433594
vt 0.6660156 0.92578125
vt 0.6455078 0.94433594
vt 0.6455078 0.9926758
vt 0.65283203 0.9926758
vt 0.65283203 0.94433594
vt 0.6542969 0.92089844
vt 0.65625 0.92578125
vt 0.34301758 0.9404297
vt 0.3322754 0.9404297
vt 0.33032227 0.9472656
vt 0.34301758 0.9472656
vt 0.33032227 0.9472656
vt 0.3322754 0.9404297
vt 0.6748047 0.94433594
vt 0.66748047 0.92089844
vt 0.6660156 0.92578125
vt 0.66845703 0.94433594
vt 0.66748047 0.92089844
vt 0.6542969 0.92089844
vt 0.65625 0.92578125
vt 0.6660156 0.92578125
vt 0.9370117 0.22045898
vt 0.95703125 0.22045898
vt 0.9667969 0.21264648
vt 0.9370117 0.21264648
vt 0.96533203 0.21984863
vt 0.9584961 0.22509766
vt 0.9667969 0.21264648
vt 0.95703125 0.22045898
vt 0.96533203 0.21984863
vt 0.9584961 0.22509766
vt 0.26538086 0.7714844
vt 0.2939453 0.72314453
vt 0.24414062 0.7714844
vt 0.00522995 0.85546875
vt 0.023529053 0.8510742
vt 0.022018433 0.8251953
vt 0.014640808 0.82666016
vt 0.00522995 0.85546875
vt 0.014640808 0.82666016
vt 0.023529053 0.8510742
vt 0.34301758 0.6879883
vt 0.3383789 0.71484375
vt 0.34301758 0.71484375
vt 0.3383789 0.71484375
vt 0.22583008 0.34448242
vt 0.21801758 0.34448242
vt 0.22033691 0.3486328
vt 0.22937012 0.35058594
vt 0.22033691 0.37182617
vt 0.21582031 0.3647461
vt 0.21582031 0.3647461
vt 0.20874023 0.36791992
vt 0.20019531 0.37426758
vt 0.22033691 0.37182617
vt 0.22583008 0.21264648
vt 0.21289062 0.20483398
vt 0.2130127 0.2133789
vt 0.21801758 0.21569824
vt 0.20019531 0.21289062
vt 0.20861816 0.21569824
vt 0.2130127 0.2133789
vt 0.21801758 0.34448242
vt 0.22583008 0.34448242
vt 0.22583008 0.21264648
vt 0.21801758 0.21569824
vt 0.20874023 0.36791992
vt 0.21582031 0.3647461
vt 0.22033691 0.3486328
vt 0.21801758 0.34448242
vt 0.21801758 0.21569824
vt 0.20861816 0.21569824
vt 0.2130127 0.2133789
vt 0.20019531 0.21289062
vt 0.20019531 0.37426758
vt 0.20874023 0.36791992
vt 0.20861816 0.21569824
vt 0.19433594 0.053894043
vt 0.20324707 0.03982544
vt 0.14978027 0.07537842
vt 0.15881348 0.079589844
vt 0.15881348 0.18981934
vt 0.14978027 0.19677734
vt 0.16308594 0.19946289
vt 0.15881348 0.079589844
vt 0.14978027 0.07537842
vt 0.14978027 0.19677734
vt 0.15881348 0.18981934
vt 0.14978027 0.19677734
vt 0.14978027 0.07537842
vt 0.12841797 0.07537842
vt 0.12841797 0.19677734
vt 0.19238281 0.015670776
vt 0.14978027 0.07537842
vt 0.20324707 0.03982544
vt 0.13879395 0.058502197
vt 0.20324707 0.16333008
vt 0.22070312 0.16320801
vt 0.22070312 0.03982544
vt 0.20324707 0.03982544
vt 0.15881348 0.18981934
vt 0.19433594 0.15942383
vt 0.19433594 0.053894043
vt 0.15881348 0.079589844
vt 0.20324707 0.16333008
vt 0.20324707 0.03982544
vt 0.19433594 0.053894043
vt 0.19433594 0.15942383
vt 0.12841797 0.20861816
vt 0.14978027 0.20861816
vt 0.14978027 0.19677734
vt 0.12841797 0.19677734
vt 0.16308594 0.19946289
vt 0.20324707 0.16333008
vt 0.19433594 0.15942383
vt 0.15881348 0.18981934
vt 0.16308594 0.19946289
vt 0.17553711 0.21362305
vt 0.21569824 0.17749023
vt 0.20324707 0.16333008
vt 0.51660156 0.3395996
vt 0.5263672 0.34179688
vt 0.5371094 0.33520508
vt 0.5283203 0.328125
vt 0.5371094 0.3046875
vt 0.54345703 0.31274414
vt 0.54345703 0.31274414
vt 0.55908203 0.30517578
vt 0.56103516 0.2956543
vt 0.5371094 0.3046875
vt 0.5805664 0.3166504
vt 0.56103516 0.2956543
vt 0.55908203 0.30517578
vt 0.5708008 0.31860352
vt 0.5756836 0.38232422
vt 0.5678711 0.38256836
vt 0.56347656 0.390625
vt 0.5805664 0.39013672
vt 0.5258789 0.34521484
vt 0.5161133 0.34887695
vt 0.56347656 0.390625
vt 0.5678711 0.38256836
vt 0.54296875 0.84277344
vt 0.55078125 0.84277344
vt 0.55078125 0.8261719
vt 0.54296875 0.8261719
vt 0.54296875 0.86865234
vt 0.55078125 0.86865234
vt 0.54296875 0.89453125
vt 0.55078125 0.89501953
vt 0.55078125 0.86865234
vt 0.54296875 0.86865234
vt 0.54296875 0.8261719
vt 0.55078125 0.8261719
vt 0.55078125 0.81884766
vt 0.54296875 0.81884766
vt 0.55078125 0.89501953
vt 0.54296875 0.89453125
vt 0.54296875 0.9213867
vt 0.55078125 0.921875
vt 0.54296875 0.9921875
vt 0.55078125 0.9921875
vt 0.55078125 0.97753906
vt 0.54296875 0.9760742
vt 0.5810547 0.3642578
vt 0.5805664 0.3166504
vt 0.5708008 0.31860352
vt 0.5708008 0.36523438
vt 0.55078125 0.9667969
vt 0.55078125 0.921875
vt 0.54296875 0.9213867
vt 0.54296875 0.96533203
vt 0.5854492 0.37548828
vt 0.5810547 0.3642578
vt 0.5708008 0.36523438
vt 0.57666016 0.37451172
vt 0.55078125 0.97753906
vt 0.55078125 0.9667969
vt 0.54296875 0.96533203
vt 0.54296875 0.9760742
vt 0.5263672 0.34179688
vt 0.5258789 0.34521484
vt 0.5678711 0.38256836
vt 0.5708008 0.36523438
vt 0.5371094 0.33520508
vt 0.5708008 0.31860352
vt 0.54345703 0.31274414
vt 0.55908203 0.30517578
vt 0.5756836 0.38232422
vt 0.5708008 0.36523438
vt 0.57666016 0.37451172
vt 0.5805664 0.39013672
vt 0.5854492 0.37548828
vt 0.57666016 0.37451172
vt 0.5756836 0.38232422
vt 0.5263672 0.34179688
vt 0.51660156 0.3395996
vt 0.5161133 0.34887695
vt 0.5258789 0.34521484
vt 0.54296875 0.81884766
vt 0.55078125 0.81884766
vt 0.55078125 0.7578125
vt 0.54296875 0.7578125
vt 0.54296875 0.7578125
vt 0.55078125 0.7578125
vt 0.55078125 0.7416992
vt 0.54296875 0.7416992
vt 0.071777344 0.15075684
vt 0.08477783 0.15942383
vt 0.08483887 0.1706543
vt 0.0637207 0.15576172
vt 0.0637207 0.08929443
vt 0.10571289 0.08929443
vt 0.097717285 0.09674072
vt 0.071777344 0.09674072
vt 0.071777344 0.15075684
vt 0.0637207 0.15576172
vt 0.0637207 0.08929443
vt 0.071777344 0.09674072
vt 0.0637207 0.08929443
vt 0.0637207 0.15576172
vt 0.050231934 0.15576172
vt 0.050231934 0.08929443
vt 0.0637207 0.18164062
vt 0.050231934 0.18164062
vt 0.050231934 0.15576172
vt 0.0637207 0.15576172
vt 0.071777344 0.09674072
vt 0.097717285 0.09674072
vt 0.097717285 0.15075684
vt 0.071777344 0.15075684
vt 0.08477783 0.15942383
vt 0.10571289 0.08929443
vt 0.10571289 0.15551758
vt 0.097717285 0.15075684
vt 0.097717285 0.09674072
vt 0.0637207 0.19921875
vt 0.050231934 0.19921875
vt 0.050231934 0.18164062
vt 0.0637207 0.18164062
vt 0.08477783 0.15942383
vt 0.097717285 0.15075684
vt 0.10571289 0.15551758
vt 0.08483887 0.1706543
vt 0.5185547 0.14550781
vt 0.5283203 0.14550781
vt 0.52246094 0.13928223
vt 0.51416016 0.13928223
vt 0.52246094 0.017501831
vt 0.51416016 0.01259613
vt 0.51416016 0.13928223
vt 0.52246094 0.017501831
vt 0.54296875 0.017501831
vt 0.55029297 0.01259613
vt 0.51416016 0.01259613
vt 0.5283203 0.26708984
vt 0.5185547 0.27246094
vt 0.5239258 0.2775879
vt 0.5283203 0.14550781
vt 0.5185547 0.14550781
vt 0.5185547 0.27246094
vt 0.5283203 0.26708984
vt 0.59033203 0.01259613
vt 0.55029297 0.01259613
vt 0.55029297 0.26367188
vt 0.59033203 0.26367188
vt 0.54296875 0.017501831
vt 0.5283203 0.14550781
vt 0.5283203 0.26708984
vt 0.54296875 0.26000977
vt 0.52246094 0.13928223
vt 0.52246094 0.017501831
vt 0.55029297 0.26367188
vt 0.55029297 0.01259613
vt 0.54296875 0.017501831
vt 0.54296875 0.26000977
vt 0.54296875 0.26000977
vt 0.5283203 0.26708984
vt 0.5239258 0.2775879
vt 0.55029297 0.26367188
vt 0.59033203 0.2758789
vt 0.59033203 0.26367188
vt 0.55029297 0.26367188
vt 0.55029297 0.2758789
vt 0.6894531 0.8330078
vt 0.70166016 0.8232422
vt 0.6767578 0.8232422
vt 0.6767578 0.77783203
vt 0.7553711 0.7675781
vt 0.75390625 0.78222656
vt 0.7680664 0.76660156
vt 0.7680664 0.8027344
vt 0.43676758 0.69384766
vt 0.4104004 0.67285156
vt 0.43139648 0.7597656
vt 0.43676758 0.7597656
vt 0.44580078 0.83496094
vt 0.46044922 0.83496094
vt 0.4650879 0.8071289
vt 0.44262695 0.8071289
vt 0.4338379 0.8178711
vt 0.44189453 0.8408203
vt 0.47094727 0.8178711
vt 0.46240234 0.8408203
vt 0.47094727 0.9550781
vt 0.46240234 0.94873047
vt 0.44189453 0.9604492
vt 0.4338379 0.97216797
vt 0.4338379 0.97216797
vt 0.45825195 0.97216797
vt 0.4555664 0.9604492
vt 0.44189453 0.9604492
vt 0.43652344 0.8071289
vt 0.44262695 0.8071289
vt 0.44262695 0.7890625
vt 0.43652344 0.7890625
vt 0.44262695 0.8071289
vt 0.4650879 0.8071289
vt 0.4650879 0.7890625
vt 0.44262695 0.7890625
vt 0.49194336 0.8076172
vt 0.47094727 0.8076172
vt 0.47094727 0.8178711
vt 0.49194336 0.8178711
vt 0.47094727 0.9550781
vt 0.49194336 0.9550781
vt 0.44189453 0.8408203
vt 0.46240234 0.8408203
vt 0.46044922 0.83496094
vt 0.44580078 0.83496094
vt 0.46240234 0.94873047
vt 0.44189453 0.9604492
vt 0.4555664 0.9604492
vt 0.45825195 0.9902344
vt 0.45825195 0.97216797
vt 0.4338379 0.97216797
vt 0.4338379 0.9902344
vt 0.41259766 0.97216797
vt 0.4338379 0.97216797
vt 0.4338379 0.8178711
vt 0.41259766 0.8178711
vt 0.49194336 0.9550781
vt 0.47094727 0.9550781
vt 0.47094727 0.97216797
vt 0.49194336 0.97216797
vt 0.45825195 0.97216797
vt 0.47094727 0.9550781
vt 0.46240234 0.94873047
vt 0.4555664 0.9604492
vt 0.49194336 0.9550781
vt 0.5234375 0.97216797
vt 0.5234375 0.8178711
vt 0.49194336 0.8178711
vt 0.49194336 0.97216797
vt 0.51708984 0.8076172
vt 0.49194336 0.8076172
vt 0.29418945 0.9916992
vt 0.7558594 0.044921875
vt 0.7104492 0.043182373
vt 0.75341797 0.0211792
vt 0.80322266 0.1171875
vt 0.76708984 0.033050537
vt 0.8359375 0.1171875
vt 0.8359375 0.018432617
vt 0.7363281 0.007896423
vt 0.7524414 0.39575195
vt 0.7109375 0.45043945
vt 0.80322266 0.37426758
vt 0.83447266 0.37426758
vt 0.82373047 0.4597168
vt 0.83447266 0.44628906
vt 0.08746338 0.9604492
vt 0.059326172 0.9555664
vt 0.08117676 0.9370117
vt 0.101379395 0.9506836
vt 0.06793213 0.9165039
vt 0.04156494 0.9267578
vt 0.06317139 0.8925781
vt 0.035186768 0.8930664
vt 0.06744385 0.86865234
vt 0.040924072 0.86035156
vt 0.0803833 0.84765625
vt 0.052520752 0.8388672
vt 0.11022949 0.96875
vt 0.12561035 0.9560547
vt 0.13330078 0.97021484
vt 0.15588379 0.96484375
vt 0.14978027 0.9511719
vt 0.18103027 0.9482422
vt 0.17041016 0.9375
vt 0.19909668 0.9223633
vt 0.1842041 0.9165039
vt 0.15893555 0.9790039
vt 0.1361084 0.9838867
vt 0.07489014 0.8359375
vt 0.10089111 0.8334961
vt 0.095947266 0.8222656
vt 0.12585449 0.828125
vt 0.12573242 0.81640625
vt 0.21704102 0.90234375
vt 0.18920898 0.8930664
vt 0.21289062 0.93359375
vt 0.21801758 0.89160156
vt 0.18469238 0.86865234
vt 0.21130371 0.859375
vt 0.17150879 0.84765625
vt 0.20568848 0.83740234
vt 0.17578125 0.8359375
vt 0.15563965 0.82177734
vt 0.15075684 0.8334961
vt 0.12573242 0.81640625
vt 0.12585449 0.828125
vt 0.06317139 0.8925781
vt 0.06744385 0.86865234
vt 0.18469238 0.86865234
vt 0.18920898 0.8930664
vt 0.1842041 0.9165039
vt 0.06793213 0.9165039
vt 0.17041016 0.9375
vt 0.08117676 0.9370117
vt 0.14978027 0.9511719
vt 0.101379395 0.9506836
vt 0.12561035 0.9560547
vt 0.0803833 0.84765625
vt 0.17150879 0.84765625
vt 0.10089111 0.8334961
vt 0.15075684 0.8334961
vt 0.12585449 0.828125
vt 0.052520752 0.2746582
vt 0.09765625 0.23400879
vt 0.09661865 0.2553711
vt 0.07421875 0.2758789
vt 0.09661865 0.2553711
vt 0.09765625 0.23400879
vt 0.18444824 0.3017578
vt 0.16381836 0.30932617
vt 0.07489014 0.8359375
vt 0.052520752 0.8388672
vt 0.052520752 0.2746582
vt 0.07421875 0.2758789
vt 0.18444824 0.39575195
vt 0.16381836 0.39916992
vt 0.16381836 0.30932617
vt 0.18444824 0.3017578
vt 0.20568848 0.41918945
vt 0.18664551 0.4194336
vt 0.20568848 0.80615234
vt 0.18664551 0.80566406
vt 0.17553711 0.81640625
vt 0.16381836 0.39916992
vt 0.18664551 0.4194336
vt 0.18664551 0.80566406
vt 0.15563965 0.82177734
vt 0.17578125 0.8359375
vt 0.12573242 0.81640625
vt 0.09661865 0.2553711
vt 0.16381836 0.30932617
vt 0.07421875 0.2758789
vt 0.095947266 0.8222656
vt 0.12573242 0.81640625
vt 0.07489014 0.8359375
vt 0.17553711 0.81640625
vt 0.20568848 0.83740234
vt 0.17578125 0.8359375
vt 0.20568848 0.80615234
vt 0.20568848 0.80615234
vt 0.17553711 0.81640625
vt 0.18664551 0.80566406
vt 0.74365234 0.8569336
vt 0.7363281 0.9863281
vt 0.7236328 0.8652344
vt 0.7236328 0.9863281
vt 0.7314453 0.7866211
vt 0.7314453 0.82128906
vt 0.7236328 0.82128906
vt 0.7236328 0.7866211
vt 0.7314453 0.7519531
vt 0.7236328 0.7519531
vt 0.7236328 0.85009766
vt 0.7314453 0.85009766
vt 0.7236328 0.72998047
vt 0.7314453 0.72998047
vt 0.00730896 0.7836914
vt 0.00730896 0.70996094
vt 0.035186768 0.70996094
vt 0.035186768 0.7836914
vt 0.035186768 0.6743164
vt 0.00730896 0.6743164
vt 0.035186768 0.80810547
vt 0.00730896 0.80859375
vt 0.0072669983 0.048553467
vt 0.0072669983 0.007434845
vt 0.02293396 0.0076179504
vt 0.02293396 0.048736572
vt 0.035186768 0.14477539
vt 0.00730896 0.14453125
vt 0.022903442 0.13562012
vt 0.035186768 0.13562012
vt 0.02293396 0.048736572
vt 0.0072669983 0.048553467
vt 0.00730896 0.23059082
vt 0.00730896 0.14453125
vt 0.035186768 0.14477539
vt 0.035186768 0.23083496
vt 0.00730896 0.25854492
vt 0.00730896 0.23059082
vt 0.035186768 0.23083496
vt 0.035186768 0.25878906
vt 0.00730896 0.6743164
vt 0.00730896 0.6333008
vt 0.035186768 0.6333008
vt 0.035186768 0.6743164
vt 0.035186768 0.25878906
vt 0.00730896 0.25854492
vt 0.8046875 0.9199219
vt 0.81640625 0.9199219
vt 0.8330078 0.86572266
vt 0.8222656 0.86572266
vt 0.8046875 0.98339844
vt 0.81640625 0.98339844
vt 0.8286133 0.9199219
vt 0.8286133 0.98339844
vt 0.8432617 0.86572266
vt 0.7758789 0.98339844
vt 0.76464844 0.9272461
vt 0.82910156 0.8261719
vt 0.83935547 0.8261719
vt 0.8183594 0.8261719
vt 0.8364258 0.77197266
vt 0.8261719 0.7739258
vt 0.7783203 0.8989258
vt 0.7783203 0.82421875
vt 0.86083984 0.98339844
vt 0.86083984 0.9199219
vt 0.86083984 0.86572266
vt 0.86083984 0.8261719
vt 0.86083984 0.77197266
vt 0.8144531 0.7817383
vt 0.8046875 0.9902344
vt 0.8046875 0.98339844
vt 0.7758789 0.98339844
vt 0.77001953 0.9902344
vt 0.76464844 0.9272461
vt 0.75634766 0.9272461
vt 0.81640625 0.9902344
vt 0.81640625 0.98339844
vt 0.8046875 0.9902344
vt 0.8286133 0.9902344
vt 0.8286133 0.98339844
vt 0.81640625 0.98339844
vt 0.86083984 0.9902344
vt 0.86083984 0.98339844
vt 0.9785156 0.19763184
vt 0.9785156 0.23205566
vt 0.9946289 0.23205566
vt 0.9946289 0.19763184
vt 0.75634766 0.9272461
vt 0.76464844 0.9272461
vt 0.7783203 0.8989258
vt 0.77246094 0.89746094
vt 0.7783203 0.82421875
vt 0.77246094 0.8232422
vt 0.8144531 0.7817383
vt 0.9785156 0.23205566
vt 0.9785156 0.30200195
vt 0.9946289 0.3022461
vt 0.9946289 0.23205566
vt 0.9785156 0.11401367
vt 0.9785156 0.19763184
vt 0.9946289 0.19763184
vt 0.9946289 0.11395264
vt 0.76464844 0.9272461
vt 0.7783203 0.8989258
vt 0.6972656 0.69677734
vt 0.69677734 0.6557617
vt 0.7050781 0.6557617
vt 0.7060547 0.6855469
vt 0.6972656 0.69677734
vt 0.68847656 0.71191406
vt 0.68896484 0.6933594
vt 0.69091797 0.6557617
vt 0.68896484 0.6933594
vt 0.67285156 0.69189453
vt 0.67285156 0.6557617
vt 0.3996582 0.9765625
vt 0.3623047 0.9902344
vt 0.3623047 0.96240234
vt 0.3996582 0.96191406
vt 0.3996582 0.9897461
vt 0.69677734 0.6557617
vt 0.6972656 0.69677734
vt 0.68896484 0.6933594
vt 0.69091797 0.6557617
vt 0.83203125 0.46679688
vt 0.82373047 0.4597168
vt 0.83447266 0.44628906
vt 0.84277344 0.453125
vt 0.86083984 0.010124207
vt 0.8574219 0.02998352
vt 0.85009766 0.023284912
vt 0.92333984 0.010131836
vt 0.13842773 0.9946289
vt 0.1361084 0.9838867
vt 0.15893555 0.9790039
vt 0.16223145 0.99121094
vt 0.07910156 0.97265625
vt 0.8745117 0.66503906
vt 0.86279297 0.6479492
vt 0.8745117 0.71972656
vt 0.8798828 0.6923828
vt 0.86279297 0.7368164
vt 0.7236328 0.8652344
vt 0.7236328 0.9863281
vt 0.6816406 0.89453125
vt 0.69873047 0.8623047
vt 0.36987305 0.4350586
vt 0.33544922 0.39501953
vt 0.37036133 0.41064453
vt 0.36523438 0.37817383
vt 0.35498047 0.35205078
vt 0.33544922 0.14782715
vt 0.35498047 0.15600586
vt 0.35864258 0.13366699
vt 0.33544922 0.038879395
vt 0.3803711 0.052520752
vt 0.36743164 0.33569336
vt 0.37719727 0.37329102
vt 0.36743164 0.15966797
vt 0.38330078 0.41430664
vt 0.3815918 0.44458008
vt 0.37060547 0.13684082
vt 0.39331055 0.054992676
vt 0.38134766 0.011734009
vt 0.37670898 0.45703125
vt 0.36645508 0.44580078
vt 0.33544922 0.39501953
vt 0.40429688 0.13671875
vt 0.43676758 0.1361084
vt 0.43676758 0.16027832
vt 0.40429688 0.16027832
vt 0.43676758 0.33325195
vt 0.40429688 0.3330078
vt 0.43676758 0.3725586
vt 0.40429688 0.37158203
vt 0.43676758 0.4140625
vt 0.40429688 0.41259766
vt 0.43676758 0.4453125
vt 0.40429688 0.4423828
vt 0.41357422 0.050689697
vt 0.40429688 0.050842285
vt 0.40893555 0.0064888
vt 0.40429688 0.006362915
vt 0.42333984 0.05041504
vt 0.43676758 0.050201416
vt 0.43676758 0.036834717
vt 0.42651367 0.03656006
vt 0.40429688 0.45532227
vt 0.43676758 0.46069336
vt 0.048736572 0.0073928833
vt 0.07141113 0.033477783
vt 0.060577393 0.06390381
vt 0.049591064 0.06262207
vt 0.084472656 0.033477783
vt 0.084472656 0.0073928833
vt 0.07287598 0.050628662
vt 0.07141113 0.033477783
vt 0.084472656 0.033477783
vt 0.084472656 0.050445557
vt 0.048736572 0.0073928833
vt 0.049591064 0.06262207
vt 0.04034424 0.066223145
vt 0.042297363 0.0073928833
vt 0.04840088 0.07220459
vt 0.049591064 0.06262207
vt 0.060577393 0.06390381
vt 0.061676025 0.07342529
vt 0.068725586 0.06921387
vt 0.060577393 0.06390381
vt 0.07141113 0.033477783
vt 0.07287598 0.050628662
vt 0.113708496 0.013130188
vt 0.111694336 0.008857727
vt 0.11224365 0.026657104
vt 0.111572266 0.0579834
vt 0.11224365 0.026657104
vt 0.107421875 0.0095825195
vt 0.10021973 0.058563232
vt 0.111694336 0.008857727
vt 0.09838867 0.20324707
vt 0.09838867 0.18530273
vt 0.11364746 0.16809082
vt 0.11071777 0.18518066
vt 0.2607422 0.7158203
vt 0.2770996 0.6855469
vt 0.2944336 0.68603516
vt 0.29614258 0.7158203
vt 0.26538086 0.7714844
vt 0.23706055 0.7553711
vt 0.24414062 0.7714844
vt 0.23706055 0.7783203
vt 0.0149383545 0.86621094
vt 0.00522995 0.92041016
vt 0.00522995 0.85546875
vt 0.023529053 0.8510742
vt 0.65283203 0.94433594
vt 0.66845703 0.94433594
vt 0.65283203 0.9926758
vt 0.68310547 0.9926758
vt 0.68310547 0.94433594
vt 0.65625 0.92578125
vt 0.6660156 0.92578125
vt 0.66845703 0.94433594
vt 0.65283203 0.94433594
vt 0.6455078 0.94433594
vt 0.65283203 0.94433594
vt 0.65283203 0.9926758
vt 0.6455078 0.9926758
vt 0.6542969 0.92089844
vt 0.65625 0.92578125
vt 0.6748047 0.94433594
vt 0.66845703 0.94433594
vt 0.6660156 0.92578125
vt 0.66748047 0.92089844
vt 0.66748047 0.92089844
vt 0.6660156 0.92578125
vt 0.65625 0.92578125
vt 0.6542969 0.92089844
vt 0.53515625 0.43725586
vt 0.52685547 0.4309082
vt 0.5600586 0.40356445
vt 0.5595703 0.41503906
vt 0.5126953 0.48339844
vt 0.51904297 0.4724121
vt 0.5332031 0.47729492
vt 0.5258789 0.48535156
vt 0.52734375 0.46801758
vt 0.5209961 0.46289062
vt 0.52685547 0.4309082
vt 0.53515625 0.43725586
vt 0.59033203 0.6386719
vt 0.5698242 0.6386719
vt 0.5698242 0.60546875
vt 0.59033203 0.60546875
vt 0.59033203 0.56689453
vt 0.59033203 0.60546875
vt 0.5698242 0.60546875
vt 0.5698242 0.56640625
vt 0.5185547 0.47094727
vt 0.52734375 0.46801758
vt 0.5332031 0.47729492
vt 0.51904297 0.4724121
vt 0.53515625 0.43725586
vt 0.58154297 0.4423828
vt 0.5698242 0.5058594
vt 0.5546875 0.5126953
vt 0.5493164 0.5229492
vt 0.55029297 0.5239258
vt 0.5595703 0.41503906
vt 0.5541992 0.5336914
vt 0.55029297 0.5239258
vt 0.5698242 0.5058594
vt 0.578125 0.5107422
vt 0.59033203 0.9589844
vt 0.59033203 0.9941406
vt 0.5698242 0.9941406
vt 0.5698242 0.9589844
vt 0.5595703 0.41503906
vt 0.5600586 0.40356445
vt 0.5913086 0.43945312
vt 0.58154297 0.4423828
vt 0.5258789 0.48535156
vt 0.5332031 0.47729492
vt 0.5546875 0.5126953
vt 0.5449219 0.515625
vt 0.578125 0.5107422
vt 0.5698242 0.5058594
vt 0.58154297 0.4423828
vt 0.5913086 0.43945312
vt 0.5698242 0.9589844
vt 0.5698242 0.90185547
vt 0.59033203 0.90185547
vt 0.59033203 0.9589844
vt 0.54003906 0.52441406
vt 0.5493164 0.5229492
vt 0.55029297 0.5239258
vt 0.54345703 0.5292969
vt 0.5449219 0.515625
vt 0.5546875 0.5126953
vt 0.5493164 0.5229492
vt 0.54003906 0.52441406
vt 0.51904297 0.4724121
vt 0.5126953 0.48339844
vt 0.50683594 0.47827148
vt 0.5185547 0.47094727
vt 0.5185547 0.47094727
vt 0.5136719 0.4645996
vt 0.5209961 0.46289062
vt 0.52734375 0.46801758
vt 0.59033203 0.6508789
vt 0.5698242 0.6386719
vt 0.59033203 0.6386719
vt 0.59033203 0.69921875
vt 0.5698242 0.69970703
vt 0.49438477 0.578125
vt 0.4970703 0.59472656
vt 0.45654297 0.57714844
vt 0.4663086 0.5654297
vt 0.5576172 0.55615234
vt 0.54003906 0.55029297
vt 0.54345703 0.5292969
vt 0.54003906 0.52441406
vt 0.5048828 0.4946289
vt 0.5126953 0.48339844
vt 0.50683594 0.47827148
vt 0.49438477 0.578125
vt 0.54003906 0.55029297
vt 0.5576172 0.55615234
vt 0.4970703 0.59472656
vt 0.59033203 0.8510742
vt 0.5698242 0.8510742
vt 0.5698242 0.7915039
vt 0.59033203 0.7915039
vt 0.59033203 0.7553711
vt 0.59033203 0.7915039
vt 0.5698242 0.7915039
vt 0.5698242 0.7553711
vt 0.54003906 0.55029297
vt 0.49438477 0.578125
vt 0.4765625 0.5185547
vt 0.5048828 0.4946289
vt 0.4663086 0.5654297
vt 0.46777344 0.54296875
vt 0.50683594 0.47827148
vt 0.5048828 0.4946289
vt 0.4765625 0.5185547
vt 0.46655273 0.51171875
vt 0.59033203 0.72802734
vt 0.59033203 0.7553711
vt 0.5698242 0.7553711
vt 0.5698242 0.7285156
vt 0.59033203 0.69921875
vt 0.5698242 0.69970703
vt 0.4663086 0.5654297
vt 0.45654297 0.57714844
vt 0.4560547 0.5439453
vt 0.46777344 0.54296875
vt 0.46655273 0.51171875
vt 0.4765625 0.5185547
vt 0.8413086 0.70214844
vt 0.8144531 0.7011719
vt 0.8491211 0.7109375
vt 0.81347656 0.71484375
vt 0.8144531 0.72802734
vt 0.8300781 0.7324219
vt 0.8286133 0.6801758
vt 0.8359375 0.65283203
vt 0.8286133 0.6660156
vt 0.22583008 0.34448242
vt 0.22937012 0.35058594
vt 0.22033691 0.3486328
vt 0.21801758 0.34448242
vt 0.22033691 0.37182617
vt 0.21582031 0.3647461
vt 0.21582031 0.3647461
vt 0.22033691 0.37182617
vt 0.20019531 0.37426758
vt 0.20874023 0.36791992
vt 0.22583008 0.21264648
vt 0.21801758 0.21569824
vt 0.2130127 0.2133789
vt 0.21289062 0.20483398
vt 0.2130127 0.2133789
vt 0.20861816 0.21569824
vt 0.20019531 0.21289062
vt 0.21801758 0.34448242
vt 0.21801758 0.21569824
vt 0.22583008 0.21264648
vt 0.22583008 0.34448242
vt 0.20874023 0.36791992
vt 0.21801758 0.34448242
vt 0.22033691 0.3486328
vt 0.21582031 0.3647461
vt 0.21801758 0.21569824
vt 0.20861816 0.21569824
vt 0.2130127 0.2133789
vt 0.20019531 0.21289062
vt 0.20861816 0.21569824
vt 0.20874023 0.36791992
vt 0.20019531 0.37426758
vt 0.19433594 0.053894043
vt 0.15881348 0.079589844
vt 0.14978027 0.07537842
vt 0.20324707 0.03982544
vt 0.15881348 0.18981934
vt 0.16308594 0.19946289
vt 0.14978027 0.19677734
vt 0.15881348 0.079589844
vt 0.15881348 0.18981934
vt 0.14978027 0.19677734
vt 0.14978027 0.07537842
vt 0.14978027 0.19677734
vt 0.12841797 0.19677734
vt 0.12841797 0.07537842
vt 0.14978027 0.07537842
vt 0.19238281 0.015670776
vt 0.20324707 0.03982544
vt 0.14978027 0.07537842
vt 0.13879395 0.058502197
vt 0.20324707 0.16333008
vt 0.20324707 0.03982544
vt 0.22070312 0.03982544
vt 0.22070312 0.16320801
vt 0.15881348 0.18981934
vt 0.15881348 0.079589844
vt 0.19433594 0.053894043
vt 0.19433594 0.15942383
vt 0.20324707 0.16333008
vt 0.19433594 0.15942383
vt 0.19433594 0.053894043
vt 0.20324707 0.03982544
vt 0.12841797 0.20861816
vt 0.12841797 0.19677734
vt 0.14978027 0.19677734
vt 0.14978027 0.20861816
vt 0.16308594 0.19946289
vt 0.15881348 0.18981934
vt 0.19433594 0.15942383
vt 0.20324707 0.16333008
vt 0.16308594 0.19946289
vt 0.20324707 0.16333008
vt 0.21569824 0.17749023
vt 0.17553711 0.21362305
vt 0.51660156 0.3395996
vt 0.5283203 0.328125
vt 0.5371094 0.33520508
vt 0.5263672 0.34179688
vt 0.5371094 0.3046875
vt 0.54345703 0.31274414
vt 0.54345703 0.31274414
vt 0.5371094 0.3046875
vt 0.56103516 0.2956543
vt 0.55908203 0.30517578
vt 0.5805664 0.3166504
vt 0.5708008 0.31860352
vt 0.55908203 0.30517578
vt 0.56103516 0.2956543
vt 0.5756836 0.38232422
vt 0.5805664 0.39013672
vt 0.56347656 0.390625
vt 0.5678711 0.38256836
vt 0.5258789 0.34521484
vt 0.5678711 0.38256836
vt 0.56347656 0.390625
vt 0.5161133 0.34887695
vt 0.54296875 0.84277344
vt 0.54296875 0.8261719
vt 0.55078125 0.8261719
vt 0.55078125 0.84277344
vt 0.54296875 0.86865234
vt 0.55078125 0.86865234
vt 0.54296875 0.89453125
vt 0.54296875 0.86865234
vt 0.55078125 0.86865234
vt 0.55078125 0.89501953
vt 0.54296875 0.8261719
vt 0.54296875 0.81884766
vt 0.55078125 0.81884766
vt 0.55078125 0.8261719
vt 0.55078125 0.89501953
vt 0.55078125 0.921875
vt 0.54296875 0.9213867
vt 0.54296875 0.89453125
vt 0.54296875 0.9921875
vt 0.54296875 0.9760742
vt 0.55078125 0.97753906
vt 0.55078125 0.9921875
vt 0.5810547 0.3642578
vt 0.5708008 0.36523438
vt 0.5708008 0.31860352
vt 0.5805664 0.3166504
vt 0.55078125 0.9667969
vt 0.54296875 0.96533203
vt 0.54296875 0.9213867
vt 0.55078125 0.921875
vt 0.5854492 0.37548828
vt 0.57666016 0.37451172
vt 0.5708008 0.36523438
vt 0.5810547 0.3642578
vt 0.55078125 0.97753906
vt 0.54296875 0.9760742
vt 0.54296875 0.96533203
vt 0.55078125 0.9667969
vt 0.5263672 0.34179688
vt 0.5708008 0.36523438
vt 0.5678711 0.38256836
vt 0.5258789 0.34521484
vt 0.5371094 0.33520508
vt 0.5708008 0.31860352
vt 0.54345703 0.31274414
vt 0.55908203 0.30517578
vt 0.5756836 0.38232422
vt 0.5708008 0.36523438
vt 0.57666016 0.37451172
vt 0.5805664 0.39013672
vt 0.5756836 0.38232422
vt 0.57666016 0.37451172
vt 0.5854492 0.37548828
vt 0.5263672 0.34179688
vt 0.5258789 0.34521484
vt 0.5161133 0.34887695
vt 0.51660156 0.3395996
vt 0.54296875 0.81884766
vt 0.54296875 0.7578125
vt 0.55078125 0.7578125
vt 0.55078125 0.81884766
vt 0.54296875 0.7578125
vt 0.54296875 0.7416992
vt 0.55078125 0.7416992
vt 0.55078125 0.7578125
vt 0.071777344 0.15075684
vt 0.0637207 0.15576172
vt 0.08483887 0.1706543
vt 0.08477783 0.15942383
vt 0.0637207 0.08929443
vt 0.071777344 0.09674072
vt 0.097717285 0.09674072
vt 0.10571289 0.08929443
vt 0.071777344 0.15075684
vt 0.071777344 0.09674072
vt 0.0637207 0.08929443
vt 0.0637207 0.15576172
vt 0.0637207 0.08929443
vt 0.050231934 0.08929443
vt 0.050231934 0.15576172
vt 0.0637207 0.15576172
vt 0.0637207 0.18164062
vt 0.0637207 0.15576172
vt 0.050231934 0.15576172
vt 0.050231934 0.18164062
vt 0.071777344 0.09674072
vt 0.071777344 0.15075684
vt 0.097717285 0.15075684
vt 0.097717285 0.09674072
vt 0.08477783 0.15942383
vt 0.10571289 0.08929443
vt 0.097717285 0.09674072
vt 0.097717285 0.15075684
vt 0.10571289 0.15551758
vt 0.0637207 0.19921875
vt 0.0637207 0.18164062
vt 0.050231934 0.18164062
vt 0.050231934 0.19921875
vt 0.08477783 0.15942383
vt 0.08483887 0.1706543
vt 0.10571289 0.15551758
vt 0.097717285 0.15075684
vt 0.5185547 0.14550781
vt 0.51416016 0.13928223
vt 0.52246094 0.13928223
vt 0.5283203 0.14550781
vt 0.51416016 0.13928223
vt 0.51416016 0.01259613
vt 0.52246094 0.017501831
vt 0.52246094 0.017501831
vt 0.51416016 0.01259613
vt 0.55029297 0.01259613
vt 0.54296875 0.017501831
vt 0.5283203 0.26708984
vt 0.5239258 0.2775879
vt 0.5185547 0.27246094
vt 0.5283203 0.14550781
vt 0.5283203 0.26708984
vt 0.5185547 0.27246094
vt 0.5185547 0.14550781
vt 0.59033203 0.01259613
vt 0.59033203 0.26367188
vt 0.55029297 0.26367188
vt 0.55029297 0.01259613
vt 0.54296875 0.017501831
vt 0.54296875 0.26000977
vt 0.5283203 0.26708984
vt 0.5283203 0.14550781
vt 0.52246094 0.13928223
vt 0.52246094 0.017501831
vt 0.55029297 0.26367188
vt 0.54296875 0.26000977
vt 0.54296875 0.017501831
vt 0.55029297 0.01259613
vt 0.54296875 0.26000977
vt 0.55029297 0.26367188
vt 0.5239258 0.2775879
vt 0.5283203 0.26708984
vt 0.59033203 0.2758789
vt 0.55029297 0.2758789
vt 0.55029297 0.26367188
vt 0.59033203 0.26367188
vt 0.6894531 0.8330078
vt 0.6767578 0.8232422
vt 0.70166016 0.8232422
vt 0.6767578 0.77783203
vt 0.7553711 0.7675781
vt 0.7680664 0.76660156
vt 0.75390625 0.78222656
vt 0.7680664 0.8027344
vt 0.5449219 0.515625
vt 0.54003906 0.52441406
vt 0.5126953 0.48339844
vt 0.5258789 0.48535156
vt 0.5698242 0.8754883
vt 0.5698242 0.8510742
vt 0.59033203 0.8510742
vt 0.59033203 0.8754883
vt 0.5698242 0.8754883
vt 0.59033203 0.8754883
vt 0.59033203 0.90185547
vt 0.5698242 0.90185547
vt 0.43676758 0.69384766
vt 0.43676758 0.7597656
vt 0.43139648 0.7597656
vt 0.4104004 0.67285156
vt 0.44580078 0.83496094
vt 0.44262695 0.8071289
vt 0.4650879 0.8071289
vt 0.46044922 0.83496094
vt 0.4338379 0.8178711
vt 0.44189453 0.8408203
vt 0.47094727 0.8178711
vt 0.46240234 0.8408203
vt 0.47094727 0.9550781
vt 0.46240234 0.94873047
vt 0.44189453 0.9604492
vt 0.4338379 0.97216797
vt 0.4338379 0.97216797
vt 0.44189453 0.9604492
vt 0.4555664 0.9604492
vt 0.45825195 0.97216797
vt 0.43652344 0.8071289
vt 0.43652344 0.7890625
vt 0.44262695 0.7890625
vt 0.44262695 0.8071289
vt 0.44262695 0.8071289
vt 0.44262695 0.7890625
vt 0.4650879 0.7890625
vt 0.4650879 0.8071289
vt 0.49194336 0.8076172
vt 0.49194336 0.8178711
vt 0.47094727 0.8178711
vt 0.47094727 0.8076172
vt 0.47094727 0.9550781
vt 0.49194336 0.9550781
vt 0.44189453 0.8408203
vt 0.44580078 0.83496094
vt 0.46044922 0.83496094
vt 0.46240234 0.8408203
vt 0.46240234 0.94873047
vt 0.44189453 0.9604492
vt 0.4555664 0.9604492
vt 0.45825195 0.9902344
vt 0.4338379 0.9902344
vt 0.4338379 0.97216797
vt 0.45825195 0.97216797
vt 0.41259766 0.97216797
vt 0.41259766 0.8178711
vt 0.4338379 0.8178711
vt 0.4338379 0.97216797
vt 0.49194336 0.9550781
vt 0.49194336 0.97216797
vt 0.47094727 0.97216797
vt 0.47094727 0.9550781
vt 0.45825195 0.97216797
vt 0.4555664 0.9604492
vt 0.46240234 0.94873047
vt 0.47094727 0.9550781
vt 0.49194336 0.9550781
vt 0.49194336 0.8178711
vt 0.5234375 0.8178711
vt 0.5234375 0.97216797
vt 0.49194336 0.97216797
vt 0.51708984 0.8076172
vt 0.49194336 0.8076172
vt 0.29418945 0.9916992
vt 0.93896484 0.7373047
vt 0.93896484 0.74316406
vt 0.90625 0.74316406
vt 0.90625 0.7373047
vt 0.91503906 0.74316406
vt 0.91503906 0.7373047
vt 0.91503906 0.7373047
vt 0.91503906 0.74316406
vt 0.93896484 0.74316406
vt 0.93896484 0.7373047
vt 0.93896484 0.7373047
vt 0.93896484 0.74316406
vt 0.9628906 0.74316406
vt 0.9628906 0.7373047
vt 0.9628906 0.7373047
vt 0.9628906 0.74316406
vt 0.9716797 0.74316406
vt 0.9716797 0.7373047
vt 0.93896484 0.74316406
vt 0.93896484 0.7373047
vt 0.90625 0.78759766
vt 0.89453125 0.80810547
vt 0.91796875 0.80810547
vt 0.8828125 0.78759766
vt 0.87109375 0.80810547
vt 0.8828125 0.78759766
vt 0.90625 0.78759766
vt 0.93603516 0.8071289
vt 0.99121094 0.8071289
vt 0.98876953 0.7988281
vt 0.93896484 0.7988281
vt 0.93603516 0.8071289
vt 0.93896484 0.7988281
vt 0.98876953 0.7988281
vt 0.99121094 0.8071289
vt 0.93896484 0.74316406
vt 0.93896484 0.7705078
vt 0.9453125 0.7651367
vt 0.9628906 0.7651367
vt 0.9628906 0.74316406
vt 0.9716797 0.7651367
vt 0.9716797 0.74316406
vt 0.93310547 0.7651367
vt 0.93896484 0.7705078
vt 0.93896484 0.74316406
vt 0.91503906 0.74316406
vt 0.91503906 0.7651367
vt 0.90625 0.74316406
vt 0.90625 0.7651367
vt 0.93896484 0.74316406
vt 0.93896484 0.7705078
vt 0.93310547 0.7651367
vt 0.90625 0.7651367
vt 0.90625 0.74316406
vt 0.9453125 0.7651367
vt 0.93896484 0.7705078
vt 0.93896484 0.74316406
vt 0.9716797 0.74316406
vt 0.9716797 0.7651367
vt 0.98876953 0.7988281
vt 0.97753906 0.78125
vt 0.94970703 0.78125
vt 0.93896484 0.7988281
vt 0.93896484 0.7988281
vt 0.94970703 0.78125
vt 0.97753906 0.78125
vt 0.98876953 0.7988281
vt 0.93896484 0.7373047
vt 0.93896484 0.74316406
vt 0.90625 0.74316406
vt 0.90625 0.7373047
vt 0.91503906 0.74316406
vt 0.91503906 0.7373047
vt 0.91503906 0.7373047
vt 0.91503906 0.74316406
vt 0.93896484 0.74316406
vt 0.93896484 0.7373047
vt 0.93896484 0.7373047
vt 0.93896484 0.74316406
vt 0.9628906 0.74316406
vt 0.9628906 0.7373047
vt 0.9628906 0.7373047
vt 0.9628906 0.74316406
vt 0.9716797 0.74316406
vt 0.9716797 0.7373047
vt 0.93896484 0.74316406
vt 0.93896484 0.7373047
vt 0.90625 0.78759766
vt 0.89453125 0.80810547
vt 0.91796875 0.80810547
vt 0.8828125 0.78759766
vt 0.87109375 0.80810547
vt 0.8828125 0.78759766
vt 0.90625 0.78759766
vt 0.93603516 0.8071289
vt 0.99121094 0.8071289
vt 0.98876953 0.7988281
vt 0.93896484 0.7988281
vt 0.93603516 0.8071289
vt 0.93896484 0.7988281
vt 0.98876953 0.7988281
vt 0.99121094 0.8071289
vt 0.93896484 0.74316406
vt 0.93896484 0.7705078
vt 0.9453125 0.7651367
vt 0.9628906 0.7651367
vt 0.9628906 0.74316406
vt 0.9716797 0.7651367
vt 0.9716797 0.74316406
vt 0.93310547 0.7651367
vt 0.93896484 0.7705078
vt 0.93896484 0.74316406
vt 0.91503906 0.74316406
vt 0.91503906 0.7651367
vt 0.90625 0.74316406
vt 0.90625 0.7651367
vt 0.93896484 0.74316406
vt 0.93896484 0.7705078
vt 0.93310547 0.7651367
vt 0.90625 0.7651367
vt 0.90625 0.74316406
vt 0.9453125 0.7651367
vt 0.93896484 0.7705078
vt 0.93896484 0.74316406
vt 0.9716797 0.74316406
vt 0.9716797 0.7651367
vt 0.98876953 0.7988281
vt 0.97753906 0.78125
vt 0.94970703 0.78125
vt 0.93896484 0.7988281
vt 0.93896484 0.7988281
vt 0.94970703 0.78125
vt 0.97753906 0.78125
vt 0.98876953 0.7988281
vt 0.93896484 0.7373047
vt 0.93896484 0.74316406
vt 0.90625 0.74316406
vt 0.90625 0.7373047
vt 0.91503906 0.74316406
vt 0.91503906 0.7373047
vt 0.91503906 0.7373047
vt 0.91503906 0.74316406
vt 0.93896484 0.74316406
vt 0.93896484 0.7373047
vt 0.93896484 0.7373047
vt 0.93896484 0.74316406
vt 0.9628906 0.74316406
vt 0.9628906 0.7373047
vt 0.9628906 0.7373047
vt 0.9628906 0.74316406
vt 0.9716797 0.74316406
vt 0.9716797 0.7373047
vt 0.93896484 0.74316406
vt 0.93896484 0.7373047
vt 0.90625 0.78759766
vt 0.89453125 0.80810547
vt 0.91796875 0.80810547
vt 0.8828125 0.78759766
vt 0.87109375 0.80810547
vt 0.8828125 0.78759766
vt 0.90625 0.78759766
vt 0.93603516 0.8071289
vt 0.99121094 0.8071289
vt 0.98876953 0.7988281
vt 0.93896484 0.7988281
vt 0.93603516 0.8071289
vt 0.93896484 0.7988281
vt 0.98876953 0.7988281
vt 0.99121094 0.8071289
vt 0.93896484 0.74316406
vt 0.93896484 0.7705078
vt 0.9453125 0.7651367
vt 0.9628906 0.7651367
vt 0.9628906 0.74316406
vt 0.9716797 0.7651367
vt 0.9716797 0.74316406
vt 0.93310547 0.7651367
vt 0.93896484 0.7705078
vt 0.93896484 0.74316406
vt 0.91503906 0.74316406
vt 0.91503906 0.7651367
vt 0.90625 0.74316406
vt 0.90625 0.7651367
vt 0.93896484 0.74316406
vt 0.93896484 0.7705078
vt 0.93310547 0.7651367
vt 0.90625 0.7651367
vt 0.90625 0.74316406
vt 0.9453125 0.7651367
vt 0.93896484 0.7705078
vt 0.93896484 0.74316406
vt 0.9716797 0.74316406
vt 0.9716797 0.7651367
vt 0.98876953 0.7988281
vt 0.97753906 0.78125
vt 0.94970703 0.78125
vt 0.93896484 0.7988281
vt 0.93896484 0.7988281
vt 0.94970703 0.78125
vt 0.97753906 0.78125
vt 0.98876953 0.7988281
vt 0.93896484 0.7373047
vt 0.93896484 0.74316406
vt 0.90625 0.74316406
vt 0.90625 0.7373047
vt 0.91503906 0.74316406
vt 0.91503906 0.7373047
vt 0.91503906 0.7373047
vt 0.91503906 0.74316406
vt 0.93896484 0.74316406
vt 0.93896484 0.7373047
vt 0.93896484 0.7373047
vt 0.93896484 0.74316406
vt 0.9628906 0.74316406
vt 0.9628906 0.7373047
vt 0.9628906 0.7373047
vt 0.9628906 0.74316406
vt 0.9716797 0.74316406
vt 0.9716797 0.7373047
vt 0.93896484 0.74316406
vt 0.93896484 0.7373047
vt 0.90625 0.78759766
vt 0.89453125 0.80810547
vt 0.91796875 0.80810547
vt 0.8828125 0.78759766
vt 0.87109375 0.80810547
vt 0.8828125 0.78759766
vt 0.90625 0.78759766
vt 0.93603516 0.8071289
vt 0.99121094 0.8071289
vt 0.98876953 0.7988281
vt 0.93896484 0.7988281
vt 0.93603516 0.8071289
vt 0.93896484 0.7988281
vt 0.98876953 0.7988281
vt 0.99121094 0.8071289
vt 0.93896484 0.74316406
vt 0.93896484 0.7705078
vt 0.9453125 0.7651367
vt 0.9628906 0.7651367
vt 0.9628906 0.74316406
vt 0.9716797 0.7651367
vt 0.9716797 0.74316406
vt 0.93310547 0.7651367
vt 0.93896484 0.7705078
vt 0.93896484 0.74316406
vt 0.91503906 0.74316406
vt 0.91503906 0.7651367
vt 0.90625 0.74316406
vt 0.90625 0.7651367
vt 0.93896484 0.74316406
vt 0.93896484 0.7705078
vt 0.93310547 0.7651367
vt 0.90625 0.7651367
vt 0.90625 0.74316406
vt 0.9453125 0.7651367
vt 0.93896484 0.7705078
vt 0.93896484 0.74316406
vt 0.9716797 0.74316406
vt 0.9716797 0.7651367
vt 0.98876953 0.7988281
vt 0.97753906 0.78125
vt 0.94970703 0.78125
vt 0.93896484 0.7988281
vt 0.93896484 0.7988281
vt 0.94970703 0.78125
vt 0.97753906 0.78125
vt 0.98876953 0.7988281
vt 0.93896484 0.7373047
vt 0.93896484 0.74316406
vt 0.90625 0.74316406
vt 0.90625 0.7373047
vt 0.91503906 0.74316406
vt 0.91503906 0.7373047
vt 0.91503906 0.7373047
vt 0.91503906 0.74316406
vt 0.93896484 0.74316406
vt 0.93896484 0.7373047
vt 0.93896484 0.7373047
vt 0.93896484 0.74316406
vt 0.9628906 0.74316406
vt 0.9628906 0.7373047
vt 0.9628906 0.7373047
vt 0.9628906 0.74316406
vt 0.9716797 0.74316406
vt 0.9716797 0.7373047
vt 0.93896484 0.74316406
vt 0.93896484 0.7373047
vt 0.90625 0.78759766
vt 0.89453125 0.80810547
vt 0.91796875 0.80810547
vt 0.8828125 0.78759766
vt 0.87109375 0.80810547
vt 0.8828125 0.78759766
vt 0.90625 0.78759766
vt 0.93603516 0.8071289
vt 0.99121094 0.8071289
vt 0.98876953 0.7988281
vt 0.93896484 0.7988281
vt 0.93603516 0.8071289
vt 0.93896484 0.7988281
vt 0.98876953 0.7988281
vt 0.99121094 0.8071289
vt 0.93896484 0.74316406
vt 0.93896484 0.7705078
vt 0.9453125 0.7651367
vt 0.9628906 0.7651367
vt 0.9628906 0.74316406
vt 0.9716797 0.7651367
vt 0.9716797 0.74316406
vt 0.93310547 0.7651367
vt 0.93896484 0.7705078
vt 0.93896484 0.74316406
vt 0.91503906 0.74316406
vt 0.91503906 0.7651367
vt 0.90625 0.74316406
vt 0.90625 0.7651367
vt 0.93896484 0.74316406
vt 0.93896484 0.7705078
vt 0.93310547 0.7651367
vt 0.90625 0.7651367
vt 0.90625 0.74316406
vt 0.9453125 0.7651367
vt 0.93896484 0.7705078
vt 0.93896484 0.74316406
vt 0.9716797 0.74316406
vt 0.9716797 0.7651367
vt 0.98876953 0.7988281
vt 0.97753906 0.78125
vt 0.94970703 0.78125
vt 0.93896484 0.7988281
vt 0.93896484 0.7988281
vt 0.94970703 0.78125
vt 0.97753906 0.78125
vt 0.98876953 0.7988281
vt 0.9873047 0.8286133
vt 0.9873047 0.83984375
vt 0.96240234 0.83984375
vt 0.96240234 0.8286133
vt 0.96240234 0.8286133
vt 0.96240234 0.83984375
vt 0.9375 0.8286133
vt 0.9375 0.83984375
vt 0.96240234 0.83984375
vt 0.96240234 0.8286133
vt 0.91308594 0.8286133
vt 0.91308594 0.83984375
vt 0.9375 0.83984375
vt 0.9375 0.8286133
vt 0.8881836 0.8286133
vt 0.8881836 0.83984375
vt 0.91308594 0.83984375
vt 0.91308594 0.8286133
vt 0.91308594 0.8286133
vt 0.91308594 0.83984375
vt 0.9375 0.8286133
vt 0.9375 0.83984375
vt 0.91308594 0.83984375
vt 0.91308594 0.8286133
vt 0.96240234 0.8286133
vt 0.96240234 0.83984375
vt 0.9375 0.83984375
vt 0.9375 0.8286133
vt 0.9873047 0.83984375
vt 0.9873047 0.9003906
vt 0.96240234 0.9003906
vt 0.96240234 0.83984375
vt 0.96240234 0.83984375
vt 0.96240234 0.9003906
vt 0.9375 0.9003906
vt 0.9375 0.83984375
vt 0.91308594 0.9003906
vt 0.91308594 0.83984375
vt 0.9375 0.83984375
vt 0.96240234 0.9003906
vt 0.9375 0.9003906
vt 0.91308594 0.83984375
vt 0.9375 0.9003906
vt 0.91308594 0.9003906
vt 0.8881836 0.83984375
vt 0.8881836 0.9003906
vt 0.91308594 0.9003906
vt 0.8881836 0.83984375
vt 0.91308594 0.9003906
vt 0.91308594 0.91064453
vt 0.8881836 0.91064453
vt 0.8881836 0.9003906
vt 0.91308594 0.91064453
vt 0.91308594 0.9003906
vt 0.9375 0.9003906
vt 0.9375 0.91064453
vt 0.91308594 0.91064453
vt 0.91308594 0.9003906
vt 0.96240234 0.9003906
vt 0.96240234 0.91064453
vt 0.9375 0.91064453
vt 0.9375 0.9003906
vt 0.9873047 0.9003906
vt 0.9873047 0.91064453
vt 0.96240234 0.91064453
vt 0.96240234 0.9003906
vt 0.96240234 0.9003906
vt 0.96240234 0.91064453
vt 0.9375 0.9003906
vt 0.9375 0.91064453
vt 0.96240234 0.91064453
vt 0.96240234 0.9003906
vt 0.91308594 0.9003906
vt 0.91308594 0.91064453
vt 0.9375 0.91064453
vt 0.9375 0.9003906
vt 0.84814453 0.30126953
vt 0.84814453 0.33813477
vt 0.82958984 0.34594727
vt 0.82958984 0.29345703
vt 0.85546875 0.31958008
vt 0.84814453 0.33813477
vt 0.84814453 0.30126953
vt 0.82958984 0.29345703
vt 0.82958984 0.34594727
vt 0.85546875 0.31958008
vt 0.8535156 0.22424316
vt 0.8535156 0.2841797
vt 0.83203125 0.27539062
vt 0.83203125 0.23303223
vt 0.8232422 0.2541504
vt 0.83203125 0.23303223
vt 0.83203125 0.27539062
vt 0.8232422 0.2541504
vt 0.72265625 0.65771484
vt 0.7416992 0.65771484
vt 0.72802734 0.6713867
vt 0.72802734 0.6713867
vt 0.7416992 0.6767578
vt 0.7416992 0.6767578
vt 0.7553711 0.6713867
vt 0.7416992 0.6767578
vt 0.7607422 0.65771484
vt 0.7553711 0.6713867
vt 0.7416992 0.6767578
vt 0.75634766 0.70410156
vt 0.7421875 0.6899414
vt 0.7421875 0.70996094
vt 0.76171875 0.6899414
vt 0.75634766 0.70410156
vt 0.7421875 0.70996094
vt 0.7421875 0.70996094
vt 0.72802734 0.70410156
vt 0.72216797 0.6899414
vt 0.72802734 0.70410156
vt 0.7421875 0.70996094
vt 0.9848633 0.92871094
vt 0.9848633 0.98291016
vt 0.9609375 0.98291016
vt 0.9609375 0.92871094
vt 0.9609375 0.92871094
vt 0.9609375 0.98291016
vt 0.9379883 0.92871094
vt 0.9379883 0.98291016
vt 0.9609375 0.98291016
vt 0.9609375 0.92871094
vt 0.91308594 0.92871094
vt 0.91308594 0.98291016
vt 0.9379883 0.98291016
vt 0.9379883 0.92871094
vt 0.88964844 0.92871094
vt 0.88964844 0.98291016
vt 0.91308594 0.98291016
vt 0.91308594 0.92871094
vt 0.91308594 0.92871094
vt 0.91308594 0.98291016
vt 0.9379883 0.92871094
vt 0.9379883 0.98291016
vt 0.91308594 0.98291016
vt 0.91308594 0.92871094
vt 0.9609375 0.92871094
vt 0.9609375 0.98291016
vt 0.9379883 0.98291016
vt 0.9379883 0.92871094
vt 0.8491211 0.74853516
vt 0.8535156 0.75683594
vt 0.8417969 0.7529297
vt 0.79833984 0.75683594
vt 0.80322266 0.74853516
vt 0.8100586 0.7529297
vt 0.80322266 0.74853516
vt 0.79833984 0.75683594
vt 0.8100586 0.7529297
vt 0.8535156 0.75683594
vt 0.8491211 0.74853516
vt 0.8417969 0.7529297
vt 0.80322266 0.74853516
vt 0.79833984 0.75683594
vt 0.8100586 0.7529297
vt 0.8491211 0.74853516
vt 0.8261719 0.74853516
vt 0.8261719 0.7529297
vt 0.8417969 0.7529297
vt 0.8261719 0.7529297
vt 0.8261719 0.74853516
vt 0.8417969 0.7529297
vt 0.79833984 0.75683594
vt 0.80322266 0.74853516
vt 0.8100586 0.7529297
vt 0.94384766 0.7236328
vt 0.94384766 0.7001953
vt 0.93603516 0.7138672
vt 0.9199219 0.7001953
vt 0.9199219 0.7138672
vt 0.94384766 0.7001953
vt 0.95166016 0.7138672
vt 0.94384766 0.7236328
vt 0.96777344 0.7138672
vt 0.96777344 0.7001953
vt 0.8964844 0.7001953
vt 0.8964844 0.72314453
vt 0.9042969 0.7138672
vt 0.9042969 0.7138672
vt 0.9199219 0.7001953
vt 0.9199219 0.7138672
vt 0.9199219 0.7138672
vt 0.9199219 0.7001953
vt 0.93603516 0.7138672
vt 0.94384766 0.7001953
vt 0.94384766 0.7236328
vt 0.96777344 0.7001953
vt 0.95166016 0.7138672
vt 0.96777344 0.7138672
vt 0.94384766 0.7236328
vt 0.94384766 0.7001953
vt 0.9199219 0.7138672
vt 0.9199219 0.7001953
vt 0.98339844 0.7138672
vt 0.99121094 0.7001953
vt 0.99121094 0.72314453
vt 0.98339844 0.7138672
vt 0.96777344 0.7001953
vt 0.96777344 0.7138672
vt 0.96777344 0.7138672
vt 0.96777344 0.7001953
vt 0.9609375 0.98291016
vt 0.9609375 0.99072266
vt 0.9379883 0.99072266
vt 0.9379883 0.98291016
vt 0.9848633 0.98291016
vt 0.9848633 0.99072266
vt 0.91308594 0.99072266
vt 0.91308594 0.98291016
vt 0.88964844 0.99072266
vt 0.88964844 0.98291016
vt 0.88964844 0.99072266
vt 0.91308594 0.99072266
vt 0.91308594 0.98291016
vt 0.9379883 0.99072266
vt 0.9379883 0.98291016
vt 0.9609375 0.99072266
vt 0.9609375 0.98291016
vt 0.9848633 0.99072266
vt 0.9848633 0.98291016
vt 0.8491211 0.74853516
vt 0.8535156 0.75683594
vt 0.8417969 0.7529297
vt 0.8535156 0.75683594
vt 0.8491211 0.74853516
vt 0.8417969 0.7529297
vt 0.80322266 0.74853516
vt 0.8261719 0.74853516
vt 0.8261719 0.7529297
vt 0.8100586 0.7529297
vt 0.8261719 0.7529297
vt 0.8261719 0.74853516
vt 0.8491211 0.74853516
vt 0.8417969 0.7529297
vt 0.80322266 0.74853516
vt 0.8261719 0.74853516
vt 0.8261719 0.7529297
vt 0.8100586 0.7529297
vt 0.8261719 0.7529297
vt 0.8261719 0.74853516
vt 0.8100586 0.7529297
vt 0.8491211 0.74853516
vt 0.8261719 0.74853516
vt 0.8261719 0.7529297
vt 0.8417969 0.7529297
vt 0.8261719 0.7529297
vt 0.8261719 0.74853516
vt 0.80322266 0.74853516
vt 0.8100586 0.7529297
vt 0.93896484 0.7373047
vt 0.93896484 0.74316406
vt 0.90625 0.74316406
vt 0.90625 0.7373047
vt 0.91503906 0.74316406
vt 0.91503906 0.7373047
vt 0.91503906 0.7373047
vt 0.91503906 0.74316406
vt 0.93896484 0.74316406
vt 0.93896484 0.7373047
vt 0.93896484 0.7373047
vt 0.93896484 0.74316406
vt 0.9628906 0.74316406
vt 0.9628906 0.7373047
vt 0.9628906 0.7373047
vt 0.9628906 0.74316406
vt 0.9716797 0.74316406
vt 0.9716797 0.7373047
vt 0.93896484 0.74316406
vt 0.93896484 0.7373047
vt 0.90625 0.78759766
vt 0.89453125 0.80810547
vt 0.91796875 0.80810547
vt 0.8828125 0.78759766
vt 0.87109375 0.80810547
vt 0.8828125 0.78759766
vt 0.90625 0.78759766
vt 0.93603516 0.8071289
vt 0.99121094 0.8071289
vt 0.98876953 0.7988281
vt 0.93896484 0.7988281
vt 0.93603516 0.8071289
vt 0.93896484 0.7988281
vt 0.98876953 0.7988281
vt 0.99121094 0.8071289
vt 0.93896484 0.74316406
vt 0.93896484 0.7705078
vt 0.9453125 0.7651367
vt 0.9628906 0.7651367
vt 0.9628906 0.74316406
vt 0.9716797 0.7651367
vt 0.9716797 0.74316406
vt 0.93310547 0.7651367
vt 0.93896484 0.7705078
vt 0.93896484 0.74316406
vt 0.91503906 0.74316406
vt 0.91503906 0.7651367
vt 0.90625 0.74316406
vt 0.90625 0.7651367
vt 0.93896484 0.74316406
vt 0.93896484 0.7705078
vt 0.93310547 0.7651367
vt 0.90625 0.7651367
vt 0.90625 0.74316406
vt 0.9453125 0.7651367
vt 0.93896484 0.7705078
vt 0.93896484 0.74316406
vt 0.9716797 0.74316406
vt 0.9716797 0.7651367
vt 0.98876953 0.7988281
vt 0.97753906 0.78125
vt 0.94970703 0.78125
vt 0.93896484 0.7988281
vt 0.93896484 0.7988281
vt 0.94970703 0.78125
vt 0.97753906 0.78125
vt 0.98876953 0.7988281
vt 0.28076172 0.01008606
vt 0.28076172 0.01676941
vt 0.2705078 0.01676941
vt 0.2524414 0.01676941
vt 0.2524414 0.01008606
vt 0.26171875 0.01676941
vt 0.26171875 0.01008606
vt 0.2705078 0.01676941
vt 0.28076172 0.01676941
vt 0.28076172 0.01008606
vt 0.26171875 0.01008606
vt 0.26171875 0.01676941
vt 0.28076172 0.01008606
vt 0.28076172 0.01676941
vt 0.28955078 0.01676941
vt 0.29833984 0.01676941
vt 0.29833984 0.01008606
vt 0.29833984 0.01008606
vt 0.29833984 0.01676941
vt 0.3083496 0.01676941
vt 0.3083496 0.01008606
vt 0.28955078 0.01676941
vt 0.28076172 0.01008606
vt 0.28076172 0.01676941
vt 0.8544922 0.16992188
vt 0.8310547 0.15637207
vt 0.8310547 0.21057129
vt 0.8544922 0.19702148
vt 0.8544922 0.19702148
vt 0.8544922 0.16992188
vt 0.2524414 0.07324219
vt 0.2524414 0.5810547
vt 0.26171875 0.5810547
vt 0.26171875 0.07324219
vt 0.26171875 0.07324219
vt 0.28076172 0.5810547
vt 0.28076172 0.07324219
vt 0.29833984 0.5810547
vt 0.29833984 0.07324219
vt 0.3083496 0.5810547
vt 0.3083496 0.07324219
vt 0.28076172 0.07324219
vt 0.28076172 0.5810547
vt 0.2524414 0.5810547
vt 0.2524414 0.07324219
vt 0.3083496 0.07324219
vt 0.3083496 0.5810547
vt 0.2524414 0.038848877
vt 0.2524414 0.07324219
vt 0.26171875 0.07324219
vt 0.26171875 0.038848877
vt 0.28076172 0.038848877
vt 0.28076172 0.07324219
vt 0.2524414 0.038848877
vt 0.26171875 0.07324219
vt 0.28076172 0.07324219
vt 0.28076172 0.038848877
vt 0.3083496 0.038848877
vt 0.3083496 0.07324219
vt 0.28076172 0.07324219
vt 0.28076172 0.038848877
vt 0.29833984 0.038848877
vt 0.29833984 0.07324219
vt 0.3083496 0.038848877
vt 0.28076172 0.038848877
vt 0.29833984 0.07324219
vt 0.28076172 0.07324219
vt 0.2524414 0.01676941
vt 0.2524414 0.038848877
vt 0.26171875 0.038848877
vt 0.26171875 0.01676941
vt 0.2705078 0.01676941
vt 0.28076172 0.022521973
vt 0.28076172 0.038848877
vt 0.2705078 0.01676941
vt 0.2524414 0.038848877
vt 0.2524414 0.01676941
vt 0.28076172 0.038848877
vt 0.28076172 0.022521973
vt 0.28076172 0.022521973
vt 0.28076172 0.01676941
vt 0.28955078 0.01676941
vt 0.29833984 0.01676941
vt 0.29833984 0.038848877
vt 0.3083496 0.038848877
vt 0.3083496 0.01676941
vt 0.28955078 0.01676941
vt 0.28076172 0.038848877
vt 0.28076172 0.022521973
vt 0.2705078 0.01676941
vt 0.28076172 0.022521973
vt 0.28076172 0.01676941
vt 0.28076172 0.01676941
vt 0.28076172 0.022521973
vt 0.28955078 0.01676941
vt 0.28076172 0.01676941
vt 0.28076172 0.022521973
vt 0.2705078 0.01676941
vt 0.28076172 0.022521973
vt 0.28955078 0.01676941
vt 0.3083496 0.038848877
vt 0.28076172 0.038848877
vt 0.3083496 0.01676941
vt 0.36328125 0.49194336
vt 0.38989258 0.5126953
vt 0.38549805 0.4831543
vt 0.3581543 0.46679688
vt 0.41357422 0.5234375
vt 0.40820312 0.49438477
vt 0.43945312 0.5239258
vt 0.4350586 0.4946289
vt 0.36328125 0.49194336
vt 0.3581543 0.46679688
vt 0.38549805 0.4831543
vt 0.38989258 0.5126953
vt 0.41357422 0.5234375
vt 0.40820312 0.49438477
vt 0.43945312 0.5239258
vt 0.4350586 0.4946289
vt 0.53515625 0.43725586
vt 0.5595703 0.41503906
vt 0.5600586 0.40356445
vt 0.52685547 0.4309082
vt 0.5126953 0.48339844
vt 0.5258789 0.48535156
vt 0.5332031 0.47729492
vt 0.51904297 0.4724121
vt 0.52734375 0.46801758
vt 0.53515625 0.43725586
vt 0.52685547 0.4309082
vt 0.5209961 0.46289062
vt 0.59033203 0.6386719
vt 0.59033203 0.60546875
vt 0.5698242 0.60546875
vt 0.5698242 0.6386719
vt 0.59033203 0.56689453
vt 0.5698242 0.56640625
vt 0.5698242 0.60546875
vt 0.59033203 0.60546875
vt 0.5185547 0.47094727
vt 0.51904297 0.4724121
vt 0.5332031 0.47729492
vt 0.52734375 0.46801758
vt 0.53515625 0.43725586
vt 0.58154297 0.4423828
vt 0.5698242 0.5058594
vt 0.5546875 0.5126953
vt 0.5493164 0.5229492
vt 0.55029297 0.5239258
vt 0.5595703 0.41503906
vt 0.5541992 0.5336914
vt 0.578125 0.5107422
vt 0.5698242 0.5058594
vt 0.55029297 0.5239258
vt 0.59033203 0.9589844
vt 0.5698242 0.9589844
vt 0.5698242 0.9941406
vt 0.59033203 0.9941406
vt 0.5595703 0.41503906
vt 0.58154297 0.4423828
vt 0.5913086 0.43945312
vt 0.5600586 0.40356445
vt 0.5258789 0.48535156
vt 0.5449219 0.515625
vt 0.5546875 0.5126953
vt 0.5332031 0.47729492
vt 0.578125 0.5107422
vt 0.5913086 0.43945312
vt 0.58154297 0.4423828
vt 0.5698242 0.5058594
vt 0.5698242 0.9589844
vt 0.59033203 0.9589844
vt 0.59033203 0.90185547
vt 0.5698242 0.90185547
vt 0.54003906 0.52441406
vt 0.54345703 0.5292969
vt 0.55029297 0.5239258
vt 0.5493164 0.5229492
vt 0.5449219 0.515625
vt 0.54003906 0.52441406
vt 0.5493164 0.5229492
vt 0.5546875 0.5126953
vt 0.51904297 0.4724121
vt 0.5185547 0.47094727
vt 0.50683594 0.47827148
vt 0.5126953 0.48339844
vt 0.5185547 0.47094727
vt 0.52734375 0.46801758
vt 0.5209961 0.46289062
vt 0.5136719 0.4645996
vt 0.59033203 0.6508789
vt 0.59033203 0.6386719
vt 0.5698242 0.6386719
vt 0.59033203 0.69921875
vt 0.5698242 0.69970703
vt 0.49438477 0.578125
vt 0.4663086 0.5654297
vt 0.45654297 0.57714844
vt 0.4970703 0.59472656
vt 0.5576172 0.55615234
vt 0.54345703 0.5292969
vt 0.54003906 0.55029297
vt 0.54003906 0.52441406
vt 0.5048828 0.4946289
vt 0.5126953 0.48339844
vt 0.50683594 0.47827148
vt 0.49438477 0.578125
vt 0.4970703 0.59472656
vt 0.5576172 0.55615234
vt 0.54003906 0.55029297
vt 0.59033203 0.8510742
vt 0.59033203 0.7915039
vt 0.5698242 0.7915039
vt 0.5698242 0.8510742
vt 0.59033203 0.7553711
vt 0.5698242 0.7553711
vt 0.5698242 0.7915039
vt 0.59033203 0.7915039
vt 0.54003906 0.55029297
vt 0.5048828 0.4946289
vt 0.4765625 0.5185547
vt 0.49438477 0.578125
vt 0.4663086 0.5654297
vt 0.46777344 0.54296875
vt 0.50683594 0.47827148
vt 0.46655273 0.51171875
vt 0.4765625 0.5185547
vt 0.5048828 0.4946289
vt 0.59033203 0.72802734
vt 0.5698242 0.7285156
vt 0.5698242 0.7553711
vt 0.59033203 0.7553711
vt 0.59033203 0.69921875
vt 0.5698242 0.69970703
vt 0.4663086 0.5654297
vt 0.46777344 0.54296875
vt 0.4560547 0.5439453
vt 0.45654297 0.57714844
vt 0.46655273 0.51171875
vt 0.4765625 0.5185547
vt 0.8413086 0.70214844
vt 0.8491211 0.7109375
vt 0.8144531 0.7011719
vt 0.81347656 0.71484375
vt 0.8144531 0.72802734
vt 0.8300781 0.7324219
vt 0.8286133 0.6801758
vt 0.8359375 0.65283203
vt 0.8286133 0.6660156
vt 0.5449219 0.515625
vt 0.5258789 0.48535156
vt 0.5126953 0.48339844
vt 0.54003906 0.52441406
vt 0.5698242 0.8754883
vt 0.59033203 0.8754883
vt 0.59033203 0.8510742
vt 0.5698242 0.8510742
vt 0.5698242 0.8754883
vt 0.5698242 0.90185547
vt 0.59033203 0.90185547
vt 0.59033203 0.8754883
vt 0.46533203 0.76660156
vt 0.47509766 0.7285156
vt 0.51660156 0.7363281
vt 0.5263672 0.7836914
vt 0.4873047 0.7026367
vt 0.52197266 0.69970703
vt 0.52685547 0.67626953
vt 0.52197266 0.69970703
vt 0.4831543 0.63378906
vt 0.4753418 0.7006836
vt 0.45483398 0.640625
vt 0.4555664 0.61035156
vt 0.48168945 0.61083984
vt 0.52197266 0.69970703
vt 0.4873047 0.7026367
vt 0.4753418 0.7006836
vt 0.46533203 0.76660156
vt 0.5263672 0.7836914
vt 0.51660156 0.7363281
vt 0.47509766 0.7285156
vt 0.52197266 0.69970703
vt 0.4873047 0.7026367
vt 0.99609375 0.6230469
vt 0.99560547 0.5761719
vt 0.9711914 0.5761719
vt 0.97021484 0.6230469
vt 0.97265625 0.54248047
vt 0.99365234 0.54248047
vt 0.97509766 0.52246094
vt 0.9916992 0.52246094
vt 0.98339844 0.68603516
vt 0.99609375 0.6230469
vt 0.97021484 0.6230469
vt 0.52685547 0.67626953
vt 0.4831543 0.63378906
vt 0.52197266 0.69970703
vt 0.45483398 0.640625
vt 0.4753418 0.7006836
vt 0.4555664 0.61035156
vt 0.48168945 0.61083984
vt 0.98876953 0.45288086
vt 0.98339844 0.43164062
vt 0.97802734 0.45288086
vt 0.4753418 0.7006836
vt 0.4873047 0.7026367
vt 0.52197266 0.69970703
vt 0.98828125 0.47192383
vt 0.98876953 0.45288086
vt 0.97802734 0.45288086
vt 0.9790039 0.47192383
vt 0.9916992 0.52246094
vt 0.98828125 0.47192383
vt 0.9790039 0.47192383
vt 0.97509766 0.52246094
vt 0.21875 0.68115234
vt 0.21875 0.6503906
vt 0.23046875 0.6503906
vt 0.23046875 0.68115234
vt 0.23034668 0.6220703
vt 0.21875 0.60595703
vt 0.21875 0.68115234
vt 0.23034668 0.68115234
vt 0.23034668 0.6503906
vt 0.21875 0.6503906
vt 0.23034668 0.6220703
vt 0.21875 0.60595703
vt 0.23840332 0.68115234
vt 0.23840332 0.6503906
vt 0.23034668 0.6503906
vt 0.23034668 0.68115234
vt 0.23034668 0.6220703
vt 0.23840332 0.6220703
vt 0.23034668 0.6010742
vt 0.23840332 0.6010742
vt 0.23840332 0.6923828
vt 0.23840332 0.68115234
vt 0.23034668 0.68115234
vt 0.23034668 0.6923828
vt 0.21875 0.68115234
vt 0.23046875 0.68115234
vt 0.23046875 0.6503906
vt 0.21875 0.6503906
vt 0.23034668 0.6220703
vt 0.21875 0.60595703
vt 0.21875 0.68115234
vt 0.21875 0.6503906
vt 0.23034668 0.6503906
vt 0.23034668 0.68115234
vt 0.23034668 0.6220703
vt 0.21875 0.60595703
vt 0.23840332 0.68115234
vt 0.23034668 0.68115234
vt 0.23034668 0.6503906
vt 0.23840332 0.6503906
vt 0.23034668 0.6220703
vt 0.23840332 0.6220703
vt 0.23034668 0.6010742
vt 0.23840332 0.6010742
vt 0.23840332 0.6923828
vt 0.23034668 0.6923828
vt 0.23034668 0.68115234
vt 0.23840332 0.68115234
vt 0.46533203 0.76660156
vt 0.47509766 0.7285156
vt 0.51660156 0.7363281
vt 0.5263672 0.7836914
vt 0.4873047 0.7026367
vt 0.52197266 0.69970703
vt 0.52685547 0.67626953
vt 0.52197266 0.69970703
vt 0.4831543 0.63378906
vt 0.4753418 0.7006836
vt 0.45483398 0.640625
vt 0.4555664 0.61035156
vt 0.48168945 0.61083984
vt 0.52197266 0.69970703
vt 0.4873047 0.7026367
vt 0.4753418 0.7006836
vt 0.46533203 0.76660156
vt 0.5263672 0.7836914
vt 0.51660156 0.7363281
vt 0.47509766 0.7285156
vt 0.52197266 0.69970703
vt 0.4873047 0.7026367
vt 0.99609375 0.6230469
vt 0.99560547 0.5761719
vt 0.9711914 0.5761719
vt 0.97021484 0.6230469
vt 0.97265625 0.54248047
vt 0.99365234 0.54248047
vt 0.97509766 0.52246094
vt 0.9916992 0.52246094
vt 0.98339844 0.68603516
vt 0.99609375 0.6230469
vt 0.97021484 0.6230469
vt 0.52685547 0.67626953
vt 0.4831543 0.63378906
vt 0.52197266 0.69970703
vt 0.45483398 0.640625
vt 0.4753418 0.7006836
vt 0.4555664 0.61035156
vt 0.48168945 0.61083984
vt 0.98876953 0.45288086
vt 0.98339844 0.43164062
vt 0.97802734 0.45288086
vt 0.4753418 0.7006836
vt 0.4873047 0.7026367
vt 0.52197266 0.69970703
vt 0.98828125 0.47192383
vt 0.98876953 0.45288086
vt 0.97802734 0.45288086
vt 0.9790039 0.47192383
vt 0.9916992 0.52246094
vt 0.98828125 0.47192383
vt 0.9790039 0.47192383
vt 0.97509766 0.52246094
vt 0.46533203 0.76660156
vt 0.47509766 0.7285156
vt 0.51660156 0.7363281
vt 0.5263672 0.7836914
vt 0.4873047 0.7026367
vt 0.52197266 0.69970703
vt 0.52685547 0.67626953
vt 0.52197266 0.69970703
vt 0.4831543 0.63378906
vt 0.4753418 0.7006836
vt 0.45483398 0.640625
vt 0.4555664 0.61035156
vt 0.48168945 0.61083984
vt 0.52197266 0.69970703
vt 0.4873047 0.7026367
vt 0.4753418 0.7006836
vt 0.46533203 0.76660156
vt 0.5263672 0.7836914
vt 0.51660156 0.7363281
vt 0.47509766 0.7285156
vt 0.52197266 0.69970703
vt 0.4873047 0.7026367
vt 0.99609375 0.6230469
vt 0.99560547 0.5761719
vt 0.9711914 0.5761719
vt 0.97021484 0.6230469
vt 0.97265625 0.54248047
vt 0.99365234 0.54248047
vt 0.97509766 0.52246094
vt 0.9916992 0.52246094
vt 0.98339844 0.68603516
vt 0.99609375 0.6230469
vt 0.97021484 0.6230469
vt 0.52685547 0.67626953
vt 0.4831543 0.63378906
vt 0.52197266 0.69970703
vt 0.45483398 0.640625
vt 0.4753418 0.7006836
vt 0.4555664 0.61035156
vt 0.48168945 0.61083984
vt 0.98876953 0.45288086
vt 0.98339844 0.43164062
vt 0.97802734 0.45288086
vt 0.4753418 0.7006836
vt 0.4873047 0.7026367
vt 0.52197266 0.69970703
vt 0.98828125 0.47192383
vt 0.98876953 0.45288086
vt 0.97802734 0.45288086
vt 0.9790039 0.47192383
vt 0.9916992 0.52246094
vt 0.98828125 0.47192383
vt 0.9790039 0.47192383
vt 0.97509766 0.52246094
vt 0.46533203 0.76660156
vt 0.47509766 0.7285156
vt 0.51660156 0.7363281
vt 0.5263672 0.7836914
vt 0.4873047 0.7026367
vt 0.52197266 0.69970703
vt 0.52685547 0.67626953
vt 0.52197266 0.69970703
vt 0.4831543 0.63378906
vt 0.4753418 0.7006836
vt 0.45483398 0.640625
vt 0.4555664 0.61035156
vt 0.48168945 0.61083984
vt 0.52197266 0.69970703
vt 0.4873047 0.7026367
vt 0.4753418 0.7006836
vt 0.46533203 0.76660156
vt 0.5263672 0.7836914
vt 0.51660156 0.7363281
vt 0.47509766 0.7285156
vt 0.52197266 0.69970703
vt 0.4873047 0.7026367
vt 0.99609375 0.6230469
vt 0.99560547 0.5761719
vt 0.9711914 0.5761719
vt 0.97021484 0.6230469
vt 0.97265625 0.54248047
vt 0.99365234 0.54248047
vt 0.97509766 0.52246094
vt 0.9916992 0.52246094
vt 0.98339844 0.68603516
vt 0.99609375 0.6230469
vt 0.97021484 0.6230469
vt 0.52685547 0.67626953
vt 0.4831543 0.63378906
vt 0.52197266 0.69970703
vt 0.45483398 0.640625
vt 0.4753418 0.7006836
vt 0.4555664 0.61035156
vt 0.48168945 0.61083984
vt 0.98876953 0.45288086
vt 0.98339844 0.43164062
vt 0.97802734 0.45288086
vt 0.4753418 0.7006836
vt 0.4873047 0.7026367
vt 0.52197266 0.69970703
vt 0.98828125 0.47192383
vt 0.98876953 0.45288086
vt 0.97802734 0.45288086
vt 0.9790039 0.47192383
vt 0.9916992 0.52246094
vt 0.98828125 0.47192383
vt 0.9790039 0.47192383
vt 0.97509766 0.52246094
vt 0.46533203 0.76660156
vt 0.47509766 0.7285156
vt 0.51660156 0.7363281
vt 0.5263672 0.7836914
vt 0.4873047 0.7026367
vt 0.52197266 0.69970703
vt 0.52685547 0.67626953
vt 0.52197266 0.69970703
vt 0.4831543 0.63378906
vt 0.4753418 0.7006836
vt 0.45483398 0.640625
vt 0.4555664 0.61035156
vt 0.48168945 0.61083984
vt 0.52197266 0.69970703
vt 0.4873047 0.7026367
vt 0.4753418 0.7006836
vt 0.46533203 0.76660156
vt 0.5263672 0.7836914
vt 0.51660156 0.7363281
vt 0.47509766 0.7285156
vt 0.52197266 0.69970703
vt 0.4873047 0.7026367
vt 0.99609375 0.6230469
vt 0.99560547 0.5761719
vt 0.9711914 0.5761719
vt 0.97021484 0.6230469
vt 0.97265625 0.54248047
vt 0.99365234 0.54248047
vt 0.97509766 0.52246094
vt 0.9916992 0.52246094
vt 0.98339844 0.68603516
vt 0.99609375 0.6230469
vt 0.97021484 0.6230469
vt 0.52685547 0.67626953
vt 0.4831543 0.63378906
vt 0.52197266 0.69970703
vt 0.45483398 0.640625
vt 0.4753418 0.7006836
vt 0.4555664 0.61035156
vt 0.48168945 0.61083984
vt 0.98876953 0.45288086
vt 0.98339844 0.43164062
vt 0.97802734 0.45288086
vt 0.4753418 0.7006836
vt 0.4873047 0.7026367
vt 0.52197266 0.69970703
vt 0.98828125 0.47192383
vt 0.98876953 0.45288086
vt 0.97802734 0.45288086
vt 0.9790039 0.47192383
vt 0.9916992 0.52246094
vt 0.98828125 0.47192383
vt 0.9790039 0.47192383
vt 0.97509766 0.52246094
vt 0.46533203 0.76660156
vt 0.47509766 0.7285156
vt 0.51660156 0.7363281
vt 0.5263672 0.7836914
vt 0.4873047 0.7026367
vt 0.52197266 0.69970703
vt 0.52685547 0.67626953
vt 0.52197266 0.69970703
vt 0.4831543 0.63378906
vt 0.4753418 0.7006836
vt 0.45483398 0.640625
vt 0.4555664 0.61035156
vt 0.48168945 0.61083984
vt 0.52197266 0.69970703
vt 0.4873047 0.7026367
vt 0.4753418 0.7006836
vt 0.46533203 0.76660156
vt 0.5263672 0.7836914
vt 0.51660156 0.7363281
vt 0.47509766 0.7285156
vt 0.52197266 0.69970703
vt 0.4873047 0.7026367
vt 0.99609375 0.6230469
vt 0.99560547 0.5761719
vt 0.9711914 0.5761719
vt 0.97021484 0.6230469
vt 0.97265625 0.54248047
vt 0.99365234 0.54248047
vt 0.97509766 0.52246094
vt 0.9916992 0.52246094
vt 0.98339844 0.68603516
vt 0.99609375 0.6230469
vt 0.97021484 0.6230469
vt 0.52685547 0.67626953
vt 0.4831543 0.63378906
vt 0.52197266 0.69970703
vt 0.45483398 0.640625
vt 0.4753418 0.7006836
vt 0.4555664 0.61035156
vt 0.48168945 0.61083984
vt 0.98876953 0.45288086
vt 0.98339844 0.43164062
vt 0.97802734 0.45288086
vt 0.4753418 0.7006836
vt 0.4873047 0.7026367
vt 0.52197266 0.69970703
vt 0.98828125 0.47192383
vt 0.98876953 0.45288086
vt 0.97802734 0.45288086
vt 0.9790039 0.47192383
vt 0.9916992 0.52246094
vt 0.98828125 0.47192383
vt 0.9790039 0.47192383
vt 0.97509766 0.52246094
vt 0.46533203 0.76660156
vt 0.47509766 0.7285156
vt 0.51660156 0.7363281
vt 0.5263672 0.7836914
vt 0.4873047 0.7026367
vt 0.52197266 0.69970703
vt 0.52685547 0.67626953
vt 0.52197266 0.69970703
vt 0.4831543 0.63378906
vt 0.4753418 0.7006836
vt 0.45483398 0.640625
vt 0.4555664 0.61035156
vt 0.48168945 0.61083984
vt 0.52197266 0.69970703
vt 0.4873047 0.7026367
vt 0.4753418 0.7006836
vt 0.46533203 0.76660156
vt 0.5263672 0.7836914
vt 0.51660156 0.7363281
vt 0.47509766 0.7285156
vt 0.52197266 0.69970703
vt 0.4873047 0.7026367
vt 0.99609375 0.6230469
vt 0.99560547 0.5761719
vt 0.9711914 0.5761719
vt 0.97021484 0.6230469
vt 0.97265625 0.54248047
vt 0.99365234 0.54248047
vt 0.97509766 0.52246094
vt 0.9916992 0.52246094
vt 0.98339844 0.68603516
vt 0.99609375 0.6230469
vt 0.97021484 0.6230469
vt 0.52685547 0.67626953
vt 0.4831543 0.63378906
vt 0.52197266 0.69970703
vt 0.45483398 0.640625
vt 0.4753418 0.7006836
vt 0.4555664 0.61035156
vt 0.48168945 0.61083984
vt 0.98876953 0.45288086
vt 0.98339844 0.43164062
vt 0.97802734 0.45288086
vt 0.4753418 0.7006836
vt 0.4873047 0.7026367
vt 0.52197266 0.69970703
vt 0.98828125 0.47192383
vt 0.98876953 0.45288086
vt 0.97802734 0.45288086
vt 0.9790039 0.47192383
vt 0.9916992 0.52246094
vt 0.98828125 0.47192383
vt 0.9790039 0.47192383
vt 0.97509766 0.52246094
vt 0.46533203 0.76660156
vt 0.47509766 0.7285156
vt 0.51660156 0.7363281
vt 0.5263672 0.7836914
vt 0.4873047 0.7026367
vt 0.52197266 0.69970703
vt 0.52685547 0.67626953
vt 0.52197266 0.69970703
vt 0.4831543 0.63378906
vt 0.4753418 0.7006836
vt 0.45483398 0.640625
vt 0.4555664 0.61035156
vt 0.48168945 0.61083984
vt 0.52197266 0.69970703
vt 0.4873047 0.7026367
vt 0.4753418 0.7006836
vt 0.46533203 0.76660156
vt 0.5263672 0.7836914
vt 0.51660156 0.7363281
vt 0.47509766 0.7285156
vt 0.52197266 0.69970703
vt 0.4873047 0.7026367
vt 0.99609375 0.6230469
vt 0.99560547 0.5761719
vt 0.9711914 0.5761719
vt 0.97021484 0.6230469
vt 0.97265625 0.54248047
vt 0.99365234 0.54248047
vt 0.97509766 0.52246094
vt 0.9916992 0.52246094
vt 0.98339844 0.68603516
vt 0.99609375 0.6230469
vt 0.97021484 0.6230469
vt 0.52685547 0.67626953
vt 0.4831543 0.63378906
vt 0.52197266 0.69970703
vt 0.45483398 0.640625
vt 0.4753418 0.7006836
vt 0.4555664 0.61035156
vt 0.48168945 0.61083984
vt 0.98876953 0.45288086
vt 0.98339844 0.43164062
vt 0.97802734 0.45288086
vt 0.4753418 0.7006836
vt 0.4873047 0.7026367
vt 0.52197266 0.69970703
vt 0.98828125 0.47192383
vt 0.98876953 0.45288086
vt 0.97802734 0.45288086
vt 0.9790039 0.47192383
vt 0.9916992 0.52246094
vt 0.98828125 0.47192383
vt 0.9790039 0.47192383
vt 0.97509766 0.52246094
vt 0.46533203 0.76660156
vt 0.47509766 0.7285156
vt 0.51660156 0.7363281
vt 0.5263672 0.7836914
vt 0.4873047 0.7026367
vt 0.52197266 0.69970703
vt 0.52685547 0.67626953
vt 0.52197266 0.69970703
vt 0.4831543 0.63378906
vt 0.4753418 0.7006836
vt 0.45483398 0.640625
vt 0.4555664 0.61035156
vt 0.48168945 0.61083984
vt 0.52197266 0.69970703
vt 0.4873047 0.7026367
vt 0.4753418 0.7006836
vt 0.46533203 0.76660156
vt 0.5263672 0.7836914
vt 0.51660156 0.7363281
vt 0.47509766 0.7285156
vt 0.52197266 0.69970703
vt 0.4873047 0.7026367
vt 0.99609375 0.6230469
vt 0.99560547 0.5761719
vt 0.9711914 0.5761719
vt 0.97021484 0.6230469
vt 0.97265625 0.54248047
vt 0.99365234 0.54248047
vt 0.97509766 0.52246094
vt 0.9916992 0.52246094
vt 0.98339844 0.68603516
vt 0.99609375 0.6230469
vt 0.97021484 0.6230469
vt 0.52685547 0.67626953
vt 0.4831543 0.63378906
vt 0.52197266 0.69970703
vt 0.45483398 0.640625
vt 0.4753418 0.7006836
vt 0.4555664 0.61035156
vt 0.48168945 0.61083984
vt 0.98876953 0.45288086
vt 0.98339844 0.43164062
vt 0.97802734 0.45288086
vt 0.4753418 0.7006836
vt 0.4873047 0.7026367
vt 0.52197266 0.69970703
vt 0.98828125 0.47192383
vt 0.98876953 0.45288086
vt 0.97802734 0.45288086
vt 0.9790039 0.47192383
vt 0.9916992 0.52246094
vt 0.98828125 0.47192383
vt 0.9790039 0.47192383
vt 0.97509766 0.52246094
vt 0.46533203 0.76660156
vt 0.47509766 0.7285156
vt 0.51660156 0.7363281
vt 0.5263672 0.7836914
vt 0.4873047 0.7026367
vt 0.52197266 0.69970703
vt 0.52685547 0.67626953
vt 0.52197266 0.69970703
vt 0.4831543 0.63378906
vt 0.4753418 0.7006836
vt 0.45483398 0.640625
vt 0.4555664 0.61035156
vt 0.48168945 0.61083984
vt 0.52197266 0.69970703
vt 0.4873047 0.7026367
vt 0.4753418 0.7006836
vt 0.46533203 0.76660156
vt 0.5263672 0.7836914
vt 0.51660156 0.7363281
vt 0.47509766 0.7285156
vt 0.52197266 0.69970703
vt 0.4873047 0.7026367
vt 0.99609375 0.6230469
vt 0.99560547 0.5761719
vt 0.9711914 0.5761719
vt 0.97021484 0.6230469
vt 0.97265625 0.54248047
vt 0.99365234 0.54248047
vt 0.97509766 0.52246094
vt 0.9916992 0.52246094
vt 0.98339844 0.68603516
vt 0.99609375 0.6230469
vt 0.97021484 0.6230469
vt 0.52685547 0.67626953
vt 0.4831543 0.63378906
vt 0.52197266 0.69970703
vt 0.45483398 0.640625
vt 0.4753418 0.7006836
vt 0.4555664 0.61035156
vt 0.48168945 0.61083984
vt 0.98876953 0.45288086
vt 0.98339844 0.43164062
vt 0.97802734 0.45288086
vt 0.4753418 0.7006836
vt 0.4873047 0.7026367
vt 0.52197266 0.69970703
vt 0.98828125 0.47192383
vt 0.98876953 0.45288086
vt 0.97802734 0.45288086
vt 0.9790039 0.47192383
vt 0.9916992 0.52246094
vt 0.98828125 0.47192383
vt 0.9790039 0.47192383
vt 0.97509766 0.52246094
vt 0.21875 0.68115234
vt 0.21875 0.6503906
vt 0.23046875 0.6503906
vt 0.23046875 0.68115234
vt 0.23034668 0.6220703
vt 0.21875 0.60595703
vt 0.21875 0.68115234
vt 0.23034668 0.68115234
vt 0.23034668 0.6503906
vt 0.21875 0.6503906
vt 0.23034668 0.6220703
vt 0.21875 0.60595703
vt 0.23840332 0.68115234
vt 0.23840332 0.6503906
vt 0.23034668 0.6503906
vt 0.23034668 0.68115234
vt 0.23034668 0.6220703
vt 0.23840332 0.6220703
vt 0.23034668 0.6010742
vt 0.23840332 0.6010742
vt 0.23840332 0.6923828
vt 0.23840332 0.68115234
vt 0.23034668 0.68115234
vt 0.23034668 0.6923828
vt 0.21875 0.68115234
vt 0.21875 0.6503906
vt 0.23046875 0.6503906
vt 0.23046875 0.68115234
vt 0.23034668 0.6220703
vt 0.21875 0.60595703
vt 0.21875 0.68115234
vt 0.23034668 0.68115234
vt 0.23034668 0.6503906
vt 0.21875 0.6503906
vt 0.23034668 0.6220703
vt 0.21875 0.60595703
vt 0.23840332 0.68115234
vt 0.23840332 0.6503906
vt 0.23034668 0.6503906
vt 0.23034668 0.68115234
vt 0.23034668 0.6220703
vt 0.23840332 0.6220703
vt 0.23034668 0.6010742
vt 0.23840332 0.6010742
vt 0.23840332 0.6923828
vt 0.23840332 0.68115234
vt 0.23034668 0.68115234
vt 0.23034668 0.6923828
vt 0.21875 0.68115234
vt 0.21875 0.6503906
vt 0.23046875 0.6503906
vt 0.23046875 0.68115234
vt 0.23034668 0.6220703
vt 0.21875 0.60595703
vt 0.21875 0.68115234
vt 0.23034668 0.68115234
vt 0.23034668 0.6503906
vt 0.21875 0.6503906
vt 0.23034668 0.6220703
vt 0.21875 0.60595703
vt 0.23840332 0.68115234
vt 0.23840332 0.6503906
vt 0.23034668 0.6503906
vt 0.23034668 0.68115234
vt 0.23034668 0.6220703
vt 0.23840332 0.6220703
vt 0.23034668 0.6010742
vt 0.23840332 0.6010742
vt 0.23840332 0.6923828
vt 0.23840332 0.68115234
vt 0.23034668 0.68115234
vt 0.23034668 0.6923828
vt 0.21875 0.68115234
vt 0.21875 0.6503906
vt 0.23046875 0.6503906
vt 0.23046875 0.68115234
vt 0.23034668 0.6220703
vt 0.21875 0.60595703
vt 0.21875 0.68115234
vt 0.23034668 0.68115234
vt 0.23034668 0.6503906
vt 0.21875 0.6503906
vt 0.23034668 0.6220703
vt 0.21875 0.60595703
vt 0.23840332 0.68115234
vt 0.23840332 0.6503906
vt 0.23034668 0.6503906
vt 0.23034668 0.68115234
vt 0.23034668 0.6220703
vt 0.23840332 0.6220703
vt 0.23034668 0.6010742
vt 0.23840332 0.6010742
vt 0.23840332 0.6923828
vt 0.23840332 0.68115234
vt 0.23034668 0.68115234
vt 0.23034668 0.6923828
vt 0.21875 0.68115234
vt 0.21875 0.6503906
vt 0.23046875 0.6503906
vt 0.23046875 0.68115234
vt 0.23034668 0.6220703
vt 0.21875 0.60595703
vt 0.21875 0.68115234
vt 0.23034668 0.68115234
vt 0.23034668 0.6503906
vt 0.21875 0.6503906
vt 0.23034668 0.6220703
vt 0.21875 0.60595703
vt 0.23840332 0.68115234
vt 0.23840332 0.6503906
vt 0.23034668 0.6503906
vt 0.23034668 0.68115234
vt 0.23034668 0.6220703
vt 0.23840332 0.6220703
vt 0.23034668 0.6010742
vt 0.23840332 0.6010742
vt 0.23840332 0.6923828
vt 0.23840332 0.68115234
vt 0.23034668 0.68115234
vt 0.23034668 0.6923828
vt 0.21875 0.68115234
vt 0.21875 0.6503906
vt 0.23046875 0.6503906
vt 0.23046875 0.68115234
vt 0.23034668 0.6220703
vt 0.21875 0.60595703
vt 0.21875 0.68115234
vt 0.23034668 0.68115234
vt 0.23034668 0.6503906
vt 0.21875 0.6503906
vt 0.23034668 0.6220703
vt 0.21875 0.60595703
vt 0.23840332 0.68115234
vt 0.23840332 0.6503906
vt 0.23034668 0.6503906
vt 0.23034668 0.68115234
vt 0.23034668 0.6220703
vt 0.23840332 0.6220703
vt 0.23034668 0.6010742
vt 0.23840332 0.6010742
vt 0.23840332 0.6923828
vt 0.23840332 0.68115234
vt 0.23034668 0.68115234
vt 0.23034668 0.6923828
vt 0.46533203 0.76660156
vt 0.47509766 0.7285156
vt 0.51660156 0.7363281
vt 0.5263672 0.7836914
vt 0.4873047 0.7026367
vt 0.52197266 0.69970703
vt 0.52685547 0.67626953
vt 0.52197266 0.69970703
vt 0.4831543 0.63378906
vt 0.4753418 0.7006836
vt 0.45483398 0.640625
vt 0.4555664 0.61035156
vt 0.48168945 0.61083984
vt 0.52197266 0.69970703
vt 0.4873047 0.7026367
vt 0.4753418 0.7006836
vt 0.46533203 0.76660156
vt 0.5263672 0.7836914
vt 0.51660156 0.7363281
vt 0.47509766 0.7285156
vt 0.52197266 0.69970703
vt 0.4873047 0.7026367
vt 0.99609375 0.6230469
vt 0.99560547 0.5761719
vt 0.9711914 0.5761719
vt 0.97021484 0.6230469
vt 0.97265625 0.54248047
vt 0.99365234 0.54248047
vt 0.97509766 0.52246094
vt 0.9916992 0.52246094
vt 0.98339844 0.68603516
vt 0.99609375 0.6230469
vt 0.97021484 0.6230469
vt 0.52685547 0.67626953
vt 0.4831543 0.63378906
vt 0.52197266 0.69970703
vt 0.45483398 0.640625
vt 0.4753418 0.7006836
vt 0.4555664 0.61035156
vt 0.48168945 0.61083984
vt 0.98876953 0.45288086
vt 0.98339844 0.43164062
vt 0.97802734 0.45288086
vt 0.4753418 0.7006836
vt 0.4873047 0.7026367
vt 0.52197266 0.69970703
vt 0.98828125 0.47192383
vt 0.98876953 0.45288086
vt 0.97802734 0.45288086
vt 0.9790039 0.47192383
vt 0.9916992 0.52246094
vt 0.98828125 0.47192383
vt 0.9790039 0.47192383
vt 0.97509766 0.52246094
vt 0.21875 0.68115234
vt 0.21875 0.6503906
vt 0.23046875 0.6503906
vt 0.23046875 0.68115234
vt 0.23034668 0.6220703
vt 0.21875 0.60595703
vt 0.21875 0.68115234
vt 0.23034668 0.68115234
vt 0.23034668 0.6503906
vt 0.21875 0.6503906
vt 0.23034668 0.6220703
vt 0.21875 0.60595703
vt 0.23840332 0.68115234
vt 0.23840332 0.6503906
vt 0.23034668 0.6503906
vt 0.23034668 0.68115234
vt 0.23034668 0.6220703
vt 0.23840332 0.6220703
vt 0.23034668 0.6010742
vt 0.23840332 0.6010742
vt 0.23840332 0.6923828
vt 0.23840332 0.68115234
vt 0.23034668 0.68115234
vt 0.23034668 0.6923828
vt 0.21875 0.68115234
vt 0.21875 0.6503906
vt 0.23046875 0.6503906
vt 0.23046875 0.68115234
vt 0.23034668 0.6220703
vt 0.21875 0.60595703
vt 0.21875 0.68115234
vt 0.23034668 0.68115234
vt 0.23034668 0.6503906
vt 0.21875 0.6503906
vt 0.23034668 0.6220703
vt 0.21875 0.60595703
vt 0.23840332 0.68115234
vt 0.23840332 0.6503906
vt 0.23034668 0.6503906
vt 0.23034668 0.68115234
vt 0.23034668 0.6220703
vt 0.23840332 0.6220703
vt 0.23034668 0.6010742
vt 0.23840332 0.6010742
vt 0.23840332 0.6923828
vt 0.23840332 0.68115234
vt 0.23034668 0.68115234
vt 0.23034668 0.6923828
vt 0.21875 0.68115234
vt 0.23046875 0.68115234
vt 0.23046875 0.6503906
vt 0.21875 0.6503906
vt 0.23034668 0.6220703
vt 0.21875 0.60595703
vt 0.21875 0.68115234
vt 0.21875 0.6503906
vt 0.23034668 0.6503906
vt 0.23034668 0.68115234
vt 0.23034668 0.6220703
vt 0.21875 0.60595703
vt 0.23840332 0.68115234
vt 0.23034668 0.68115234
vt 0.23034668 0.6503906
vt 0.23840332 0.6503906
vt 0.23034668 0.6220703
vt 0.23840332 0.6220703
vt 0.23034668 0.6010742
vt 0.23840332 0.6010742
vt 0.23840332 0.6923828
vt 0.23034668 0.6923828
vt 0.23034668 0.68115234
vt 0.23840332 0.68115234
vt 0.21875 0.68115234
vt 0.23046875 0.68115234
vt 0.23046875 0.6503906
vt 0.21875 0.6503906
vt 0.23034668 0.6220703
vt 0.21875 0.60595703
vt 0.21875 0.68115234
vt 0.21875 0.6503906
vt 0.23034668 0.6503906
vt 0.23034668 0.68115234
vt 0.23034668 0.6220703
vt 0.21875 0.60595703
vt 0.23840332 0.68115234
vt 0.23034668 0.68115234
vt 0.23034668 0.6503906
vt 0.23840332 0.6503906
vt 0.23034668 0.6220703
vt 0.23840332 0.6220703
vt 0.23034668 0.6010742
vt 0.23840332 0.6010742
vt 0.23840332 0.6923828
vt 0.23034668 0.6923828
vt 0.23034668 0.68115234
vt 0.23840332 0.68115234
vt 0.21875 0.68115234
vt 0.23046875 0.68115234
vt 0.23046875 0.6503906
vt 0.21875 0.6503906
vt 0.23034668 0.6220703
vt 0.21875 0.60595703
vt 0.21875 0.68115234
vt 0.21875 0.6503906
vt 0.23034668 0.6503906
vt 0.23034668 0.68115234
vt 0.23034668 0.6220703
vt 0.21875 0.60595703
vt 0.23840332 0.68115234
vt 0.23034668 0.68115234
vt 0.23034668 0.6503906
vt 0.23840332 0.6503906
vt 0.23034668 0.6220703
vt 0.23840332 0.6220703
vt 0.23034668 0.6010742
vt 0.23840332 0.6010742
vt 0.23840332 0.6923828
vt 0.23034668 0.6923828
vt 0.23034668 0.68115234
vt 0.23840332 0.68115234
vt 0.21875 0.68115234
vt 0.23046875 0.68115234
vt 0.23046875 0.6503906
vt 0.21875 0.6503906
vt 0.23034668 0.6220703
vt 0.21875 0.60595703
vt 0.21875 0.68115234
vt 0.21875 0.6503906
vt 0.23034668 0.6503906
vt 0.23034668 0.68115234
vt 0.23034668 0.6220703
vt 0.21875 0.60595703
vt 0.23840332 0.68115234
vt 0.23034668 0.68115234
vt 0.23034668 0.6503906
vt 0.23840332 0.6503906
vt 0.23034668 0.6220703
vt 0.23840332 0.6220703
vt 0.23034668 0.6010742
vt 0.23840332 0.6010742
vt 0.23840332 0.6923828
vt 0.23034668 0.6923828
vt 0.23034668 0.68115234
vt 0.23840332 0.68115234
vt 0.21875 0.68115234
vt 0.23046875 0.68115234
vt 0.23046875 0.6503906
vt 0.21875 0.6503906
vt 0.23034668 0.6220703
vt 0.21875 0.60595703
vt 0.21875 0.68115234
vt 0.21875 0.6503906
vt 0.23034668 0.6503906
vt 0.23034668 0.68115234
vt 0.23034668 0.6220703
vt 0.21875 0.60595703
vt 0.23840332 0.68115234
vt 0.23034668 0.68115234
vt 0.23034668 0.6503906
vt 0.23840332 0.6503906
vt 0.23034668 0.6220703
vt 0.23840332 0.6220703
vt 0.23034668 0.6010742
vt 0.23840332 0.6010742
vt 0.23840332 0.6923828
vt 0.23034668 0.6923828
vt 0.23034668 0.68115234
vt 0.23840332 0.68115234
vt 0.21875 0.68115234
vt 0.23046875 0.68115234
vt 0.23046875 0.6503906
vt 0.21875 0.6503906
vt 0.23034668 0.6220703
vt 0.21875 0.60595703
vt 0.21875 0.68115234
vt 0.21875 0.6503906
vt 0.23034668 0.6503906
vt 0.23034668 0.68115234
vt 0.23034668 0.6220703
vt 0.21875 0.60595703
vt 0.23840332 0.68115234
vt 0.23034668 0.68115234
vt 0.23034668 0.6503906
vt 0.23840332 0.6503906
vt 0.23034668 0.6220703
vt 0.23840332 0.6220703
vt 0.23034668 0.6010742
vt 0.23840332 0.6010742
vt 0.23840332 0.6923828
vt 0.23034668 0.6923828
vt 0.23034668 0.68115234
vt 0.23840332 0.68115234
vt 0.21875 0.68115234
vt 0.23046875 0.68115234
vt 0.23046875 0.6503906
vt 0.21875 0.6503906
vt 0.23034668 0.6220703
vt 0.21875 0.60595703
vt 0.21875 0.68115234
vt 0.21875 0.6503906
vt 0.23034668 0.6503906
vt 0.23034668 0.68115234
vt 0.23034668 0.6220703
vt 0.21875 0.60595703
vt 0.23840332 0.68115234
vt 0.23034668 0.68115234
vt 0.23034668 0.6503906
vt 0.23840332 0.6503906
vt 0.23034668 0.6220703
vt 0.23840332 0.6220703
vt 0.23034668 0.6010742
vt 0.23840332 0.6010742
vt 0.23840332 0.6923828
vt 0.23034668 0.6923828
vt 0.23034668 0.68115234
vt 0.23840332 0.68115234
vt 0.21875 0.68115234
vt 0.23046875 0.68115234
vt 0.23046875 0.6503906
vt 0.21875 0.6503906
vt 0.23034668 0.6220703
vt 0.21875 0.60595703
vt 0.21875 0.68115234
vt 0.21875 0.6503906
vt 0.23034668 0.6503906
vt 0.23034668 0.68115234
vt 0.23034668 0.6220703
vt 0.21875 0.60595703
vt 0.23840332 0.68115234
vt 0.23034668 0.68115234
vt 0.23034668 0.6503906
vt 0.23840332 0.6503906
vt 0.23034668 0.6220703
vt 0.23840332 0.6220703
vt 0.23034668 0.6010742
vt 0.23840332 0.6010742
vt 0.23840332 0.6923828
vt 0.23034668 0.6923828
vt 0.23034668 0.68115234
vt 0.23840332 0.68115234
vt 0.46533203 0.76660156
vt 0.47509766 0.7285156
vt 0.51660156 0.7363281
vt 0.5263672 0.7836914
vt 0.4873047 0.7026367
vt 0.52197266 0.69970703
vt 0.52685547 0.67626953
vt 0.52197266 0.69970703
vt 0.4831543 0.63378906
vt 0.4753418 0.7006836
vt 0.45483398 0.640625
vt 0.4555664 0.61035156
vt 0.48168945 0.61083984
vt 0.52197266 0.69970703
vt 0.4873047 0.7026367
vt 0.4753418 0.7006836
vt 0.46533203 0.76660156
vt 0.5263672 0.7836914
vt 0.51660156 0.7363281
vt 0.47509766 0.7285156
vt 0.52197266 0.69970703
vt 0.4873047 0.7026367
vt 0.99609375 0.6230469
vt 0.99560547 0.5761719
vt 0.9711914 0.5761719
vt 0.97021484 0.6230469
vt 0.97265625 0.54248047
vt 0.99365234 0.54248047
vt 0.97509766 0.52246094
vt 0.9916992 0.52246094
vt 0.98339844 0.68603516
vt 0.99609375 0.6230469
vt 0.97021484 0.6230469
vt 0.52685547 0.67626953
vt 0.4831543 0.63378906
vt 0.52197266 0.69970703
vt 0.45483398 0.640625
vt 0.4753418 0.7006836
vt 0.4555664 0.61035156
vt 0.48168945 0.61083984
vt 0.98876953 0.45288086
vt 0.98339844 0.43164062
vt 0.97802734 0.45288086
vt 0.4753418 0.7006836
vt 0.4873047 0.7026367
vt 0.52197266 0.69970703
vt 0.98828125 0.47192383
vt 0.98876953 0.45288086
vt 0.97802734 0.45288086
vt 0.9790039 0.47192383
vt 0.9916992 0.52246094
vt 0.98828125 0.47192383
vt 0.9790039 0.47192383
vt 0.97509766 0.52246094
vt 0.46533203 0.76660156
vt 0.47509766 0.7285156
vt 0.51660156 0.7363281
vt 0.5263672 0.7836914
vt 0.4873047 0.7026367
vt 0.52197266 0.69970703
vt 0.52685547 0.67626953
vt 0.52197266 0.69970703
vt 0.4831543 0.63378906
vt 0.4753418 0.7006836
vt 0.45483398 0.640625
vt 0.4555664 0.61035156
vt 0.48168945 0.61083984
vt 0.52197266 0.69970703
vt 0.4873047 0.7026367
vt 0.4753418 0.7006836
vt 0.46533203 0.76660156
vt 0.5263672 0.7836914
vt 0.51660156 0.7363281
vt 0.47509766 0.7285156
vt 0.52197266 0.69970703
vt 0.4873047 0.7026367
vt 0.99609375 0.6230469
vt 0.99560547 0.5761719
vt 0.9711914 0.5761719
vt 0.97021484 0.6230469
vt 0.97265625 0.54248047
vt 0.99365234 0.54248047
vt 0.97509766 0.52246094
vt 0.9916992 0.52246094
vt 0.98339844 0.68603516
vt 0.99609375 0.6230469
vt 0.97021484 0.6230469
vt 0.52685547 0.67626953
vt 0.4831543 0.63378906
vt 0.52197266 0.69970703
vt 0.45483398 0.640625
vt 0.4753418 0.7006836
vt 0.4555664 0.61035156
vt 0.48168945 0.61083984
vt 0.98876953 0.45288086
vt 0.98339844 0.43164062
vt 0.97802734 0.45288086
vt 0.4753418 0.7006836
vt 0.4873047 0.7026367
vt 0.52197266 0.69970703
vt 0.98828125 0.47192383
vt 0.98876953 0.45288086
vt 0.97802734 0.45288086
vt 0.9790039 0.47192383
vt 0.9916992 0.52246094
vt 0.98828125 0.47192383
vt 0.9790039 0.47192383
vt 0.97509766 0.52246094
vt 0.46533203 0.76660156
vt 0.47509766 0.7285156
vt 0.51660156 0.7363281
vt 0.5263672 0.7836914
vt 0.4873047 0.7026367
vt 0.52197266 0.69970703
vt 0.52685547 0.67626953
vt 0.52197266 0.69970703
vt 0.4831543 0.63378906
vt 0.4753418 0.7006836
vt 0.45483398 0.640625
vt 0.4555664 0.61035156
vt 0.48168945 0.61083984
vt 0.52197266 0.69970703
vt 0.4873047 0.7026367
vt 0.4753418 0.7006836
vt 0.46533203 0.76660156
vt 0.5263672 0.7836914
vt 0.51660156 0.7363281
vt 0.47509766 0.7285156
vt 0.52197266 0.69970703
vt 0.4873047 0.7026367
vt 0.99609375 0.6230469
vt 0.99560547 0.5761719
vt 0.9711914 0.5761719
vt 0.97021484 0.6230469
vt 0.97265625 0.54248047
vt 0.99365234 0.54248047
vt 0.97509766 0.52246094
vt 0.9916992 0.52246094
vt 0.98339844 0.68603516
vt 0.99609375 0.6230469
vt 0.97021484 0.6230469
vt 0.52685547 0.67626953
vt 0.4831543 0.63378906
vt 0.52197266 0.69970703
vt 0.45483398 0.640625
vt 0.4753418 0.7006836
vt 0.4555664 0.61035156
vt 0.48168945 0.61083984
vt 0.98876953 0.45288086
vt 0.98339844 0.43164062
vt 0.97802734 0.45288086
vt 0.4753418 0.7006836
vt 0.4873047 0.7026367
vt 0.52197266 0.69970703
vt 0.98828125 0.47192383
vt 0.98876953 0.45288086
vt 0.97802734 0.45288086
vt 0.9790039 0.47192383
vt 0.9916992 0.52246094
vt 0.98828125 0.47192383
vt 0.9790039 0.47192383
vt 0.97509766 0.52246094
vt 0.46533203 0.76660156
vt 0.47509766 0.7285156
vt 0.51660156 0.7363281
vt 0.5263672 0.7836914
vt 0.4873047 0.7026367
vt 0.52197266 0.69970703
vt 0.52685547 0.67626953
vt 0.52197266 0.69970703
vt 0.4831543 0.63378906
vt 0.4753418 0.7006836
vt 0.45483398 0.640625
vt 0.4555664 0.61035156
vt 0.48168945 0.61083984
vt 0.52197266 0.69970703
vt 0.4873047 0.7026367
vt 0.4753418 0.7006836
vt 0.46533203 0.76660156
vt 0.5263672 0.7836914
vt 0.51660156 0.7363281
vt 0.47509766 0.7285156
vt 0.52197266 0.69970703
vt 0.4873047 0.7026367
vt 0.99609375 0.6230469
vt 0.99560547 0.5761719
vt 0.9711914 0.5761719
vt 0.97021484 0.6230469
vt 0.97265625 0.54248047
vt 0.99365234 0.54248047
vt 0.97509766 0.52246094
vt 0.9916992 0.52246094
vt 0.98339844 0.68603516
vt 0.99609375 0.6230469
vt 0.97021484 0.6230469
vt 0.52685547 0.67626953
vt 0.4831543 0.63378906
vt 0.52197266 0.69970703
vt 0.45483398 0.640625
vt 0.4753418 0.7006836
vt 0.4555664 0.61035156
vt 0.48168945 0.61083984
vt 0.98876953 0.45288086
vt 0.98339844 0.43164062
vt 0.97802734 0.45288086
vt 0.4753418 0.7006836
vt 0.4873047 0.7026367
vt 0.52197266 0.69970703
vt 0.98828125 0.47192383
vt 0.98876953 0.45288086
vt 0.97802734 0.45288086
vt 0.9790039 0.47192383
vt 0.9916992 0.52246094
vt 0.98828125 0.47192383
vt 0.9790039 0.47192383
vt 0.97509766 0.52246094
vt 0.46533203 0.76660156
vt 0.47509766 0.7285156
vt 0.51660156 0.7363281
vt 0.5263672 0.7836914
vt 0.4873047 0.7026367
vt 0.52197266 0.69970703
vt 0.52685547 0.67626953
vt 0.52197266 0.69970703
vt 0.4831543 0.63378906
vt 0.4753418 0.7006836
vt 0.45483398 0.640625
vt 0.4555664 0.61035156
vt 0.48168945 0.61083984
vt 0.52197266 0.69970703
vt 0.4873047 0.7026367
vt 0.4753418 0.7006836
vt 0.46533203 0.76660156
vt 0.5263672 0.7836914
vt 0.51660156 0.7363281
vt 0.47509766 0.7285156
vt 0.52197266 0.69970703
vt 0.4873047 0.7026367
vt 0.99609375 0.6230469
vt 0.99560547 0.5761719
vt 0.9711914 0.5761719
vt 0.97021484 0.6230469
vt 0.97265625 0.54248047
vt 0.99365234 0.54248047
vt 0.97509766 0.52246094
vt 0.9916992 0.52246094
vt 0.98339844 0.68603516
vt 0.99609375 0.6230469
vt 0.97021484 0.6230469
vt 0.52685547 0.67626953
vt 0.4831543 0.63378906
vt 0.52197266 0.69970703
vt 0.45483398 0.640625
vt 0.4753418 0.7006836
vt 0.4555664 0.61035156
vt 0.48168945 0.61083984
vt 0.98876953 0.45288086
vt 0.98339844 0.43164062
vt 0.97802734 0.45288086
vt 0.4753418 0.7006836
vt 0.4873047 0.7026367
vt 0.52197266 0.69970703
vt 0.98828125 0.47192383
vt 0.98876953 0.45288086
vt 0.97802734 0.45288086
vt 0.9790039 0.47192383
vt 0.9916992 0.52246094
vt 0.98828125 0.47192383
vt 0.9790039 0.47192383
vt 0.97509766 0.52246094
vt 0.46533203 0.76660156
vt 0.47509766 0.7285156
vt 0.51660156 0.7363281
vt 0.5263672 0.7836914
vt 0.4873047 0.7026367
vt 0.52197266 0.69970703
vt 0.52685547 0.67626953
vt 0.52197266 0.69970703
vt 0.4831543 0.63378906
vt 0.4753418 0.7006836
vt 0.45483398 0.640625
vt 0.4555664 0.61035156
vt 0.48168945 0.61083984
vt 0.52197266 0.69970703
vt 0.4873047 0.7026367
vt 0.4753418 0.7006836
vt 0.46533203 0.76660156
vt 0.5263672 0.7836914
vt 0.51660156 0.7363281
vt 0.47509766 0.7285156
vt 0.52197266 0.69970703
vt 0.4873047 0.7026367
vt 0.99609375 0.6230469
vt 0.99560547 0.5761719
vt 0.9711914 0.5761719
vt 0.97021484 0.6230469
vt 0.97265625 0.54248047
vt 0.99365234 0.54248047
vt 0.97509766 0.52246094
vt 0.9916992 0.52246094
vt 0.98339844 0.68603516
vt 0.99609375 0.6230469
vt 0.97021484 0.6230469
vt 0.52685547 0.67626953
vt 0.4831543 0.63378906
vt 0.52197266 0.69970703
vt 0.45483398 0.640625
vt 0.4753418 0.7006836
vt 0.4555664 0.61035156
vt 0.48168945 0.61083984
vt 0.98876953 0.45288086
vt 0.98339844 0.43164062
vt 0.97802734 0.45288086
vt 0.4753418 0.7006836
vt 0.4873047 0.7026367
vt 0.52197266 0.69970703
vt 0.98828125 0.47192383
vt 0.98876953 0.45288086
vt 0.97802734 0.45288086
vt 0.9790039 0.47192383
vt 0.9916992 0.52246094
vt 0.98828125 0.47192383
vt 0.9790039 0.47192383
vt 0.97509766 0.52246094
vt 0.46533203 0.76660156
vt 0.47509766 0.7285156
vt 0.51660156 0.7363281
vt 0.5263672 0.7836914
vt 0.4873047 0.7026367
vt 0.52197266 0.69970703
vt 0.52685547 0.67626953
vt 0.52197266 0.69970703
vt 0.4831543 0.63378906
vt 0.4753418 0.7006836
vt 0.45483398 0.640625
vt 0.4555664 0.61035156
vt 0.48168945 0.61083984
vt 0.52197266 0.69970703
vt 0.4873047 0.7026367
vt 0.4753418 0.7006836
vt 0.46533203 0.76660156
vt 0.5263672 0.7836914
vt 0.51660156 0.7363281
vt 0.47509766 0.7285156
vt 0.52197266 0.69970703
vt 0.4873047 0.7026367
vt 0.99609375 0.6230469
vt 0.99560547 0.5761719
vt 0.9711914 0.5761719
vt 0.97021484 0.6230469
vt 0.97265625 0.54248047
vt 0.99365234 0.54248047
vt 0.97509766 0.52246094
vt 0.9916992 0.52246094
vt 0.98339844 0.68603516
vt 0.99609375 0.6230469
vt 0.97021484 0.6230469
vt 0.52685547 0.67626953
vt 0.4831543 0.63378906
vt 0.52197266 0.69970703
vt 0.45483398 0.640625
vt 0.4753418 0.7006836
vt 0.4555664 0.61035156
vt 0.48168945 0.61083984
vt 0.98876953 0.45288086
vt 0.98339844 0.43164062
vt 0.97802734 0.45288086
vt 0.4753418 0.7006836
vt 0.4873047 0.7026367
vt 0.52197266 0.69970703
vt 0.98828125 0.47192383
vt 0.98876953 0.45288086
vt 0.97802734 0.45288086
vt 0.9790039 0.47192383
vt 0.9916992 0.52246094
vt 0.98828125 0.47192383
vt 0.9790039 0.47192383
vt 0.97509766 0.52246094
vt 0.46543294 0.76675516
vt 0.475048 0.7287087
vt 0.5165382 0.736106
vt 0.5264436 0.7835211
vt 0.48729905 0.7028378
vt 0.5218205 0.699673
vt 0.52681315 0.6762647
vt 0.5218205 0.699673
vt 0.48316342 0.63386416
vt 0.47544917 0.7004443
vt 0.45483324 0.6405343
vt 0.4556492 0.6104573
vt 0.4816249 0.6110573
vt 0.5218205 0.699673
vt 0.48729905 0.7028378
vt 0.47544917 0.7004443
vt 0.46543175 0.76675504
vt 0.5264436 0.78352135
vt 0.5165382 0.736106
vt 0.475048 0.7287087
vt 0.5218205 0.699673
vt 0.48729905 0.7028378
vt 0.995917 0.6228844
vt 0.99539846 0.5761595
vt 0.9709856 0.57609844
vt 0.9702768 0.62281764
vt 0.97272044 0.5424857
vt 0.9938541 0.5425364
vt 0.97496766 0.5223123
vt 0.9916349 0.52235377
vt 0.9834718 0.6861776
vt 0.995917 0.6228844
vt 0.9702768 0.62281764
vt 0.52681315 0.6762647
vt 0.48316342 0.63386416
vt 0.5218205 0.699673
vt 0.45483324 0.64053434
vt 0.47544917 0.7004443
vt 0.4556492 0.6104573
vt 0.4816249 0.6110573
vt 0.988885 0.45290864
vt 0.9835591 0.43158627
vt 0.97815806 0.4528818
vt 0.47544917 0.7004443
vt 0.48729905 0.7028378
vt 0.5218205 0.699673
vt 0.9881051 0.4718902
vt 0.988885 0.45290864
vt 0.97815806 0.4528818
vt 0.9788529 0.47187066
vt 0.9916349 0.52235377
vt 0.9881051 0.4718902
vt 0.9788529 0.47187066
vt 0.97496766 0.5223123
vt 0.21879673 0.6813893
vt 0.21879673 0.650199
vt 0.23045257 0.650199
vt 0.23045257 0.6813893
vt 0.230301 0.6218545
vt 0.21879673 0.6057152
vt 0.21879673 0.6813893
vt 0.230301 0.6813893
vt 0.230301 0.650199
vt 0.21879673 0.650199
vt 0.230301 0.6218545
vt 0.21879673 0.6057152
vt 0.23843607 0.6813893
vt 0.23843607 0.650199
vt 0.230301 0.650199
vt 0.230301 0.6813893
vt 0.230301 0.6218545
vt 0.23843607 0.6218545
vt 0.230301 0.60119754
vt 0.23843607 0.60119754
vt 0.23843607 0.6925163
vt 0.23843607 0.6813893
vt 0.230301 0.6813893
vt 0.230301 0.6925163
vt 0.21879673 0.6813893
vt 0.23045257 0.6813893
vt 0.23045257 0.650199
vt 0.21879673 0.650199
vt 0.230301 0.6218545
vt 0.21879673 0.6057152
vt 0.21879673 0.6813893
vt 0.21879673 0.650199
vt 0.230301 0.650199
vt 0.230301 0.6813893
vt 0.230301 0.6218545
vt 0.21879673 0.6057152
vt 0.23843607 0.6813893
vt 0.230301 0.6813893
vt 0.230301 0.650199
vt 0.23843607 0.650199
vt 0.230301 0.6218545
vt 0.23843607 0.6218545
vt 0.230301 0.60119754
vt 0.23843607 0.60119754
vt 0.23843607 0.6925163
vt 0.230301 0.6925163
vt 0.230301 0.6813893
vt 0.23843607 0.6813893
vt 0.46543294 0.76675516
vt 0.475048 0.7287087
vt 0.5165382 0.736106
vt 0.5264436 0.7835211
vt 0.48729905 0.7028378
vt 0.5218205 0.699673
vt 0.52681315 0.6762647
vt 0.5218205 0.699673
vt 0.48316342 0.63386416
vt 0.47544917 0.7004443
vt 0.45483324 0.6405343
vt 0.4556492 0.6104573
vt 0.4816249 0.6110573
vt 0.5218205 0.699673
vt 0.48729905 0.7028378
vt 0.47544917 0.7004443
vt 0.46543175 0.76675504
vt 0.5264436 0.78352135
vt 0.5165382 0.736106
vt 0.475048 0.7287087
vt 0.5218205 0.699673
vt 0.48729905 0.7028378
vt 0.995917 0.6228844
vt 0.99539846 0.5761595
vt 0.9709856 0.57609844
vt 0.9702768 0.62281764
vt 0.97272044 0.5424857
vt 0.9938541 0.5425364
vt 0.97496766 0.5223123
vt 0.9916349 0.52235377
vt 0.9834718 0.6861776
vt 0.995917 0.6228844
vt 0.9702768 0.62281764
vt 0.52681315 0.6762647
vt 0.48316342 0.63386416
vt 0.5218205 0.699673
vt 0.45483324 0.64053434
vt 0.47544917 0.7004443
vt 0.4556492 0.6104573
vt 0.4816249 0.6110573
vt 0.988885 0.45290864
vt 0.9835591 0.43158627
vt 0.97815806 0.4528818
vt 0.47544917 0.7004443
vt 0.48729905 0.7028378
vt 0.5218205 0.699673
vt 0.9881051 0.4718902
vt 0.988885 0.45290864
vt 0.97815806 0.4528818
vt 0.9788529 0.47187066
vt 0.9916349 0.52235377
vt 0.9881051 0.4718902
vt 0.9788529 0.47187066
vt 0.97496766 0.5223123
vn 0.8773981 0.18980978 -0.4406188
vn 0.88894004 0.04475812 -0.45583147
vn 0.88894004 0.04475811 -0.4558314
vn 0.8877544 0.08294493 -0.45278266
vn 0.8773997 -0.1897984 -0.4406203
vn 0.8877544 -0.08294189 -0.4527833
vn 0.8732433 -0.10919238 -0.4748929
vn 0.8732114 -0.11182584 -0.47433832
vn 0.8728954 -0.0670594 -0.4832769
vn 0.8728954 -0.067059405 -0.4832769
vn 0.8732429 0.10919729 -0.47489244
vn 0.8773981 0.18980978 -0.4406188
vn 0.873211 0.11183095 -0.47433788
vn 0.8728954 0.06706097 -0.4832767
vn 0.8728954 0.06706097 -0.4832767
vn 0.15564713 -0.95778656 0.24169978
vn 0.11409787 -0.9897859 0.08547248
vn 0.053995393 -0.99853885 -0.0021513097
vn 0.05399539 -0.99853885 -0.0021513097
vn 0.45604956 -4.5583027e-07 0.88995445
vn 0.37389672 -9.611185e-07 0.9274704
vn 0.18300422 -0.8719506 0.45410523
vn 0.5735322 3.367861e-07 0.81918305
vn 0.0063756434 -0.9998516 0.016005913
vn 0.15564728 0.95778656 0.24169989
vn 0.18300426 0.87195045 0.45410565
vn 0.11409809 0.9897859 0.085472465
vn 0.053995635 0.99853885 -0.0021513114
vn 0.05399563 0.99853885 -0.0021513114
vn 0.00637556 0.9998516 0.016005892
vn 0.6044603 -0.79472226 0.05517494
vn 0.9294595 -0.3596044 0.08239937
vn 0.9962042 0 0.08704746
vn 0.9962042 0 0.08704745
vn -0.0059152455 -0.99997437 0.0040298975
vn -0.0020601428 -0.9999958 0.002040754
vn -2.3827755e-07 -1 0
vn 0.0013968011 -0.99999905 0.00025703583
vn 0.60446036 0.79472214 0.055174947
vn 0.9294596 0.35960433 0.08239937
vn -0.005915233 0.99997437 0.0040299008
vn -0.002060147 0.9999958 0.0020407557
vn -2.3827769e-07 1 0
vn 0.0013967813 0.99999905 0.0002570358
vn -0 -1 0
vn -2.3827755e-07 -1 0
vn -0 -1 0
vn -0 -1 0
vn -0 -1 0
vn -0 -1 0
vn -0 -1 0
vn -0 -1 0
vn -0 -1 0
vn -0 -1 0
vn -0 -1 0
vn 3.8742755e-07 -1 0
vn -1.2274036e-07 1 0
vn -1.2274035e-07 1 0
vn -0 1 0
vn -0 1 0
vn -0 1 0
vn -0 1 0
vn -0 1 0
vn -0 1 0
vn -2.3827769e-07 1 0
vn -0 0 -1
vn -0 0 -1
vn -0 0 -1
vn -0 0 -1
vn -0 0 -1
vn -0 0 -1
vn 1 0 0
vn 1 0 0
vn 1 0 0
vn 1 0 0
vn 1 0 0
vn 1 0 0
vn 1 0 0
vn 1 0 0
vn 1 0 0
vn 1 0 0
vn 1 0 0
vn 1 0 0
vn 1 0 0
vn 1 0 0
vn 0.9957847 0 -0.0917209
vn 0.9957847 0 -0.0917209
vn 0.9957847 0 -0.0917209
vn 0.9957847 0 -0.0917209
vn 0.9957847 0 -0.0917209
vn 0.9957847 0 -0.0917209
vn -0.715917 0 -0.6981854
vn -0.715917 0 -0.6981854
vn -0.715917 0 -0.6981854
vn -0.715917 0 -0.6981854
vn -0.715917 0 -0.6981854
vn -0.715917 0 -0.6981854
vn 1 0 0
vn 1 0 0
vn 1 0 0
vn 1 0 0
vn 1 0 0
vn 1 0 0
vn -0 0 1
vn -0 0 1
vn -0 0 1
vn -0 0 1
vn -0 0 1
vn -0 0 1
vn 0.0025049252 -0.9999969 -0.00023073383
vn 0.0010491529 -0.9999949 -0.0030407747
vn 0.0010931193 -0.9999951 -0.002955909
vn 0.002563399 -0.99999535 -0.0016824551
vn -0 -1 0
vn -0 -1 0
vn -0 -1 0
vn -0.0006489842 -0.99997985 -0.006318583
vn 1.3060136e-07 -1 0
vn 0.00026534963 -1 0.00028437318
vn -0 -1 -3.6801953e-07
vn 1.3060136e-07 -1 0
vn 1.3060136e-07 -1 0
vn 1.3060136e-07 -1 0
vn -0.99950874 0.0006678007 0.031334266
vn -0.99950874 0.0006678007 0.031334266
vn -0.99950874 0.0006678007 0.031334266
vn -0.99950874 0.0006678007 0.031334266
vn -0.99960905 0.0020349969 0.027887043
vn -0.99960905 0.0020349969 0.027887039
vn -0.99960905 0.0020349969 0.027887037
vn -0.99950874 -0.0006678007 0.031334266
vn -0.99950874 -0.0006678007 0.031334266
vn -0.99960905 -0.0020349955 0.027887024
vn -0.99960905 -0.0020349955 0.02788702
vn -0.99960905 -0.002034996 0.027887026
vn -0 0 -1
vn -0 0 -1
vn -0 0 -1
vn -0 0 -1
vn -0 0 -1
vn -0 0 -1
vn -0 0 -1
vn -0.20878626 0 -0.9779613
vn -0.20878626 0 -0.9779613
vn -0.20878626 0 -0.9779613
vn -0.20878626 0 -0.9779613
vn -0.20878626 0 -0.9779613
vn -0.20878626 0 -0.9779613
vn -1 0.0003444912 0
vn -1 0.0003444912 0
vn -1 0.0003444912 0
vn -1 0.0003444912 0
vn -1 -0.0003444912 0
vn -1 0.0003444912 0
vn -1 -0.0003444912 0
vn 0.36153427 -0.913541 0.18637514
vn 0.19776718 -0.9742173 0.10857613
vn 0.12934539 -0.985076 0.113556005
vn 0.35131133 -0.9253203 0.14269744
vn 0.7361268 -0.586023 0.33866563
vn 0.7454903 -0.5115433 0.4272794
vn 0.8596407 0 0.5108991
vn 0.9009628 -2.1801615e-07 0.43389642
vn 0.777246 2.3349443e-07 0.6291968
vn 0.65995246 -0.53259254 0.52991325
vn 0.7338732 1.1389921e-07 0.6792865
vn 0.65398216 -0.45404863 0.60510105
vn 0.21754064 -0.9586134 0.18367477
vn 0.098658994 -0.9885479 0.11418991
vn 0.23873332 -0.94268376 0.23313874
vn 0.7361269 0.5860227 0.33866575
vn 0.7454903 0.51154333 0.4272794
vn 0.6599523 0.53259295 0.529913
vn 0.65398204 0.4540489 0.605101
vn 0.36153427 0.913541 0.18637508
vn 0.3513112 0.92532045 0.14269747
vn 0.21754056 0.95861346 0.1836746
vn 0.23873289 0.94268394 0.23313826
vn 0.098658964 0.9885479 0.11418983
vn 0.12934549 0.985076 0.11355592
vn 0.19776729 0.9742173 0.10857613
vn 0.8408027 -0.004947983 -0.54131913
vn 0.8408027 -0.004947983 -0.541319
vn 0.8408027 -0.004947984 -0.5413191
vn 0.8408027 -0.004947983 -0.5413191
vn 0.85271746 -0.037669037 -0.5210124
vn 0.8472203 0 -0.5312418
vn 0.8472203 0 -0.5312418
vn 0.8527163 0.03768258 -0.5210134
vn 0.8408026 0.0049469383 -0.5413192
vn 0.8408026 0.004946938 -0.5413192
vn 0.8408026 0.004946938 -0.5413192
vn 0.84080255 0.0049469383 -0.54131925
vn -0.44132575 -0.5701863 0.6929063
vn -0.3722214 -0.5680098 0.7340409
vn -0.6040787 -0.5827255 0.5436174
vn -0.61777896 -0.58036727 0.5305873
vn -0.752059 -0.58083266 0.3115135
vn -0.75205904 -0.58083266 0.31151325
vn -0.8140228 -0.5808329 3.674829e-07
vn -0.8140228 -0.5808329 3.432962e-07
vn -0.75669885 -0.5798368 -0.30198717
vn -0.7567828 -0.57983685 -0.3017762
vn -0.6253581 -0.57389754 -0.5287427
vn -0.67802334 -0.57008296 -0.46399328
vn -0.16274631 -0.5371059 0.82766587
vn 0.040337212 -0.5585502 0.82848936
vn 0.13239323 -0.5660941 0.8136397
vn 0.27493775 -0.58168477 0.7655404
vn 0.32216102 -0.58079404 0.7475897
vn 0.5756015 -0.5808319 0.5756015
vn 0.5756017 -0.58083194 0.57560134
vn 0.7551899 -0.5785661 0.30813855
vn 0.73947674 -0.5813102 0.33948857
vn 0.15748246 -0.5776626 0.8009403
vn 0.15748245 -0.57766247 0.8009403
vn -0.49277598 -0.5585432 -0.6672342
vn -0.30448028 -0.56901574 -0.76388025
vn -0.30493054 -0.5690366 -0.7636849
vn -0.0006537319 -0.56419194 -0.8256434
vn -0.0005583075 -0.56419265 -0.825643
vn 0.8036312 -0.5733117 0.15965763
vn 0.80690694 -0.5653581 0.17108859
vn 0.8112482 -0.580401 -0.07078881
vn 0.80834085 -0.5774948 -0.11438844
vn 0.7557944 -0.5970437 -0.26891217
vn 0.7541798 -0.59760374 -0.2721812
vn 0.61801475 -0.6027037 -0.50478315
vn 0.6757201 -0.61141545 -0.41179308
vn 0.47645888 -0.5577129 -0.679664
vn 0.3047505 -0.56876963 -0.76395565
vn 0.30455142 -0.5687647 -0.7640388
vn -0.0005583075 -0.56419265 -0.825643
vn -0.0006537319 -0.56419194 -0.8256434
vn -0 -1 0
vn -0 -1 0
vn -0 -1 0
vn -0 -1 0
vn -0 -1 0
vn -0 -1 0
vn -0 -1 0
vn -0 -1 0
vn -0 -1 0
vn -0 -1 0
vn -0 -1 0
vn -0 -1 0
vn -0 -1 0
vn -0 -1 0
vn -0 -1 0
vn -0 -1 0
vn -0.53577155 -0.6286731 -0.5636657
vn -0.5357715 -0.6286731 -0.5636657
vn -0.53577155 -0.6286731 -0.5636657
vn -0.5357715 -0.6286731 -0.5636657
vn 0.5263541 -0.61896235 -0.5829554
vn 0.52635413 -0.6189623 -0.5829555
vn 0.5263541 -0.6189623 -0.5829554
vn 0.5263541 -0.6189623 -0.5829554
vn -0.67047006 -0.74172974 0.017520372
vn -0.67047 -0.74172974 0.01752037
vn -0.67047 -0.7417298 0.017520372
vn -0.67046994 -0.7417298 0.01752037
vn 0.75705695 -0.62821573 -0.17947106
vn 0.767782 -0.6405753 0.013191912
vn 0.7677821 -0.6405753 0.013191914
vn 0.76531076 -0.6365947 -0.09511365
vn 0.7835742 -0.6211592 -0.013138823
vn 0.78274745 -0.6210316 -0.040327262
vn 0.7838154 -0.62077653 0.016430805
vn 0.78381526 -0.6207766 0.016430805
vn 0.0075651016 -0.99963474 0.025945636
vn 0.0075651016 -0.99963474 0.025945636
vn 0.007565101 -0.99963474 0.025945637
vn 0.007565101 -0.99963474 0.025945636
vn -1.7099116e-07 -1 2.0867657e-07
vn -1.7099116e-07 -1 2.0867661e-07
vn 0.004677429 -0.99969614 0.024203854
vn 0.0005552275 -0.9997991 0.020037998
vn 0.0005552275 -0.9997991 0.020037998
vn 0.0005552275 -0.9997991 0.020037998
vn 0.004677429 -0.99969614 0.024203856
vn -0.005643473 -0.99966705 0.025176676
vn 0.015539178 -0.9995964 0.023782557
vn 0.5441073 -0.83901334 -0.0019918506
vn 0.54767567 -0.83666265 -0.0068643056
vn 0.54389673 -0.8391505 -0.0017051541
vn 0.54263026 -0.83997166 1.6119253e-05
vn 0.6058411 -0.47972047 0.63468486
vn 0.60584104 -0.47972047 0.63468486
vn 0.60584104 -0.4797205 0.63468486
vn 0.009081272 -0.9979777 0.06291274
vn 0.050193626 -0.97940904 0.19554667
vn 0.07068909 -0.9755096 0.20828857
vn 0.022125794 -0.982578 0.1845294
vn 0.00045369068 -0.99829584 0.058354393
vn 0.19782129 -0.6447432 0.7383582
vn 0.23828998 -0.6691822 0.7038559
vn 0.32031482 0 0.94731116
vn 0.25798157 0 0.96614987
vn 0.109983414 -0.6460767 0.75530696
vn 0.14104947 -3.7133793e-07 0.9900025
vn 0.044361427 -0.6611482 0.7489427
vn 0.05093722 -8.8046926e-07 0.9987018
vn 0.029199995 -0.9120532 0.40903077
vn -0.0071331286 -0.99857056 0.052971523
vn -0.007637145 -0.99852425 0.053767852
vn 0.19782129 0.6447432 0.7383582
vn 0.23828995 0.6691822 0.7038558
vn 0.10998342 0.6460767 0.75530696
vn 0.04436145 0.66114813 0.74894273
vn 0.07068909 0.9755096 0.20828858
vn 0.05019358 0.97940904 0.19554661
vn 0.009081189 0.9979778 0.06291272
vn 0.02212581 0.982578 0.18452924
vn 0.00045369775 0.99829584 0.058354408
vn 0.02920001 0.91205335 0.4090305
vn -0.007133007 0.99857056 0.052971583
vn -0.007637026 0.99852425 0.05376791
vn -0.92146295 -0.018962277 -0.38800323
vn -0.92146295 -0.018962275 -0.38800323
vn -0.92146295 -0.018962277 -0.38800326
vn -0.9207537 -0.03650429 -0.38843262
vn -1 0 2.5513655e-06
vn -1 0 -7.391806e-07
vn -0.9252457 -0.050239664 0.37602693
vn -0.92524457 -0.050240427 0.3760297
vn -0.93308306 -5.4663674e-06 -0.35966086
vn -0.93308204 -5.466408e-06 -0.35966378
vn -0.99521965 -0.08625092 0.045811605
vn -0.98836213 -0.089648865 0.1228955
vn -0.8275245 -8.308146e-06 -0.5614297
vn -0.8275245 -8.308146e-06 -0.5614297
vn 0.99450195 0.0007782732 -0.10471493
vn 0.9946144 0.00078760844 -0.103640996
vn 0.95756584 0 -0.28821483
vn 0.95756584 0 -0.28821483
vn 0.90045875 0 -0.43494144
vn 0.90045875 0 -0.43494144
vn 0.9819288 0.0032604837 0.18922287
vn 0.9819288 0.0032604837 0.18922287
vn -0.6824069 0 -0.73097247
vn -0.68240684 0 -0.7309725
vn -0.68240684 0 -0.7309725
vn -0.68240684 0 -0.7309725
vn 0.6674116 0 -0.744689
vn 0.6674116 0 -0.744689
vn 0.6674116 0 -0.744689
vn 0.6674116 0 -0.744689
vn 0.66741157 0 -0.74468905
vn 0.6674116 0 -0.744689
vn -1 0 -5.119789e-05
vn -1 0 -5.1197883e-05
vn -1 0 -5.1197894e-05
vn -1 0 -5.119789e-05
vn -0.98570144 -0.028208006 -0.16612339
vn -1 7.4952884e-05 -4.669338e-05
vn -0.946782 -0.079758614 -0.31183696
vn -0.6282054 -0.012825929 -0.7779418
vn -0.6323287 0.0045396374 -0.7746868
vn -0.98836213 -0.089648865 0.1228955
vn -0.99521965 -0.08625092 0.045811605
vn -0.6323288 0.0045396374 -0.7746868
vn -0.98570144 0.028208056 -0.16612329
vn -0.9467817 0.079759054 -0.31183815
vn -1 0 -5.1213756e-05
vn -1 0 -5.1213756e-05
vn -1 0 -5.1213756e-05
vn -1 0 -5.1213756e-05
vn -0.98570144 -0.028208006 -0.16612339
vn -1 7.4952884e-05 -4.669338e-05
vn -0.99522 0.08625123 0.045803126
vn -0.9883636 0.08964917 0.12288309
vn 1 0 0
vn 1 0 0
vn 1 0 0
vn 1 0 0
vn 0.6646129 0 -0.74718785
vn 0.66461277 0 -0.7471879
vn 0.66461277 0 -0.7471879
vn 0.6646128 0 -0.7471879
vn 1 0 2.968048e-05
vn 1 0 2.968048e-05
vn 1 0 1.4508275e-05
vn 1 0 1.4493393e-05
vn 1 0 1.3554175e-05
vn 1 0 1.3554178e-05
vn -0.99250823 0.01087011 0.121693626
vn -0.99250823 0.010870112 0.121693626
vn -0.9925668 0 0.121700786
vn -0.9925668 0 0.12170077
vn -0.9903488 0.040879626 0.13243152
vn -0.9903488 0.04087963 0.13243154
vn -0.9903488 0.040879622 0.13243152
vn -0.99153453 0.016128112 0.12883751
vn -0.99250823 -0.010870109 0.12169355
vn -0.99250823 -0.01087011 0.12169355
vn -0.9903488 -0.040879365 0.13243152
vn -0.9903488 -0.040879373 0.13243152
vn -0.9903488 -0.040879365 0.13243152
vn -0.99153453 -0.016128108 0.12883748
vn 0.9959196 0 -0.09024474
vn 0.9959196 0 -0.09024475
vn 0.9958723 0.009751396 -0.09024046
vn 0.9958723 0.009751396 -0.09024046
vn 0.99246675 0.009578088 -0.122139126
vn 0.9924149 0.009967694 -0.122529395
vn 0.9924149 0.009967694 -0.122529395
vn 0.9919367 -0.027497904 -0.12371558
vn 0.9958723 -0.009751394 -0.090240456
vn 0.9958723 -0.009751393 -0.090240456
vn 0.99246675 -0.009577963 -0.122139126
vn 0.9924149 -0.0099675665 -0.122529395
vn 0.9924149 -0.0099675665 -0.122529395
vn 0.9919367 0.027498526 -0.12371548
vn -0.40824062 -0.8973066 -0.16787027
vn -0.269415 -0.94415843 -0.18968488
vn -0.7083417 -0.62329024 -0.33130243
vn -0.7403884 -0.61586833 -0.26931626
vn -0.34545386 -0.9154476 -0.20643944
vn -0.6967039 -0.61025393 -0.37708583
vn -0.93111587 -0.15021859 -0.33235183
vn -0.8712259 -0.14176397 -0.46996635
vn -0.9018127 -0.15716788 -0.40253225
vn -0.24446942 -0.95659596 -0.1586157
vn -0.24446942 -0.95659596 -0.15861568
vn -0.48810813 -0.68360585 -0.5426172
vn -0.69672585 -0.16172652 -0.6988689
vn -0.17939344 -0.94869643 -0.26037097
vn -0.6492962 -0.09848348 -0.75413233
vn -0.45305333 -0.6539835 -0.60584515
vn -0.34040147 -0.9388885 -0.05114067
vn -0.11371092 -0.97722965 -0.17914243
vn -0.8801148 1.7937965e-06 -0.47476104
vn -0.94154376 4.087731e-07 -0.33689055
vn -0.91471064 -0.007382724 -0.40404218
vn -0.7064905 -0.03166239 -0.7070139
vn -0.65373945 -0.046670932 -0.75527906
vn -0.21725552 -0.88126785 -0.41972256
vn -0.59151435 -0.7281287 0.34632272
vn 0.22189863 -0.8385745 0.49754775
vn 0.30822504 -0.8192726 0.48351818
vn -0.5692586 -0.7276117 0.38278693
vn 0.54339254 -0.72627145 0.4210158
vn 0.54339254 -0.7262715 0.42101577
vn -0.8215289 -0.57012296 -0.007066933
vn -0.59151435 -0.7281287 0.34632272
vn -0.83288777 -0.5531666 -0.017456582
vn -0.83288777 -0.5531666 -0.017456582
vn -0.98677516 -0.11516902 -0.114064984
vn -0.9826685 -0.14820237 -0.11134861
vn -0.99247193 3.0632848e-06 -0.12247184
vn -0.99247193 3.063284e-06 -0.12247183
vn 0.9981975 0.054305155 -0.02554983
vn 0.9981975 0.05430515 -0.02554983
vn 0.9981975 0.054305155 -0.025549833
vn 0.9981975 0.05430515 -0.025549833
vn 0.71302557 -0.7011143 -0.005760923
vn 0.6061868 -0.7616367 0.22901337
vn 0.6033106 -0.76237935 0.23408128
vn 0.71302557 -0.7011144 -0.005760923
vn 0.58607596 -0.7786996 0.22392388
vn 0.5748696 -0.7777956 0.25408465
vn 0.66976863 -0.7293533 -0.139477
vn -0.5056359 -0.037569016 0.8619286
vn -0.5056359 -0.037569012 0.8619285
vn -0.5087425 -0.042976473 0.8598454
vn -0.50994015 -0.025606005 0.85982865
vn -0.51763934 -0.0018380962 0.85559696
vn -0.499561 0.006943146 0.8662509
vn -0.49740863 0.007210132 0.86748636
vn -0.4928218 0.007777662 0.8700955
vn -0.49282187 0.007777663 0.8700955
vn -0.49740887 -0.007210122 0.8674863
vn -0.4995613 -0.0069431635 0.8662508
vn -0.5176394 0.0018378824 0.85559696
vn -0.50994015 0.02560593 0.85982865
vn -0.5087425 0.042976484 0.8598454
vn -0.5056359 0.037569016 0.8619286
vn -0.5056359 0.037569012 0.8619285
vn 0.7871842 -0.00051097607 0.6167177
vn 0.7871843 -0.0005109761 0.6167177
vn 0.7871843 -0.0005109761 0.6167177
vn 0.78718436 -0.0005109761 0.61671764
vn 0.8266 0.043084424 0.56113833
vn 0.8266 0.043084428 0.56113833
vn 0.82659996 0.043084424 0.56113833
vn 0.82659996 0.043084424 0.56113833
vn 0.99841285 -0.015022526 -0.05427824
vn 0.9987942 -0.048853964 0.004837061
vn 0.99412763 0.029849458 -0.10401606
vn 0.99286556 0.036783375 -0.11342401
vn 0.9912048 0.044935893 -0.12447412
vn 0.9912048 0.044935897 -0.12447415
vn 0.99823856 -0.057344005 0.015210331
vn 0.9983993 -0.053045716 0.019618422
vn 0.9983993 -0.05304571 0.019618422
vn 0.99412763 -0.029849516 -0.10401601
vn 0.99286556 -0.036783442 -0.11342397
vn 0.99841285 0.015022521 -0.05427811
vn 0.9987942 0.048853975 0.0048371116
vn 0.99823856 0.057344012 0.015210364
vn 0.9983993 0.053045735 0.01961846
vn 0.9983993 0.053045724 0.019618459
vn 0.20374735 0.9690203 0.1395943
vn 0.20374735 0.9690203 0.1395943
vn 0.20374732 0.96902037 0.13959433
vn 0.20374732 0.96902037 0.1395943
vn 0.18219396 0.98316103 0.014134862
vn 0.18219396 0.98316103 0.014134862
vn 0.18219396 0.98316103 0.01413486
vn 0.41452333 0.77125216 0.48305342
vn 0.0039421357 0.99856865 0.053338226
vn 0.07759938 0.98818576 0.13216406
vn 0.022723678 0.99973804 0.002748398
vn 0.02272368 0.99973804 0.0027483979
vn 0.7073705 0.2719735 0.65242416
vn 0.7365806 0.048642468 0.6745983
vn 0.74014384 0.011594995 0.6723486
vn 0.74014384 0.011594995 0.6723486
vn 0.07759938 0.98818576 0.13216406
vn 0.7365806 -0.04864239 0.67459834
vn 0.7073705 -0.27197346 0.6524242
vn 0.4145232 -0.77125216 0.48305336
vn 0.077599436 -0.98818576 0.13216406
vn 0.077599436 -0.98818576 0.13216406
vn 0.0039422307 -0.99856865 0.05333825
vn 0.0227238 -0.99973804 0.0027484023
vn 0.0227238 -0.99973804 0.0027484018
vn 0.87094384 0.0035804869 0.49136958
vn 0.87094384 0.0035804862 0.49136958
vn 0.87094384 0.0035804866 0.49136958
vn 0.87094384 0.0035804869 0.49136958
vn 0.6328832 -0.011739011 -0.7741583
vn 0.6370682 -0.01504806 -0.7706606
vn 0.64260846 -0.018183907 -0.765979
vn 0.6140936 0 -0.78923327
vn 0.6460594 -0.016129764 -0.7631167
vn 0.44100496 0.86656487 0.23362328
vn 0.44100493 0.86656487 0.23362328
vn 0.44100493 0.86656487 0.23362328
vn 0.44100493 0.86656487 0.23362325
vn 0.828308 -7.545676e-05 0.56027293
vn 0.828308 -7.545676e-05 0.56027293
vn 0.828308 -7.545676e-05 0.56027293
vn 0.828308 -7.545676e-05 0.56027293
vn 0.828308 7.54716e-05 0.56027305
vn 0.828308 7.5471595e-05 0.56027305
vn 0.7733078 0.0012963553 0.6340295
vn 0.7733078 0.0012963554 0.6340295
vn 0.77330774 0.0012963552 0.6340295
vn 0.77330774 0.0012963552 0.6340295
vn 0.19785568 0.00013435999 0.9802311
vn 0.19785568 0.00013436 0.9802311
vn 0.19785568 0.00013435999 0.9802311
vn 0.19785568 0.00013435999 0.9802311
vn -0.46170563 -0.5503516 0.6956586
vn -0 1 0
vn -0 1 0
vn -0 1 0
vn -0 1 0
vn 2.1003486e-07 1 0
vn -0.001996686 -0.999997 0.0014145245
vn -0.001996686 -0.999997 0.0014145245
vn -0.001996686 -0.999997 0.0014145245
vn -0.001996686 -0.999997 0.0014145245
vn 0.3735739 -0.92639226 0.0473275
vn 0.3830722 -0.92328423 -0.028316882
vn 0.16224384 -0.98674077 0.0044215987
vn 0.36280942 -0.9204349 0.14549519
vn 0.3648595 -0.9269249 -0.087680005
vn 0.3354677 -0.94200623 -0.009261889
vn 0.24776009 -0.9685218 0.024094993
vn 0.38138872 -0.92436635 0.009458403
vn 0.24473728 -0.96679294 0.07358737
vn 0.17615992 -0.98413044 0.021327058
vn 0.24967109 -0.96760714 0.03742847
vn 0.8977705 -0.43912625 -0.034295816
vn 0.90191764 -0.38484415 -0.1960601
vn 0.91532505 -0.40221822 0.020013776
vn 0.9316811 -0.35988647 -0.049518093
vn 0.91802084 -0.363624 0.15816218
vn 0.8693104 -0.4342807 0.23600768
vn 0.72840637 -0.67496675 0.11766095
vn 0.4726926 -0.85879874 -0.19755103
vn 0.85531294 -0.3722503 0.36037403
vn 0.8693104 -0.4342807 0.23600768
vn 0.91532505 -0.40221822 0.020013776
vn 0.9871524 -0.15819678 0.022447942
vn 0.95756245 -0.14594544 0.24854404
vn 0.9873963 -0.15826695 0.0004056518
vn 0.8977705 -0.43912625 -0.034295816
vn 0.9653751 -0.1668809 -0.20050336
vn 0.90191764 -0.38484415 -0.1960601
vn 0.9829076 -0.17737037 -0.04931946
vn 0.9316811 -0.35988647 -0.049518093
vn 0.96330583 -0.20512213 0.17310885
vn 0.91802084 -0.363624 0.15816218
vn 0.9610746 -0.16149803 0.22417398
vn 0.72840637 -0.67496675 0.11766095
vn 0.9514957 -0.19582629 -0.2372931
vn 0.4726926 -0.85879874 -0.19755103
vn 0.9628932 -0.10506173 -0.24859327
vn 0.9628932 -0.105061725 -0.24859327
vn 0.9628932 -0.10506174 -0.24859327
vn 0.9628932 -0.10506173 -0.24859327
vn 0.85531294 -0.3722503 0.36037403
vn 0.89458144 -0.23816691 0.37815425
vn 0.94870394 -0.11124232 -0.29594952
vn 0.96386945 -0.19470087 -0.18178853
vn 0.96386945 -0.19470087 -0.18178856
vn 0.95109314 -0.11972138 -0.28476068
vn 0.9195591 -0.036077116 -0.39129215
vn 0.9195591 -0.03607712 -0.39129215
vn 0.8184277 -0.10864202 -0.5642455
vn 0.8184277 -0.108642 -0.5642455
vn 0.81842774 -0.108642 -0.5642455
vn 0.81842774 -0.108642 -0.5642455
vn 0.22628443 0.9617883 -0.15413873
vn 0.22628443 0.9617883 -0.15413871
vn 0.2262844 0.9617883 -0.15413873
vn 0.22628441 0.9617883 -0.15413873
vn 0.15875319 -0.020434048 -0.98710686
vn 0.15875319 -0.020434048 -0.98710686
vn 0.1587532 -0.020434048 -0.98710686
vn 0.15875317 -0.020434046 -0.98710686
vn 0.17203008 -0.9494242 -0.2626775
vn 0.17203008 -0.9494242 -0.2626775
vn 0.17203009 -0.9494242 -0.26267746
vn 0.17203006 -0.9494242 -0.26267746
vn -0.49336204 0.35397613 -0.7945407
vn -0.49336207 0.35397613 -0.7945407
vn -0.49336204 0.35397607 -0.7945406
vn -1 0 -1.4155567e-06
vn -1 0 -1.4155567e-06
vn -1 0 -1.4155567e-06
vn -1 0 -1.3863403e-06
vn -1 0 -1.3863403e-06
vn -1 0 -1.2785678e-06
vn -1 0 -1.278568e-06
vn -1 0 -1.2785678e-06
vn -1 0 2.528487e-05
vn -1 0 2.5284868e-05
vn -1 0 2.5284868e-05
vn -1 0 2.5289837e-05
vn -0.5234429 0.007796785 -0.85202503
vn -0.5234429 0.007796785 -0.85202503
vn -0.5222474 0.026652012 -0.8523775
vn -0.52342427 0.008115626 -0.85203356
vn -0.5175024 0.08355454 -0.8515924
vn -0.8644376 0 -0.5027402
vn -0.8644376 0 -0.5027402
vn -0.8644376 0 -0.5027402
vn -0.8644376 0 -0.5027402
vn -0.8644376 0 -0.5027401
vn -0.8644376 0 -0.5027401
vn 0.12301972 -0.99029654 0.06464446
vn 0.12301972 -0.99029654 0.06464446
vn 0.12301972 -0.99029654 0.06464446
vn 0.12301973 -0.99029654 0.06464447
vn -0.85772055 0.0041704513 0.5140994
vn -0.8571901 0.0054430817 0.51497126
vn -0.85874444 0 0.51240414
vn -0.8546825 0.016077965 0.518902
vn -0.8544009 0.017477648 0.5193203
vn -0.85874444 0 0.51240414
vn -0.8571901 -0.0054458166 0.51497126
vn -0.8546825 -0.016078865 0.51890206
vn -0.85772055 0.0041704513 0.5140994
vn -0.8544009 0.017477648 0.5193203
vn 0.90319425 -0.0054680095 0.42919725
vn 0.90319425 -0.0054680095 0.42919725
vn 0.90319425 -0.0054680095 0.42919728
vn 0.90319425 -0.0054680095 0.42919728
vn 0.90319425 0.005468361 0.42919725
vn 0.90319425 -0.0054680095 0.42919728
vn 0.90319425 0.0054683606 0.42919725
vn -0.47341204 1.2928998e-05 -0.8808411
vn -0.47341204 1.2929e-05 -0.8808411
vn -0.47341204 1.2929e-05 -0.8808411
vn -0.47341204 1.2929e-05 -0.8808411
vn -0.47341216 -1.2717989e-05 -0.8808411
vn -0.47341204 -1.2717989e-05 -0.8808411
vn 0.01723689 -0.9499082 -0.31205323
vn 0.012977366 -0.93037283 -0.3663851
vn 1.707083e-05 -0.8535189 -0.521062
vn 1.7070826e-05 -0.8535188 -0.521062
vn 0.021538142 -0.96505076 -0.26117656
vn 0.021317739 -0.96521086 -0.2606023
vn 0.02258419 -0.9713099 -0.23674244
vn -0.0064450656 -0.9744441 -0.22453791
vn -0.9999999 0 -0.00042746073
vn -0.9999999 0 -0.0004274608
vn -0.9999999 0 -0.0004274608
vn -0.9999999 0 -0.0004274608
vn -0.9999999 0 -0.00042746073
vn -0.9999999 0 -0.0004274608
vn -0.8421708 -6.0556897e-05 -0.5392109
vn -0.8463457 -3.9398594e-05 -0.53263384
vn -0.84683484 -3.69024e-05 -0.5318559
vn -0.8421708 -6.055689e-05 -0.53921086
vn -0.84783214 -3.180169e-05 -0.53026474
vn -0.84783214 -3.180169e-05 -0.53026474
vn -0.84683484 3.6902402e-05 -0.5318559
vn -0.8421709 6.0556904e-05 -0.53921086
vn -0.84783214 3.180169e-05 -0.53026474
vn -0 0 -1
vn -0 0 -1
vn -0 0 -1
vn -0 0 -1
vn -0 0 -1
vn -0 0 -1
vn 0.08075027 -0.9892753 -0.12171177
vn 0.22495146 -0.9738346 0.032295223
vn 0.19619533 -0.98011476 -0.02970714
vn 0.0825507 -0.9952551 -0.051503677
vn 0.081084006 -0.9964927 0.020680705
vn 0.19640963 -0.980306 0.020574335
vn 0.07828311 -0.9969127 -0.0060638795
vn 0.28277287 -0.9559093 -0.07922719
vn 0.10537941 -0.9662544 0.23504812
vn 0.18527475 -0.8319431 0.5230143
vn 0.06686804 -0.9716647 -0.22670738
vn 0.79421043 -0.60614395 0.042653546
vn 0.7726224 -0.5061508 0.383231
vn 0.8482321 0 0.52962464
vn 0.99695706 0 0.07795247
vn 0.27178147 -0.726258 0.6314145
vn 0.9546375 -0.29372853 0.04889608
vn 0.9965563 0 0.0829191
vn 0.9959636 0 0.08975727
vn 0.954524 -0.28398415 -0.09075721
vn 0.99883467 0 0.048263345
vn 0.9959636 0 0.08975727
vn 0.99966824 0 -0.025755454
vn 0.98924154 0 0.14629178
vn 0.98924154 0 0.14629176
vn 0.99021894 -0.10593081 -0.09080282
vn 0.99854267 0 -0.05396846
vn 0.6051587 -0.74016404 -0.29315546
vn 0.9546375 0.29372856 0.048896015
vn 0.9965563 0 0.082919136
vn 0.99695706 0 0.07795263
vn 0.7942104 0.6061441 0.042653594
vn 0.8482321 0 0.5296247
vn 0.77262187 0.5061516 0.38323104
vn 0.2717818 0.7262581 0.6314141
vn 0.954524 0.28398415 -0.0907572
vn 0.98924154 0 0.14629158
vn 0.2249511 0.9738347 0.03229495
vn 0.1961953 0.98011476 -0.029707154
vn 0.08075034 0.9892753 -0.12171189
vn 0.082550734 0.9952551 -0.051503725
vn 0.08108404 0.9964927 0.020680698
vn 0.19640969 0.980306 0.020574335
vn 0.078283094 0.9969127 -0.0060638185
vn 0.28277296 0.9559093 -0.07922717
vn 0.1053792 0.9662545 0.23504768
vn 0.18527478 0.83194345 0.5230137
vn 0.066867985 0.97166485 -0.22670726
vn 0.99021894 0.10593082 -0.090802714
vn 0.60515875 0.74016416 -0.29315537
vn 0.14400777 0.95433927 -0.26172182
vn 0.60515875 0.74016416 -0.29315537
vn 0.042505946 0.9869103 -0.15556805
vn -1 0 -2.5093002e-06
vn -1 0 -2.5092997e-06
vn -1 0 -2.5093002e-06
vn -1 0 -2.5093002e-06
vn -1 0 -2.5334916e-06
vn -1 0 -2.5334912e-06
vn -0.780475 0 0.62518686
vn -0.780475 0 0.625187
vn -0.780475 0 0.62518686
vn -0.780475 0 0.62518686
vn -0.780475 0 0.625187
vn -0.780475 0 0.62518686
vn -0.8081208 0 -0.5890168
vn -0.8081208 0 -0.5890168
vn -0.8081208 0 -0.5890168
vn -0.8081208 0 -0.5890168
vn -0.8081208 0 -0.5890169
vn -0.80812067 0 -0.5890169
vn -0.46542668 0 0.88508636
vn -0.46542677 0 0.88508636
vn -0.4654267 0 0.88508636
vn -0.4654267 0 0.88508636
vn -0.46542668 0 0.88508636
vn -0.4654267 0 0.88508636
vn -0.46542677 0 0.88508636
vn -0.686648 0 -0.72699004
vn -0.686648 0 -0.72699004
vn -0.686648 0 -0.72699004
vn -0.686648 0 -0.72699004
vn -0.686648 0 -0.72699004
vn -0.686648 0 -0.72699004
vn 0.86847454 0.00019412364 0.49573362
vn 0.86847454 0.00019412363 0.49573362
vn 0.86847454 0.00019412364 0.49573365
vn 0.8684572 0.00013304787 0.49576408
vn 0.52507 0 0.851059
vn 0.5250699 0 0.851059
vn 0.5250699 0 0.851059
vn 0.5250699 0 0.85105914
vn 0.5250699 0 0.85105914
vn 0.9432277 0 0.33214673
vn 0.9432277 0 0.3321468
vn 0.9432277 0 0.33214676
vn 0.9432277 0 0.33214673
vn 0.1640167 0.94641757 0.27819455
vn 0.12495441 0.9486903 0.29047072
vn 0.12495441 0.9486902 0.29047075
vn 0.16390163 0.94642663 0.27823156
vn 0.29468685 0.9267602 0.23297043
vn 0.29468682 0.9267602 0.23297043
vn -0.5460613 0 0.83774525
vn -0.54606116 0 0.83774525
vn -0.5460612 0 0.83774525
vn -0.5460613 0 0.83774525
vn -0.5460605 0 0.83774567
vn -0.5460605 0 0.83774567
vn 0.27315658 -0.9343699 0.2287756
vn 0.27315652 -0.9343699 0.22877559
vn 0.27315652 -0.9343699 0.22877559
vn 0.27315652 -0.9343699 0.22877558
vn 0.6122232 0 0.790685
vn 0.61222327 0 0.79068494
vn 0.6122232 0 0.790685
vn 0.6122232 0 0.790685
vn -0.9431486 0 0.33237132
vn -0.942812 -0.0007714143 0.33332378
vn -0.9429125 -0.0005415887 0.3330401
vn -0.9431486 0 0.33237132
vn -0.94019026 -0.0066661797 0.34058437
vn -0.94019026 -0.0066661797 0.3405844
vn -0.9429125 0.00054158893 0.3330401
vn -0.94281214 0.00077141466 0.33332375
vn -0.9401904 0.00666618 0.34058422
vn -0.9401904 0.00666618 0.34058425
vn 0.1440077 -0.95433927 -0.2617218
vn 0.6051587 -0.74016404 -0.29315546
vn 0.042505626 -0.9869103 -0.1555676
vn 0.997454 1.8914807e-05 -0.07131336
vn 0.997454 1.8914805e-05 -0.07131335
vn 0.997454 1.8914807e-05 -0.07131336
vn 0.997454 1.8914805e-05 -0.07131335
vn 0.997454 -1.8880592e-05 -0.07131336
vn 0.997454 -1.888059e-05 -0.07131335
vn 0.997454 -1.888059e-05 -0.07131335
vn 0.9974542 0 -0.07131002
vn 0.9974542 0 -0.07131003
vn 0.9974542 0 -0.07131002
vn 0.9974542 0 -0.07131
vn 0.656912 -0.29134887 -0.69540083
vn 0.656912 -0.29134893 -0.69540083
vn 0.9088339 -0.41564327 -0.035518672
vn 0.90919024 -0.41635323 0.0048113093
vn 0.89881134 -0.41350785 0.14542845
vn 0.89881134 -0.41350776 0.14542842
vn 0.32867777 -0.45267594 0.8288881
vn 0.32867777 -0.45267594 0.8288881
vn 0.3286777 -0.45267594 0.8288881
vn 0.32867777 -0.45267594 0.8288881
vn 0.5793142 -0.46098983 -0.67222273
vn -0.00247334 -0.5482753 -0.8362943
vn 0.006711204 -0.5484887 -0.836131
vn 0.5793142 -0.46098983 -0.67222273
vn -0.5507934 -0.44414234 -0.70665705
vn -0.55079347 -0.44414228 -0.70665705
vn 0.006711204 -0.5484887 -0.836131
vn 0.9095736 -0.4155428 -9.361335e-06
vn 0.9095736 -0.4155428 -9.361335e-06
vn 0.9095736 -0.4155428 -9.361335e-06
vn 0.9095736 -0.41554278 -9.361336e-06
vn 1.2231327e-07 -1 0
vn 1.2231327e-07 -1 0
vn 1.2231327e-07 -1 0
vn 1.2231328e-07 -1 0
vn 8.57333e-07 -1 0
vn 8.57333e-07 -1 0
vn 8.57333e-07 -1 0
vn -0.9417483 -0.33631846 -5.8236983e-05
vn -0.9417483 -0.33631852 -5.8236983e-05
vn -0.9417483 -0.33631843 -5.8236983e-05
vn -0.9417483 -0.33631852 -5.8236983e-05
vn -0.45256433 -0.6817707 -0.5747821
vn -0.4525643 -0.6817707 -0.5747821
vn -0.45256427 -0.6817707 -0.5747821
vn -0.45256427 -0.6817707 -0.574782
vn -0.002758785 -0.6238928 0.78150505
vn -0.002758785 -0.6238928 0.7815051
vn -0.0027587852 -0.62389266 0.7815051
vn -0.7631971 -0.64616567 -4.585418e-06
vn -0.7631971 -0.6461657 -4.585418e-06
vn -0.7631972 -0.6461656 -4.585418e-06
vn -0.7631971 -0.6461657 -4.585418e-06
vn -1 0 7.311053e-05
vn -1 0 7.311053e-05
vn -1 0 7.311053e-05
vn -1 0 7.311053e-05
vn -0.62082946 0 -0.7839456
vn -0.62082946 0 -0.7839456
vn -0.62082946 0 -0.7839456
vn -0.6208294 0 -0.78394574
vn 1 0 -6.2870706e-05
vn 1 0 -6.2870706e-05
vn 1 0 -6.2870706e-05
vn 1 0 -6.2870706e-05
vn -0 -1 0
vn -0 -1 0
vn -0 -1 0
vn -0 -1 0
vn 0.8336591 -0.5522793 -2.162453e-05
vn 0.8336592 -0.55227923 -2.1624532e-05
vn 0.8336592 -0.55227923 -2.162453e-05
vn 0.8336592 -0.55227923 -2.162453e-05
vn 0.55609727 1.0633502e-06 0.8311172
vn 0.5560865 1.0633297e-06 0.8311244
vn -0.003530029 0 0.9999938
vn -0.003530029 0 0.9999938
vn 0.4891511 -0.6472262 0.58466166
vn 0.4891511 -0.6472262 0.58466166
vn 0.4891511 -0.6472262 0.58466166
vn 0.48915115 -0.64722633 0.58466166
vn 0.5560865 1.0633297e-06 0.8311244
vn 0.55609727 1.0633502e-06 0.8311172
vn 0.6458719 1.2336587e-06 0.7634458
vn 0.6458718 1.2336586e-06 0.76344585
vn -0.36052245 -0.4577727 -0.81269175
vn -0.36052245 -0.4577727 -0.8126916
vn -0.72636086 -0.47020113 -0.5013091
vn -0.75320435 -0.4656121 -0.464638
vn -0.8826771 -0.4159942 -0.21870077
vn -0.8826771 -0.4159942 -0.21870077
vn -0.40442052 -0.36742172 -0.8375233
vn -0.40442047 -0.36742175 -0.8375233
vn -0.40442052 -0.36742178 -0.8375233
vn -0.40442047 -0.36742175 -0.8375233
vn 0.72799325 -0.32484055 -0.60374206
vn 0.72799325 -0.32484055 -0.60374206
vn 0.7279932 -0.32484055 -0.6037421
vn 0.72799325 -0.32484052 -0.60374206
vn 0.011379372 -0.49385098 0.86947215
vn 0.011379372 -0.49385092 0.86947215
vn 0.011379371 -0.49385092 0.86947215
vn 0.011379372 -0.49385098 0.86947215
vn -0.5882615 -0.50850755 0.62878346
vn -0.5882615 -0.50850755 0.62878346
vn -0.5882615 -0.50850755 0.6287834
vn -0.5882615 -0.50850755 0.6287834
vn -0.7968219 -0.002202138 -0.6042102
vn -0.8183626 -0.0023404357 -0.5746974
vn -0.3891857 0 -0.92115927
vn -0.3891857 0 -0.92115927
vn -0.98681694 -0.0037348124 -0.16179776
vn -0.98681694 -0.0037348121 -0.16179775
vn -0.47365472 -0.071757935 -0.87778246
vn -0.47365472 -0.07175794 -0.87778246
vn -0.47365472 -0.07175793 -0.87778246
vn -0.4736547 -0.071757935 -0.87778246
vn -0.94710165 0 -0.3209337
vn -0.94710165 0 -0.3209337
vn -0.94710165 0 -0.3209337
vn -0.94710165 0 -0.3209337
vn 0.78821194 -0.04547026 -0.6137218
vn 0.7882119 -0.04547026 -0.6137218
vn 0.78821194 -0.045470253 -0.6137218
vn 0.78821194 -0.045470253 -0.6137218
vn 1 0 0
vn 1 0 0
vn 1 0 0
vn 1 0 0
vn 0.8898854 -0.4537699 -0.0468712
vn 0.8898854 -0.4537699 -0.046871196
vn 0.8898854 -0.45376983 -0.046871196
vn 0.8898854 -0.4537699 -0.0468712
vn 1 5.1018856e-07 3.0142888e-05
vn 1 5.1018856e-07 3.0142888e-05
vn 1 5.1018856e-07 3.0142886e-05
vn 1 5.101886e-07 3.0142886e-05
vn 0.7025247 -0.33899912 -0.6257305
vn 0.7025247 -0.33899912 -0.6257305
vn 0.7025248 -0.33899915 -0.62573045
vn 0.7025247 -0.33899912 -0.6257305
vn 0.7574771 0 -0.6528617
vn 0.7574771 0 -0.6528617
vn 0.7574771 0 -0.6528617
vn 0.7574771 0 -0.6528617
vn -0 -1 0
vn -1.0462647e-07 -1 0
vn -1.0462648e-07 -1 0
vn 0.041496973 -0.9979134 -0.04946587
vn 0.07542322 -0.9930902 -0.089907035
vn 0.091353156 -0.9896583 -0.11059427
vn 0.091263555 -0.9896416 -0.110816695
vn 0.08397895 -0.9881026 -0.12884434
vn -0 -1 0
vn -0 -1 0
vn -0 -1 0
vn 0.91033393 -0.4138745 0
vn 0.91033393 -0.4138745 0
vn 0.91033393 -0.4138745 0
vn 0.91033393 -0.41387454 0
vn -0.7698776 -0.58785516 -0.24842468
vn -0.7698776 -0.58785516 -0.24842465
vn -0.7698776 -0.5878552 -0.24842465
vn -0.7698776 -0.58785516 -0.24842463
vn -0.6816154 0 0.73171055
vn -0.6816154 0 0.73171055
vn -0.6816154 0 0.73171055
vn -0.6816154 0 0.73171055
vn -0 0 1
vn -0 0 1
vn -0 0 1
vn -0 0 1
vn -0.4941775 -0.5799389 -0.6476569
vn -0.49417746 -0.5799388 -0.647657
vn -0.49417743 -0.5799389 -0.6476569
vn -0.49417743 -0.5799389 -0.6476569
vn 8.849463e-07 -0.4614086 0.88718766
vn 8.849463e-07 -0.46140864 0.88718766
vn 8.8494653e-07 -0.46140864 0.88718766
vn 8.849464e-07 -0.46140864 0.88718766
vn -0.8843884 -0.46675175 0
vn -0.8843884 -0.4667517 0
vn -0.8843884 -0.46675184 0
vn -0.8843884 -0.46675175 0
vn -1 0 0
vn -1 0 0
vn -1 0 0
vn -1 0 0
vn -0.6052037 0 -0.79607064
vn -0.6052037 0 -0.79607064
vn -0.6052037 0 -0.79607064
vn -0.6052037 0 -0.79607064
vn -0 -1 0
vn -0 -1 0
vn -0 -1 0
vn -0 -1 0
vn -0 -1 0
vn 0.90780485 -0.41939282 3.5564673e-05
vn 0.9078048 -0.41939288 3.5564666e-05
vn 0.9078048 -0.4193929 3.5564673e-05
vn 0.9078048 -0.41939285 3.5564663e-05
vn 0.6107485 0 -0.7918247
vn 0.6107485 0 -0.7918247
vn 0.6107485 0 -0.7918247
vn 0.6107485 0 -0.7918247
vn 0.4979692 -0.5697646 -0.6537545
vn 0.49796924 -0.5697646 -0.6537545
vn 0.4979692 -0.5697647 -0.65375453
vn 0.49796924 -0.5697646 -0.6537545
vn -0.5901455 -0.5248143 0.6134316
vn -0.5901455 -0.5248142 0.61343145
vn -0.7565949 -0.65211576 0.048054878
vn -0.7575175 -0.6522931 0.026095599
vn -0.75813764 -0.6520945 6.4818055e-06
vn -0.75813776 -0.6520944 6.4818064e-06
vn -0.7575175 -0.6522931 0.026095599
vn -1.5909174e-05 -0.6125201 -0.790455
vn -1.5909174e-05 -0.6125201 -0.790455
vn -1.5909176e-05 -0.61252016 -0.7904549
vn -1.5909176e-05 -0.61252016 -0.7904549
vn -0.50286746 -0.7709635 0.39081913
vn -0.5028674 -0.7709635 0.39081913
vn -0.50286746 -0.7709635 0.39081913
vn -0.7371221 -0.67575955 -7.723041e-05
vn -0.73712224 -0.67575943 -7.7230434e-05
vn -0.7371222 -0.6757595 -7.723043e-05
vn -0.7371222 -0.6757595 -7.723043e-05
vn 1 0 9.580304e-06
vn 1 0 9.580304e-06
vn 1 0 9.580304e-06
vn 1 0 9.580304e-06
vn 1.8382472e-07 -1 0
vn 1.8382472e-07 -1 0
vn 1.8382472e-07 -1 0
vn 1.8382474e-07 -1 0
vn -0 -1 0
vn -0 -1 0
vn 0.8128853 -0.5824238 7.648276e-06
vn 0.8128853 -0.5824238 7.6482775e-06
vn 0.8128853 -0.5824239 7.648277e-06
vn 0.8128853 -0.58242375 7.648277e-06
vn 0.3742765 -0.67240864 0.6385794
vn 0.3742765 -0.67240864 0.6385794
vn 0.3742765 -0.67240864 0.6385794
vn 0.3742765 -0.67240864 0.6385794
vn 0.5200388 0 0.8541426
vn 0.5200388 0 0.8541426
vn 0.5200388 0 0.8541426
vn 0.5200388 0 0.8541426
vn -0 1 0
vn -0 1 0
vn -0 1 0
vn -0 1 0
vn -1.833619e-07 1 0
vn -1.833619e-07 1 0
vn -1.833619e-07 1 0
vn -0 1 0
vn -7.958237e-05 1 -1.0932618e-05
vn -7.958236e-05 1 -1.0932618e-05
vn -7.958237e-05 1 -1.0932618e-05
vn -7.958239e-05 1 -1.0932618e-05
vn -0.00027444464 -0.9259354 -0.3776819
vn -0.00027444467 -0.9259354 -0.3776819
vn -0.00027444467 -0.9259354 -0.3776819
vn -0.00027444467 -0.9259354 -0.3776819
vn -0.7900253 -0.60315853 -0.10981687
vn -0.8928504 -0.45019692 -0.011872675
vn 0.81491923 -0.5757302 -0.06664356
vn 0.87537426 -0.48341686 -0.0052969675
vn 0.87994576 -0.47507438 1.0556692e-05
vn 0.87994564 -0.4750744 1.0556692e-05
vn -0.9026464 -0.43038288 0
vn -0.9026464 -0.43038288 0
vn 4.4828744e-07 -0.72306746 0.6907774
vn 4.4828752e-07 -0.7230674 0.6907774
vn 4.4828752e-07 -0.7230674 0.6907774
vn 4.4828752e-07 -0.7230674 0.69077754
vn -0.9991757 0 -0.04059324
vn -0.83944726 0 -0.5434413
vn -0.83944726 0 -0.5434413
vn -0.9991757 0 -0.04059324
vn -0.0012169611 0 -0.9999993
vn -0.0012169611 0 -0.9999993
vn -0.0012169611 0 -0.9999993
vn -0.0012169611 0 -0.9999993
vn 0.945346 0 -0.3260689
vn 0.945346 0 -0.3260689
vn 0.9997087 0 -0.024133118
vn 0.9997087 0 -0.024133118
vn 1 0 1.116592e-05
vn 1 0 1.116592e-05
vn -2.2387925e-07 -1 0
vn -2.222375e-07 -1 0
vn -0 -1 0
vn -0 -1 0
vn -0 -1 0
vn -0 -1 0
vn -0 -1 0
vn 1.4272908e-06 0 1
vn 1.4272908e-06 0 1
vn 1.4272908e-06 0 1
vn 1.4272908e-06 0 1
vn -1 0 0
vn -1 0 0
vn -0.9991757 0 -0.04059324
vn -0.9991757 0 -0.04059324
vn 0.8717507 0 0.48994964
vn 0.8717507 0 0.48994964
vn 0.8717507 0 0.48994964
vn 0.8717507 0 0.48994964
vn 0.6838019 -0.6149096 0.3928118
vn 0.6838019 -0.6149097 0.39281183
vn 0.6838019 -0.6149096 0.3928118
vn 0.6838019 -0.6149096 0.3928118
vn -0 1 0
vn -0 1 0
vn -0 1 0
vn -0 1 0
vn -1.7921212e-07 1 0
vn -0 1 0
vn -0 1 0
vn 0.18527475 -0.8319431 0.5230143
vn 0.0025049099 0.9999969 -0.00023073387
vn 0.0010931107 0.9999951 -0.0029559094
vn 0.0010491444 0.9999949 -0.003040776
vn 0.002563373 0.99999535 -0.0016824551
vn -0 1 0
vn -0 1 0
vn -0 1 0
vn -0.00064898445 0.99997985 -0.006318585
vn 1.3930814e-07 1 0
vn 0.00026520184 1 0.00028437318
vn -0 1 -3.6801836e-07
vn 1.3930813e-07 1 0
vn 1.3930813e-07 1 0
vn 1.3930813e-07 1 0
vn -0.44132572 0.5701865 0.6929062
vn -0.61777866 0.5803678 0.5305871
vn -0.60407835 0.58272594 0.5436173
vn -0.37222147 0.5680098 0.7340409
vn -0.7520589 0.5808329 0.31151327
vn -0.752059 0.58083296 0.31151307
vn -0.8140224 0.5808334 5.587751e-07
vn -0.8140224 0.5808334 5.120349e-07
vn -0.75669825 0.57983756 -0.30198702
vn -0.75678235 0.5798376 -0.30177602
vn -0.625358 0.57389766 -0.5287427
vn -0.67802334 0.57008284 -0.4639933
vn -0.16274631 0.5371059 0.827666
vn 0.040337108 0.55855113 0.8284887
vn 0.13239312 0.5660949 0.8136391
vn 0.27493805 0.5816847 0.76554036
vn 0.32216144 0.5807941 0.7475896
vn 0.57560176 0.5808312 0.575602
vn 0.575602 0.5808312 0.5756018
vn 0.75519055 0.57856536 0.30813867
vn 0.7394766 0.58131045 0.33948857
vn 0.15748255 0.5776623 0.80094045
vn 0.15748255 0.5776623 0.80094045
vn -0.49277595 0.5585432 -0.6672342
vn -0.30448034 0.5690157 -0.76388025
vn -0.30493063 0.5690366 -0.7636849
vn -0.0006539011 0.56419134 -0.82564384
vn -0.0005584859 0.56419206 -0.8256433
vn 0.8036313 0.57331157 0.15965775
vn 0.81124794 0.58040124 -0.07078888
vn 0.8069068 0.5653584 0.17108876
vn 0.80834115 0.5774945 -0.11438838
vn 0.7557941 0.597044 -0.268912
vn 0.75417954 0.59760404 -0.27218103
vn 0.6180145 0.602704 -0.504783
vn 0.6757196 0.61141616 -0.41179267
vn 0.47645894 0.5577126 -0.6796643
vn 0.3047506 0.5687694 -0.76395583
vn 0.30455148 0.5687644 -0.7640389
vn -0.0005584859 0.56419206 -0.8256433
vn -0.0006539011 0.56419134 -0.82564384
vn -0 1 0
vn -0 1 0
vn -0 1 0
vn -0 1 0
vn -0 1 0
vn -0 1 0
vn -0 1 0
vn -0 1 0
vn -0 1 0
vn -0 1 0
vn -0 1 0
vn -0 1 0
vn -0 1 0
vn -0 1 0
vn -0 1 0
vn -0 1 0
vn -0.5357713 0.6286734 -0.56366557
vn -0.5357713 0.62867343 -0.56366557
vn -0.53577125 0.62867343 -0.56366557
vn -0.5357713 0.62867343 -0.56366557
vn 0.5263541 0.61896235 -0.5829555
vn 0.5263541 0.61896235 -0.5829555
vn 0.5263541 0.61896235 -0.5829555
vn 0.5263541 0.6189623 -0.5829555
vn -0.67046994 0.7417298 0.017520374
vn -0.67046994 0.7417298 0.017520374
vn -0.67047 0.7417298 0.017520374
vn -0.67046994 0.7417298 0.017520374
vn 0.75705695 0.6282157 -0.17947103
vn 0.76531076 0.6365948 -0.09511365
vn 0.767782 0.6405753 0.013191914
vn 0.767782 0.6405753 0.013191912
vn 0.7835743 0.6211591 -0.013138815
vn 0.78274745 0.62103146 -0.04032725
vn 0.7838155 0.6207765 0.016430803
vn 0.7838155 0.6207765 0.016430803
vn 0.0075650164 0.99963474 0.02594563
vn 0.0075650164 0.99963474 0.025945628
vn 0.0075650164 0.99963474 0.02594563
vn 0.007565016 0.99963474 0.025945628
vn -0 1 2.0867763e-07
vn -0 1 2.086776e-07
vn 0.0046772216 0.99969614 0.02420385
vn 0.0005553941 0.9997991 0.020037996
vn 0.0005553941 0.9997991 0.020037996
vn 0.0005553941 0.9997991 0.020037996
vn 0.004677221 0.99969614 0.024203852
vn -0.005643424 0.99966705 0.025176676
vn 0.015539529 0.9995964 0.023782562
vn 0.5441083 0.8390127 -0.0019918815
vn 0.5438976 0.8391499 -0.0017051803
vn 0.54767746 0.8366614 -0.0068644094
vn 0.5426308 0.83997124 1.6119271e-05
vn 0.6058431 0.47971463 0.63468736
vn 0.6058431 0.47971463 0.63468736
vn 0.6058431 0.4797147 0.63468736
vn -0.92146313 0.018961616 -0.3880029
vn -0.92146313 0.018961616 -0.3880029
vn -0.92146313 0.018961616 -0.3880029
vn -0.92075354 0.03650434 -0.38843325
vn -1 0 2.5513666e-06
vn -0.9252435 0.05024175 0.3760322
vn -0.9252445 0.050241094 0.37602985
vn -1 0 -7.391811e-07
vn -0.93308306 5.466369e-06 -0.359661
vn -0.9330819 5.4664088e-06 -0.3596638
vn -0.99522 0.08625123 0.045803126
vn -0.9883636 0.08964917 0.12288309
vn -0.8275245 8.308143e-06 -0.56142956
vn -0.8275245 8.308143e-06 -0.56142956
vn 0.99450195 -0.00077829644 -0.10471493
vn 0.95756584 0 -0.28821483
vn 0.95756584 0 -0.28821483
vn 0.9946144 -0.0007876319 -0.103640996
vn 0.90045875 0 -0.43494144
vn 0.90045875 0 -0.43494144
vn 0.9819288 -0.0032605808 0.18922281
vn 0.9819288 -0.003260581 0.18922281
vn -0.6824069 0 -0.73097247
vn -0.6824069 0 -0.73097247
vn -0.68240684 0 -0.7309725
vn -0.6824069 0 -0.73097247
vn 0.66741157 0 -0.74468905
vn 0.66741157 0 -0.74468905
vn 0.6674116 0 -0.744689
vn 0.6674116 0 -0.744689
vn 0.66741157 0 -0.74468905
vn 0.6674116 0 -0.744689
vn 1 0 0
vn 1 0 0
vn 1 0 0
vn 1 0 0
vn 0.6646128 0 -0.7471879
vn 0.66461277 0 -0.7471879
vn 0.6646128 0 -0.74718803
vn 0.6646128 0 -0.74718803
vn 1 0 2.968047e-05
vn 1 0 1.4493393e-05
vn 1 0 1.4508275e-05
vn 1 0 2.968047e-05
vn 1 0 1.3554175e-05
vn 1 0 1.3554178e-05
vn -0.40824068 0.8973066 -0.16787028
vn -0.74038833 0.6158684 -0.2693163
vn -0.7083417 0.62329024 -0.33130243
vn -0.26941496 0.94415843 -0.18968493
vn -0.34545383 0.9154476 -0.20643944
vn -0.6967039 0.61025393 -0.37708583
vn -0.93111575 0.15021864 -0.33235183
vn -0.8712259 0.14176403 -0.46996635
vn -0.9018127 0.15716793 -0.40253225
vn -0.24446933 0.95659596 -0.15861568
vn -0.2444693 0.95659596 -0.15861568
vn -0.48810807 0.68360597 -0.54261714
vn -0.69672585 0.1617265 -0.69886893
vn -0.17939335 0.94869643 -0.26037103
vn -0.64929616 0.098483406 -0.75413233
vn -0.45305333 0.65398353 -0.6058451
vn -0.12221614 0.97988814 -0.15774108
vn -0.11371083 0.97722965 -0.17914243
vn -0.8801148 1.7937965e-06 -0.47476104
vn -0.94154376 4.087731e-07 -0.33689055
vn -0.91471064 -0.007382724 -0.40404218
vn -0.7064905 -0.03166239 -0.7070139
vn -0.65373945 -0.046670932 -0.75527906
vn -0.21725531 0.88126785 -0.4197226
vn -0.59151447 0.72812855 0.34632266
vn -0.56925863 0.7276117 0.38278684
vn 0.3042578 0.82179976 0.48173895
vn 0.2177018 0.840701 0.49581006
vn 0.5400274 0.7298251 0.4191966
vn 0.5400274 0.729825 0.4191966
vn -0.82152915 0.57012266 -0.007066702
vn -0.8328879 0.5531664 -0.017456356
vn -0.59151447 0.72812855 0.34632266
vn -0.9826685 0.14820233 -0.111349076
vn -0.98677516 0.11516896 -0.11406551
vn -0.8328879 0.5531664 -0.017456356
vn -0.99247193 3.0632848e-06 -0.12247184
vn -0.99247193 3.063284e-06 -0.12247183
vn 0.9981791 -0.05462893 -0.025578849
vn 0.9981791 -0.05462894 -0.02557885
vn 0.9981791 -0.05462894 -0.02557885
vn 0.9981791 -0.054628935 -0.02557885
vn 0.70581967 0.70836836 -0.005733191
vn 0.70581967 0.70836836 -0.005733191
vn 0.59776485 0.76728714 0.23226644
vn 0.60085875 0.7665191 0.22675377
vn 0.5831261 0.7817614 0.22093669
vn 0.57169497 0.7811512 0.25093383
vn 0.6697686 0.72935337 -0.13947691
vn 0.78715265 0 0.61675817
vn 0.78715265 0 0.61675817
vn 0.78715265 0 0.61675817
vn 0.78715265 0 0.61675817
vn 0.82662064 -0.043876726 0.56104654
vn 0.82662064 -0.043876734 0.56104654
vn 0.82662064 -0.043876726 0.5610465
vn 0.82662064 -0.043876726 0.5610465
vn -0.31851348 0.94791824 0.0005752542
vn -0.34040147 0.9388885 -0.05114067
vn 0.20374727 -0.96902037 0.13959432
vn 0.20374727 -0.96902037 0.13959429
vn 0.20374727 -0.96902037 0.13959432
vn 0.20374727 -0.96902037 0.13959432
vn 0.18219423 -0.9831609 0.014134887
vn 0.18219426 -0.9831609 0.0141348895
vn 0.18219423 -0.9831609 0.0141348895
vn 0.87094384 -0.0035804703 0.49136943
vn 0.87094384 -0.0035804703 0.49136943
vn 0.87094384 0.0035804866 0.49136958
vn 0.87094384 0.0035804862 0.49136958
vn 0.6328832 0.011739011 -0.7741583
vn 0.64260846 -0.018183907 -0.765979
vn 0.6370682 -0.01504806 -0.7706606
vn 0.6140936 0 -0.78923327
vn 0.6460594 0.016129768 -0.76311666
vn 0.44100508 -0.86656487 0.23362328
vn 0.44100514 -0.86656487 0.23362328
vn 0.44100514 -0.86656487 0.23362331
vn 0.44100514 -0.86656487 0.23362331
vn 0.77330714 -0.0017598331 0.6340291
vn 0.77330726 -0.0017598333 0.63402915
vn 0.77330714 -0.0017598328 0.6340291
vn 0.77330714 -0.0017598331 0.6340291
vn 0.07275927 0.9749442 0.21021384
vn 0.08807798 0.97319645 0.21244064
vn 0.28832868 0.9277477 0.23696113
vn 0.062677115 0.9759645 0.20872186
vn 0.19785562 -0.00013502296 0.9802311
vn 0.19785562 -0.00013502294 0.9802311
vn 0.19785564 -0.00013502296 0.9802311
vn 0.19785562 -0.00013502294 0.9802311
vn -0.46170497 0.5503537 0.69565755
vn -9.698458e-06 -1 0
vn -9.698459e-06 -1 0
vn -9.6984595e-06 -1 0
vn -9.698459e-06 -1 0
vn -3.0805109e-06 -1 -2.0071484e-06
vn -0.0019967984 0.999997 0.0014145244
vn -0.0019967984 0.999997 0.0014145244
vn -0.0019967987 0.999997 0.0014145245
vn -0.0019967984 0.999997 0.0014145244
vn 0.37357417 0.9263922 0.047327586
vn 0.16224393 0.98674077 0.004421598
vn 0.38307214 0.92328423 -0.028316855
vn 0.36485982 0.92692477 -0.087680146
vn 0.33546773 0.9420061 -0.009261929
vn 0.24776003 0.9685218 0.024095003
vn 0.38138884 0.92436635 0.009458403
vn 0.24473743 0.96679294 0.07358746
vn 0.17615987 0.98413056 0.021327078
vn 0.2496712 0.967607 0.03742856
vn 0.8977705 0.43912625 -0.03429583
vn 0.9019176 0.38484424 -0.1960602
vn 0.91532505 0.4022182 0.020013789
vn 0.9316812 0.3598861 -0.04951808
vn 0.918021 0.36362353 0.15816227
vn 0.8693105 0.43428057 0.23600772
vn 0.7284065 0.6749665 0.11766125
vn 0.47269216 0.85879904 -0.19755097
vn 0.85531306 0.37225 0.36037412
vn 0.36281008 0.9204346 0.1454956
vn 0.1204228 0.99190485 0.040287435
vn 0.8693105 0.43428057 0.23600772
vn 0.95756245 -0.14594544 0.24854404
vn 0.9871524 -0.15819678 0.022447942
vn 0.91532505 0.4022182 0.020013789
vn 0.9873963 -0.15826695 0.0004056518
vn 0.8977705 0.43912625 -0.03429583
vn 0.9653751 -0.1668809 -0.20050336
vn 0.9019176 0.38484424 -0.1960602
vn 0.9829076 -0.17737037 -0.04931946
vn 0.9316812 0.3598861 -0.04951808
vn 0.96330583 -0.20512213 0.17310885
vn 0.918021 0.36362353 0.15816227
vn 0.9610745 0.16149841 0.22417398
vn 0.7284065 0.6749665 0.11766125
vn 0.9514956 0.19582699 -0.23729293
vn 0.47269216 0.85879904 -0.19755097
vn 0.9628932 0.10506173 -0.24859327
vn 0.9628932 -0.105061725 -0.24859327
vn 0.9628932 -0.10506174 -0.24859327
vn 0.9628932 0.10506173 -0.24859327
vn 0.85531306 0.37225 0.36037412
vn 0.89458144 -0.23816691 0.37815425
vn 0.94870394 0.11124188 -0.2959496
vn 0.9510932 0.11972095 -0.28476083
vn 0.9638696 0.19470027 -0.18178873
vn 0.9638696 0.19470026 -0.18178876
vn 0.9195591 -0.036077116 -0.39129215
vn 0.9195591 -0.03607712 -0.39129215
vn 0.81842774 0.10863837 -0.56424606
vn 0.81842786 0.108638376 -0.56424606
vn 0.81842774 -0.108642 -0.5642455
vn 0.8184277 -0.108642 -0.5642455
vn 0.22628438 -0.9617883 -0.15413867
vn 0.2262844 -0.9617883 -0.15413867
vn 0.22628438 -0.9617883 -0.15413868
vn 0.2262844 -0.9617883 -0.15413868
vn 0.1587531 0.020433046 -0.98710686
vn 0.15875308 0.020433042 -0.98710686
vn 0.1587531 0.020433044 -0.98710686
vn 0.15875308 0.020433044 -0.98710686
vn 0.17202958 0.9494244 -0.26267698
vn 0.17202958 0.9494244 -0.26267698
vn 0.1720296 0.9494244 -0.262677
vn 0.17202958 0.9494244 -0.262677
vn -0.49336255 -0.35397062 -0.79454273
vn -0.49336255 -0.35397068 -0.79454273
vn -0.49336255 -0.35397062 -0.79454273
vn -0.52344257 -0.0077967867 -0.8520253
vn -0.5234239 -0.008115628 -0.85203373
vn -0.5222474 -0.026652025 -0.8523775
vn -0.52344257 -0.0077967867 -0.8520253
vn -0.51750356 -0.08355454 -0.8515918
vn 0.12301973 0.99029654 0.064644486
vn 0.12301973 0.99029654 0.06464449
vn 0.12301973 0.99029654 0.06464449
vn 0.12301971 0.99029654 0.06464449
vn 0.017236894 0.9499082 -0.31205323
vn 1.7116461e-05 0.8535188 -0.52106214
vn 1.7116463e-05 0.8535188 -0.52106214
vn 0.01297738 0.93037283 -0.36638507
vn 0.021538144 0.96505076 -0.26117647
vn 0.021317733 0.96521086 -0.26060224
vn 0.022584144 0.9713098 -0.23674287
vn -0.006445853 0.9744441 -0.22453761
vn 0.8684743 -0.00019412363 0.49573416
vn 0.8684743 -0.0001941236 0.49573416
vn 0.8684743 -0.00019412363 0.49573418
vn 0.868457 -0.0001330478 0.4957644
vn 0.5250701 0 0.85105896
vn 0.5250699 0 0.851059
vn 0.5250699 0 0.851059
vn 0.5250699 0 0.85105914
vn 0.5250699 0 0.85105914
vn 0.9432278 0 0.33214656
vn 0.9432277 0 0.33214656
vn 0.9432278 0 0.33214656
vn 0.9432277 0 0.33214658
vn 0.16401652 -0.9464177 0.2781946
vn 0.16390142 -0.94642675 0.27823156
vn 0.12495438 -0.9486902 0.29047096
vn 0.12495438 -0.9486902 0.29047096
vn 0.29468623 -0.9267606 0.23296975
vn 0.29468623 -0.9267606 0.23296975
vn 0.27315602 0.93437016 0.22877567
vn 0.27315605 0.93437016 0.22877567
vn 0.27315602 0.93437016 0.22877567
vn 0.27315608 0.93437016 0.22877567
vn 0.6122232 0 0.790685
vn 0.6122232 0 0.790685
vn 0.61222327 0 0.79068494
vn 0.6122232 0 0.790685
vn -0.71280324 0.51022243 -0.4812324
vn -0.7128032 0.5102225 -0.48123235
vn -0.7128032 0.5102225 -0.4812324
vn -0.7128032 0.5102224 -0.4812324
vn 0.11456106 0.43246126 0.894345
vn 0.11456103 0.43246126 0.894345
vn 0.11456103 0.43246126 0.894345
vn 0.11456105 0.43246126 0.89434505
vn -0.8857925 0.46402964 0.0069491356
vn -0.8857925 0.46402964 0.0069491365
vn -0.8857925 0.46402964 0.0069491356
vn -0.8857925 0.46402964 0.0069491365
vn -0.9999002 0 0.014123505
vn -0.9999002 0 0.014123505
vn -0.9999002 0 0.014123505
vn -0.9999002 0 0.014123505
vn -0.83331466 0.012049026 -0.55266756
vn -0.8333148 0.01204903 -0.55266756
vn -0.83331466 0.012049026 -0.55266756
vn -0.83331466 0.012049028 -0.55266756
vn 9.635723e-07 1 0
vn 9.635725e-07 1 0
vn 9.635723e-07 1 0
vn 9.635723e-07 1 0
vn -1.5019684e-07 1 0
vn 1.522498e-07 1 0
vn 1.6274663e-06 1 0
vn 1.6274665e-06 1 0
vn 1.6274664e-06 1 0
vn 1.6274664e-06 1 0
vn -0 1 0
vn 0.6995998 0.37126133 0.61051214
vn 0.6995998 0.37126136 0.61051214
vn 0.69959986 0.37126136 0.61051214
vn 0.6995999 0.37126136 0.61051214
vn 0.6008034 1.03177946e-07 -0.7993968
vn 0.6008034 1.03177946e-07 -0.7993968
vn 0.60080343 1.03177946e-07 -0.7993968
vn 0.6008035 1.0317794e-07 -0.79939675
vn 0.5276158 0.47259918 -0.70588356
vn 0.5276158 0.47259915 -0.70588356
vn 0.5276158 0.47259915 -0.70588356
vn 0.5276158 0.4725991 -0.70588356
vn -0.6240832 0.50116813 0.5994585
vn -0.6240832 0.5011682 0.5994586
vn -0.6240832 0.5011681 0.5994586
vn -0.6240832 0.50116813 0.5994586
vn 0.90014714 0.4340453 -0.03660383
vn 0.900147 0.4340453 -0.036603827
vn 0.900147 0.43404534 -0.03660383
vn 0.900147 0.4340453 -0.036603827
vn 0.9993839 0 -0.035096277
vn 0.9993839 0 -0.035096277
vn 0.9993839 0 -0.035096277
vn 0.9993839 0 -0.035096277
vn -0.64115995 0.37948054 0.66701454
vn -0.64115995 0.37948054 0.66701454
vn -0.64115995 0.37948054 0.66701454
vn -0.64115995 0.37948054 0.66701454
vn -0.8756715 0.34441966 -0.33848864
vn -0.8756715 0.3444197 -0.33848864
vn -0.8756715 0.3444197 -0.33848864
vn -0.8756715 0.34441966 -0.33848864
vn -0.6569082 0.4238594 0.62355024
vn -0.65690815 0.4238594 0.6235502
vn -0.6569082 0.42385942 0.62355024
vn -0.6569082 0.42385942 0.62355024
vn -0.7146786 0.41126674 -0.56576854
vn -0.71467865 0.4112667 -0.56576854
vn -0.7146786 0.41126674 -0.56576854
vn -0.7146786 0.41126674 -0.56576854
vn -0.78621536 0 -0.6179526
vn -0.78621536 0 -0.6179526
vn -0.78621536 0 -0.6179526
vn -0.7873774 -0.0008087778 -0.61647063
vn -0.7873774 -0.00080877787 -0.6164707
vn -0.12925799 0.81812733 0.56032133
vn -0.12925799 0.81812733 0.56032133
vn -0.12925799 0.81812733 0.56032133
vn -0.129258 0.81812733 0.5603214
vn 0.4340953 0.7891734 -0.43447274
vn 0.4340953 0.7891735 -0.43447268
vn 0.4340953 0.7891734 -0.43447274
vn 0.45863077 0.77573246 -0.43347082
vn 0.4590303 0.77071494 -0.44191596
vn 0.4590302 0.77071494 -0.44191593
vn 0.47300553 0.7580732 -0.4489884
vn 0.3800815 0.8315791 0.4049868
vn 0.38008153 0.8315791 0.4049868
vn 0.38008153 0.8315791 0.4049868
vn 0.3800815 0.8315791 0.4049868
vn 0.6928477 0 0.7210839
vn 0.6928478 0 0.7210839
vn 0.6928478 0 0.7210839
vn 0.6928477 0 0.7210839
vn -0.22756103 0 0.9737638
vn -0.22756103 0 0.9737638
vn -0.22756097 0 0.9737638
vn -0.22756097 0 0.9737638
vn -0 1 0
vn -0 1 0
vn -0 1 0
vn -0 1 0
vn -0 1 0
vn -0 1 0
vn -0.5755485 0.6812725 -0.4523402
vn -0.5755484 0.6812725 -0.45234025
vn -0.5755484 0.6812725 -0.45234016
vn -0.5755484 0.6812725 -0.4523402
vn -0.99999726 0 0.002357485
vn -0.9947942 0 0.101904616
vn -0.9947942 0 0.101904616
vn -0.99999726 0 0.002357485
vn -0.995398 0 -0.0958277
vn -0.995398 0 -0.0958277
vn -0.7744443 0.62778574 0.07823628
vn -0.7744443 0.62778574 0.078236274
vn -0.77108794 0.6367232 0.0026056715
vn -0.7687135 0.6390906 -0.025353134
vn -0.76025784 0.64275974 -0.09417005
vn -0.76025784 0.6427597 -0.09417007
vn 1.730045e-06 -1 -1.7481689e-06
vn 1.7300449e-06 -1 -1.7481688e-06
vn 1.730045e-06 -1 -1.7481689e-06
vn 1.2961151e-06 -1 1.269565e-07
vn -0 -1 -3.1112716e-06
vn -0 -1 -3.111272e-06
vn 1.7448148e-06 -1 -1.1696421e-06
vn -0 -1 0
vn -0 -1 0
vn 0.6569121 0.29134876 -0.6954009
vn 0.9091903 0.41635314 0.0048113465
vn 0.90883404 0.41564307 -0.0355186
vn 0.6569121 0.2913487 -0.6954009
vn 0.89881146 0.4135077 0.14542848
vn 0.89881146 0.4135077 0.1454285
vn 0.3286777 0.45267686 0.82888764
vn 0.3286777 0.45267686 0.82888764
vn 0.32867768 0.45267686 0.82888764
vn 0.32867768 0.4526768 0.82888764
vn 0.5793143 0.4609896 -0.6722228
vn 0.5793143 0.4609896 -0.6722228
vn 0.006711424 0.5484883 -0.83613133
vn -0.0024730696 0.5482749 -0.83629453
vn 0.006711424 0.5484883 -0.83613133
vn -0.5507931 0.44414195 -0.7066575
vn -0.55079305 0.44414195 -0.70665747
vn 0.9095737 0.4155427 -9.36603e-06
vn 0.9095737 0.41554266 -9.366029e-06
vn 0.9095737 0.41554266 -9.366029e-06
vn 0.9095737 0.4155427 -9.366028e-06
vn -0 1 0
vn -0 1 0
vn -0 1 0
vn -0 1 0
vn 1.8754159e-07 1 0
vn 1.8754159e-07 1 0
vn 1.8754157e-07 1 0
vn -0.9417483 0.33631834 -5.8228863e-05
vn -0.9417483 0.33631834 -5.822887e-05
vn -0.9417483 0.3363183 -5.8228863e-05
vn -0.9417483 0.33631834 -5.822887e-05
vn -0.4525645 0.6817705 -0.5747821
vn -0.45256442 0.6817705 -0.574782
vn -0.4525645 0.68177044 -0.574782
vn -0.4525645 0.6817705 -0.574782
vn -0.0027587886 0.6238916 0.78150606
vn -0.0027587884 0.62389165 0.78150594
vn -0.0027587884 0.62389165 0.781506
vn -0.76319695 0.6461659 -4.58542e-06
vn -0.763197 0.6461659 -4.58542e-06
vn -0.76319695 0.6461659 -4.5854204e-06
vn -0.76319695 0.6461661 -4.585421e-06
vn -1 0 7.311052e-05
vn -1 0 7.311052e-05
vn -1 0 7.311052e-05
vn -1 0 7.311052e-05
vn -0.62082934 0 -0.7839458
vn -0.6208292 0 -0.7839458
vn -0.62082934 0 -0.78394574
vn -0.62082934 0 -0.78394574
vn 1 0 -6.2870706e-05
vn 1 0 -6.2870706e-05
vn 1 0 -6.2870706e-05
vn 1 0 -6.2870706e-05
vn -0 1 0
vn -0 1 0
vn -0 1 0
vn -0 1 0
vn 0.8336593 0.5522791 -2.1624523e-05
vn 0.8336593 0.5522792 -2.1624523e-05
vn 0.8336593 0.5522791 -2.1624523e-05
vn 0.8336593 0.5522791 -2.1624523e-05
vn 0.55609715 -1.0633497e-06 0.8311173
vn -0.003530029 0 0.9999938
vn -0.0035300292 0 0.9999938
vn 0.5560864 -1.0633295e-06 0.83112454
vn 0.48915133 0.6472262 0.5846617
vn 0.4891513 0.64722615 0.5846618
vn 0.48915127 0.64722615 0.5846618
vn 0.4891512 0.64722615 0.5846618
vn 0.5560864 -1.0633295e-06 0.83112454
vn 0.6458717 -1.2336584e-06 0.7634459
vn 0.6458717 -1.2336584e-06 0.7634459
vn 0.55609715 -1.0633497e-06 0.8311173
vn -0.36052203 0.45777538 -0.8126904
vn -0.7532043 0.46561304 -0.46463737
vn -0.7263607 0.47020224 -0.5013084
vn -0.36052197 0.4577754 -0.8126904
vn -0.88267714 0.41599405 -0.21870069
vn -0.88267714 0.41599405 -0.2187007
vn -0.4044208 0.3674211 -0.8375235
vn -0.4044208 0.36742106 -0.83752346
vn -0.4044208 0.36742106 -0.83752346
vn -0.40442082 0.36742103 -0.83752346
vn 0.72799295 0.32484156 -0.60374194
vn 0.7279929 0.3248416 -0.603742
vn 0.7279929 0.3248416 -0.603742
vn 0.72799295 0.32484156 -0.60374194
vn 0.011379368 0.4938496 0.8694729
vn 0.011379368 0.4938496 0.8694729
vn 0.011379368 0.4938496 0.8694729
vn 0.011379368 0.4938496 0.8694729
vn -0.5882619 0.50850713 0.6287833
vn -0.58826196 0.5085071 0.6287833
vn -0.58826196 0.508507 0.62878335
vn -0.58826196 0.5085071 0.62878335
vn -0.7968218 0.0022021395 -0.6042104
vn -0.38918564 0 -0.92115927
vn -0.38918564 0 -0.92115927
vn -0.81836253 0.0023404371 -0.57469755
vn -0.98681694 0.0037348154 -0.1617978
vn -0.98681694 0.0037348152 -0.16179782
vn -0.4736548 0.07175797 -0.87778234
vn -0.47365478 0.07175796 -0.87778234
vn -0.47365487 0.07175797 -0.87778234
vn -0.4736548 0.071757965 -0.87778234
vn -0.94710165 0 -0.32093364
vn -0.94710165 0 -0.32093364
vn -0.94710165 0 -0.32093364
vn -0.94710165 0 -0.32093364
vn 0.78821194 0.045470275 -0.6137216
vn 0.78821194 0.045470275 -0.6137216
vn 0.78821194 0.045470275 -0.6137216
vn 0.78821194 0.04547028 -0.6137216
vn 1 0 0
vn 1 0 0
vn 1 0 0
vn 1 0 0
vn 0.8898853 0.45376995 -0.04687121
vn 0.8898854 0.4537699 -0.046871215
vn 0.8898854 0.45376995 -0.046871215
vn 0.8898854 0.4537699 -0.046871215
vn 1 -5.101888e-07 3.01429e-05
vn 1 -5.101887e-07 3.0142894e-05
vn 1 -5.101887e-07 3.0142895e-05
vn 1 -5.101887e-07 3.0142894e-05
vn 0.702525 0.3389981 -0.6257307
vn 0.702525 0.3389981 -0.6257307
vn 0.702525 0.33899814 -0.6257307
vn 0.7025249 0.33899814 -0.6257308
vn 0.7574771 0 -0.6528617
vn 0.7574771 0 -0.6528617
vn 0.7574771 0 -0.6528617
vn 0.7574771 0 -0.6528617
vn -0 1 0
vn 0.04149704 0.9979134 -0.049465884
vn -0 1 0
vn -0 1 0
vn 0.07542323 0.9930902 -0.08990705
vn 0.09135316 0.9896583 -0.11059427
vn 0.09126358 0.9896416 -0.11081671
vn 0.0839791 0.9881025 -0.12884432
vn 1.3342954e-07 1 0
vn 1.3342954e-07 1 0
vn 1.3342954e-07 1 0
vn 0.91033393 0.4138745 0
vn 0.91033393 0.41387454 0
vn 0.91033393 0.4138745 0
vn 0.91033393 0.4138745 0
vn -0.7698783 0.5878542 -0.24842489
vn -0.76987827 0.58785427 -0.24842489
vn -0.76987827 0.58785427 -0.24842489
vn -0.76987827 0.5878542 -0.24842484
vn -0.6816154 0 0.73171055
vn -0.6816154 0 0.73171055
vn -0.6816154 0 0.73171055
vn -0.6816154 0 0.73171055
vn -0 0 1
vn -0 0 1
vn -0 0 1
vn -0 0 1
vn -0.4958405 0.5760687 -0.64983624
vn -0.49584046 0.57606864 -0.6498362
vn -0.49584046 0.57606864 -0.6498362
vn -0.49584052 0.57606876 -0.6498362
vn 9.496392e-07 0.45776346 0.889074
vn 9.496392e-07 0.45776352 0.889074
vn 9.496392e-07 0.45776352 0.889074
vn 9.496391e-07 0.45776343 0.8890741
vn -0.8863127 0.4630873 0
vn -0.8863127 0.46308723 0
vn -0.8863127 0.4630873 0
vn -0.88631266 0.46308732 0
vn -1 0 0
vn -1 0 0
vn -1 0 0
vn -1 0 0
vn -0.60520375 0 -0.79607064
vn -0.60520375 0 -0.79607064
vn -0.60520375 0 -0.79607064
vn -0.60520375 0 -0.79607064
vn -0 1 0
vn -0 1 0
vn -0 1 0
vn -0 1 0
vn -0 1 0
vn 0.90939856 0.41592568 3.56334e-05
vn 0.90939856 0.41592568 3.56334e-05
vn 0.90939856 0.41592568 3.56334e-05
vn 0.90939856 0.41592574 3.56334e-05
vn 0.61074847 0 -0.7918246
vn 0.61074847 0 -0.7918246
vn 0.61074847 0 -0.7918246
vn 0.61074847 0 -0.7918246
vn 0.4995863 0.5658958 -0.65587765
vn 0.49958628 0.56589586 -0.6558776
vn 0.49958637 0.5658958 -0.6558776
vn 0.4995863 0.5658958 -0.6558776
vn -0.59007406 0.524982 0.61335677
vn -0.75737536 0.65245837 0.026087627
vn -0.7564529 0.6522809 0.048048846
vn -0.59007406 0.524982 0.61335677
vn -0.75737536 0.65245837 0.026087627
vn -0.75799555 0.65225965 6.4834494e-06
vn -0.75799555 0.65225977 6.4834494e-06
vn -1.5913562e-05 0.6126891 -0.790324
vn -1.5913562e-05 0.6126891 -0.790324
vn -1.5913565e-05 0.61268914 -0.7903241
vn -1.5913562e-05 0.6126891 -0.790324
vn -0.5027365 0.77110034 0.39071763
vn -0.50273657 0.7711003 0.39071766
vn -0.50273645 0.77110034 0.39071763
vn -0.7369734 0.67592174 -7.721456e-05
vn -0.7369734 0.67592174 -7.721456e-05
vn -0.7369734 0.67592174 -7.721456e-05
vn -0.7369734 0.67592174 -7.721456e-05
vn 1 0 9.585958e-06
vn 1 0 9.585958e-06
vn 1 0 9.585958e-06
vn 1 0 9.585958e-06
vn -0 1 0
vn -0 1 0
vn -0 1 0
vn -0 1 0
vn -0 1 0
vn -0 1 0
vn 0.8127635 0.5825937 7.6457845e-06
vn 0.8127635 0.5825937 7.645783e-06
vn 0.8127635 0.5825937 7.645784e-06
vn 0.8127635 0.5825937 7.645784e-06
vn 0.37420148 0.6725717 0.6384516
vn 0.3742015 0.67257184 0.6384516
vn 0.3742015 0.67257184 0.6384516
vn 0.3742015 0.67257184 0.6384516
vn 0.5200387 0 0.85414267
vn 0.5200387 0 0.85414267
vn 0.5200387 0 0.85414267
vn 0.5200387 0 0.85414267
vn -1.4054869e-07 -1 0
vn -1.405487e-07 -1 0
vn -1.4054869e-07 -1 0
vn -0 -1 0
vn -0 -1 0
vn -0 -1 0
vn -0 -1 0
vn -0 -1 0
vn -0.0021534632 0.99999285 0.0031217462
vn -0.0021534632 0.99999285 0.003121747
vn -0.0021534632 0.99999285 0.0031217465
vn -0.0021534632 0.99999285 0.0031217465
vn 0.7128622 0.004873034 -0.7012872
vn 0.71286225 0.0048730345 -0.70128715
vn 0.71286225 0.0048730345 -0.70128715
vn 0.7128622 0.0048730345 -0.7012872
vn 0.7389006 2.0372585e-07 0.6738145
vn 0.73890054 2.0372586e-07 0.6738145
vn 0.73890054 2.0372588e-07 0.6738145
vn 0.7389006 2.0372585e-07 0.6738144
vn -7.963633e-05 -1 -1.0932621e-05
vn -7.963634e-05 -1 -1.093262e-05
vn -7.963633e-05 -1 -1.093262e-05
vn -7.963633e-05 -1 -1.0932618e-05
vn -0.0002744446 0.9259354 -0.37768182
vn -0.0002744446 0.9259354 -0.37768182
vn -0.0002744446 0.9259354 -0.3776818
vn -0.0002744446 0.9259354 -0.37768182
vn -0.79002523 0.6031587 -0.10981693
vn -0.8928504 0.45019686 -0.011872676
vn 0.8149191 0.5757304 -0.06664358
vn 0.87537414 0.483417 -0.0052969693
vn 0.8799455 0.4750745 1.0556695e-05
vn 0.8799455 0.4750745 1.0556696e-05
vn -0.9026465 0.43038282 0
vn -0.9026465 0.43038276 0
vn 6.9450545e-07 0.72306746 0.6907774
vn 6.9450545e-07 0.7230674 0.69077754
vn 6.9450533e-07 0.7230674 0.6907774
vn 6.9450533e-07 0.7230674 0.6907774
vn -0.9991757 0 -0.040593244
vn -0.9991757 0 -0.040593244
vn -0.83944714 0 -0.5434414
vn -0.83944714 0 -0.5434414
vn -0.0012169613 0 -0.9999993
vn -0.0012169613 0 -0.9999993
vn -0.0012169613 0 -0.9999993
vn -0.0012169613 0 -0.9999993
vn 0.945346 0 -0.3260689
vn 0.9997087 0 -0.024133118
vn 0.9997087 0 -0.024133118
vn 0.945346 0 -0.3260689
vn 1 0 1.116592e-05
vn 1 0 1.116592e-05
vn -0 1 0
vn -0 1 0
vn -0 1 0
vn -0 1 0
vn -0 1 0
vn -0 1 0
vn -0 1 0
vn 1.4272908e-06 0 1
vn 1.4272908e-06 0 1
vn 1.4272908e-06 0 1
vn 1.4272908e-06 0 1
vn -1 0 0
vn -0.9991757 0 -0.040593244
vn -0.9991757 0 -0.040593244
vn -1 0 0
vn 0.8717507 0 0.48994964
vn 0.8717507 0 0.48994964
vn 0.8717507 0 0.48994964
vn 0.8717507 0 0.48994964
vn 0.6838022 0.6149094 0.3928117
vn 0.68380225 0.6149094 0.3928117
vn 0.68380225 0.61490935 0.3928117
vn 0.68380225 0.6149094 0.3928117
vn -0 -1 0
vn -0 -1 0
vn -0 -1 0
vn -0 -1 0
vn -0 -1 0
vn -0 -1 0
vn -0 -1 0
vn 0.18527478 0.83194345 0.5230137
vn -6.3808955e-07 0.7788242 -0.6272422
vn -5.779836e-07 0.7788242 -0.6272422
vn -0.67448026 0.38941795 -0.62724006
vn -0.6744843 0.38941076 -0.62724006
vn -0.67448395 -0.38941622 -0.62723714
vn -0.6744856 -0.38941315 -0.62723714
vn -0.6744856 -0.38941315 -0.62723714
vn -0.67448395 -0.38941622 -0.62723714
vn 4.8647057e-06 -0.77882504 -0.62724125
vn -3.3659308e-06 -0.77882504 -0.62724125
vn -3.3659308e-06 -0.77882504 -0.62724125
vn 4.8647057e-06 -0.77882504 -0.62724125
vn 0.6744792 -0.38941133 -0.62724525
vn 0.67447877 -0.38941202 -0.62724525
vn 0.67447877 -0.38941202 -0.62724525
vn 0.6744792 -0.38941133 -0.62724525
vn 0.67448026 0.38941243 -0.62724346
vn 0.6744807 0.38941172 -0.6272434
vn -5.779836e-07 0.7788242 -0.6272422
vn -6.3808955e-07 0.7788242 -0.6272422
vn -0 0 -1
vn -0 0 -1
vn -0 0 -1
vn -0 0 -1
vn -0 0 -1
vn -0 0 -1
vn -0 0 -1
vn -0.6620416 0 0.7494671
vn -0.6620416 0 0.7494671
vn -0.6620416 0 0.7494671
vn -0.6620416 0 0.7494671
vn 0.66204536 0 0.7494638
vn 0.66204536 0 0.7494638
vn 0.66204536 0 0.7494638
vn 0.66204536 0 0.7494638
vn 4.399092e-07 -0.99969554 -0.024672905
vn -9.763614e-07 -1 0
vn 0.4959481 -0.8681503 -0.018721888
vn 0.88750637 -0.46064273 -0.011865408
vn 0.88750637 -0.46064273 -0.011865408
vn 0.88750637 0.46064273 -0.011865445
vn 0.88750637 0.46064273 -0.011865445
vn -0.49594793 -0.86815035 -0.018722745
vn -9.763614e-07 -1 0
vn 4.399092e-07 -0.99969554 -0.024672905
vn -0.88750666 -0.46064225 -0.011865951
vn -0.88750666 -0.46064225 -0.011865951
vn -0.88750666 0.46064225 -0.011865934
vn -0.88750666 0.46064225 -0.011865934
vn 4.399092e-07 0.99969554 -0.02467293
vn -9.17188e-07 1 0
vn -0.495948 0.86815035 -0.018722715
vn -0.88750666 0.46064225 -0.011865934
vn -0.88750666 0.46064225 -0.011865934
vn 0.49594817 0.8681503 -0.01872195
vn -9.17188e-07 1 0
vn 4.399092e-07 0.99969554 -0.02467293
vn 0.88750637 0.46064273 -0.011865445
vn 0.88750637 0.46064273 -0.011865445
vn -0 0 1
vn -0 0 1
vn -0 0 1
vn -0 0 1
vn -0 0 1
vn -0 0 1
vn -0 0 1
vn -0 0 1
vn -7.338032e-07 0.77882403 -0.6272424
vn -6.5023175e-07 0.77882415 -0.6272423
vn -0.67448026 0.38941795 -0.62724006
vn -0.6744843 0.38941076 -0.62724006
vn -0.67448395 -0.38941622 -0.62723714
vn -0.6744856 -0.38941315 -0.62723714
vn -0.6744856 -0.38941315 -0.62723714
vn -0.67448395 -0.38941622 -0.62723714
vn 4.8165407e-06 -0.77882504 -0.6272412
vn -3.413788e-06 -0.77882504 -0.6272412
vn -3.413788e-06 -0.77882504 -0.6272412
vn 4.8165407e-06 -0.77882504 -0.6272412
vn 0.67447925 -0.38941148 -0.6272452
vn 0.6744788 -0.3894121 -0.6272452
vn 0.6744788 -0.3894121 -0.6272452
vn 0.67447925 -0.38941148 -0.6272452
vn 0.67448044 0.38941216 -0.6272435
vn 0.6744808 0.38941142 -0.6272434
vn -6.5023175e-07 0.77882415 -0.6272423
vn -7.338032e-07 0.77882403 -0.6272424
vn -0 0 -1
vn -0 0 -1
vn -0 0 -1
vn -0 0 -1
vn -0 0 -1
vn -0 -1.4755375e-07 -1
vn -0 -1.4755251e-07 -1
vn -0.6620416 0 0.7494671
vn -0.6620416 0 0.7494671
vn -0.6620416 0 0.7494671
vn -0.6620416 0 0.7494671
vn 0.66204536 0 0.7494638
vn 0.66204536 0 0.7494638
vn 0.66204536 0 0.7494638
vn 0.66204536 0 0.7494638
vn 4.9856374e-07 -0.99969554 -0.024672905
vn -9.467747e-07 -1 0
vn 0.4959481 -0.8681503 -0.018721888
vn 0.88750637 -0.46064278 -0.011865409
vn 0.88750637 -0.46064278 -0.011865409
vn 0.88750637 0.46064278 -0.011865444
vn 0.88750637 0.46064278 -0.011865444
vn -0.49594793 -0.86815035 -0.018722745
vn -9.467747e-07 -1 0
vn 4.9856374e-07 -0.99969554 -0.024672905
vn -0.88750666 -0.46064225 -0.011865951
vn -0.88750666 -0.46064225 -0.011865951
vn -0.88750654 0.46064228 -0.011865934
vn -0.88750654 0.46064228 -0.011865934
vn 4.1058186e-07 0.99969554 -0.024672925
vn -8.876013e-07 1 0
vn -0.49594793 0.86815035 -0.018722713
vn -0.88750654 0.46064228 -0.011865934
vn -0.88750654 0.46064228 -0.011865934
vn 0.4959481 0.8681503 -0.018721944
vn -8.876013e-07 1 0
vn 4.1058186e-07 0.99969554 -0.024672925
vn 0.88750637 0.46064278 -0.011865444
vn 0.88750637 0.46064278 -0.011865444
vn -0 0 1
vn -0 0 1
vn -0 0 1
vn -0 0 1
vn -0 0 1
vn -0 0 1
vn -0 0 1
vn -0 0 1
vn -6.859473e-07 0.77882355 -0.6272431
vn -6.2614987e-07 0.77882355 -0.6272431
vn -0.67448044 0.38941705 -0.62724024
vn -0.67448467 0.38940996 -0.6272403
vn -0.67448413 -0.38941568 -0.6272372
vn -0.67448586 -0.3894127 -0.62723726
vn -0.67448586 -0.3894127 -0.62723726
vn -0.67448413 -0.38941568 -0.6272372
vn 4.7683816e-06 -0.7788248 -0.6272415
vn -3.493554e-06 -0.77882487 -0.6272415
vn -3.493554e-06 -0.77882487 -0.6272415
vn 4.7683816e-06 -0.7788248 -0.6272415
vn 0.6744793 -0.38941112 -0.6272452
vn 0.6744789 -0.38941184 -0.62724525
vn 0.6744789 -0.38941184 -0.62724525
vn 0.6744793 -0.38941112 -0.6272452
vn 0.67448056 0.3894117 -0.6272436
vn 0.67448103 0.3894109 -0.62724364
vn -6.2614987e-07 0.77882355 -0.6272431
vn -6.859473e-07 0.77882355 -0.6272431
vn -0 0 -1
vn -0 0 -1
vn -0 0 -1
vn -0 -1.4377706e-07 -1
vn -0 -1.4377811e-07 -1
vn -0 0 -1
vn -0 0 -1
vn -0.6620416 0 0.7494671
vn -0.6620416 0 0.7494671
vn -0.6620416 0 0.7494671
vn -0.6620416 0 0.7494671
vn 0.66204536 0 0.7494638
vn 0.66204536 0 0.7494638
vn 0.66204536 0 0.7494638
vn 0.66204536 0 0.7494638
vn 4.9856357e-07 -0.99969554 -0.024672901
vn -9.76361e-07 -1 0
vn 0.49594793 -0.86815035 -0.018721884
vn 0.88750625 -0.46064293 -0.011865409
vn 0.88750625 -0.46064293 -0.011865409
vn 0.88750625 0.46064293 -0.011865442
vn 0.88750625 0.46064293 -0.011865442
vn -0.4959478 -0.8681505 -0.01872274
vn -9.76361e-07 -1 0
vn 4.9856357e-07 -0.99969554 -0.024672901
vn -0.88750654 -0.46064228 -0.011865949
vn -0.88750654 -0.46064228 -0.011865949
vn -0.88750654 0.46064228 -0.01186593
vn -0.88750654 0.46064228 -0.01186593
vn 5.2789085e-07 0.99969554 -0.024672912
vn -9.1718755e-07 1 0
vn -0.49594772 0.86815053 -0.018722711
vn -0.88750654 0.46064228 -0.01186593
vn -0.88750654 0.46064228 -0.01186593
vn 0.49594793 0.86815035 -0.018721938
vn -9.1718755e-07 1 0
vn 5.2789085e-07 0.99969554 -0.024672912
vn 0.88750625 0.46064293 -0.011865442
vn 0.88750625 0.46064293 -0.011865442
vn -0 0 1
vn -0 0 1
vn -0 0 1
vn -0 0 1
vn -0 0 1
vn -0 0 1
vn -0 0 1
vn -0 0 1
vn -5.902337e-07 0.77882344 -0.6272432
vn -5.057364e-07 0.77882344 -0.6272432
vn -0.67448044 0.38941705 -0.62724024
vn -0.67448467 0.38940996 -0.6272403
vn -0.6744841 -0.38941592 -0.62723726
vn -0.6744858 -0.3894129 -0.62723726
vn -0.6744858 -0.3894129 -0.62723726
vn -0.6744841 -0.38941592 -0.62723726
vn 4.6720443e-06 -0.7788249 -0.6272414
vn -3.5733103e-06 -0.778825 -0.62724125
vn -3.5733103e-06 -0.778825 -0.62724125
vn 4.6720443e-06 -0.7788249 -0.6272414
vn 0.6744792 -0.38941157 -0.6272451
vn 0.67447877 -0.3894122 -0.6272451
vn 0.67447877 -0.3894122 -0.6272451
vn 0.6744792 -0.38941157 -0.6272451
vn 0.67448056 0.38941148 -0.6272437
vn 0.67448103 0.38941076 -0.62724376
vn -5.057364e-07 0.77882344 -0.6272432
vn -5.902337e-07 0.77882344 -0.6272432
vn -0 0 -1
vn -0 0 -1
vn -0 0 -1
vn -0 0 -1
vn -0 0 -1
vn -0 0 -1
vn -0 0 -1
vn -0.6620416 0 0.7494671
vn -0.6620416 0 0.7494671
vn -0.6620416 0 0.7494671
vn -0.6620416 0 0.7494671
vn 0.66204536 0 0.7494638
vn 0.66204536 0 0.7494638
vn 0.66204536 0 0.7494638
vn 0.66204536 0 0.7494638
vn 4.692362e-07 -0.99969554 -0.024672894
vn -9.76361e-07 -1 0
vn 0.495948 -0.86815035 -0.018721886
vn 0.88750625 -0.4606428 -0.011865409
vn 0.88750625 -0.4606428 -0.011865409
vn 0.88750625 0.46064293 -0.011865442
vn 0.88750625 0.46064293 -0.011865442
vn -0.49594772 -0.86815053 -0.018722737
vn -9.76361e-07 -1 0
vn 4.692362e-07 -0.99969554 -0.024672894
vn -0.8875064 -0.4606424 -0.011865948
vn -0.8875064 -0.4606424 -0.011865948
vn -0.8875064 0.46064243 -0.011865932
vn -0.8875064 0.46064243 -0.011865932
vn 4.3990894e-07 0.99969554 -0.024672912
vn -9.1718755e-07 1 0
vn -0.4959478 0.8681505 -0.01872271
vn -0.8875064 0.46064243 -0.011865932
vn -0.8875064 0.46064243 -0.011865932
vn 0.49594793 0.86815035 -0.018721938
vn -9.1718755e-07 1 0
vn 4.3990894e-07 0.99969554 -0.024672912
vn 0.88750625 0.46064293 -0.011865442
vn 0.88750625 0.46064293 -0.011865442
vn -0 0 1
vn -0 0 1
vn -0 0 1
vn -0 0 1
vn -0 0 1
vn -0 0 1
vn -0 0 1
vn -0 0 1
vn -9.092788e-07 0.77882385 -0.62724274
vn -8.428938e-07 0.77882385 -0.6272427
vn -0.67448026 0.38941795 -0.62724006
vn -0.6744843 0.38941076 -0.62724006
vn -0.67448413 -0.38941568 -0.6272372
vn -0.67448586 -0.3894127 -0.62723726
vn -0.67448586 -0.3894127 -0.62723726
vn -0.67448413 -0.38941568 -0.6272372
vn 4.8887914e-06 -0.77882504 -0.62724125
vn -3.3659326e-06 -0.77882504 -0.62724125
vn -3.3659326e-06 -0.77882504 -0.62724125
vn 4.8887914e-06 -0.77882504 -0.62724125
vn 0.6744791 -0.38941184 -0.6272451
vn 0.67447865 -0.38941243 -0.62724507
vn 0.67447865 -0.38941243 -0.62724507
vn 0.6744791 -0.38941184 -0.6272451
vn 0.67448074 0.38941115 -0.6272437
vn 0.67448115 0.38941047 -0.62724364
vn -8.428938e-07 0.77882385 -0.6272427
vn -9.092788e-07 0.77882385 -0.62724274
vn -0 0 -1
vn -0 0 -1
vn -0 0 -1
vn -0 -1.9201043e-07 -1
vn -0 -1.9201185e-07 -1
vn -0 0 -1
vn -0 0 -1
vn -0.6620416 0 0.7494671
vn -0.6620416 0 0.7494671
vn -0.6620416 0 0.7494671
vn -0.6620416 0 0.7494671
vn 0.66204536 0 0.7494638
vn 0.66204536 0 0.7494638
vn 0.66204536 0 0.7494638
vn 0.66204536 0 0.7494638
vn 4.3990894e-07 -0.99969554 -0.024672894
vn -9.763614e-07 -1 0
vn 0.49594793 -0.86815035 -0.018721884
vn 0.88750625 -0.46064293 -0.011865409
vn 0.88750625 -0.46064293 -0.011865409
vn 0.88750625 0.46064293 -0.011865442
vn 0.88750625 0.46064293 -0.011865442
vn -0.4959478 -0.8681505 -0.01872274
vn -9.763614e-07 -1 0
vn 4.3990894e-07 -0.99969554 -0.024672894
vn -0.8875064 -0.4606424 -0.011865948
vn -0.8875064 -0.4606424 -0.011865948
vn -0.8875064 0.46064243 -0.011865931
vn -0.8875064 0.46064243 -0.011865931
vn 4.9856357e-07 0.99969554 -0.024672914
vn -9.17188e-07 1 0
vn -0.49594778 0.86815053 -0.018722711
vn -0.8875064 0.46064243 -0.011865931
vn -0.8875064 0.46064243 -0.011865931
vn 0.49594793 0.86815035 -0.018721938
vn -9.17188e-07 1 0
vn 4.9856357e-07 0.99969554 -0.024672914
vn 0.88750625 0.46064293 -0.011865442
vn 0.88750625 0.46064293 -0.011865442
vn -0 0 1
vn -0 0 1
vn -0 0 1
vn -0 0 1
vn -0 0 1
vn -0 0 1
vn -0 0 1
vn -0 0 1
vn -0.78444165 -1.1029615e-07 -0.62020266
vn -0.7844417 0 -0.6202026
vn -0.554683 -0.55468464 -0.6202029
vn -0.55468345 -0.5546843 -0.6202029
vn -0.55468506 0.5546841 -0.6202015
vn -0.55468524 0.554684 -0.6202015
vn -0 0.784442 -0.6202021
vn -0 0.78444207 -0.620202
vn -0.55468524 0.554684 -0.6202015
vn -0.55468506 0.5546841 -0.6202015
vn 0.5546861 0.5546836 -0.6202011
vn 0.5546858 0.554684 -0.6202011
vn -0 0.78444207 -0.620202
vn -0 0.784442 -0.6202021
vn 0.78444207 -1.1029622e-07 -0.620202
vn 0.78444207 0 -0.62020195
vn 0.5546858 0.554684 -0.6202011
vn 0.5546861 0.5546836 -0.6202011
vn 0.55468446 -0.5546838 -0.6202023
vn 0.5546836 -0.5546848 -0.6202023
vn -0 -0.7844413 -0.620203
vn -0 -0.7844413 -0.620203
vn 0.5546836 -0.5546848 -0.6202023
vn 0.55468446 -0.5546838 -0.6202023
vn -0.55468345 -0.5546843 -0.6202029
vn -0.554683 -0.55468464 -0.6202029
vn -0 -0.7844413 -0.620203
vn -0 -0.7844413 -0.620203
vn -1 0 0
vn -1 0 0
vn -0.70710605 -0.7071074 0
vn -0.70710605 -0.7071074 0
vn -0.7071074 0.7071061 0
vn -0.7071074 0.7071061 0
vn -0 -1 0
vn -0 -1 0
vn 0.70710677 -0.70710677 0
vn 0.70710677 -0.70710677 0
vn -0 1 0
vn -0.7071074 0.7071061 0
vn -0 1 0
vn 0.7071081 0.70710546 0
vn -0 1 0
vn 0.7071081 0.70710546 0
vn 1 0 0
vn 1 0 0
vn 0.70710677 -0.70710677 0
vn 1 0 0
vn 0.63713044 -0.6371313 0.4337379
vn 0.637131 -0.63713074 0.4337379
vn 0.90104 0 0.43373576
vn 0.90104014 0 0.43373573
vn 0.63713247 0.6371318 0.43373415
vn 0.6371342 0.6371301 0.43373412
vn -0 -0.901039 0.43373814
vn -0 -0.901039 0.43373814
vn 0.637131 -0.63713074 0.4337379
vn 0.63713044 -0.6371313 0.4337379
vn -0.63712984 -0.637132 0.43373752
vn -0.63713044 -0.6371315 0.43373755
vn -0 -0.901039 0.43373814
vn -0 -0.901039 0.43373814
vn -0.90104026 0 0.4337355
vn -0.90104026 -1.1428337e-07 0.43373546
vn -0.63713044 -0.6371315 0.43373755
vn -0.63712984 -0.637132 0.43373752
vn -0.63713354 0.6371307 0.4337343
vn -0.6371318 0.63713247 0.43373427
vn -0 0.90104103 0.433734
vn -0 0.90104103 0.433734
vn -0.6371318 0.63713247 0.43373427
vn -0.63713354 0.6371307 0.4337343
vn 0.6371342 0.6371301 0.43373412
vn 0.63713247 0.6371318 0.43373415
vn -0 0.90104103 0.433734
vn -0 0.90104103 0.433734
vn -0 -3.4060912e-07 -1
vn -0 -3.4060915e-07 -1
vn -0 -3.4060915e-07 -1
vn -0 -3.4060915e-07 -1
vn -0 -1.9851973e-06 -1
vn -0 0 -1
vn -0 0 -1
vn -0 0 -1
vn -0 0 -1
vn -0 9.925902e-07 -1
vn -0 0 1
vn -0 0 1
vn -0 0 1
vn -0 0 1
vn -0 0 1
vn -0 0 1
vn -0 0 1
vn -0 0 1
vn -0 0.0001540368 -1
vn -0 -1.7669223e-07 -1
vn 0.00010906462 0.00010881514 -1
vn -0.00010906457 0.00010810842 -1
vn -0.00015424076 0 -1
vn 0.00015424086 -7.0656665e-07 -1
vn -0.00010906467 -0.00010810862 -1
vn -0.00015424076 0 -1
vn -0 -0.0001540371 -1
vn 0.00010906472 -0.0001095219 -1
vn 0.00015424086 -7.0656665e-07 -1
vn 0.00038260146 0.00038328496 0.9999999
vn -0 0 1
vn -0 0.0005411744 0.9999999
vn 0.00054108095 0 0.9999999
vn 0.00038260242 -0.00038328595 0.9999999
vn -0 -0.0005411753 0.9999999
vn -0 0.0005411744 0.9999999
vn -0.00038260088 0.00038213973 0.9999999
vn -0.00054107973 0 0.9999999
vn -0.00038260178 -0.00038214066 0.9999999
vn -0 -0.0005411753 0.9999999
vn -0.9912998 0 -0.1316233
vn -0.9912998 0 -0.1316233
vn -0.70095426 -0.7009554 -0.13162307
vn -0.700954 -0.70095575 -0.13162309
vn -0.7009548 0.70095474 -0.13162348
vn -0.7009549 0.70095474 -0.13162354
vn -0 0.9912998 -0.1316234
vn -0 0.9912998 -0.1316234
vn -0.7009549 0.70095474 -0.13162354
vn -0.7009548 0.70095474 -0.13162348
vn 0.70095557 0.70095396 -0.13162357
vn 0.7009555 0.700954 -0.13162358
vn -0 0.9912998 -0.1316234
vn -0 0.9912998 -0.1316234
vn 0.9912998 0 -0.13162343
vn 0.9912998 0 -0.13162343
vn 0.7009555 0.700954 -0.13162358
vn 0.70095557 0.70095396 -0.13162357
vn 0.7009548 -0.70095485 -0.13162309
vn 0.70095503 -0.7009547 -0.1316231
vn -0 -0.9912999 -0.1316229
vn -0 -0.9912999 -0.13162291
vn 0.70095503 -0.7009547 -0.1316231
vn 0.7009548 -0.70095485 -0.13162309
vn -0.700954 -0.70095575 -0.13162309
vn -0.70095426 -0.7009554 -0.13162307
vn -0 -0.9912999 -0.13162291
vn -0 -0.9912999 -0.1316229
vn 0.9096554 0.096786894 0.40392992
vn 0.9096554 0.09678689 0.40392992
vn 0.9096554 0.096786894 0.40392995
vn -0.09678665 -0.90965307 0.4039351
vn -0.09678665 -0.90965307 0.4039351
vn -0.09678665 -0.90965307 0.4039351
vn 0.096787475 -0.9096538 0.40393335
vn 0.09678746 -0.9096538 0.40393326
vn 0.09678747 -0.9096538 0.4039333
vn -0.9096542 0.09679371 0.40393114
vn -0.9096542 0.096793726 0.40393114
vn -0.9096542 0.09679371 0.40393108
vn -0.90965337 -0.096795246 0.40393233
vn -0.90965337 -0.09679522 0.4039323
vn -0.90965337 -0.096795246 0.4039323
vn -1.975436e-05 4.4678716e-05 1
vn -3.3722998e-05 3.3043525e-05 1
vn -3.3722787e-05 3.3043696e-05 1
vn -1.975436e-05 4.4678716e-05 1
vn 3.3723063e-05 3.3043805e-05 1
vn 3.3723078e-05 3.3043787e-05 1
vn 1.9754452e-05 4.7471163e-05 1
vn 0.9096553 -0.09678849 0.40392968
vn 0.9096553 -0.09678848 0.4039297
vn 0.9096553 -0.09678849 0.4039297
vn -1.3226897e-06 -0.9999993 -0.0012137037
vn -2.5414278e-07 -0.9999982 -0.0019001504
vn -0.38243124 -0.9239824 -0.0017030631
vn -0.7071049 -0.70710576 -0.0020253905
vn -0.7071054 -0.70710516 -0.0020253905
vn -2.5414278e-07 -0.9999982 -0.0019001504
vn 0.38243085 -0.9239825 -0.0017028536
vn -1.3226897e-06 -0.9999993 -0.0012137037
vn 0.7071043 -0.7071063 -0.0020248694
vn 0.7071054 -0.70710516 -0.0020248692
vn -0.9999982 -8.694362e-07 -0.0019013756
vn -0.9999993 1.9033898e-06 -0.0012152035
vn -0.9239822 -0.38243175 -0.0017030389
vn -0.92398304 0.3824298 -0.0017051847
vn -0.70710564 0.707105 -0.0020278497
vn -0.70710504 0.7071056 -0.0020278497
vn -0.7071054 -0.70710516 -0.0020253905
vn -0.7071049 -0.70710576 -0.0020253905
vn -0.3824311 0.9239825 -0.0017050562
vn 6.019175e-07 0.9999982 -0.0019012248
vn -1.451732e-06 0.9999993 -0.0012166617
vn 0.7071059 0.70710474 -0.0020254764
vn 0.38243225 0.923982 -0.001703136
vn 0.70710415 0.70710653 -0.0020254767
vn -1.451732e-06 0.9999993 -0.0012166617
vn 6.019175e-07 0.9999982 -0.0019012248
vn -0.70710504 0.7071056 -0.0020278497
vn -0.70710564 0.707105 -0.0020278497
vn 0.9239826 0.38243085 -0.0017033576
vn 0.9999982 -1.4713528e-07 -0.0018999822
vn 0.9999993 1.8388686e-06 -0.00121405
vn 0.9239824 -0.38243124 -0.0017023263
vn 0.7071054 -0.70710516 -0.0020248692
vn 0.7071043 -0.7071063 -0.0020248694
vn 0.70710415 0.70710653 -0.0020254767
vn 0.7071059 0.70710474 -0.0020254764
vn -0.70710593 -0.7071076 0
vn -0.70710593 -0.7071076 0
vn -0 -1 0
vn -0 -1 0
vn -1 0 0
vn -1 0 0
vn 0.70710707 -0.7071064 0
vn 0.70710707 -0.7071064 0
vn 1 0 0
vn 1 0 0
vn 1 0 0
vn 0.7071077 0.70710576 0
vn 0.7071077 0.70710576 0
vn -0 1 0
vn -0 1 0
vn -0.7071066 0.70710695 0
vn -0.7071066 0.70710695 0
vn -1 0 0
vn -1 0 0
vn -0.09678693 0.9096557 0.4039293
vn -0.09678692 0.9096557 0.40392935
vn -0.09678693 0.9096557 0.40392926
vn 0.096787706 0.90965605 0.40392816
vn 0.0967877 0.90965605 0.40392816
vn 0.0967877 0.90965605 0.40392816
vn 4.769182e-05 1.8616287e-05 1
vn 3.3723078e-05 3.3043787e-05 1
vn 3.3723063e-05 3.3043805e-05 1
vn 4.769182e-05 1.8616289e-05 1
vn 3.372272e-05 -3.1182062e-05 1
vn 3.3722932e-05 -3.118186e-05 1
vn 4.7691527e-05 -1.768533e-05 1
vn 4.7691527e-05 -1.768533e-05 1
vn 1.9754247e-05 -4.467847e-05 1
vn 3.3722932e-05 -3.118186e-05 1
vn 3.372272e-05 -3.1182062e-05 1
vn 1.9754249e-05 -4.467847e-05 1
vn -3.3722685e-05 -3.350911e-05 1
vn -3.3722994e-05 -3.3508866e-05 1
vn -1.9754405e-05 -4.467882e-05 1
vn -4.7691203e-05 -2.2339216e-05 1
vn -3.3722994e-05 -3.3508866e-05 1
vn -3.3722685e-05 -3.350911e-05 1
vn -4.769121e-05 -2.2339216e-05 1
vn -3.3722787e-05 3.3043696e-05 1
vn -3.3722998e-05 3.3043525e-05 1
vn -4.769143e-05 2.1408514e-05 1
vn -4.769143e-05 2.1408514e-05 1
vn -9.252325e-07 0.77882314 -0.6272436
vn -8.669779e-07 0.7788232 -0.6272436
vn -0.6744808 0.38941625 -0.6272405
vn -0.6744848 0.3894091 -0.62724054
vn -0.67448413 -0.3894158 -0.62723714
vn -0.67448586 -0.3894128 -0.6272371
vn -0.67448586 -0.3894128 -0.6272371
vn -0.67448413 -0.3894158 -0.62723714
vn 4.888799e-06 -0.7788245 -0.62724185
vn -3.3659376e-06 -0.7788244 -0.6272419
vn -3.3659376e-06 -0.7788244 -0.6272419
vn 4.888799e-06 -0.7788245 -0.62724185
vn 0.67447966 -0.38941014 -0.62724555
vn 0.67447925 -0.38941088 -0.6272456
vn 0.67447925 -0.38941088 -0.6272456
vn 0.67447966 -0.38941014 -0.62724555
vn 0.67448056 0.38941154 -0.6272436
vn 0.6744811 0.38941073 -0.6272435
vn -8.669779e-07 0.7788232 -0.6272436
vn -9.252325e-07 0.77882314 -0.6272436
vn -0 0 -1
vn -0 0 -1
vn -0 0 -1
vn -0 2.1097237e-07 -1
vn -0 2.1097394e-07 -1
vn -0 0 -1
vn -0 0 -1
vn -0.6620416 0 0.7494671
vn -0.6620416 0 0.7494671
vn -0.6620416 0 0.7494671
vn -0.6620416 0 0.7494671
vn 0.66204536 0 0.7494638
vn 0.66204536 0 0.7494638
vn 0.66204536 0 0.7494638
vn 0.66204536 0 0.7494638
vn 4.3990894e-07 -0.99969554 -0.024672894
vn -9.911538e-07 -1 0
vn 0.49594793 -0.86815035 -0.018721884
vn 0.88750625 -0.46064293 -0.011865409
vn 0.88750625 -0.46064293 -0.011865409
vn 0.88750625 0.46064293 -0.011865442
vn 0.88750625 0.46064293 -0.011865442
vn -0.49594766 -0.86815053 -0.018722735
vn -9.911538e-07 -1 0
vn 4.3990894e-07 -0.99969554 -0.024672894
vn -0.8875064 -0.4606424 -0.011865948
vn -0.8875064 -0.4606424 -0.011865948
vn -0.8875064 0.4606425 -0.011865929
vn -0.8875064 0.4606425 -0.011865929
vn 5.278907e-07 0.99969554 -0.024672905
vn -9.023937e-07 1 0
vn -0.49594757 0.86815053 -0.018722702
vn -0.8875064 0.4606425 -0.011865929
vn -0.8875064 0.4606425 -0.011865929
vn 0.49594793 0.86815035 -0.018721938
vn -9.023937e-07 1 0
vn 5.278907e-07 0.99969554 -0.024672905
vn 0.88750625 0.46064293 -0.011865442
vn 0.88750625 0.46064293 -0.011865442
vn -0 0 1
vn -0 0 1
vn -0 0 1
vn -0 0 1
vn -0 0 1
vn -0 0 1
vn -0 0 1
vn -0 0 1
vn -0 0.8721819 0.4891818
vn -1.7744962e-07 0.87218827 0.48917046
vn -0.4497511 0.7789913 0.4369172
vn -0.7857267 0.37988248 0.48818323
vn -0.78572375 0.3798884 0.4881835
vn -0.78572696 -0.37988284 0.4881826
vn -0.7857238 -0.37988898 0.48818278
vn -0.44975406 -0.77898943 0.43691728
vn -1.520981e-07 -0.87218326 0.48917928
vn -3.7573753e-07 -0.8721807 0.48918378
vn -0.7857238 -0.37988898 0.48818278
vn -0.78572696 -0.37988284 0.4881826
vn -3.7573753e-07 -0.8721807 0.48918378
vn -1.520981e-07 -0.87218326 0.48917928
vn 0.44975302 -0.77899057 0.43691632
vn 0.7857271 -0.3798835 0.48818183
vn 0.7857241 -0.3798896 0.48818198
vn 0.7857241 -0.3798896 0.48818198
vn 0.7857271 -0.3798835 0.48818183
vn 0.78572637 0.37988368 0.48818284
vn 0.78572345 0.37988955 0.48818308
vn 0.44975 0.7789919 0.43691725
vn -0 0.8721819 0.4891818
vn -1.7744962e-07 0.87218827 0.48917046
vn -0 0 -1
vn -0 0 -1
vn -0 0 -1
vn -0 0 -1
vn -0 0 -1
vn -0 0 -1
vn -0.86602545 0.5 0
vn -0.86602545 0.5 0
vn -0.86602545 -0.5 0
vn -0.86602545 -0.5 0
vn -0.86602545 -0.5 0
vn -0 -1 0
vn -0 -1 0
vn 0.8660242 -0.50000215 0
vn 0.8660242 -0.50000215 0
vn 0.86602426 0.5000021 0
vn 0.86602426 0.5000021 0
vn -0 1 0
vn -0 1 0
vn -0.86602545 0.5 0
vn -0.86602545 0.5 0
vn 0.86602426 0.5000021 0
vn 0.86602426 0.5000021 0
vn -0.8365313 0.48297086 0.25875553
vn -0.8365317 0.4829702 0.25875553
vn -0.8365314 -0.48297083 0.25875553
vn -0.83653075 -0.48297194 0.2587555
vn 1.11522986e-07 0.9659425 0.2587568
vn -0 0.9659425 0.2587568
vn -0.8365313 0.48297086 0.25875553
vn -0.8365314 -0.48297083 0.25875553
vn -1.7011038e-07 -0.96594274 0.25875577
vn -0 -0.96594274 0.25875577
vn 0.8365304 0.48297238 0.25875577
vn 0.83653075 0.48297185 0.2587558
vn -0 0.9659425 0.2587568
vn 1.11522986e-07 0.9659425 0.2587568
vn 0.8365298 -0.4829735 0.25875568
vn 0.8365303 -0.4829725 0.25875574
vn 0.8365304 0.48297238 0.25875577
vn -0 -0.96594274 0.25875577
vn 0.8365303 -0.4829725 0.25875574
vn -1.7011038e-07 -0.96594274 0.25875577
vn -0.9307855 0.14859062 -0.33400494
vn -0.8593076 0.3615573 -0.3617553
vn -0.8593079 -0.36155778 -0.36175397
vn -0.93078554 -0.14858937 -0.33400518
vn -0.4465695 -0.832486 -0.3279373
vn -4.195937e-07 -0.92966056 -0.3684172
vn -0 -0.92966056 -0.3684172
vn -0.4465698 0.83248466 -0.32794032
vn -0.8593076 0.3615573 -0.3617553
vn -0.9307855 0.14859062 -0.33400494
vn 1.705033e-07 0.9296587 -0.368422
vn -2.1756622e-07 0.9296586 -0.368422
vn 4.241469e-07 0.99999833 0.0018667496
vn -0 0.99999833 0.0018667495
vn 0.5000042 0.8660215 0.0016169148
vn 0.93078524 -0.14859052 -0.33400542
vn 0.8593072 -0.361559 -0.36175412
vn 0.8593069 0.3615585 -0.36175552
vn 0.93078524 0.14859146 -0.33400515
vn 0.4465678 -0.83248687 -0.32793707
vn -0 -0.92966056 -0.3684172
vn -4.195937e-07 -0.92966056 -0.3684172
vn -0.5000065 -0.86602014 0.0015902066
vn 4.4536682e-07 -0.99999833 0.001837488
vn -0 -0.99999833 0.0018374881
vn -0 -0.99999833 0.0018374881
vn 4.4536682e-07 -0.99999833 0.001837488
vn 0.5000018 -0.86602294 0.0015924071
vn -0 0.99999833 0.0018667495
vn 4.241469e-07 0.99999833 0.0018667496
vn -0.5000041 0.8660215 0.001616381
vn -2.1756622e-07 0.9296586 -0.368422
vn 0.4465684 0.8324854 -0.32794034
vn 0.8593069 0.3615585 -0.36175552
vn 1.705033e-07 0.9296587 -0.368422
vn 0.93078524 0.14859146 -0.33400515
vn 0.066595085 -0.99753475 0.022127442
vn 0.38104063 -0.9190927 0.100382544
vn 0.16467011 -0.98524714 0.046601776
vn 0.06659509 -0.99753475 0.022127444
vn 0.867864 -0.43144262 0.24631156
vn 0.767224 -0.60504866 0.21279907
vn 0.9423666 -0.1926382 0.27356127
vn 0.9423666 -0.1926382 0.27356127
vn 0.06659517 0.99753475 0.022127464
vn 0.066595174 0.99753475 0.022127463
vn 0.16467033 0.98524714 0.046601836
vn 0.38104093 0.91909254 0.10038266
vn 0.86786383 0.43144286 0.24631156
vn 0.76722395 0.6050487 0.21279909
vn 0.9423666 -0.1926382 0.27356127
vn 0.9423666 -0.1926382 0.27356127
vn -0.7832364 -0.39262393 -0.48206568
vn -0.7832364 -0.39262393 -0.48206565
vn -0.7832364 -0.39262393 -0.4820656
vn -0.7832364 -0.39262393 -0.48206568
vn 0.114560865 -0.43246156 0.89434487
vn 0.114560865 -0.4324616 0.89434487
vn 0.114560865 -0.43246156 0.894345
vn 0.114560865 -0.4324616 0.89434487
vn -0.9582366 -0.28587693 0.007559057
vn -0.9582366 -0.28587687 0.007559057
vn -0.9582366 -0.28587693 0.007559057
vn -0.9582366 -0.28587693 0.007559057
vn -0.999899 -0.0011242301 0.01416793
vn -0.999899 -0.00112423 0.014167928
vn -0.999899 -0.00112423 0.014167928
vn -0.999899 -0.00112423 0.014167928
vn -0.83417183 -0.016684163 -0.5512521
vn -0.8341719 -0.016684163 -0.55125207
vn -0.8341719 -0.016684167 -0.55125207
vn -0.83417183 -0.016684163 -0.5512521
vn 3.613395e-07 -1 0
vn 3.6133943e-07 -1 0
vn 3.613395e-07 -1 0
vn 3.6133943e-07 -1 0
vn -2.4031496e-07 -1 0
vn -0 -1 0
vn 8.1373247e-07 -1 0
vn 8.137325e-07 -1 0
vn 8.137325e-07 -1 0
vn 8.137325e-07 -1 0
vn -2.1656106e-07 -1 0
vn 0.69959986 -0.37126136 0.61051214
vn 0.6995999 -0.37126136 0.61051214
vn 0.69959986 -0.37126136 0.61051214
vn 0.6995999 -0.3712614 0.61051214
vn 0.60080355 -1.0317806e-07 -0.79939675
vn 0.60080355 -1.0317805e-07 -0.7993967
vn 0.60080355 -1.0317806e-07 -0.79939675
vn 0.60080355 -1.0317807e-07 -0.7993967
vn 0.5276157 -0.4725992 -0.70588356
vn 0.5276158 -0.47259918 -0.70588356
vn 0.5276157 -0.47259918 -0.70588356
vn 0.5276158 -0.47259927 -0.70588356
vn -0.6240833 -0.5011681 0.59945863
vn -0.6240833 -0.501168 0.5994586
vn -0.6240833 -0.50116813 0.5994586
vn -0.6240832 -0.5011681 0.5994586
vn 0.90014714 -0.43404514 -0.03660381
vn 0.90014726 -0.43404517 -0.036603816
vn 0.90014726 -0.43404508 -0.036603812
vn 0.90014726 -0.43404517 -0.036603812
vn 0.9993839 0 -0.03509631
vn 0.9993839 0 -0.03509631
vn 0.9993839 0 -0.03509631
vn 0.9993839 0 -0.03509631
vn -0.64116055 -0.37947965 0.66701454
vn -0.64116055 -0.37947965 0.66701454
vn -0.64116055 -0.3794797 0.66701454
vn -0.64116055 -0.37947965 0.66701454
vn -0.8756714 -0.34441975 -0.3384888
vn -0.8756714 -0.34441972 -0.3384888
vn -0.8756714 -0.34441975 -0.33848885
vn -0.8756714 -0.3444198 -0.3384888
vn -0.65690845 -0.42385924 0.62355
vn -0.65690845 -0.42385924 0.62355
vn -0.65690845 -0.42385924 0.62355
vn -0.6569084 -0.42385918 0.62355006
vn -0.69441867 -0.29235876 -0.65750206
vn -0.6944188 -0.29235882 -0.65750206
vn -0.6944188 -0.29235876 -0.65750206
vn -0.69441867 -0.29235876 -0.65750206
vn -0.7855686 -0.00089824665 -0.6187739
vn -0.7855686 -0.00089824654 -0.6187738
vn -0.7855686 -0.0008982467 -0.6187739
vn -0.7873774 0.0008089251 -0.61647063
vn -0.7873774 0.0008089251 -0.61647063
vn -0.12925796 -0.81812733 0.56032145
vn -0.12925795 -0.81812733 0.56032145
vn -0.12925796 -0.81812733 0.56032145
vn -0.12925796 -0.81812733 0.5603215
vn 0.43409494 -0.78917354 -0.4344728
vn 0.43409494 -0.78917354 -0.4344728
vn 0.434095 -0.78917354 -0.4344728
vn 0.45862994 -0.77573276 -0.43347108
vn 0.4590303 -0.7707149 -0.441916
vn 0.45903024 -0.77071494 -0.44191596
vn 0.47300485 -0.75807357 -0.44898862
vn 0.38008147 -0.8315791 0.4049868
vn 0.3800815 -0.8315791 0.40498686
vn 0.3800815 -0.8315791 0.4049868
vn 0.3800815 -0.8315791 0.4049869
vn 0.6928479 0 0.7210838
vn 0.6928479 0 0.7210838
vn 0.6928479 0 0.7210838
vn 0.69284785 0 0.7210839
vn -0.22756104 0 0.9737638
vn -0.22756103 0 0.9737638
vn -0.22756104 0 0.9737638
vn -0.22756104 0 0.9737638
vn -0 -1 0
vn -0 -1 0
vn -0 -1 0
vn -0 -1 0
vn 1.3760658e-07 -1 0
vn 1.376066e-07 -1 0
vn -0.5755487 -0.6812723 -0.45234028
vn -0.57554865 -0.6812724 -0.45234025
vn -0.5755486 -0.6812724 -0.4523402
vn -0.57554865 -0.6812724 -0.45234028
vn -0.99999726 0 0.0023573556
vn -0.99999726 0 0.0023573556
vn -0.9947942 0 0.10190449
vn -0.9947942 0 0.10190449
vn -0.995398 0 -0.09582779
vn -0.995398 0 -0.09582779
vn -0.7744446 -0.6277855 0.07823628
vn -0.76871353 -0.63909054 -0.025353136
vn -0.771088 -0.6367231 0.0026056732
vn -0.7744446 -0.62778556 0.0782363
vn -0.76025766 -0.6427598 -0.094170086
vn -0.76025766 -0.6427598 -0.09417007
vn 1.8873219e-06 1 -1.9327892e-06
vn 1.8873217e-06 1 -1.932789e-06
vn 1.8873216e-06 1 -1.932789e-06
vn 1.2770546e-06 1 1.2322268e-07
vn -0 1 -3.1431787e-06
vn -0 1 -3.1431784e-06
vn 1.8071296e-06 1 -1.1696421e-06
vn -0 1 0
vn -0 1 0
vn -0.0021534632 -0.99999285 0.003121746
vn -0.0021534634 -0.99999285 0.0031217462
vn -0.0021534637 -0.99999285 0.0031217465
vn -0.0021534634 -0.99999285 0.0031217465
vn 0.7128622 -0.0048731063 -0.7012872
vn 0.71286225 -0.004873107 -0.70128715
vn 0.7128622 -0.0048731067 -0.7012872
vn 0.7128622 -0.0048731067 -0.7012872
vn 0.7389005 -2.6745576e-07 0.6738146
vn 0.7389005 -2.6745576e-07 0.6738146
vn 0.7389005 -2.6745576e-07 0.6738146
vn 0.7389004 -2.6745576e-07 0.6738146
vn -0.23326436 0.9625854 -0.13790296
vn -0.23258857 0.9561522 -0.17797667
vn -0.23262681 0.9564723 -0.17619763
vn -0.23326437 0.9625854 -0.13790299
vn -0.23004164 0.9382728 -0.25831208
vn -0.23004164 0.9382728 -0.25831208
vn 0.057800453 0.9948521 -0.08323652
vn -0.18141758 0.9780517 -0.10248153
vn -0.20003268 0.9730259 -0.11492398
vn -0.21504371 0.97096854 -0.10476793
vn -0.20675518 0.97164524 -0.11470685
vn -0.17358182 0.97272205 -0.153887
vn -0.17358184 0.97272205 -0.15388699
vn -0.57388574 0.5158787 0.63602227
vn -0.5738858 0.5158787 0.63602227
vn -0.57388574 0.51587874 0.6360222
vn -0.2332655 -0.9625849 -0.13790362
vn -0.2332655 -0.9625849 -0.13790362
vn -0.23262878 -0.9564716 -0.17619844
vn -0.23259053 -0.9561514 -0.17797743
vn -0.23004535 -0.93827164 -0.25831306
vn -0.23004538 -0.93827164 -0.2583131
vn 0.94817954 0 0.31773502
vn 0.88972163 0 0.45650336
vn 0.8897216 0 0.4565036
vn 0.94817954 0 0.31773502
vn 0.7266191 0 0.6870405
vn 0.7266191 0 0.68704045
vn 0.6282864 0 0.7779821
vn 0.6282863 0 0.7779821
vn -0.72326237 0 0.6905734
vn -0.72326237 0 0.6905734
vn -0.72326237 0 0.69057333
vn 0.057804044 -0.9948519 -0.083236925
vn -0.20256768 -0.9730268 -0.11038714
vn -0.1814211 -0.97805095 -0.10248308
vn -0.20528124 -0.9723256 -0.11154558
vn -0.21504809 -0.9709673 -0.10476958
vn -0.16852213 -0.9735667 -0.15416928
vn -0.22353221 -0.96294326 -0.15090938
vn 0.7583335 0 -0.6518667
vn 0.7583335 0 -0.6518667
vn 0.7583335 0 -0.65186673
vn -0.5738879 -0.5158719 0.6360259
vn -0.5738879 -0.5158719 0.6360259
vn -0.5738878 -0.5158719 0.6360259
vn 0.7200291 0 0.6939438
vn 0.7200291 0 0.6939438
vn 0.7200291 0 0.6939438
vn 0.7200291 0 0.6939438
vn 0.99297005 0 -0.11836584
vn 0.99297005 0 -0.11836584
vn 0.99297005 0 -0.11836584
vn 0.99297005 0 -0.118365854
vn -0 1 0
vn -0 1 0
vn -0 1 0
vn -0 1 0
vn -0 1 0
vn -0 1 0
vn -0 -1 0
vn -0 -1 0
vn -0 -1 0
vn -0 -1 0
vn -0 -1 0
vn -0 -1 0
vn 0.92917913 0 0.36962962
vn 0.8217249 0 0.5698844
vn 0.8217249 0 0.5698844
vn 0.92917913 0 0.36962962
vn 0.86461455 0 0.50243574
vn 0.86461455 0 0.50243574
vn 0.9940599 0 0.10883398
vn 0.9940599 0 0.10883398
vn -0.40734518 0 0.9132743
vn -0.40734518 0 0.9132743
vn -0.40734518 0 0.9132743
vn -0.40734518 0 0.9132743
vn -0 -1 0
vn -0 -1 0
vn -0 -1 0
vn -0 -1 0
vn -0 -1 0
vn -0 -1 0
vn -0 1 0
vn -0 1 0
vn -0 1 0
vn -0 1 0
vn -0 1 0
vn -0 1 0
vn 0.92917913 0 0.36962977
vn 0.92917913 0 0.36962977
vn 0.82172495 0 0.56988436
vn 0.82172495 0 0.56988436
vn 0.86461455 0 0.5024356
vn 0.86461455 0 0.5024356
vn 0.9940599 0 0.10883401
vn 0.9940599 0 0.10883401
vn -0.4073451 0 0.9132743
vn -0.4073451 0 0.9132743
vn -0.4073451 0 0.9132743
vn -0.4073451 0 0.9132743
vn -0.2332643 0.9625854 -0.13790298
vn -0.23258853 0.9561521 -0.1779767
vn -0.2326268 0.9564723 -0.17619768
vn -0.23326433 0.9625854 -0.13790299
vn -0.23004168 0.93827266 -0.25831217
vn -0.23004165 0.93827266 -0.25831217
vn 0.0578003 0.9948521 -0.08323652
vn -0.18141758 0.9780517 -0.10248153
vn -0.20003271 0.9730259 -0.11492397
vn -0.21504368 0.97096854 -0.10476793
vn -0.20675519 0.97164524 -0.11470685
vn -0.17358197 0.97272193 -0.15388697
vn -0.17358197 0.97272193 -0.15388697
vn -0.57388604 0.51587856 0.6360221
vn -0.5738861 0.51587856 0.6360221
vn -0.5738861 0.51587856 0.6360221
vn -0.23326546 -0.9625849 -0.13790362
vn -0.23326543 -0.9625849 -0.13790362
vn -0.23262878 -0.9564716 -0.17619841
vn -0.23259056 -0.95615155 -0.17797738
vn -0.2300454 -0.93827164 -0.2583129
vn -0.23004544 -0.93827164 -0.25831294
vn 0.94817954 0 0.31773525
vn 0.88972163 0 0.45650348
vn 0.8897216 0 0.4565037
vn 0.94817954 0 0.31773525
vn 0.7266192 0 0.6870404
vn 0.7266192 0 0.6870404
vn 0.6282863 0 0.7779821
vn 0.6282863 0 0.7779821
vn -0.7232626 0 0.6905731
vn -0.72326255 0 0.6905731
vn -0.7232626 0 0.6905731
vn 0.057804428 -0.9948519 -0.083236925
vn -0.20256768 -0.9730268 -0.11038718
vn -0.18142101 -0.97805095 -0.1024831
vn -0.2052812 -0.9723256 -0.11154559
vn -0.21504806 -0.9709673 -0.10476961
vn -0.16852207 -0.9735667 -0.1541692
vn -0.2235323 -0.96294314 -0.15090936
vn 0.7583336 0 -0.65186656
vn 0.75833374 0 -0.6518666
vn 0.7583336 0 -0.6518666
vn -0.5738882 -0.5158718 0.63602567
vn -0.5738882 -0.5158718 0.63602567
vn -0.5738882 -0.51587176 0.6360257
vn 0.7200292 0 0.69394374
vn 0.7200291 0 0.6939438
vn 0.7200291 0 0.6939438
vn 0.7200292 0 0.69394374
vn 0.99297005 0 -0.11836586
vn 0.99297005 0 -0.11836584
vn 0.99297005 0 -0.11836584
vn 0.99297005 0 -0.118365854
vn -0.23326418 0.9625854 -0.13790286
vn -0.23258825 0.95615226 -0.17797646
vn -0.23262653 0.9564724 -0.17619744
vn -0.23326421 0.9625854 -0.13790287
vn -0.2300411 0.9382731 -0.25831148
vn -0.23004107 0.9382731 -0.25831148
vn 0.057800468 0.9948521 -0.08323656
vn -0.18141735 0.9780517 -0.10248144
vn -0.20003264 0.9730259 -0.11492398
vn -0.21504351 0.97096866 -0.10476782
vn -0.20675513 0.97164536 -0.114706844
vn -0.17358248 0.9727218 -0.15388754
vn -0.1735825 0.9727218 -0.15388756
vn -0.5738829 0.5158859 0.63601905
vn -0.5738829 0.5158859 0.63601905
vn -0.5738829 0.5158859 0.63601905
vn -0.23326543 -0.96258503 -0.13790354
vn -0.23326543 -0.96258503 -0.13790357
vn -0.23262851 -0.95647174 -0.17619826
vn -0.23259029 -0.95615155 -0.17797723
vn -0.2300448 -0.9382718 -0.25831237
vn -0.23004481 -0.9382718 -0.2583124
vn 0.94817954 0 0.31773502
vn 0.88972163 0 0.45650336
vn 0.8897216 0 0.4565036
vn 0.94817954 0 0.31773502
vn 0.7266191 0 0.6870405
vn 0.7266191 0 0.68704045
vn 0.6282864 0 0.7779821
vn 0.6282863 0 0.7779821
vn -0.72326237 0 0.6905734
vn -0.72326237 0 0.6905734
vn -0.72326237 0 0.69057333
vn 0.057803992 -0.9948519 -0.08323687
vn -0.20256768 -0.9730268 -0.11038714
vn -0.18142092 -0.97805095 -0.10248301
vn -0.20528126 -0.9723256 -0.11154559
vn -0.215048 -0.9709674 -0.10476953
vn -0.16852279 -0.9735665 -0.1541699
vn -0.22353275 -0.962943 -0.15090975
vn 0.7583335 0 -0.6518667
vn 0.7583335 0 -0.6518667
vn 0.7583335 0 -0.65186673
vn -0.5738871 -0.5158737 0.6360251
vn -0.5738871 -0.5158736 0.636025
vn -0.57388717 -0.5158736 0.6360251
vn 0.7200291 0 0.6939438
vn 0.7200291 0 0.6939438
vn 0.7200291 0 0.6939438
vn 0.7200291 0 0.6939438
vn 0.99297005 0 -0.11836584
vn 0.99297005 0 -0.11836584
vn 0.99297005 0 -0.11836584
vn 0.99297005 0 -0.118365854
vn -0.23326434 0.9625854 -0.13790295
vn -0.23258853 0.9561522 -0.17797667
vn -0.23262678 0.9564723 -0.17619763
vn -0.23326437 0.9625854 -0.13790296
vn -0.23004161 0.9382728 -0.25831205
vn -0.23004161 0.9382728 -0.25831205
vn 0.05780045 0.9948521 -0.08323652
vn -0.18141764 0.9780517 -0.10248158
vn -0.20003273 0.9730259 -0.114924
vn -0.21504377 0.97096854 -0.10476796
vn -0.20675524 0.97164524 -0.114706874
vn -0.17358185 0.97272205 -0.15388697
vn -0.17358181 0.97272205 -0.15388697
vn -0.5738868 0.5158763 0.6360233
vn -0.57388675 0.5158763 0.6360233
vn -0.57388675 0.5158763 0.6360233
vn -0.2332655 -0.9625849 -0.13790362
vn -0.2332655 -0.9625849 -0.13790362
vn -0.23262878 -0.9564716 -0.17619844
vn -0.23259056 -0.95615155 -0.17797744
vn -0.2300453 -0.93827164 -0.258313
vn -0.23004532 -0.93827164 -0.25831303
vn 0.94817954 0 0.31773502
vn 0.88972163 0 0.45650336
vn 0.8897216 0 0.4565036
vn 0.94817954 0 0.31773502
vn 0.7266191 0 0.6870405
vn 0.7266191 0 0.68704045
vn 0.6282864 0 0.7779821
vn 0.6282863 0 0.7779821
vn -0.72326237 0 0.6905734
vn -0.72326237 0 0.6905734
vn -0.72326237 0 0.69057333
vn 0.05780403 -0.9948519 -0.08323692
vn -0.20256768 -0.9730268 -0.11038714
vn -0.18142107 -0.97805095 -0.10248307
vn -0.20528123 -0.9723256 -0.11154558
vn -0.21504809 -0.9709673 -0.10476958
vn -0.16852215 -0.9735667 -0.15416928
vn -0.22353236 -0.96294314 -0.15090947
vn 0.7583335 0 -0.6518667
vn 0.7583335 0 -0.6518667
vn 0.7583335 0 -0.65186673
vn -0.57388914 -0.5158689 0.6360273
vn -0.5738891 -0.5158689 0.6360272
vn -0.5738891 -0.5158689 0.6360272
vn 0.7200291 0 0.6939438
vn 0.7200291 0 0.6939438
vn 0.7200291 0 0.6939438
vn 0.7200291 0 0.6939438
vn 0.99297005 0 -0.11836584
vn 0.99297005 0 -0.11836584
vn 0.99297005 0 -0.11836584
vn 0.99297005 0 -0.118365854
vn -0.23326436 0.9625854 -0.13790295
vn -0.23258856 0.9561521 -0.17797664
vn -0.23262681 0.9564723 -0.17619762
vn -0.23326436 0.9625854 -0.13790296
vn -0.23004165 0.93827266 -0.2583121
vn -0.23004165 0.93827266 -0.2583121
vn 0.057800416 0.9948521 -0.08323647
vn -0.18141769 0.9780517 -0.10248156
vn -0.20003274 0.9730259 -0.11492397
vn -0.21504383 0.97096854 -0.10476797
vn -0.20675522 0.97164524 -0.11470686
vn -0.17358169 0.97272205 -0.15388687
vn -0.1735817 0.97272205 -0.15388684
vn -0.57388675 0.5158763 0.6360233
vn -0.57388675 0.5158763 0.6360233
vn -0.57388675 0.5158763 0.6360233
vn -0.23326564 -0.9625849 -0.13790369
vn -0.23326565 -0.9625849 -0.1379037
vn -0.2326289 -0.9564716 -0.1761985
vn -0.23259068 -0.9561514 -0.1779775
vn -0.23004541 -0.9382715 -0.2583131
vn -0.23004541 -0.9382715 -0.25831312
vn 0.94817954 0 0.31773502
vn 0.88972163 0 0.45650336
vn 0.8897216 0 0.4565036
vn 0.94817954 0 0.31773502
vn 0.7266191 0 0.6870405
vn 0.7266191 0 0.68704045
vn 0.6282864 0 0.7779821
vn 0.6282863 0 0.7779821
vn -0.72326237 0 0.6905734
vn -0.72326237 0 0.6905734
vn -0.72326237 0 0.69057333
vn 0.05780403 -0.9948519 -0.08323692
vn -0.2025677 -0.9730268 -0.11038714
vn -0.18142106 -0.97805095 -0.102483064
vn -0.20528123 -0.9723256 -0.111545585
vn -0.21504809 -0.9709673 -0.10476957
vn -0.16852209 -0.9735667 -0.15416923
vn -0.22353214 -0.96294326 -0.15090935
vn 0.7583335 0 -0.6518667
vn 0.7583335 0 -0.6518667
vn 0.7583335 0 -0.65186673
vn -0.5738871 -0.5158736 0.636025
vn -0.57388717 -0.5158736 0.6360251
vn -0.57388717 -0.5158736 0.636025
vn 0.7200291 0 0.6939438
vn 0.7200291 0 0.6939438
vn 0.7200291 0 0.6939438
vn 0.7200291 0 0.6939438
vn 0.99297005 0 -0.11836584
vn 0.99297005 0 -0.11836584
vn 0.99297005 0 -0.11836584
vn 0.99297005 0 -0.118365854
vn -0.23326445 0.9625854 -0.137903
vn -0.2325886 0.9561521 -0.17797668
vn -0.23262689 0.9564723 -0.1761977
vn -0.23326445 0.9625854 -0.137903
vn -0.23004165 0.93827266 -0.2583121
vn -0.23004165 0.93827266 -0.2583121
vn 0.057800476 0.9948521 -0.08323656
vn -0.18141757 0.9780517 -0.102481514
vn -0.20003264 0.9730259 -0.11492395
vn -0.21504366 0.97096854 -0.1047679
vn -0.20675518 0.97164524 -0.11470685
vn -0.17358194 0.97272193 -0.15388708
vn -0.17358194 0.97272193 -0.15388708
vn -0.5738829 0.5158859 0.63601905
vn -0.5738829 0.5158859 0.63601905
vn -0.5738829 0.5158859 0.63601905
vn -0.23326564 -0.9625849 -0.13790369
vn -0.23326562 -0.9625849 -0.13790368
vn -0.23262888 -0.9564716 -0.17619851
vn -0.23259065 -0.9561514 -0.17797747
vn -0.23004538 -0.9382715 -0.25831306
vn -0.23004542 -0.9382715 -0.2583131
vn 0.94817954 0 0.31773502
vn 0.88972163 0 0.45650336
vn 0.8897216 0 0.4565036
vn 0.94817954 0 0.31773502
vn 0.7266191 0 0.6870405
vn 0.7266191 0 0.68704045
vn 0.6282864 0 0.7779821
vn 0.6282863 0 0.7779821
vn -0.72326237 0 0.6905734
vn -0.72326237 0 0.6905734
vn -0.72326237 0 0.69057333
vn 0.057804026 -0.9948519 -0.08323691
vn -0.20256762 -0.9730268 -0.1103871
vn -0.181421 -0.97805095 -0.10248302
vn -0.20528118 -0.97232574 -0.11154555
vn -0.215048 -0.9709674 -0.10476953
vn -0.16852213 -0.9735667 -0.15416928
vn -0.22353238 -0.96294314 -0.15090947
vn 0.7583335 0 -0.6518667
vn 0.7583335 0 -0.6518667
vn 0.7583335 0 -0.65186673
vn -0.5738871 -0.5158737 0.6360251
vn -0.5738871 -0.5158736 0.636025
vn -0.57388717 -0.5158736 0.6360251
vn 0.7200291 0 0.6939438
vn 0.7200291 0 0.6939438
vn 0.7200291 0 0.6939438
vn 0.7200291 0 0.6939438
vn 0.99297005 0 -0.11836584
vn 0.99297005 0 -0.11836584
vn 0.99297005 0 -0.11836584
vn 0.99297005 0 -0.118365854
vn -0.23326443 0.9625854 -0.137903
vn -0.23258872 0.9561521 -0.17797682
vn -0.23262699 0.95647216 -0.17619778
vn -0.23326445 0.9625854 -0.137903
vn -0.23004204 0.9382725 -0.25831252
vn -0.23004204 0.9382725 -0.25831252
vn 0.057800476 0.9948521 -0.08323656
vn -0.1814177 0.9780517 -0.10248162
vn -0.20003279 0.9730259 -0.11492405
vn -0.21504387 0.97096854 -0.10476801
vn -0.20675528 0.97164524 -0.11470693
vn -0.17358194 0.97272193 -0.15388706
vn -0.17358194 0.97272193 -0.15388708
vn -0.5738829 0.5158859 0.63601905
vn -0.57388294 0.51588583 0.63601905
vn -0.5738829 0.51588583 0.636019
vn -0.23326564 -0.9625849 -0.13790369
vn -0.23326567 -0.9625849 -0.1379037
vn -0.23262899 -0.9564715 -0.17619857
vn -0.23259084 -0.9561514 -0.1779776
vn -0.2300458 -0.9382713 -0.25831348
vn -0.2300458 -0.9382713 -0.25831348
vn 0.94817954 0 0.31773502
vn 0.88972163 0 0.45650336
vn 0.8897216 0 0.4565036
vn 0.94817954 0 0.31773502
vn 0.7266191 0 0.6870405
vn 0.7266191 0 0.68704045
vn 0.6282864 0 0.7779821
vn 0.6282863 0 0.7779821
vn -0.72326237 0 0.6905734
vn -0.72326237 0 0.6905734
vn -0.72326237 0 0.69057333
vn 0.057804048 -0.9948519 -0.08323695
vn -0.20256773 -0.9730267 -0.11038718
vn -0.18142113 -0.97805095 -0.10248311
vn -0.20528132 -0.9723256 -0.11154562
vn -0.21504815 -0.9709673 -0.10476961
vn -0.16852213 -0.9735667 -0.15416928
vn -0.22353238 -0.96294314 -0.15090947
vn 0.7583335 0 -0.6518667
vn 0.7583335 0 -0.6518667
vn 0.7583335 0 -0.65186673
vn -0.57388526 -0.5158785 0.636023
vn -0.57388526 -0.51587844 0.636023
vn -0.5738852 -0.51587844 0.63602287
vn 0.7200291 0 0.6939438
vn 0.7200291 0 0.6939438
vn 0.7200291 0 0.6939438
vn 0.7200291 0 0.6939438
vn 0.99297005 0 -0.11836584
vn 0.99297005 0 -0.11836584
vn 0.99297005 0 -0.11836584
vn 0.99297005 0 -0.118365854
vn -0.2332647 0.9625853 -0.13790317
vn -0.23258859 0.9561522 -0.17797662
vn -0.23262684 0.9564723 -0.17619759
vn -0.2332647 0.9625853 -0.13790315
vn -0.23004107 0.9382731 -0.25831148
vn -0.23004107 0.9382731 -0.25831148
vn 0.057800476 0.9948521 -0.08323656
vn -0.18141757 0.9780517 -0.102481514
vn -0.20003267 0.9730259 -0.114923984
vn -0.21504366 0.97096854 -0.1047679
vn -0.20675516 0.97164524 -0.11470686
vn -0.17358194 0.97272193 -0.15388706
vn -0.17358194 0.97272193 -0.15388708
vn -0.57389057 0.51586676 0.6360276
vn -0.5738905 0.51586676 0.6360276
vn -0.57389057 0.51586676 0.6360276
vn -0.23326564 -0.9625849 -0.13790369
vn -0.23326567 -0.9625849 -0.1379037
vn -0.23262884 -0.9564716 -0.17619848
vn -0.2325906 -0.9561514 -0.17797747
vn -0.2300452 -0.93827164 -0.25831282
vn -0.23004523 -0.93827164 -0.25831282
vn 0.94817954 0 0.31773502
vn 0.88972163 0 0.45650336
vn 0.8897216 0 0.4565036
vn 0.94817954 0 0.31773502
vn 0.7266191 0 0.6870405
vn 0.7266191 0 0.68704045
vn 0.6282864 0 0.7779821
vn 0.6282863 0 0.7779821
vn -0.72326237 0 0.6905734
vn -0.72326237 0 0.6905734
vn -0.72326237 0 0.69057333
vn 0.057804048 -0.9948519 -0.08323695
vn -0.20256765 -0.9730268 -0.11038712
vn -0.181421 -0.97805095 -0.10248302
vn -0.20528118 -0.97232574 -0.11154555
vn -0.215048 -0.9709674 -0.10476953
vn -0.16852225 -0.9735666 -0.15416935
vn -0.22353278 -0.96294314 -0.15090977
vn 0.7583335 0 -0.6518667
vn 0.7583335 0 -0.6518667
vn 0.7583335 0 -0.65186673
vn -0.5738909 -0.51586413 0.6360293
vn -0.5738909 -0.51586413 0.6360293
vn -0.5738909 -0.51586413 0.6360293
vn 0.7200291 0 0.6939438
vn 0.7200291 0 0.6939438
vn 0.7200291 0 0.6939438
vn 0.7200291 0 0.6939438
vn 0.99297005 0 -0.11836584
vn 0.99297005 0 -0.11836584
vn 0.99297005 0 -0.11836584
vn 0.99297005 0 -0.118365854
vn -0.23326443 0.9625854 -0.137903
vn -0.2325884 0.9561522 -0.17797658
vn -0.23262669 0.9564723 -0.17619759
vn -0.23326445 0.9625854 -0.137903
vn -0.23004107 0.9382731 -0.25831148
vn -0.23004106 0.9382731 -0.25831148
vn 0.057800476 0.9948521 -0.08323656
vn -0.18141767 0.9780517 -0.10248156
vn -0.20003274 0.9730259 -0.11492401
vn -0.21504375 0.97096854 -0.10476796
vn -0.20675524 0.97164524 -0.114706896
vn -0.17358194 0.97272193 -0.15388706
vn -0.17358194 0.97272193 -0.15388708
vn -0.57389057 0.51586676 0.6360276
vn -0.5738905 0.51586676 0.6360276
vn -0.5738905 0.51586676 0.6360276
vn -0.23326516 -0.96258503 -0.13790339
vn -0.23326516 -0.96258503 -0.13790339
vn -0.23262821 -0.9564718 -0.17619802
vn -0.23259 -0.9561517 -0.17797701
vn -0.23004441 -0.9382721 -0.25831196
vn -0.23004441 -0.9382721 -0.25831196
vn 0.94817954 0 0.31773502
vn 0.88972163 0 0.45650336
vn 0.8897216 0 0.4565036
vn 0.94817954 0 0.31773502
vn 0.7266191 0 0.6870405
vn 0.7266191 0 0.68704045
vn 0.6282864 0 0.7779821
vn 0.6282863 0 0.7779821
vn -0.72326237 0 0.6905734
vn -0.72326237 0 0.6905734
vn -0.72326237 0 0.69057333
vn 0.057804048 -0.9948519 -0.08323695
vn -0.20256764 -0.9730268 -0.11038712
vn -0.18142097 -0.97805095 -0.10248302
vn -0.20528121 -0.9723256 -0.11154558
vn -0.215048 -0.9709674 -0.104769535
vn -0.16852225 -0.9735666 -0.15416943
vn -0.22353196 -0.9629434 -0.15090922
vn 0.7583335 0 -0.6518667
vn 0.7583335 0 -0.6518667
vn 0.7583335 0 -0.65186673
vn -0.57389486 -0.51585466 0.6360336
vn -0.5738948 -0.5158546 0.63603365
vn -0.5738948 -0.5158546 0.63603365
vn 0.7200291 0 0.6939438
vn 0.7200291 0 0.6939438
vn 0.7200291 0 0.6939438
vn 0.7200291 0 0.6939438
vn 0.99297005 0 -0.11836584
vn 0.99297005 0 -0.11836584
vn 0.99297005 0 -0.11836584
vn 0.99297005 0 -0.118365854
vn -0.23326418 0.9625854 -0.13790286
vn -0.23258866 0.9561521 -0.17797668
vn -0.23262691 0.9564723 -0.1761977
vn -0.23326418 0.9625854 -0.13790284
vn -0.23004228 0.9382725 -0.2583128
vn -0.23004226 0.93827236 -0.25831282
vn 0.057800476 0.9948521 -0.08323656
vn -0.18141763 0.9780517 -0.10248156
vn -0.20003267 0.9730259 -0.11492397
vn -0.21504377 0.97096854 -0.104767956
vn -0.20675516 0.97164524 -0.11470685
vn -0.1735817 0.97272205 -0.15388687
vn -0.17358169 0.97272205 -0.15388684
vn -0.57387525 0.5159049 0.6360106
vn -0.5738752 0.5159049 0.6360106
vn -0.5738752 0.5159049 0.63601047
vn -0.23326543 -0.96258503 -0.13790354
vn -0.23326543 -0.96258503 -0.13790357
vn -0.23262903 -0.9564715 -0.17619863
vn -0.23259084 -0.9561514 -0.17797767
vn -0.2300464 -0.938271 -0.2583142
vn -0.23004638 -0.938271 -0.2583142
vn 0.94817954 0 0.31773502
vn 0.88972163 0 0.45650336
vn 0.8897216 0 0.4565036
vn 0.94817954 0 0.31773502
vn 0.7266191 0 0.6870405
vn 0.7266191 0 0.68704045
vn 0.6282864 0 0.7779821
vn 0.6282863 0 0.7779821
vn -0.72326237 0 0.6905734
vn -0.72326237 0 0.6905734
vn -0.72326237 0 0.69057333
vn 0.057803992 -0.9948519 -0.08323687
vn -0.2025678 -0.9730267 -0.110387206
vn -0.18142118 -0.9780508 -0.102483146
vn -0.20528138 -0.9723256 -0.11154567
vn -0.21504827 -0.9709673 -0.10476967
vn -0.16852202 -0.9735667 -0.15416916
vn -0.22353196 -0.9629434 -0.15090922
vn 0.7583335 0 -0.6518667
vn 0.7583335 0 -0.6518667
vn 0.7583335 0 -0.65186673
vn -0.5738775 -0.51589745 0.6360144
vn -0.5738775 -0.5158975 0.6360144
vn -0.5738775 -0.51589745 0.6360144
vn 0.7200291 0 0.6939438
vn 0.7200291 0 0.6939438
vn 0.7200291 0 0.6939438
vn 0.7200291 0 0.6939438
vn 0.99297005 0 -0.11836584
vn 0.99297005 0 -0.11836584
vn 0.99297005 0 -0.11836584
vn 0.99297005 0 -0.118365854
vn -0 1 0
vn -0 1 0
vn -0 1 0
vn -0 1 0
vn -0 1 0
vn -0 1 0
vn -0 -1 0
vn -0 -1 0
vn -0 -1 0
vn -0 -1 0
vn -0 -1 0
vn -0 -1 0
vn 0.92917913 0 0.36962962
vn 0.8217249 0 0.5698844
vn 0.8217249 0 0.5698844
vn 0.92917913 0 0.36962962
vn 0.86461455 0 0.50243574
vn 0.86461455 0 0.50243574
vn 0.9940599 0 0.10883398
vn 0.9940599 0 0.10883398
vn -0.40734518 0 0.9132743
vn -0.40734518 0 0.9132743
vn -0.40734518 0 0.9132743
vn -0.40734518 0 0.9132743
vn -0 1 0
vn -0 1 0
vn -0 1 0
vn -0 1 0
vn -0 1 0
vn -0 1 0
vn -0 -1 0
vn -0 -1 0
vn -0 -1 0
vn -0 -1 0
vn -0 -1 0
vn -0 -1 0
vn 0.92917913 0 0.36962962
vn 0.8217249 0 0.5698844
vn 0.8217249 0 0.5698844
vn 0.92917913 0 0.36962962
vn 0.86461455 0 0.50243574
vn 0.86461455 0 0.50243574
vn 0.9940599 0 0.10883398
vn 0.9940599 0 0.10883398
vn -0.40734518 0 0.9132743
vn -0.40734518 0 0.9132743
vn -0.40734518 0 0.9132743
vn -0.40734518 0 0.9132743
vn -0 1 0
vn -0 1 0
vn -0 1 0
vn -0 1 0
vn -0 1 0
vn -0 1 0
vn -0 -1 0
vn -0 -1 0
vn -0 -1 0
vn -0 -1 0
vn -0 -1 0
vn -0 -1 0
vn 0.92917913 0 0.36962962
vn 0.8217249 0 0.5698844
vn 0.8217249 0 0.5698844
vn 0.92917913 0 0.36962962
vn 0.86461455 0 0.50243574
vn 0.86461455 0 0.50243574
vn 0.9940599 0 0.10883398
vn 0.9940599 0 0.10883398
vn -0.40734518 0 0.9132743
vn -0.40734518 0 0.9132743
vn -0.40734518 0 0.9132743
vn -0.40734518 0 0.9132743
vn -0 1 0
vn -0 1 0
vn -0 1 0
vn -0 1 0
vn -0 1 0
vn -0 1 0
vn -0 -1 0
vn -0 -1 0
vn -0 -1 0
vn -0 -1 0
vn -0 -1 0
vn -0 -1 0
vn 0.92917913 0 0.36962962
vn 0.8217249 0 0.5698844
vn 0.8217249 0 0.5698844
vn 0.92917913 0 0.36962962
vn 0.86461455 0 0.50243574
vn 0.86461455 0 0.50243574
vn 0.9940599 0 0.10883398
vn 0.9940599 0 0.10883398
vn -0.40734518 0 0.9132743
vn -0.40734518 0 0.9132743
vn -0.40734518 0 0.9132743
vn -0.40734518 0 0.9132743
vn -0 1 0
vn -0 1 0
vn -0 1 0
vn -0 1 0
vn -0 1 0
vn -0 1 0
vn -0 -1 0
vn -0 -1 0
vn -0 -1 0
vn -0 -1 0
vn -0 -1 0
vn -0 -1 0
vn 0.92917913 0 0.36962962
vn 0.8217249 0 0.5698844
vn 0.8217249 0 0.5698844
vn 0.92917913 0 0.36962962
vn 0.86461455 0 0.50243574
vn 0.86461455 0 0.50243574
vn 0.9940599 0 0.10883398
vn 0.9940599 0 0.10883398
vn -0.40734518 0 0.9132743
vn -0.40734518 0 0.9132743
vn -0.40734518 0 0.9132743
vn -0.40734518 0 0.9132743
vn -0 1 0
vn -0 1 0
vn -0 1 0
vn -0 1 0
vn -0 1 0
vn -0 1 0
vn -0 -1 0
vn -0 -1 0
vn -0 -1 0
vn -0 -1 0
vn -0 -1 0
vn -0 -1 0
vn 0.92917913 0 0.36962962
vn 0.8217249 0 0.5698844
vn 0.8217249 0 0.5698844
vn 0.92917913 0 0.36962962
vn 0.86461455 0 0.50243574
vn 0.86461455 0 0.50243574
vn 0.9940599 0 0.10883398
vn 0.9940599 0 0.10883398
vn -0.40734518 0 0.9132743
vn -0.40734518 0 0.9132743
vn -0.40734518 0 0.9132743
vn -0.40734518 0 0.9132743
vn -0.23326416 0.9625854 -0.13790287
vn -0.23258823 0.95615226 -0.17797652
vn -0.23262651 0.9564724 -0.1761975
vn -0.23326415 0.9625854 -0.13790287
vn -0.23004113 0.93827295 -0.25831157
vn -0.2300411 0.93827295 -0.25831157
vn 0.05780032 0.9948521 -0.08323656
vn -0.18141732 0.9780517 -0.10248144
vn -0.20003264 0.9730259 -0.11492398
vn -0.21504346 0.97096866 -0.10476782
vn -0.20675513 0.97164536 -0.114706844
vn -0.17358261 0.9727218 -0.15388754
vn -0.17358263 0.9727218 -0.15388756
vn -0.57388324 0.5158858 0.63601893
vn -0.5738831 0.5158857 0.63601893
vn -0.57388324 0.5158858 0.63601893
vn -0.23326531 -0.96258503 -0.13790354
vn -0.23326536 -0.96258503 -0.13790357
vn -0.23262846 -0.95647174 -0.17619823
vn -0.23259029 -0.95615155 -0.17797725
vn -0.23004487 -0.9382718 -0.2583123
vn -0.23004486 -0.9382718 -0.25831228
vn 0.94817954 0 0.31773525
vn 0.88972163 0 0.45650348
vn 0.8897216 0 0.4565037
vn 0.94817954 0 0.31773525
vn 0.7266192 0 0.6870404
vn 0.7266192 0 0.6870404
vn 0.6282863 0 0.7779821
vn 0.6282863 0 0.7779821
vn -0.7232626 0 0.6905731
vn -0.72326255 0 0.6905731
vn -0.7232626 0 0.6905731
vn 0.057804376 -0.9948519 -0.08323687
vn -0.20256764 -0.9730268 -0.11038718
vn -0.18142085 -0.97805095 -0.10248305
vn -0.20528124 -0.9723256 -0.11154563
vn -0.21504797 -0.9709674 -0.10476958
vn -0.16852276 -0.9735665 -0.15416983
vn -0.22353287 -0.962943 -0.15090977
vn 0.7583336 0 -0.65186656
vn 0.75833374 0 -0.6518666
vn 0.7583336 0 -0.6518666
vn -0.57388747 -0.51587355 0.6360249
vn -0.5738874 -0.51587355 0.636025
vn -0.57388747 -0.51587355 0.636025
vn 0.7200292 0 0.69394374
vn 0.7200291 0 0.6939438
vn 0.7200291 0 0.6939438
vn 0.7200292 0 0.69394374
vn 0.99297005 0 -0.11836586
vn 0.99297005 0 -0.11836584
vn 0.99297005 0 -0.11836584
vn 0.99297005 0 -0.118365854
vn -0 1 0
vn -0 1 0
vn -0 1 0
vn -0 1 0
vn -0 1 0
vn -0 1 0
vn -0 -1 0
vn -0 -1 0
vn -0 -1 0
vn -0 -1 0
vn -0 -1 0
vn -0 -1 0
vn 0.92917913 0 0.36962962
vn 0.8217249 0 0.5698844
vn 0.8217249 0 0.5698844
vn 0.92917913 0 0.36962962
vn 0.86461455 0 0.50243574
vn 0.86461455 0 0.50243574
vn 0.9940599 0 0.10883398
vn 0.9940599 0 0.10883398
vn -0.40734518 0 0.9132743
vn -0.40734518 0 0.9132743
vn -0.40734518 0 0.9132743
vn -0.40734518 0 0.9132743
vn -0 1 0
vn -0 1 0
vn -0 1 0
vn -0 1 0
vn -0 1 0
vn -0 1 0
vn -0 -1 0
vn -0 -1 0
vn -0 -1 0
vn -0 -1 0
vn -0 -1 0
vn -0 -1 0
vn 0.92917895 0 0.36963037
vn 0.82172453 0 0.56988484
vn 0.82172453 0 0.56988484
vn 0.92917895 0 0.36963037
vn 0.86461455 0 0.50243574
vn 0.86461455 0 0.50243574
vn 0.9940599 0 0.10883398
vn 0.9940599 0 0.10883398
vn -0.40734014 0 0.9132766
vn -0.40734014 0 0.9132766
vn -0.40734014 0 0.9132766
vn -0.40734014 0 0.9132766
vn -0 -1 0
vn -0 -1 0
vn -0 -1 0
vn -0 -1 0
vn -0 -1 0
vn -0 -1 0
vn -0 1 0
vn -0 1 0
vn -0 1 0
vn -0 1 0
vn -0 1 0
vn -0 1 0
vn 0.92917913 0 0.36962977
vn 0.92917913 0 0.36962977
vn 0.82172495 0 0.56988436
vn 0.82172495 0 0.56988436
vn 0.86461455 0 0.5024356
vn 0.86461455 0 0.5024356
vn 0.9940599 0 0.10883401
vn 0.9940599 0 0.10883401
vn -0.4073451 0 0.9132743
vn -0.4073451 0 0.9132743
vn -0.4073451 0 0.9132743
vn -0.4073451 0 0.9132743
vn -0 -1 0
vn -0 -1 0
vn -0 -1 0
vn -0 -1 0
vn -0 -1 0
vn -0 -1 0
vn -0 1 0
vn -0 1 0
vn -0 1 0
vn -0 1 0
vn -0 1 0
vn -0 1 0
vn 0.92917913 0 0.36962977
vn 0.92917913 0 0.36962977
vn 0.82172495 0 0.56988436
vn 0.82172495 0 0.56988436
vn 0.86461455 0 0.5024356
vn 0.86461455 0 0.5024356
vn 0.9940599 0 0.10883401
vn 0.9940599 0 0.10883401
vn -0.4073451 0 0.9132743
vn -0.4073451 0 0.9132743
vn -0.4073451 0 0.9132743
vn -0.4073451 0 0.9132743
vn -0 -1 0
vn -0 -1 0
vn -0 -1 0
vn -0 -1 0
vn -0 -1 0
vn -0 -1 0
vn -0 1 0
vn -0 1 0
vn -0 1 0
vn -0 1 0
vn -0 1 0
vn -0 1 0
vn 0.92917913 0 0.36962977
vn 0.92917913 0 0.36962977
vn 0.82172495 0 0.56988436
vn 0.82172495 0 0.56988436
vn 0.86461455 0 0.5024356
vn 0.86461455 0 0.5024356
vn 0.9940599 0 0.10883401
vn 0.9940599 0 0.10883401
vn -0.4073451 0 0.9132743
vn -0.4073451 0 0.9132743
vn -0.4073451 0 0.9132743
vn -0.4073451 0 0.9132743
vn -0 -1 0
vn -0 -1 0
vn -0 -1 0
vn -0 -1 0
vn -0 -1 0
vn -0 -1 0
vn -0 1 0
vn -0 1 0
vn -0 1 0
vn -0 1 0
vn -0 1 0
vn -0 1 0
vn 0.92917913 0 0.36962977
vn 0.92917913 0 0.36962977
vn 0.82172495 0 0.56988436
vn 0.82172495 0 0.56988436
vn 0.86461455 0 0.5024356
vn 0.86461455 0 0.5024356
vn 0.9940599 0 0.10883401
vn 0.9940599 0 0.10883401
vn -0.4073451 0 0.9132743
vn -0.4073451 0 0.9132743
vn -0.4073451 0 0.9132743
vn -0.4073451 0 0.9132743
vn -0 -1 0
vn -0 -1 0
vn -0 -1 0
vn -0 -1 0
vn -0 -1 0
vn -0 -1 0
vn -0 1 0
vn -0 1 0
vn -0 1 0
vn -0 1 0
vn -0 1 0
vn -0 1 0
vn 0.92917913 0 0.36962977
vn 0.92917913 0 0.36962977
vn 0.82172495 0 0.56988436
vn 0.82172495 0 0.56988436
vn 0.86461455 0 0.5024356
vn 0.86461455 0 0.5024356
vn 0.9940599 0 0.10883401
vn 0.9940599 0 0.10883401
vn -0.4073451 0 0.9132743
vn -0.4073451 0 0.9132743
vn -0.4073451 0 0.9132743
vn -0.4073451 0 0.9132743
vn -0 -1 0
vn -0 -1 0
vn -0 -1 0
vn -0 -1 0
vn -0 -1 0
vn -0 -1 0
vn -0 1 0
vn -0 1 0
vn -0 1 0
vn -0 1 0
vn -0 1 0
vn -0 1 0
vn 0.92917913 0 0.36962977
vn 0.92917913 0 0.36962977
vn 0.82172495 0 0.56988436
vn 0.82172495 0 0.56988436
vn 0.86461455 0 0.5024356
vn 0.86461455 0 0.5024356
vn 0.9940599 0 0.10883401
vn 0.9940599 0 0.10883401
vn -0.4073451 0 0.9132743
vn -0.4073451 0 0.9132743
vn -0.4073451 0 0.9132743
vn -0.4073451 0 0.9132743
vn -0 -1 0
vn -0 -1 0
vn -0 -1 0
vn -0 -1 0
vn -0 -1 0
vn -0 -1 0
vn -0 1 0
vn -0 1 0
vn -0 1 0
vn -0 1 0
vn -0 1 0
vn -0 1 0
vn 0.92917913 0 0.36962977
vn 0.92917913 0 0.36962977
vn 0.82172495 0 0.56988436
vn 0.82172495 0 0.56988436
vn 0.86461455 0 0.5024356
vn 0.86461455 0 0.5024356
vn 0.9940599 0 0.10883401
vn 0.9940599 0 0.10883401
vn -0.4073451 0 0.9132743
vn -0.4073451 0 0.9132743
vn -0.4073451 0 0.9132743
vn -0.4073451 0 0.9132743
vn -0 -1 0
vn -0 -1 0
vn -0 -1 0
vn -0 -1 0
vn -0 -1 0
vn -0 -1 0
vn -0 1 0
vn -0 1 0
vn -0 1 0
vn -0 1 0
vn -0 1 0
vn -0 1 0
vn 0.92917883 0 0.3696304
vn 0.92917883 0 0.3696304
vn 0.82172453 0 0.56988484
vn 0.82172453 0 0.56988484
vn 0.86461455 0 0.5024356
vn 0.86461455 0 0.5024356
vn 0.9940599 0 0.10883401
vn 0.9940599 0 0.10883401
vn -0.40734014 0 0.9132766
vn -0.40734014 0 0.9132766
vn -0.40734014 0 0.9132766
vn -0.40734014 0 0.9132766
vn -0.23326427 0.9625854 -0.13790295
vn -0.23258851 0.9561522 -0.17797668
vn -0.23262675 0.9564723 -0.17619765
vn -0.23326434 0.9625854 -0.13790296
vn -0.23004164 0.93827266 -0.25831214
vn -0.23004164 0.93827266 -0.2583121
vn 0.057800293 0.9948521 -0.08323652
vn -0.18141763 0.9780517 -0.10248158
vn -0.20003274 0.9730259 -0.114924006
vn -0.21504372 0.97096854 -0.10476796
vn -0.20675524 0.97164524 -0.114706874
vn -0.17358196 0.97272205 -0.15388696
vn -0.17358199 0.97272205 -0.15388696
vn -0.573887 0.5158762 0.63602316
vn -0.573887 0.5158762 0.6360232
vn -0.57388705 0.5158762 0.63602316
vn -0.23326544 -0.9625849 -0.13790362
vn -0.23326543 -0.9625849 -0.1379036
vn -0.23262876 -0.9564716 -0.17619841
vn -0.23259051 -0.95615155 -0.17797738
vn -0.23004535 -0.93827164 -0.25831285
vn -0.23004535 -0.93827164 -0.25831285
vn 0.94817954 0 0.31773525
vn 0.88972163 0 0.45650348
vn 0.8897216 0 0.4565037
vn 0.94817954 0 0.31773525
vn 0.7266192 0 0.6870404
vn 0.7266192 0 0.6870404
vn 0.6282863 0 0.7779821
vn 0.6282863 0 0.7779821
vn -0.7232626 0 0.6905731
vn -0.72326255 0 0.6905731
vn -0.7232626 0 0.6905731
vn 0.05780441 -0.9948519 -0.08323691
vn -0.20256764 -0.9730268 -0.11038718
vn -0.181421 -0.97805095 -0.10248308
vn -0.2052812 -0.97232574 -0.1115456
vn -0.21504806 -0.9709673 -0.10476961
vn -0.1685221 -0.9735667 -0.15416923
vn -0.22353247 -0.96294314 -0.15090947
vn 0.7583336 0 -0.65186656
vn 0.75833374 0 -0.6518666
vn 0.7583336 0 -0.6518666
vn -0.5738894 -0.5158688 0.63602704
vn -0.5738894 -0.5158687 0.63602704
vn -0.57388926 -0.5158687 0.63602704
vn 0.7200292 0 0.69394374
vn 0.7200291 0 0.6939438
vn 0.7200291 0 0.6939438
vn 0.7200292 0 0.69394374
vn 0.99297005 0 -0.11836586
vn 0.99297005 0 -0.11836584
vn 0.99297005 0 -0.11836584
vn 0.99297005 0 -0.118365854
vn -0.23326427 0.9625854 -0.13790295
vn -0.23258853 0.9561522 -0.1779767
vn -0.23262681 0.9564723 -0.1761977
vn -0.2332643 0.9625854 -0.13790296
vn -0.23004171 0.93827266 -0.25831223
vn -0.23004174 0.93827266 -0.25831228
vn 0.05780026 0.9948521 -0.08323647
vn -0.18141764 0.9780517 -0.10248158
vn -0.20003274 0.9730259 -0.11492397
vn -0.21504377 0.97096854 -0.10476797
vn -0.20675519 0.97164524 -0.11470686
vn -0.17358185 0.97272205 -0.15388687
vn -0.17358185 0.97272205 -0.15388687
vn -0.573887 0.5158762 0.6360231
vn -0.57388705 0.5158762 0.63602316
vn -0.57388705 0.5158762 0.63602316
vn -0.23326556 -0.9625849 -0.13790369
vn -0.23326555 -0.9625849 -0.1379037
vn -0.23262884 -0.9564716 -0.17619847
vn -0.23259062 -0.9561514 -0.17797747
vn -0.23004544 -0.9382715 -0.258313
vn -0.23004544 -0.9382715 -0.25831303
vn 0.94817954 0 0.31773525
vn 0.88972163 0 0.45650348
vn 0.8897216 0 0.4565037
vn 0.94817954 0 0.31773525
vn 0.7266192 0 0.6870404
vn 0.7266192 0 0.6870404
vn 0.6282863 0 0.7779821
vn 0.6282863 0 0.7779821
vn -0.7232626 0 0.6905731
vn -0.72326255 0 0.6905731
vn -0.7232626 0 0.6905731
vn 0.05780441 -0.9948519 -0.08323691
vn -0.20256764 -0.9730268 -0.11038717
vn -0.18142098 -0.97805095 -0.102483116
vn -0.2052812 -0.97232574 -0.111545615
vn -0.21504804 -0.9709673 -0.10476961
vn -0.16852205 -0.9735667 -0.15416919
vn -0.22353229 -0.96294326 -0.15090935
vn 0.7583336 0 -0.65186656
vn 0.75833374 0 -0.6518666
vn 0.7583336 0 -0.6518666
vn -0.5738874 -0.5158736 0.63602495
vn -0.5738874 -0.51587355 0.636025
vn -0.5738874 -0.51587355 0.636025
vn 0.7200292 0 0.69394374
vn 0.7200291 0 0.6939438
vn 0.7200291 0 0.6939438
vn 0.7200292 0 0.69394374
vn 0.99297005 0 -0.11836586
vn 0.99297005 0 -0.11836584
vn 0.99297005 0 -0.11836584
vn 0.99297005 0 -0.118365854
vn -0.2332644 0.9625854 -0.137903
vn -0.23258859 0.9561521 -0.17797671
vn -0.23262686 0.9564723 -0.17619774
vn -0.2332644 0.9625854 -0.137903
vn -0.23004171 0.93827266 -0.25831223
vn -0.23004174 0.93827266 -0.25831228
vn 0.05780032 0.9948521 -0.08323656
vn -0.18141757 0.9780517 -0.102481514
vn -0.20003264 0.9730259 -0.11492395
vn -0.21504362 0.97096854 -0.1047679
vn -0.20675518 0.97164524 -0.11470685
vn -0.17358209 0.97272193 -0.15388708
vn -0.1735821 0.97272193 -0.15388708
vn -0.57388324 0.5158858 0.63601893
vn -0.5738831 0.5158857 0.63601893
vn -0.57388324 0.5158858 0.63601893
vn -0.23326555 -0.9625849 -0.13790369
vn -0.23326555 -0.9625849 -0.13790369
vn -0.23262884 -0.9564716 -0.17619845
vn -0.2325906 -0.9561514 -0.17797746
vn -0.23004542 -0.9382715 -0.258313
vn -0.23004545 -0.9382715 -0.258313
vn 0.94817954 0 0.31773525
vn 0.88972163 0 0.45650348
vn 0.8897216 0 0.4565037
vn 0.94817954 0 0.31773525
vn 0.7266192 0 0.6870404
vn 0.7266192 0 0.6870404
vn 0.6282863 0 0.7779821
vn 0.6282863 0 0.7779821
vn -0.7232626 0 0.6905731
vn -0.72326255 0 0.6905731
vn -0.7232626 0 0.6905731
vn 0.057804402 -0.9948519 -0.08323691
vn -0.20256756 -0.9730268 -0.11038713
vn -0.18142094 -0.97805095 -0.10248305
vn -0.20528114 -0.97232574 -0.11154558
vn -0.21504797 -0.9709674 -0.10476958
vn -0.16852209 -0.9735667 -0.15416922
vn -0.22353247 -0.96294314 -0.15090947
vn 0.7583336 0 -0.65186656
vn 0.75833374 0 -0.6518666
vn 0.7583336 0 -0.6518666
vn -0.57388747 -0.51587355 0.6360249
vn -0.5738874 -0.51587355 0.636025
vn -0.57388747 -0.51587355 0.636025
vn 0.7200292 0 0.69394374
vn 0.7200291 0 0.6939438
vn 0.7200291 0 0.6939438
vn 0.7200292 0 0.69394374
vn 0.99297005 0 -0.11836586
vn 0.99297005 0 -0.11836584
vn 0.99297005 0 -0.11836584
vn 0.99297005 0 -0.118365854
vn -0.23326439 0.9625854 -0.137903
vn -0.23258872 0.9561521 -0.17797682
vn -0.23262697 0.95647216 -0.17619783
vn -0.2332644 0.9625854 -0.137903
vn -0.23004207 0.9382725 -0.25831267
vn -0.23004211 0.9382725 -0.25831267
vn 0.05780032 0.9948521 -0.08323656
vn -0.1814177 0.9780517 -0.10248162
vn -0.20003279 0.9730259 -0.11492405
vn -0.21504383 0.97096854 -0.10476801
vn -0.20675525 0.97164524 -0.11470693
vn -0.17358209 0.97272193 -0.15388706
vn -0.1735821 0.97272193 -0.15388708
vn -0.5738831 0.5158858 0.63601893
vn -0.57388324 0.5158858 0.63601893
vn -0.57388324 0.5158858 0.63601893
vn -0.23326555 -0.9625849 -0.13790369
vn -0.23326555 -0.9625849 -0.1379037
vn -0.23262894 -0.9564715 -0.17619856
vn -0.23259076 -0.9561514 -0.17797759
vn -0.23004584 -0.9382713 -0.25831345
vn -0.23004584 -0.9382713 -0.25831342
vn 0.94817954 0 0.31773525
vn 0.88972163 0 0.45650348
vn 0.8897216 0 0.4565037
vn 0.94817954 0 0.31773525
vn 0.7266192 0 0.6870404
vn 0.7266192 0 0.6870404
vn 0.6282863 0 0.7779821
vn 0.6282863 0 0.7779821
vn -0.7232626 0 0.6905731
vn -0.72326255 0 0.6905731
vn -0.7232626 0 0.6905731
vn 0.057804443 -0.9948519 -0.08323695
vn -0.2025677 -0.9730267 -0.11038719
vn -0.18142106 -0.97805095 -0.10248314
vn -0.20528126 -0.9723256 -0.11154565
vn -0.2150481 -0.9709673 -0.104769655
vn -0.1685221 -0.9735667 -0.15416923
vn -0.22353247 -0.96294314 -0.15090947
vn 0.7583336 0 -0.65186656
vn 0.75833374 0 -0.6518666
vn 0.7583336 0 -0.6518666
vn -0.57388544 -0.51587826 0.63602275
vn -0.57388544 -0.51587826 0.63602275
vn -0.57388544 -0.5158783 0.63602275
vn 0.7200292 0 0.69394374
vn 0.7200291 0 0.6939438
vn 0.7200291 0 0.6939438
vn 0.7200292 0 0.69394374
vn 0.99297005 0 -0.11836586
vn 0.99297005 0 -0.11836584
vn 0.99297005 0 -0.11836584
vn 0.99297005 0 -0.118365854
vn -0.23326465 0.9625853 -0.13790317
vn -0.23258856 0.9561521 -0.17797664
vn -0.23262683 0.9564723 -0.17619763
vn -0.23326464 0.9625853 -0.13790315
vn -0.2300411 0.93827295 -0.25831157
vn -0.23004109 0.93827295 -0.25831154
vn 0.05780032 0.9948521 -0.08323656
vn -0.18141757 0.9780517 -0.102481514
vn -0.20003267 0.9730259 -0.114923984
vn -0.21504362 0.97096854 -0.1047679
vn -0.20675516 0.97164524 -0.11470686
vn -0.17358209 0.97272193 -0.15388706
vn -0.1735821 0.97272193 -0.15388708
vn -0.57389086 0.51586664 0.6360274
vn -0.57389086 0.5158666 0.6360275
vn -0.57389086 0.51586664 0.6360274
vn -0.23326556 -0.9625849 -0.13790369
vn -0.23326555 -0.9625849 -0.1379037
vn -0.23262878 -0.9564716 -0.17619847
vn -0.23259054 -0.9561514 -0.17797743
vn -0.23004523 -0.93827164 -0.25831276
vn -0.23004524 -0.93827164 -0.25831276
vn 0.94817954 0 0.31773525
vn 0.88972163 0 0.45650348
vn 0.8897216 0 0.4565037
vn 0.94817954 0 0.31773525
vn 0.7266192 0 0.6870404
vn 0.7266192 0 0.6870404
vn 0.6282863 0 0.7779821
vn 0.6282863 0 0.7779821
vn -0.7232626 0 0.6905731
vn -0.72326255 0 0.6905731
vn -0.7232626 0 0.6905731
vn 0.057804443 -0.9948519 -0.08323695
vn -0.20256759 -0.9730268 -0.11038715
vn -0.18142092 -0.97805095 -0.10248305
vn -0.20528114 -0.97232574 -0.11154558
vn -0.21504797 -0.9709674 -0.10476958
vn -0.16852221 -0.9735667 -0.15416932
vn -0.2235329 -0.962943 -0.15090977
vn 0.7583336 0 -0.65186656
vn 0.75833374 0 -0.6518666
vn 0.7583336 0 -0.6518666
vn -0.5738913 -0.5158641 0.6360292
vn -0.5738912 -0.515864 0.6360291
vn -0.5738912 -0.5158641 0.6360292
vn 0.7200292 0 0.69394374
vn 0.7200291 0 0.6939438
vn 0.7200291 0 0.6939438
vn 0.7200292 0 0.69394374
vn 0.99297005 0 -0.11836586
vn 0.99297005 0 -0.11836584
vn 0.99297005 0 -0.11836584
vn 0.99297005 0 -0.118365854
vn -0.23326439 0.9625854 -0.137903
vn -0.2325884 0.9561522 -0.17797664
vn -0.23262668 0.9564723 -0.17619763
vn -0.2332644 0.9625854 -0.137903
vn -0.23004113 0.93827295 -0.25831157
vn -0.2300411 0.93827295 -0.25831157
vn 0.05780032 0.9948521 -0.08323656
vn -0.18141763 0.9780517 -0.10248156
vn -0.20003274 0.9730259 -0.11492401
vn -0.21504371 0.97096854 -0.10476796
vn -0.20675522 0.97164524 -0.114706896
vn -0.17358209 0.97272193 -0.15388706
vn -0.1735821 0.97272193 -0.15388708
vn -0.57389086 0.5158666 0.6360274
vn -0.57389086 0.5158666 0.6360274
vn -0.57389086 0.5158667 0.6360275
vn -0.23326509 -0.96258503 -0.1379034
vn -0.23326507 -0.96258503 -0.13790339
vn -0.23262818 -0.9564718 -0.176198
vn -0.23258993 -0.9561517 -0.17797697
vn -0.23004447 -0.9382721 -0.2583119
vn -0.23004445 -0.9382721 -0.25831184
vn 0.94817954 0 0.31773525
vn 0.88972163 0 0.45650348
vn 0.8897216 0 0.4565037
vn 0.94817954 0 0.31773525
vn 0.7266192 0 0.6870404
vn 0.7266192 0 0.6870404
vn 0.6282863 0 0.7779821
vn 0.6282863 0 0.7779821
vn -0.7232626 0 0.6905731
vn -0.72326255 0 0.6905731
vn -0.7232626 0 0.6905731
vn 0.057804443 -0.9948519 -0.08323695
vn -0.20256758 -0.9730268 -0.11038714
vn -0.18142088 -0.97805095 -0.10248305
vn -0.2052812 -0.9723256 -0.1115456
vn -0.21504799 -0.9709674 -0.10476958
vn -0.16852224 -0.9735666 -0.15416937
vn -0.22353204 -0.96294326 -0.1509092
vn 0.7583336 0 -0.65186656
vn 0.75833374 0 -0.6518666
vn 0.7583336 0 -0.6518666
vn -0.5738951 -0.51585454 0.6360335
vn -0.5738951 -0.5158544 0.6360334
vn -0.5738951 -0.5158545 0.6360335
vn 0.7200292 0 0.69394374
vn 0.7200291 0 0.6939438
vn 0.7200291 0 0.6939438
vn 0.7200292 0 0.69394374
vn 0.99297005 0 -0.11836586
vn 0.99297005 0 -0.11836584
vn 0.99297005 0 -0.11836584
vn 0.99297005 0 -0.118365854
vn -0.23326416 0.9625854 -0.13790286
vn -0.23258866 0.9561521 -0.17797674
vn -0.23262689 0.9564723 -0.17619774
vn -0.23326412 0.9625854 -0.13790284
vn -0.2300423 0.93827236 -0.25831285
vn -0.23004232 0.93827236 -0.25831288
vn 0.05780032 0.9948521 -0.08323656
vn -0.18141758 0.9780517 -0.10248156
vn -0.20003267 0.9730259 -0.11492397
vn -0.21504371 0.97096854 -0.104767956
vn -0.20675516 0.97164536 -0.114706844
vn -0.17358185 0.97272205 -0.15388687
vn -0.17358185 0.97272205 -0.15388687
vn -0.5738755 0.5159047 0.63601035
vn -0.5738755 0.51590466 0.63601035
vn -0.5738755 0.5159047 0.63601035
vn -0.2332653 -0.96258503 -0.13790354
vn -0.23326536 -0.96258503 -0.13790357
vn -0.23262897 -0.9564715 -0.17619863
vn -0.23259078 -0.9561514 -0.17797762
vn -0.23004645 -0.938271 -0.2583141
vn -0.23004644 -0.938271 -0.2583141
vn 0.94817954 0 0.31773525
vn 0.88972163 0 0.45650348
vn 0.8897216 0 0.4565037
vn 0.94817954 0 0.31773525
vn 0.7266192 0 0.6870404
vn 0.7266192 0 0.6870404
vn 0.6282863 0 0.7779821
vn 0.6282863 0 0.7779821
vn -0.7232626 0 0.6905731
vn -0.72326255 0 0.6905731
vn -0.7232626 0 0.6905731
vn 0.057804383 -0.9948519 -0.08323687
vn -0.20256779 -0.9730267 -0.11038724
vn -0.18142112 -0.9780508 -0.102483176
vn -0.20528133 -0.9723256 -0.11154569
vn -0.21504827 -0.9709673 -0.1047697
vn -0.16852197 -0.9735667 -0.15416913
vn -0.22353204 -0.96294326 -0.1509092
vn 0.7583336 0 -0.65186656
vn 0.75833374 0 -0.6518666
vn 0.7583336 0 -0.6518666
vn -0.57387775 -0.5158974 0.6360143
vn -0.5738779 -0.5158974 0.6360143
vn -0.5738778 -0.5158974 0.6360142
vn 0.7200292 0 0.69394374
vn 0.7200291 0 0.6939438
vn 0.7200291 0 0.6939438
vn 0.7200292 0 0.69394374
vn 0.99297005 0 -0.11836586
vn 0.99297005 0 -0.11836584
vn 0.99297005 0 -0.11836584
vn 0.99297005 0 -0.118365854
vn -0.11704787 0.9625854 0.24439578
vn -0.15702797 0.9561522 0.2472152
vn -0.15525238 0.9564723 0.24709821
vn -0.11704788 0.9625854 0.24439578
vn -0.23727968 0.9382728 0.25167963
vn -0.23727968 0.9382728 0.25167963
vn -0.08795743 0.9948521 -0.050325967
vn -0.08627997 0.9780517 0.18965912
vn -0.097052656 0.9730259 0.20928776
vn -0.08562697 0.97096854 0.22335656
vn -0.096250445 0.97164524 0.21596576
vn -0.13817276 0.97272205 0.18633342
vn -0.13817273 0.97272205 0.18633343
vn 0.6836194 0.5158787 0.51626897
vn 0.6836194 0.5158787 0.516269
vn 0.6836193 0.5158787 0.516269
vn -0.117048405 -0.9625849 0.24439694
vn -0.11704842 -0.9625849 0.24439697
vn -0.15525302 -0.9564716 0.24710026
vn -0.15702859 -0.9561514 0.24721718
vn -0.2372803 -0.93827164 0.2516834
vn -0.23728031 -0.9382715 0.25168344
vn 0.23388664 0 -0.9722639
vn 0.3772219 0 -0.9261229
vn 0.37722212 0 -0.9261228
vn 0.23388664 0 -0.9722639
vn 0.62109697 0 -0.78373367
vn 0.62109697 0 -0.7837337
vn 0.7202629 0 -0.6937012
vn 0.7202629 0 -0.69370115
vn 0.750982 0 0.66032267
vn 0.7509821 0 0.66032267
vn 0.750982 0 0.66032267
vn -0.08795814 -0.9948519 -0.050329503
vn -0.09231214 -0.9730268 0.21141773
vn -0.0862812 -0.97805095 0.18966272
vn -0.093229674 -0.9723256 0.21422192
vn -0.08562821 -0.9709673 0.22336105
vn -0.13889493 -0.9735667 0.18131758
vn -0.13085298 -0.96294326 0.23583423
vn -0.7154793 0 -0.6986339
vn -0.7154793 0 -0.6986339
vn -0.7154793 0 -0.69863385
vn 0.6836232 -0.51587194 0.51627076
vn 0.6836232 -0.5158719 0.51627076
vn 0.68362325 -0.51587194 0.51627076
vn 0.62854844 0 -0.77777034
vn 0.62854844 0 -0.77777046
vn 0.62854844 0 -0.77777046
vn 0.62854844 0 -0.77777034
vn -0.20445843 0 -0.9788752
vn -0.20445843 0 -0.9788752
vn -0.20445843 0 -0.9788752
vn -0.20445843 0 -0.9788752
vn -0 1 0
vn -0 1 0
vn -0 1 0
vn -0 1 0
vn -0 1 0
vn -0 1 0
vn -0 -1 0
vn -0 -1 0
vn -0 -1 0
vn -0 -1 0
vn -0 -1 0
vn -0 -1 0
vn 0.28723973 0 -0.9578586
vn 0.49609774 0 -0.86826664
vn 0.49609774 0 -0.86826664
vn 0.28723973 0 -0.9578586
vn 0.42516768 0 -0.90511453
vn 0.42516768 0 -0.90511453
vn 0.021781804 0 -0.9997627
vn 0.021781804 0 -0.9997627
vn 0.9453015 0 0.32619804
vn 0.9453015 0 0.32619804
vn 0.9453015 0 0.32619804
vn 0.9453015 0 0.32619804
vn -0 -1 0
vn -0 -1 0
vn -0 -1 0
vn -0 -1 0
vn -0 -1 0
vn -0 -1 0
vn -0 1 0
vn -0 1 0
vn -0 1 0
vn -0 1 0
vn -0 1 0
vn -0 1 0
vn 0.28723985 0 -0.9578586
vn 0.28723985 0 -0.9578586
vn 0.4960977 0 -0.86826676
vn 0.4960977 0 -0.86826676
vn 0.42516756 0 -0.90511465
vn 0.42516756 0 -0.90511465
vn 0.021781832 0 -0.9997627
vn 0.021781832 0 -0.9997627
vn 0.9453015 0 0.32619795
vn 0.9453015 0 0.32619795
vn 0.9453015 0 0.32619795
vn 0.9453015 0 0.32619795
vn -0.117047876 0.9625854 0.24439572
vn -0.157028 0.9561521 0.24721517
vn -0.15525241 0.9564723 0.24709821
vn -0.11704788 0.9625854 0.24439572
vn -0.23727976 0.93827266 0.25167972
vn -0.23727973 0.93827266 0.25167966
vn -0.087957405 0.9948521 -0.05032582
vn -0.08627997 0.9780517 0.18965912
vn -0.09705265 0.9730259 0.2092878
vn -0.08562697 0.97096854 0.22335652
vn -0.096250445 0.97164524 0.21596578
vn -0.1381727 0.97272193 0.18633357
vn -0.1381727 0.97272193 0.18633358
vn 0.68361926 0.5158786 0.51626927
vn 0.6836192 0.51587856 0.5162693
vn 0.6836192 0.51587856 0.5162693
vn -0.117048405 -0.9625849 0.24439688
vn -0.11704843 -0.9625849 0.24439688
vn -0.15525298 -0.9564716 0.24710026
vn -0.15702853 -0.95615155 0.24721722
vn -0.23728015 -0.93827164 0.25168347
vn -0.23728018 -0.93827164 0.2516835
vn 0.23388687 0 -0.97226375
vn 0.37722197 0 -0.9261229
vn 0.37722218 0 -0.9261228
vn 0.23388687 0 -0.97226375
vn 0.62109697 0 -0.7837337
vn 0.62109697 0 -0.7837337
vn 0.7202629 0 -0.69370115
vn 0.7202629 0 -0.69370115
vn 0.75098175 0 0.66032296
vn 0.7509818 0 0.66032284
vn 0.75098175 0 0.6603229
vn -0.08795817 -0.9948519 -0.050329883
vn -0.092312194 -0.9730268 0.21141773
vn -0.08628123 -0.97805095 0.18966265
vn -0.09322969 -0.9723256 0.21422188
vn -0.08562824 -0.9709673 0.22336103
vn -0.13889487 -0.9735667 0.18131754
vn -0.13085297 -0.96294314 0.23583432
vn -0.71547914 0 -0.698634
vn -0.71547914 0 -0.698634
vn -0.7154792 0 -0.698634
vn 0.6836231 -0.5158718 0.5162712
vn 0.6836231 -0.5158718 0.5162712
vn 0.6836231 -0.5158718 0.5162712
vn 0.62854844 0 -0.7777705
vn 0.62854844 0 -0.77777046
vn 0.62854844 0 -0.77777046
vn 0.62854844 0 -0.7777705
vn -0.20445846 0 -0.9788752
vn -0.20445843 0 -0.9788752
vn -0.20445843 0 -0.9788752
vn -0.20445843 0 -0.9788752
o Claymore_H18_body
g Claymore_H18_body
usemtl H18
f 3/3/3 2/2/2 1/1/1
f 4/4/4 3/3/3 1/1/1
f 2/2/2 3/3/3 5/5/5
f 3/3/3 6/6/6 5/5/5
f 5/5/5 6/6/6 7/7/7
f 8/8/8 5/5/5 7/7/7
f 9/9/9 8/8/8 7/7/7
f 10/10/10 9/9/9 7/7/7
f 4/4/4 12/12/12 11/11/11
f 12/12/12 13/13/13 11/11/11
f 13/13/13 14/14/14 11/11/11
f 14/14/14 15/15/15 11/11/11
f 18/18/18 17/17/17 16/16/16
f 19/19/19 18/18/18 16/16/16
f 20/20/20 16/16/16 17/17/17
f 16/16/16 20/20/20 21/21/21
f 22/22/22 16/16/16 21/21/21
f 23/23/23 20/20/20 17/17/17
f 22/22/22 24/24/24 16/16/16
f 20/20/20 25/25/25 21/21/21
f 25/25/25 26/26/26 21/21/21
f 20/20/20 23/23/23 27/27/27
f 25/25/25 20/20/20 27/27/27
f 27/27/27 28/28/28 25/25/25
f 28/28/28 29/29/29 25/25/25
f 30/30/30 26/26/26 25/25/25
f 33/33/33 32/32/32 31/31/31
f 34/34/34 33/33/33 31/31/31
f 32/32/32 35/35/35 31/31/31
f 35/35/35 36/36/36 31/31/31
f 36/36/36 37/37/37 31/31/31
f 37/37/37 38/38/38 31/31/31
f 33/33/33 34/34/34 39/39/39
f 40/40/40 33/33/33 39/39/39
f 41/41/41 40/40/40 39/39/39
f 42/42/42 41/41/41 39/39/39
f 43/43/43 42/42/42 39/39/39
f 44/44/44 43/43/43 39/39/39
f 37/37/37 46/46/46 45/45/45
f 47/47/47 37/37/37 45/45/45
f 47/47/47 45/45/45 48/48/48
f 45/45/45 49/49/49 48/48/48
f 48/48/48 49/49/49 50/50/50
f 49/49/49 51/51/51 50/50/50
f 53/53/53 51/51/51 52/52/52
f 54/54/54 49/49/49 52/52/52
f 53/53/53 55/55/55 54/54/54
f 53/53/53 56/56/56 55/55/55
f 43/43/43 58/58/58 57/57/57
f 57/57/57 58/58/58 59/59/59
f 60/60/60 57/57/57 59/59/59
f 60/60/60 59/59/59 61/61/61
f 62/62/62 60/60/60 61/61/61
f 60/60/60 62/62/62 63/63/63
f 62/62/62 64/64/64 63/63/63
f 65/65/65 43/43/43 57/57/57
f 68/68/68 67/67/67 66/66/66
f 69/69/69 68/68/68 66/66/66
f 68/68/68 69/69/69 70/70/70
f 71/71/71 68/68/68 70/70/70
f 74/74/74 73/73/73 72/72/72
f 75/75/75 74/74/74 72/72/72
f 74/74/74 76/76/76 73/73/73
f 77/77/77 75/75/75 72/72/72
f 78/78/78 77/77/77 72/72/72
f 79/79/79 77/77/77 78/78/78
f 82/82/82 81/81/81 80/80/80
f 83/83/83 82/82/82 80/80/80
f 84/84/84 83/83/83 80/80/80
f 85/85/85 84/84/84 80/80/80
f 88/88/88 87/87/87 86/86/86
f 89/89/89 88/88/88 86/86/86
f 90/90/90 89/89/89 86/86/86
f 91/91/91 90/90/90 86/86/86
f 94/94/94 93/93/93 92/92/92
f 95/95/95 94/94/94 92/92/92
f 96/96/96 95/95/95 92/92/92
f 97/97/97 96/96/96 92/92/92
f 100/100/100 99/99/99 98/98/98
f 101/101/101 100/100/100 98/98/98
f 102/102/102 101/101/101 98/98/98
f 103/103/103 102/102/102 98/98/98
f 106/106/106 105/105/105 104/104/104
f 107/107/107 106/106/106 104/104/104
f 108/108/108 107/107/107 104/104/104
f 109/109/109 108/108/108 104/104/104
f 112/112/112 111/111/111 110/110/110
f 113/113/113 112/112/112 110/110/110
f 113/113/113 110/110/110 114/114/114
f 113/113/113 114/114/114 115/115/115
f 115/115/115 114/114/114 116/116/116
f 112/112/112 117/117/117 111/111/111
f 112/112/112 113/113/113 118/118/118
f 119/119/119 112/112/112 118/118/118
f 113/113/113 120/120/120 118/118/118
f 118/118/118 120/120/120 121/121/121
f 118/118/118 121/121/121 122/122/122
f 121/121/121 123/123/123 122/122/122
f 126/126/126 125/125/125 124/124/124
f 127/127/127 126/126/126 124/124/124
f 127/127/127 128/128/128 126/126/126
f 127/127/127 129/129/129 128/128/128
f 129/129/129 130/130/130 128/128/128
f 125/125/125 126/126/126 131/131/131
f 126/126/126 132/132/132 131/131/131
f 133/133/133 132/132/132 126/126/126
f 134/134/134 132/132/132 133/133/133
f 135/135/135 134/134/134 133/133/133
f 138/138/138 137/137/137 136/136/136
f 139/139/139 138/138/138 136/136/136
f 137/137/137 141/141/141 140/140/140
f 141/141/141 142/142/142 140/140/140
f 145/145/145 144/144/144 143/143/143
f 146/146/146 145/145/145 143/143/143
f 144/144/144 147/147/147 143/143/143
f 147/147/147 148/148/148 143/143/143
f 151/151/151 150/150/150 149/149/149
f 152/152/152 151/151/151 149/149/149
f 150/150/150 154/154/154 153/153/153
f 154/154/154 155/155/155 153/153/153
f 158/158/158 157/157/157 156/156/156
f 159/159/159 156/156/156 157/157/157
f 156/156/156 159/159/159 160/160/160
f 161/161/161 156/156/156 160/160/160
f 162/162/162 161/161/161 160/160/160
f 163/163/163 162/162/162 160/160/160
f 162/162/162 164/164/164 161/161/161
f 164/164/164 165/165/165 161/161/161
f 164/164/164 166/166/166 165/165/165
f 166/166/166 167/167/167 165/165/165
f 168/168/168 156/156/156 161/161/161
f 165/165/165 168/168/168 161/161/161
f 158/158/158 156/156/156 168/168/168
f 158/158/158 168/168/168 169/169/169
f 168/168/168 170/170/170 169/169/169
f 170/170/170 168/168/168 165/165/165
f 167/167/167 170/170/170 165/165/165
f 162/162/162 163/163/163 171/171/171
f 172/172/172 162/162/162 171/171/171
f 164/164/164 162/162/162 172/172/172
f 173/173/173 164/164/164 172/172/172
f 166/166/166 164/164/164 173/173/173
f 174/174/174 166/166/166 173/173/173
f 175/175/175 172/172/172 171/171/171
f 176/176/176 175/175/175 171/171/171
f 177/177/177 173/173/173 172/172/172
f 175/175/175 177/177/177 172/172/172
f 178/178/178 174/174/174 173/173/173
f 177/177/177 178/178/178 173/173/173
f 178/178/178 177/177/177 179/179/179
f 177/177/177 180/180/180 179/179/179
f 175/175/175 180/180/180 177/177/177
f 181/181/181 180/180/180 175/175/175
f 175/175/175 176/176/176 181/181/181
f 184/184/184 183/183/183 182/182/182
f 185/185/185 184/184/184 182/182/182
f 184/184/184 186/186/186 183/183/183
f 186/186/186 184/184/184 187/187/187
f 188/188/188 186/186/186 187/187/187
f 189/189/189 188/188/188 187/187/187
f 190/190/190 189/189/189 187/187/187
f 189/189/189 190/190/190 191/191/191
f 191/191/191 190/190/190 192/192/192
f 190/190/190 193/193/193 192/192/192
f 196/196/196 195/195/195 194/194/194
f 197/197/197 196/196/196 194/194/194
f 198/198/198 196/196/196 197/197/197
f 199/199/199 198/198/198 197/197/197
f 200/200/200 198/198/198 199/199/199
f 201/201/201 200/200/200 199/199/199
f 202/202/202 200/200/200 201/201/201
f 203/203/203 202/202/202 201/201/201
f 202/202/202 203/203/203 204/204/204
f 203/203/203 205/205/205 204/204/204
f 194/194/194 195/195/195 206/206/206
f 195/195/195 207/207/207 206/206/206
f 206/206/206 207/207/207 208/208/208
f 208/208/208 207/207/207 209/209/209
f 207/207/207 210/210/210 209/209/209
f 209/209/209 210/210/210 211/211/211
f 210/210/210 212/212/212 211/211/211
f 211/211/211 212/212/212 213/213/213
f 212/212/212 214/214/214 213/213/213
f 208/208/208 209/209/209 215/215/215
f 216/216/216 208/208/208 215/215/215
f 205/205/205 217/217/217 204/204/204
f 204/204/204 217/217/217 218/218/218
f 217/217/217 219/219/219 218/218/218
f 220/220/220 218/218/218 219/219/219
f 221/221/221 220/220/220 219/219/219
f 213/213/213 214/214/214 222/222/222
f 223/223/223 213/213/213 222/222/222
f 214/214/214 224/224/224 222/222/222
f 224/224/224 225/225/225 222/222/222
f 225/225/225 224/224/224 226/226/226
f 227/227/227 225/225/225 226/226/226
f 226/226/226 228/228/228 227/227/227
f 228/228/228 229/229/229 227/227/227
f 228/228/228 230/230/230 229/229/229
f 230/230/230 228/228/228 231/231/231
f 228/228/228 232/232/232 231/231/231
f 231/231/231 232/232/232 233/233/233
f 232/232/232 234/234/234 233/233/233
f 237/237/237 236/236/236 235/235/235
f 238/238/238 237/237/237 235/235/235
f 236/236/236 239/239/239 235/235/235
f 239/239/239 240/240/240 235/235/235
f 239/239/239 241/241/241 240/240/240
f 241/241/241 242/242/242 240/240/240
f 241/241/241 243/243/243 242/242/242
f 243/243/243 244/244/244 242/242/242
f 243/243/243 245/245/245 244/244/244
f 238/238/238 246/246/246 237/237/237
f 246/246/246 247/247/247 237/237/237
f 246/246/246 248/248/248 247/247/247
f 248/248/248 249/249/249 247/247/247
f 248/248/248 250/250/250 249/249/249
f 253/253/253 252/252/252 251/251/251
f 254/254/254 253/253/253 251/251/251
f 257/257/257 256/256/256 255/255/255
f 258/258/258 257/257/257 255/255/255
f 261/261/261 260/260/260 259/259/259
f 262/262/262 261/261/261 259/259/259
f 265/265/265 264/264/264 263/263/263
f 266/266/266 265/265/265 263/263/263
f 263/263/263 267/267/267 266/266/266
f 267/267/267 268/268/268 266/266/266
f 268/268/268 267/267/267 269/269/269
f 270/270/270 268/268/268 269/269/269
f 273/273/273 272/272/272 271/271/271
f 274/274/274 273/273/273 271/271/271
f 274/274/274 271/271/271 275/275/275
f 276/276/276 275/275/275 271/271/271
f 277/277/277 274/274/274 275/275/275
f 274/274/274 279/279/279 278/278/278
f 280/280/280 274/274/274 278/278/278
f 281/281/281 279/279/279 277/277/277
f 282/282/282 279/279/279 274/274/274
f 281/281/281 283/283/283 279/279/279
f 286/286/286 285/285/285 284/284/284
f 284/284/284 287/287/287 286/286/286
f 290/290/290 289/289/289 288/288/288
f 293/293/293 292/292/292 291/291/291
f 292/292/292 294/294/294 291/291/291
f 294/294/294 295/295/295 291/291/291
f 296/296/296 292/292/292 293/293/293
f 297/297/297 296/296/296 293/293/293
f 297/297/297 298/298/298 296/296/296
f 298/298/298 299/299/299 296/296/296
f 296/296/296 299/299/299 300/300/300
f 300/300/300 294/294/294 292/292/292
f 296/296/296 300/300/300 292/292/292
f 299/299/299 301/301/301 300/300/300
f 300/300/300 301/301/301 302/302/302
f 294/294/294 300/300/300 302/302/302
f 301/301/301 303/303/303 302/302/302
f 304/304/304 294/294/294 302/302/302
f 294/294/294 304/304/304 305/305/305
f 295/295/295 294/294/294 305/305/305
f 306/306/306 295/295/295 305/305/305
f 299/299/299 298/298/298 307/307/307
f 298/298/298 308/308/308 307/307/307
f 299/299/299 307/307/307 309/309/309
f 301/301/301 299/299/299 309/309/309
f 301/301/301 309/309/309 310/310/310
f 303/303/303 301/301/301 310/310/310
f 307/307/307 308/308/308 311/311/311
f 312/312/312 307/307/307 311/311/311
f 309/309/309 307/307/307 312/312/312
f 312/312/312 311/311/311 313/313/313
f 314/314/314 312/312/312 313/313/313
f 314/314/314 309/309/309 312/312/312
f 309/309/309 314/314/314 310/310/310
f 315/315/315 314/314/314 313/313/313
f 314/314/314 316/316/316 310/310/310
f 316/316/316 314/314/314 317/317/317
f 314/314/314 315/315/315 317/317/317
f 315/315/315 318/318/318 317/317/317
f 321/321/321 320/320/320 319/319/319
f 321/321/321 322/322/322 320/320/320
f 325/325/325 324/324/324 323/323/323
f 326/326/326 325/325/325 323/323/323
f 323/323/323 324/324/324 327/327/327
f 324/324/324 328/328/328 327/327/327
f 325/325/325 326/326/326 329/329/329
f 326/326/326 330/330/330 329/329/329
f 328/328/328 331/331/331 327/327/327
f 331/331/331 332/332/332 327/327/327
f 335/335/335 334/334/334 333/333/333
f 336/336/336 335/335/335 333/333/333
f 337/337/337 335/335/335 336/336/336
f 338/338/338 337/337/337 336/336/336
f 333/333/333 334/334/334 339/339/339
f 340/340/340 333/333/333 339/339/339
f 343/343/343 342/342/342 341/341/341
f 344/344/344 343/343/343 341/341/341
f 347/347/347 346/346/346 345/345/345
f 348/348/348 347/347/347 345/345/345
f 349/349/349 347/347/347 348/348/348
f 350/350/350 349/349/349 348/348/348
f 353/353/353 352/352/352 351/351/351
f 354/354/354 353/353/353 351/351/351
f 351/351/351 352/352/352 355/355/355
f 356/356/356 351/351/351 355/355/355
f 352/352/352 357/357/357 355/355/355
f 355/355/355 357/357/357 358/358/358
f 359/359/359 355/355/355 358/358/358
f 361/361/361 360/360/360 358/358/358
f 363/363/363 359/359/359 362/362/362
f 364/364/364 363/363/363 362/362/362
f 364/364/364 365/365/365 363/363/363
f 365/365/365 367/367/367 366/366/366
f 367/367/367 368/368/368 366/366/366
f 365/365/365 366/366/366 369/369/369
f 366/366/366 370/370/370 369/369/369
f 372/372/372 371/371/371 362/362/362
f 375/375/375 374/374/374 373/373/373
f 376/376/376 375/375/375 373/373/373
f 379/379/379 378/378/378 377/377/377
f 380/380/380 379/379/379 377/377/377
f 383/383/383 382/382/382 381/381/381
f 384/384/384 383/383/383 381/381/381
f 385/385/385 383/383/383 384/384/384
f 386/386/386 385/385/385 384/384/384
f 389/389/389 388/388/388 387/387/387
f 390/390/390 389/389/389 387/387/387
f 387/387/387 388/388/388 391/391/391
f 392/392/392 391/391/391 388/388/388
f 391/391/391 392/392/392 393/393/393
f 394/394/394 392/392/392 388/388/388
f 389/389/389 390/390/390 395/395/395
f 396/396/396 389/389/389 395/395/395
f 396/396/396 395/395/395 397/397/397
f 397/397/397 398/398/398 396/396/396
f 398/398/398 397/397/397 399/399/399
f 398/398/398 400/400/400 396/396/396
f 403/403/403 402/402/402 401/401/401
f 404/404/404 403/403/403 401/401/401
f 405/405/405 403/403/403 404/404/404
f 403/403/403 405/405/405 406/406/406
f 407/407/407 403/403/403 406/406/406
f 405/405/405 408/408/408 406/406/406
f 402/402/402 409/409/409 401/401/401
f 409/409/409 410/410/410 401/401/401
f 409/409/409 411/411/411 410/410/410
f 411/411/411 409/409/409 412/412/412
f 409/409/409 413/413/413 412/412/412
f 414/414/414 411/411/411 412/412/412
f 417/417/417 416/416/416 415/415/415
f 418/418/418 417/417/417 415/415/415
f 418/418/418 415/415/415 419/419/419
f 420/420/420 418/418/418 419/419/419
f 421/421/421 418/418/418 420/420/420
f 418/418/418 421/421/421 417/417/417
f 422/422/422 421/421/421 420/420/420
f 421/421/421 423/423/423 417/417/417
f 419/419/419 415/415/415 424/424/424
f 415/415/415 425/425/425 424/424/424
f 417/417/417 423/423/423 426/426/426
f 417/417/417 426/426/426 416/416/416
f 423/423/423 427/427/427 426/426/426
f 426/426/426 428/428/428 416/416/416
f 426/426/426 427/427/427 429/429/429
f 430/430/430 426/426/426 429/429/429
f 428/428/428 426/426/426 430/430/430
f 415/415/415 431/431/431 425/425/425
f 428/428/428 432/432/432 431/431/431
f 416/416/416 428/428/428 431/431/431
f 415/415/415 416/416/416 431/431/431
f 422/422/422 433/433/433 421/421/421
f 433/433/433 434/434/434 421/421/421
f 421/421/421 434/434/434 423/423/423
f 434/434/434 435/435/435 423/423/423
f 423/423/423 435/435/435 427/427/427
f 435/435/435 436/436/436 427/427/427
f 427/427/427 436/436/436 429/429/429
f 436/436/436 437/437/437 429/429/429
f 438/438/438 428/428/428 430/430/430
f 432/432/432 428/428/428 438/438/438
f 441/441/441 440/440/440 439/439/439
f 442/442/442 441/441/441 439/439/439
f 441/441/441 443/443/443 440/440/440
f 443/443/443 444/444/444 440/440/440
f 442/442/442 446/446/446 445/445/445
f 447/447/447 442/442/442 445/445/445
f 449/449/449 448/448/448 445/445/445
f 450/450/450 449/449/449 445/445/445
f 450/450/450 451/451/451 449/449/449
f 451/451/451 452/452/452 449/449/449
f 455/455/455 454/454/454 453/453/453
f 456/456/456 455/455/455 453/453/453
f 459/459/459 458/458/458 457/457/457
f 460/460/460 459/459/459 457/457/457
f 459/459/459 461/461/461 458/458/458
f 461/461/461 462/462/462 458/458/458
f 461/461/461 463/463/463 462/462/462
f 466/466/466 465/465/465 464/464/464
f 467/467/467 466/466/466 464/464/464
f 468/468/468 466/466/466 467/467/467
f 468/468/468 467/467/467 469/469/469
f 470/470/470 468/468/468 469/469/469
f 469/469/469 471/471/471 470/470/470
f 471/471/471 472/472/472 470/470/470
f 472/472/472 471/471/471 473/473/473
f 471/471/471 474/474/474 473/473/473
f 475/475/475 473/473/473 474/474/474
f 476/476/476 475/475/475 474/474/474
f 477/477/477 475/475/475 476/476/476
f 477/477/477 476/476/476 478/478/478
f 479/479/479 477/477/477 478/478/478
f 482/482/482 481/481/481 480/480/480
f 483/483/483 482/482/482 480/480/480
f 486/486/486 485/485/485 484/484/484
f 487/487/487 486/486/486 484/484/484
f 490/490/490 489/489/489 488/488/488
f 491/491/491 490/490/490 488/488/488
f 491/491/491 492/492/492 490/490/490
f 492/492/492 493/493/493 490/490/490
f 489/489/489 494/494/494 488/488/488
f 494/494/494 489/489/489 495/495/495
f 496/496/496 494/494/494 495/495/495
f 493/493/493 492/492/492 497/497/497
f 492/492/492 498/498/498 497/497/497
f 497/497/497 498/498/498 499/499/499
f 500/500/500 497/497/497 499/499/499
f 501/501/501 500/500/500 499/499/499
f 500/500/500 501/501/501 502/502/502
f 501/501/501 503/503/503 502/502/502
f 506/506/506 505/505/505 504/504/504
f 507/507/507 506/506/506 504/504/504
f 510/510/510 509/509/509 508/508/508
f 513/513/513 512/512/512 511/511/511
f 512/512/512 513/513/513 514/514/514
f 513/513/513 515/515/515 514/514/514
f 511/511/511 517/517/517 516/516/516
f 516/516/516 517/517/517 518/518/518
f 517/517/517 519/519/519 518/518/518
f 520/520/520 511/511/511 516/516/516
f 519/519/519 521/521/521 518/518/518
f 521/521/521 522/522/522 518/518/518
f 521/521/521 523/523/523 522/522/522
f 523/523/523 524/524/524 522/522/522
f 526/526/526 525/525/525 523/523/523
f 525/525/525 526/526/526 527/527/527
f 528/528/528 525/525/525 527/527/527
f 531/531/531 530/530/530 529/529/529
f 532/532/532 531/531/531 529/529/529
f 535/535/535 534/534/534 533/533/533
f 534/534/534 536/536/536 533/533/533
f 537/537/537 535/535/535 533/533/533
f 540/540/540 539/539/539 538/538/538
f 541/541/541 540/540/540 538/538/538
f 544/544/544 543/543/543 542/542/542
f 545/545/545 544/544/544 542/542/542
f 543/543/543 544/544/544 546/546/546
f 544/544/544 547/547/547 546/546/546
f 550/550/550 549/549/549 548/548/548
f 551/551/551 550/550/550 548/548/548
f 554/554/554 553/553/553 552/552/552
f 555/555/555 554/554/554 552/552/552
f 197/197/197 194/194/194 556/556/556
f 559/559/559 558/558/558 557/557/557
f 560/560/560 559/559/559 557/557/557
f 560/560/560 561/561/561 559/559/559
f 564/564/564 563/563/563 562/562/562
f 565/565/565 564/564/564 562/562/562
f 568/568/568 567/567/567 566/566/566
f 566/566/566 569/569/569 568/568/568
f 568/568/568 570/570/570 567/567/567
f 571/571/571 570/570/570 568/568/568
f 571/571/571 568/568/568 572/572/572
f 573/573/573 571/571/571 572/572/572
f 574/574/574 573/573/573 572/572/572
f 574/574/574 572/572/572 575/575/575
f 576/576/576 574/574/574 575/575/575
f 570/570/570 571/571/571 577/577/577
f 578/578/578 570/570/570 577/577/577
f 567/567/567 570/570/570 578/578/578
f 579/579/579 577/577/577 571/571/571
f 573/573/573 579/579/579 571/571/571
f 580/580/580 567/567/567 578/578/578
f 567/567/567 580/580/580 566/566/566
f 580/580/580 581/581/581 566/566/566
f 569/569/569 566/566/566 581/581/581
f 582/582/582 579/579/579 573/573/573
f 574/574/574 582/582/582 573/573/573
f 583/583/583 582/582/582 574/574/574
f 576/576/576 583/583/583 574/574/574
f 584/584/584 583/583/583 576/576/576
f 576/576/576 575/575/575 584/584/584
f 585/585/585 569/569/569 581/581/581
f 588/588/588 587/587/587 586/586/586
f 589/589/589 588/588/588 586/586/586
f 588/588/588 590/590/590 587/587/587
f 590/590/590 591/591/591 587/587/587
f 590/590/590 592/592/592 591/591/591
f 592/592/592 593/593/593 591/591/591
f 593/593/593 592/592/592 594/594/594
f 595/595/595 593/593/593 594/594/594
f 594/594/594 596/596/596 595/595/595
f 596/596/596 597/597/597 595/595/595
f 589/589/589 586/586/586 598/598/598
f 586/586/586 599/599/599 598/598/598
f 600/600/600 598/598/598 599/599/599
f 601/601/601 600/600/600 599/599/599
f 602/602/602 589/589/589 598/598/598
f 603/603/603 589/589/589 602/602/602
f 604/604/604 603/603/603 602/602/602
f 605/605/605 604/604/604 602/602/602
f 606/606/606 597/597/597 596/596/596
f 607/607/607 606/606/606 596/596/596
f 610/610/610 609/609/609 608/608/608
f 611/611/611 610/610/610 608/608/608
f 612/612/612 611/611/611 608/608/608
f 613/613/613 612/612/612 608/608/608
f 616/616/616 615/615/615 614/614/614
f 617/617/617 616/616/616 614/614/614
f 620/620/620 619/619/619 618/618/618
f 621/621/621 620/620/620 618/618/618
f 624/624/624 623/623/623 622/622/622
f 625/625/625 624/624/624 622/622/622
f 628/628/628 627/627/627 626/626/626
f 629/629/629 628/628/628 626/626/626
f 632/632/632 631/631/631 630/630/630
f 635/635/635 634/634/634 633/633/633
f 636/636/636 635/635/635 633/633/633
f 637/637/637 636/636/636 633/633/633
f 636/636/636 637/637/637 638/638/638
f 639/639/639 636/636/636 638/638/638
f 640/640/640 639/639/639 638/638/638
f 642/642/642 633/633/633 641/641/641
f 643/643/643 642/642/642 641/641/641
f 642/642/642 643/643/643 644/644/644
f 638/638/638 642/642/642 644/644/644
f 647/647/647 646/646/646 645/645/645
f 648/648/648 647/647/647 645/645/645
f 649/649/649 647/647/647 648/648/648
f 652/652/652 651/651/651 650/650/650
f 653/653/653 652/652/652 650/650/650
f 654/654/654 653/653/653 650/650/650
f 655/655/655 654/654/654 650/650/650
f 658/658/658 657/657/657 656/656/656
f 659/659/659 658/658/658 656/656/656
f 662/662/662 661/661/661 660/660/660
f 661/661/661 663/663/663 660/660/660
f 663/663/663 664/664/664 660/660/660
f 666/666/666 665/665/665 660/660/660
f 667/667/667 666/666/666 660/660/660
f 669/669/669 667/667/667 668/668/668
f 672/672/672 671/671/671 670/670/670
f 673/673/673 672/672/672 670/670/670
f 672/672/672 675/675/675 674/674/674
f 676/676/676 672/672/672 674/674/674
f 679/679/679 678/678/678 677/677/677
f 680/680/680 679/679/679 677/677/677
f 678/678/678 681/681/681 677/677/677
f 681/681/681 682/682/682 677/677/677
f 685/685/685 684/684/684 683/683/683
f 686/686/686 685/685/685 683/683/683
f 683/683/683 684/684/684 687/687/687
f 688/688/688 683/683/683 687/687/687
f 689/689/689 688/688/688 687/687/687
f 689/689/689 690/690/690 688/688/688
f 693/693/693 692/692/692 691/691/691
f 694/694/694 693/693/693 691/691/691
f 693/693/693 694/694/694 695/695/695
f 696/696/696 693/693/693 695/695/695
f 699/699/699 698/698/698 697/697/697
f 700/700/700 699/699/699 697/697/697
f 698/698/698 699/699/699 701/701/701
f 702/702/702 698/698/698 701/701/701
f 698/698/698 703/703/703 697/697/697
f 703/703/703 704/704/704 697/697/697
f 698/698/698 702/702/702 705/705/705
f 703/703/703 698/698/698 705/705/705
f 708/708/708 707/707/707 706/706/706
f 709/709/709 708/708/708 706/706/706
f 708/708/708 709/709/709 710/710/710
f 711/711/711 708/708/708 710/710/710
f 714/714/714 713/713/713 712/712/712
f 715/715/715 714/714/714 712/712/712
f 714/714/714 715/715/715 716/716/716
f 717/717/717 714/714/714 716/716/716
f 717/717/717 716/716/716 718/718/718
f 719/719/719 717/717/717 718/718/718
f 712/712/712 713/713/713 720/720/720
f 713/713/713 721/721/721 720/720/720
f 719/719/719 718/718/718 722/722/722
f 714/714/714 723/723/723 713/713/713
f 723/723/723 724/724/724 713/713/713
f 725/725/725 724/724/724 723/723/723
f 726/726/726 725/725/725 723/723/723
f 725/725/725 727/727/727 724/724/724
f 727/727/727 713/713/713 724/724/724
f 726/726/726 723/723/723 728/728/728
f 728/728/728 723/723/723 714/714/714
f 717/717/717 728/728/728 714/714/714
f 726/726/726 728/728/728 729/729/729
f 729/729/729 728/728/728 730/730/730
f 731/731/731 728/728/728 717/717/717
f 719/719/719 731/731/731 717/717/717
f 732/732/732 728/728/728 731/731/731
f 733/733/733 728/728/728 732/732/732
f 734/734/734 732/732/732 731/731/731
f 733/733/733 735/735/735 729/729/729
f 735/735/735 736/736/736 729/729/729
f 734/734/734 731/731/731 737/737/737
f 738/738/738 734/734/734 737/737/737
f 737/737/737 731/731/731 719/719/719
f 739/739/739 737/737/737 719/719/719
f 740/740/740 733/733/733 732/732/732
f 740/740/740 741/741/741 733/733/733
f 735/735/735 733/733/733 741/741/741
f 740/740/740 742/742/742 741/741/741
f 743/743/743 742/742/742 740/740/740
f 744/744/744 742/742/742 743/743/743
f 745/745/745 744/744/744 743/743/743
f 746/746/746 744/744/744 745/745/745
f 732/732/732 734/734/734 747/747/747
f 740/740/740 732/732/732 747/747/747
f 748/748/748 735/735/735 741/741/741
f 745/745/745 743/743/743 749/749/749
f 749/749/749 746/746/746 745/745/745
f 743/743/743 750/750/750 749/749/749
f 743/743/743 740/740/740 750/750/750
f 749/749/749 750/750/750 751/751/751
f 750/750/750 752/752/752 751/751/751
f 752/752/752 750/750/750 753/753/753
f 750/750/750 754/754/754 753/753/753
f 740/740/740 754/754/754 750/750/750
f 740/740/740 747/747/747 754/754/754
f 753/753/753 754/754/754 755/755/755
f 754/754/754 756/756/756 755/755/755
f 747/747/747 756/756/756 754/754/754
f 749/749/749 751/751/751 757/757/757
f 758/758/758 749/749/749 757/757/757
f 755/755/755 756/756/756 759/759/759
f 747/747/747 760/760/760 756/756/756
f 747/747/747 734/734/734 760/760/760
f 734/734/734 738/738/738 760/760/760
f 760/760/760 761/761/761 756/756/756
f 756/756/756 762/762/762 759/759/759
f 756/756/756 763/763/763 762/762/762
f 762/762/762 764/764/764 759/759/759
f 767/767/767 766/766/766 765/765/765
f 768/768/768 767/767/767 765/765/765
f 767/767/767 768/768/768 769/769/769
f 770/770/770 767/767/767 769/769/769
f 773/773/773 772/772/772 771/771/771
f 774/774/774 773/773/773 771/771/771
f 773/773/773 774/774/774 775/775/775
f 776/776/776 773/773/773 775/775/775
f 779/779/779 778/778/778 777/777/777
f 780/780/780 779/779/779 777/777/777
f 779/779/779 780/780/780 781/781/781
f 782/782/782 779/779/779 781/781/781
f 785/785/785 784/784/784 783/783/783
f 786/786/786 785/785/785 783/783/783
f 785/785/785 788/788/788 787/787/787
f 789/789/789 785/785/785 787/787/787
f 792/792/792 791/791/791 790/790/790
f 793/793/793 792/792/792 790/790/790
f 791/791/791 794/794/794 790/790/790
f 794/794/794 795/795/795 790/790/790
f 798/798/798 797/797/797 796/796/796
f 797/797/797 799/799/799 796/796/796
f 802/802/802 801/801/801 800/800/800
f 803/803/803 801/801/801 802/802/802
f 804/804/804 803/803/803 802/802/802
f 807/807/807 806/806/806 805/805/805
f 808/808/808 807/807/807 805/805/805
f 811/811/811 810/810/810 809/809/809
f 812/812/812 811/811/811 809/809/809
f 812/812/812 809/809/809 813/813/813
f 814/814/814 812/812/812 813/813/813
f 817/817/817 816/816/816 815/815/815
f 818/818/818 817/817/817 815/815/815
f 819/819/819 818/818/818 815/815/815
f 820/820/820 819/819/819 815/815/815
f 823/823/823 822/822/822 821/821/821
f 824/824/824 823/823/823 821/821/821
f 827/827/827 826/826/826 825/825/825
f 828/828/828 827/827/827 825/825/825
f 831/831/831 830/830/830 829/829/829
f 832/832/832 831/831/831 829/829/829
f 831/831/831 833/833/833 830/830/830
f 833/833/833 834/834/834 830/830/830
f 835/835/835 832/832/832 829/829/829
f 836/836/836 835/835/835 829/829/829
f 837/837/837 835/835/835 836/836/836
f 838/838/838 837/837/837 836/836/836
f 840/840/840 719/719/719 839/839/839
f 839/839/839 719/719/719 722/722/722
f 841/841/841 839/839/839 722/722/722
f 844/844/844 843/843/843 842/842/842
f 845/845/845 844/844/844 842/842/842
f 844/844/844 847/847/847 846/846/846
f 848/848/848 844/844/844 846/846/846
f 851/851/851 850/850/850 849/849/849
f 852/852/852 851/851/851 849/849/849
f 855/855/855 854/854/854 853/853/853
f 856/856/856 855/855/855 853/853/853
f 856/856/856 857/857/857 855/855/855
f 857/857/857 858/858/858 855/855/855
f 861/861/861 860/860/860 859/859/859
f 862/862/862 861/861/861 859/859/859
f 865/865/865 864/864/864 863/863/863
f 866/866/866 865/865/865 863/863/863
f 868/868/868 867/867/867 864/864/864
f 869/869/869 868/868/868 864/864/864
f 872/872/872 871/871/871 870/870/870
f 873/873/873 872/872/872 870/870/870
f 876/876/876 875/875/875 874/874/874
f 877/877/877 876/876/876 874/874/874
f 878/878/878 877/877/877 874/874/874
f 879/879/879 878/878/878 874/874/874
f 879/879/879 880/880/880 878/878/878
f 883/883/883 882/882/882 881/881/881
f 884/884/884 883/883/883 881/881/881
f 887/887/887 886/886/886 885/885/885
f 888/888/888 887/887/887 885/885/885
f 891/891/891 890/890/890 889/889/889
f 894/894/894 893/893/893 892/892/892
f 895/895/895 894/894/894 892/892/892
f 898/898/898 897/897/897 896/896/896
f 899/899/899 898/898/898 896/896/896
f 902/902/902 901/901/901 900/900/900
f 903/903/903 900/900/900 901/901/901
f 906/906/906 905/905/905 904/904/904
f 907/907/907 906/906/906 904/904/904
f 910/910/910 909/909/909 908/908/908
f 911/911/911 910/910/910 908/908/908
f 914/914/914 913/913/913 912/912/912
f 915/915/915 914/914/914 912/912/912
f 918/918/918 917/917/917 916/916/916
f 919/919/919 918/918/918 916/916/916
f 922/922/922 921/921/921 920/920/920
f 923/923/923 922/922/922 920/920/920
f 926/926/926 925/925/925 924/924/924
f 927/927/927 926/926/926 924/924/924
f 930/930/930 929/929/929 928/928/928
f 931/931/931 930/930/930 928/928/928
f 931/931/931 932/932/932 930/930/930
f 932/932/932 933/933/933 930/930/930
f 936/936/936 935/935/935 934/934/934
f 937/937/937 936/936/936 934/934/934
f 940/940/940 939/939/939 938/938/938
f 941/941/941 940/940/940 938/938/938
f 944/944/944 943/943/943 942/942/942
f 945/945/945 944/944/944 942/942/942
f 948/948/948 947/947/947 946/946/946
f 949/949/949 948/948/948 946/946/946
f 952/952/952 951/951/951 950/950/950
f 953/953/953 952/952/952 950/950/950
f 950/950/950 951/951/951 954/954/954
f 951/951/951 955/955/955 954/954/954
f 958/958/958 957/957/957 956/956/956
f 959/959/959 958/958/958 956/956/956
f 962/962/962 961/961/961 960/960/960
f 963/963/963 962/962/962 960/960/960
f 966/966/966 965/965/965 964/964/964
f 967/967/967 966/966/966 964/964/964
f 970/970/970 969/969/969 968/968/968
f 971/971/971 970/970/970 968/968/968
f 974/974/974 973/973/973 972/972/972
f 975/975/975 974/974/974 972/972/972
f 978/978/978 977/977/977 976/976/976
f 979/979/979 978/978/978 976/976/976
f 982/982/982 981/981/981 980/980/980
f 983/983/983 982/982/982 980/980/980
f 986/986/986 985/985/985 984/984/984
f 987/987/987 986/986/986 984/984/984
f 990/990/990 989/989/989 988/988/988
f 991/991/991 990/990/990 988/988/988
f 991/991/991 988/988/988 992/992/992
f 993/993/993 991/991/991 992/992/992
f 994/994/994 993/993/993 992/992/992
f 994/994/994 995/995/995 993/993/993
f 990/990/990 997/997/997 996/996/996
f 997/997/997 998/998/998 996/996/996
f 1001/1001/1001 1000/1000/1000 999/999/999
f 1002/1002/1002 1001/1001/1001 999/999/999
f 1005/1005/1005 1004/1004/1004 1003/1003/1003
f 1006/1006/1006 1005/1005/1005 1003/1003/1003
f 1009/1009/1009 1008/1008/1008 1007/1007/1007
f 1010/1010/1010 1009/1009/1009 1007/1007/1007
f 1013/1013/1013 1012/1012/1012 1011/1011/1011
f 1014/1014/1014 1013/1013/1013 1011/1011/1011
f 1017/1017/1017 1016/1016/1016 1015/1015/1015
f 1018/1018/1018 1017/1017/1017 1015/1015/1015
f 1021/1021/1021 1020/1020/1020 1019/1019/1019
f 1022/1022/1022 1021/1021/1021 1019/1019/1019
f 1025/1025/1025 1024/1024/1024 1023/1023/1023
f 1026/1026/1026 1025/1025/1025 1023/1023/1023
f 1029/1029/1029 1028/1028/1028 1027/1027/1027
f 1030/1030/1030 1029/1029/1029 1027/1027/1027
f 1033/1033/1033 1032/1032/1032 1031/1031/1031
f 1034/1034/1034 1033/1033/1033 1031/1031/1031
f 1037/1037/1037 1036/1036/1036 1035/1035/1035
f 1038/1038/1038 1037/1037/1037 1035/1035/1035
f 1038/1038/1038 1039/1039/1039 1037/1037/1037
f 1042/1042/1042 1041/1041/1041 1040/1040/1040
f 1043/1043/1043 1042/1042/1042 1040/1040/1040
f 1046/1046/1046 1045/1045/1045 1044/1044/1044
f 1047/1047/1047 1046/1046/1046 1044/1044/1044
f 1050/1050/1050 1049/1049/1049 1048/1048/1048
f 1051/1051/1051 1050/1050/1050 1048/1048/1048
f 1054/1054/1054 1053/1053/1053 1052/1052/1052
f 1055/1055/1055 1054/1054/1054 1052/1052/1052
f 1057/1057/1057 1056/1056/1056 1054/1054/1054
f 1058/1058/1058 1057/1057/1057 1054/1054/1054
f 1061/1061/1061 1060/1060/1060 1059/1059/1059
f 1062/1062/1062 1061/1061/1061 1059/1059/1059
f 1065/1065/1065 1064/1064/1064 1063/1063/1063
f 1068/1068/1068 1067/1067/1067 1066/1066/1066
f 1069/1069/1069 1068/1068/1068 1066/1066/1066
f 1072/1072/1072 1071/1071/1071 1070/1070/1070
f 1073/1073/1073 1072/1072/1072 1070/1070/1070
f 1076/1076/1076 1075/1075/1075 1074/1074/1074
f 1077/1077/1077 1076/1076/1076 1074/1074/1074
f 1075/1075/1075 1078/1078/1078 1074/1074/1074
f 1078/1078/1078 1079/1079/1079 1074/1074/1074
f 1082/1082/1082 1081/1081/1081 1080/1080/1080
f 1083/1083/1083 1082/1082/1082 1080/1080/1080
f 1086/1086/1086 1085/1085/1085 1084/1084/1084
f 1087/1087/1087 1086/1086/1086 1084/1084/1084
f 1090/1090/1090 1089/1089/1089 1088/1088/1088
f 1091/1091/1091 1090/1090/1090 1088/1088/1088
f 1094/1094/1094 1093/1093/1093 1092/1092/1092
f 1095/1095/1095 1093/1093/1093 1094/1094/1094
f 1098/1098/1098 1097/1097/1097 1096/1096/1096
f 1097/1097/1097 1098/1098/1098 1099/1099/1099
f 1102/1102/1102 1101/1101/1101 1100/1100/1100
f 1103/1103/1103 1102/1102/1102 1100/1100/1100
f 1106/1106/1106 1105/1105/1105 1104/1104/1104
f 1107/1107/1107 1106/1106/1106 1104/1104/1104
f 1108/1108/1108 1107/1107/1107 1104/1104/1104
f 1109/1109/1109 1108/1108/1108 1104/1104/1104
f 1105/1105/1105 1106/1106/1106 1110/1110/1110
f 1111/1111/1111 1105/1105/1105 1110/1110/1110
f 1111/1111/1111 1110/1110/1110 1112/1112/1112
f 1113/1113/1113 1111/1111/1111 1112/1112/1112
f 1109/1109/1109 1114/1114/1114 1108/1108/1108
f 1114/1114/1114 1115/1115/1115 1108/1108/1108
f 1118/1118/1118 1117/1117/1117 1116/1116/1116
f 1119/1119/1119 1118/1118/1118 1116/1116/1116
f 1122/1122/1122 1121/1121/1121 1120/1120/1120
f 1123/1123/1123 1122/1122/1122 1120/1120/1120
f 1126/1126/1126 1125/1125/1125 1124/1124/1124
f 1127/1127/1127 1126/1126/1126 1124/1124/1124
f 1130/1130/1130 1129/1129/1129 1128/1128/1128
f 1131/1131/1131 1130/1130/1130 1128/1128/1128
f 1132/1132/1132 1130/1130/1130 1131/1131/1131
f 1133/1133/1133 1132/1132/1132 1131/1131/1131
f 1136/1136/1136 1135/1135/1135 1134/1134/1134
f 1137/1137/1137 1136/1136/1136 1134/1134/1134
f 1135/1135/1135 1138/1138/1138 1134/1134/1134
f 1138/1138/1138 1139/1139/1139 1134/1134/1134
f 1138/1138/1138 1140/1140/1140 1139/1139/1139
f 1143/1143/1143 1142/1142/1142 1141/1141/1141
f 1144/1144/1144 1143/1143/1143 1141/1141/1141
f 1147/1147/1147 1146/1146/1146 1145/1145/1145
f 1148/1148/1148 1147/1147/1147 1145/1145/1145
f 1151/1151/1151 1150/1150/1150 1149/1149/1149
f 1152/1152/1152 1151/1151/1151 1149/1149/1149
f 1155/1155/1155 1154/1154/1154 1153/1153/1153
f 1156/1156/1156 1155/1155/1155 1153/1153/1153
f 1159/1159/1159 1158/1158/1158 1157/1157/1157
f 1160/1160/1160 1159/1159/1159 1157/1157/1157
f 1161/1161/1161 1157/1157/1157 1158/1158/1158
f 1159/1159/1159 1160/1160/1160 1162/1162/1162
f 1160/1160/1160 1163/1163/1163 1162/1162/1162
f 727/727/727 1164/1164/1164 713/713/713
f 1167/1167/1167 1166/1166/1166 1165/1165/1165
f 1166/1166/1166 1168/1168/1168 1165/1165/1165
f 1165/1165/1165 1168/1168/1168 1169/1169/1169
f 1169/1169/1169 1168/1168/1168 1170/1170/1170
f 1169/1169/1169 1170/1170/1170 1171/1171/1171
f 1172/1172/1172 1166/1166/1166 1167/1167/1167
f 1168/1168/1168 1166/1166/1166 1173/1173/1173
f 1166/1166/1166 1174/1174/1174 1173/1173/1173
f 1175/1175/1175 1168/1168/1168 1173/1173/1173
f 1175/1175/1175 1173/1173/1173 1176/1176/1176
f 1176/1176/1176 1173/1173/1173 1177/1177/1177
f 1178/1178/1178 1176/1176/1176 1177/1177/1177
f 1181/1181/1181 1180/1180/1180 1179/1179/1179
f 1182/1182/1182 1181/1181/1181 1179/1179/1179
f 1181/1181/1181 1183/1183/1183 1180/1180/1180
f 1183/1183/1183 1184/1184/1184 1180/1180/1180
f 1183/1183/1183 1185/1185/1185 1184/1184/1184
f 1185/1185/1185 1186/1186/1186 1184/1184/1184
f 1185/1185/1185 1187/1187/1187 1186/1186/1186
f 1187/1187/1187 1188/1188/1188 1186/1186/1186
f 1188/1188/1188 1187/1187/1187 1189/1189/1189
f 1190/1190/1190 1188/1188/1188 1189/1189/1189
f 1182/1182/1182 1179/1179/1179 1191/1191/1191
f 1192/1192/1192 1182/1182/1182 1191/1191/1191
f 1192/1192/1192 1191/1191/1191 1193/1193/1193
f 1192/1192/1192 1193/1193/1193 1194/1194/1194
f 1195/1195/1195 1192/1192/1192 1194/1194/1194
f 1195/1195/1195 1194/1194/1194 1196/1196/1196
f 1197/1197/1197 1195/1195/1195 1196/1196/1196
f 1197/1197/1197 1196/1196/1196 1198/1198/1198
f 1199/1199/1199 1197/1197/1197 1198/1198/1198
f 1194/1194/1194 1193/1193/1193 1200/1200/1200
f 1193/1193/1193 1201/1201/1201 1200/1200/1200
f 1202/1202/1202 1190/1190/1190 1189/1189/1189
f 1202/1202/1202 1189/1189/1189 1203/1203/1203
f 1204/1204/1204 1202/1202/1202 1203/1203/1203
f 1203/1203/1203 1205/1205/1205 1204/1204/1204
f 1205/1205/1205 1206/1206/1206 1204/1204/1204
f 1199/1199/1199 1198/1198/1198 1207/1207/1207
f 1208/1208/1208 1199/1199/1199 1207/1207/1207
f 1198/1198/1198 1209/1209/1209 1207/1207/1207
f 1210/1210/1210 1208/1208/1208 1207/1207/1207
f 1208/1208/1208 1210/1210/1210 1211/1211/1211
f 1210/1210/1210 1212/1212/1212 1211/1211/1211
f 1213/1213/1213 1211/1211/1211 1212/1212/1212
f 1214/1214/1214 1213/1213/1213 1212/1212/1212
f 1215/1215/1215 1213/1213/1213 1214/1214/1214
f 1213/1213/1213 1215/1215/1215 1216/1216/1216
f 1217/1217/1217 1213/1213/1213 1216/1216/1216
f 1217/1217/1217 1216/1216/1216 1218/1218/1218
f 1219/1219/1219 1217/1217/1217 1218/1218/1218
f 1222/1222/1222 1221/1221/1221 1220/1220/1220
f 1223/1223/1223 1222/1222/1222 1220/1220/1220
f 1224/1224/1224 1223/1223/1223 1220/1220/1220
f 1225/1225/1225 1224/1224/1224 1220/1220/1220
f 1226/1226/1226 1224/1224/1224 1225/1225/1225
f 1227/1227/1227 1226/1226/1226 1225/1225/1225
f 1228/1228/1228 1226/1226/1226 1227/1227/1227
f 1229/1229/1229 1228/1228/1228 1227/1227/1227
f 1230/1230/1230 1228/1228/1228 1229/1229/1229
f 1231/1231/1231 1221/1221/1221 1222/1222/1222
f 1232/1232/1232 1231/1231/1231 1222/1222/1222
f 1233/1233/1233 1231/1231/1231 1232/1232/1232
f 1234/1234/1234 1233/1233/1233 1232/1232/1232
f 1235/1235/1235 1233/1233/1233 1234/1234/1234
f 1238/1238/1238 1237/1237/1237 1236/1236/1236
f 1239/1239/1239 1238/1238/1238 1236/1236/1236
f 1242/1242/1242 1241/1241/1241 1240/1240/1240
f 1243/1243/1243 1242/1242/1242 1240/1240/1240
f 1246/1246/1246 1245/1245/1245 1244/1244/1244
f 1247/1247/1247 1246/1246/1246 1244/1244/1244
f 1250/1250/1250 1249/1249/1249 1248/1248/1248
f 1251/1251/1251 1250/1250/1250 1248/1248/1248
f 1252/1252/1252 1248/1248/1248 1249/1249/1249
f 1253/1253/1253 1252/1252/1252 1249/1249/1249
f 1252/1252/1252 1253/1253/1253 1254/1254/1254
f 1253/1253/1253 1255/1255/1255 1254/1254/1254
f 1258/1258/1258 1257/1257/1257 1256/1256/1256
f 1259/1259/1259 1258/1258/1258 1256/1256/1256
f 1256/1256/1256 1257/1257/1257 1260/1260/1260
f 1260/1260/1260 1261/1261/1261 1256/1256/1256
f 1257/1257/1257 1262/1262/1262 1260/1260/1260
f 1257/1257/1257 1264/1264/1264 1263/1263/1263
f 1265/1265/1265 1257/1257/1257 1263/1263/1263
f 1265/1265/1265 1266/1266/1266 1262/1262/1262
f 1265/1265/1265 1267/1267/1267 1257/1257/1257
f 1268/1268/1268 1266/1266/1266 1265/1265/1265
f 1271/1271/1271 1270/1270/1270 1269/1269/1269
f 1272/1272/1272 1269/1269/1269 1270/1270/1270
f 1275/1275/1275 1274/1274/1274 1273/1273/1273
f 1278/1278/1278 1277/1277/1277 1276/1276/1276
f 1279/1279/1279 1277/1277/1277 1278/1278/1278
f 1282/1282/1282 1281/1281/1281 1280/1280/1280
f 1283/1283/1283 1282/1282/1282 1280/1280/1280
f 1283/1283/1283 1280/1280/1280 1284/1284/1284
f 1285/1285/1285 1283/1283/1283 1284/1284/1284
f 1281/1281/1281 1282/1282/1282 1286/1286/1286
f 1287/1287/1287 1281/1281/1281 1286/1286/1286
f 1288/1288/1288 1285/1285/1285 1284/1284/1284
f 1289/1289/1289 1288/1288/1288 1284/1284/1284
f 1292/1292/1292 1291/1291/1291 1290/1290/1290
f 1293/1293/1293 1292/1292/1292 1290/1290/1290
f 1292/1292/1292 1294/1294/1294 1291/1291/1291
f 1294/1294/1294 1295/1295/1295 1291/1291/1291
f 1293/1293/1293 1290/1290/1290 1296/1296/1296
f 1290/1290/1290 1297/1297/1297 1296/1296/1296
f 1300/1300/1300 1299/1299/1299 1298/1298/1298
f 1301/1301/1301 1300/1300/1300 1298/1298/1298
f 1304/1304/1304 1303/1303/1303 1302/1302/1302
f 1305/1305/1305 1304/1304/1304 1302/1302/1302
f 1304/1304/1304 1306/1306/1306 1303/1303/1303
f 1306/1306/1306 1307/1307/1307 1303/1303/1303
f 1310/1310/1310 1309/1309/1309 1308/1308/1308
f 1311/1311/1311 1310/1310/1310 1308/1308/1308
f 1314/1314/1314 1313/1313/1313 1312/1312/1312
f 1315/1315/1315 1314/1314/1314 1312/1312/1312
f 1318/1318/1318 1317/1317/1317 1316/1316/1316
f 1319/1319/1319 1318/1318/1318 1316/1316/1316
f 1318/1318/1318 1320/1320/1320 1317/1317/1317
f 1320/1320/1320 1321/1321/1321 1317/1317/1317
f 1324/1324/1324 1323/1323/1323 1322/1322/1322
f 1325/1325/1325 1324/1324/1324 1322/1322/1322
f 1322/1322/1322 1323/1323/1323 1326/1326/1326
f 1323/1323/1323 1327/1327/1327 1326/1326/1326
f 1323/1323/1323 1328/1328/1328 1327/1327/1327
f 1328/1328/1328 1323/1323/1323 1324/1324/1324
f 1328/1328/1328 1329/1329/1329 1327/1327/1327
f 1330/1330/1330 1328/1328/1328 1324/1324/1324
f 1322/1322/1322 1326/1326/1326 1331/1331/1331
f 1332/1332/1332 1322/1322/1322 1331/1331/1331
f 1330/1330/1330 1324/1324/1324 1333/1333/1333
f 1333/1333/1333 1324/1324/1324 1325/1325/1325
f 1334/1334/1334 1330/1330/1330 1333/1333/1333
f 1335/1335/1335 1333/1333/1333 1325/1325/1325
f 1334/1334/1334 1333/1333/1333 1336/1336/1336
f 1333/1333/1333 1337/1337/1337 1336/1336/1336
f 1333/1333/1333 1335/1335/1335 1337/1337/1337
f 1335/1335/1335 1325/1325/1325 1338/1338/1338
f 1339/1339/1339 1335/1335/1335 1338/1338/1338
f 1340/1340/1340 1329/1329/1329 1328/1328/1328
f 1341/1341/1341 1340/1340/1340 1328/1328/1328
f 1341/1341/1341 1328/1328/1328 1330/1330/1330
f 1342/1342/1342 1341/1341/1341 1330/1330/1330
f 1342/1342/1342 1330/1330/1330 1334/1334/1334
f 1343/1343/1343 1342/1342/1342 1334/1334/1334
f 1343/1343/1343 1334/1334/1334 1336/1336/1336
f 1344/1344/1344 1343/1343/1343 1336/1336/1336
f 1335/1335/1335 1339/1339/1339 1345/1345/1345
f 1335/1335/1335 1345/1345/1345 1337/1337/1337
f 1348/1348/1348 1347/1347/1347 1346/1346/1346
f 1349/1349/1349 1348/1348/1348 1346/1346/1346
f 1350/1350/1350 1348/1348/1348 1349/1349/1349
f 1351/1351/1351 1350/1350/1350 1349/1349/1349
f 1347/1347/1347 1353/1353/1353 1352/1352/1352
f 1354/1354/1354 1347/1347/1347 1352/1352/1352
f 1356/1356/1356 1355/1355/1355 1352/1352/1352
f 1357/1357/1357 1356/1356/1356 1352/1352/1352
f 1358/1358/1358 1355/1355/1355 1356/1356/1356
f 1359/1359/1359 1358/1358/1358 1356/1356/1356
f 1362/1362/1362 1361/1361/1361 1360/1360/1360
f 1363/1363/1363 1362/1362/1362 1360/1360/1360
f 1366/1366/1366 1365/1365/1365 1364/1364/1364
f 1367/1367/1367 1366/1366/1366 1364/1364/1364
f 1368/1368/1368 1366/1366/1366 1367/1367/1367
f 1369/1369/1369 1368/1368/1368 1367/1367/1367
f 1370/1370/1370 1368/1368/1368 1369/1369/1369
f 1373/1373/1373 1372/1372/1372 1371/1371/1371
f 1374/1374/1374 1373/1373/1373 1371/1371/1371
f 1377/1377/1377 1376/1376/1376 1375/1375/1375
f 1378/1378/1378 1377/1377/1377 1375/1375/1375
f 1380/1380/1380 1322/1322/1322 1379/1379/1379
f 1325/1325/1325 1322/1322/1322 1380/1380/1380
f 1383/1383/1383 1382/1382/1382 1381/1381/1381
f 1384/1384/1384 1383/1383/1383 1381/1381/1381
f 1387/1387/1387 1386/1386/1386 1385/1385/1385
f 1390/1390/1390 1389/1389/1389 1388/1388/1388
f 1391/1391/1391 1390/1390/1390 1388/1388/1388
f 1394/1394/1394 1393/1393/1393 1392/1392/1392
f 1395/1395/1395 1394/1394/1394 1392/1392/1392
f 1393/1393/1393 1396/1396/1396 1392/1392/1392
f 1399/1399/1399 1398/1398/1398 1397/1397/1397
f 1400/1400/1400 1399/1399/1399 1397/1397/1397
f 1403/1403/1403 1402/1402/1402 1401/1401/1401
f 1404/1404/1404 1403/1403/1403 1401/1401/1401
f 1407/1407/1407 1406/1406/1406 1405/1405/1405
f 1405/1405/1405 1406/1406/1406 1408/1408/1408
f 1411/1411/1411 1410/1410/1410 1409/1409/1409
f 1412/1412/1412 1411/1411/1411 1409/1409/1409
f 1179/1179/1179 1180/1180/1180 1413/1413/1413
f 1416/1416/1416 1415/1415/1415 1414/1414/1414
f 1417/1417/1417 1416/1416/1416 1414/1414/1414
f 1418/1418/1418 1415/1415/1415 1416/1416/1416
f 1421/1421/1421 1420/1420/1420 1419/1419/1419
f 1422/1422/1422 1421/1421/1421 1419/1419/1419
f 1425/1425/1425 1424/1424/1424 1423/1423/1423
f 1426/1426/1426 1424/1424/1424 1425/1425/1425
f 1426/1426/1426 1427/1427/1427 1424/1424/1424
f 1424/1424/1424 1427/1427/1427 1428/1428/1428
f 1427/1427/1427 1429/1429/1429 1428/1428/1428
f 1429/1429/1429 1430/1430/1430 1428/1428/1428
f 1428/1428/1428 1430/1430/1430 1431/1431/1431
f 1430/1430/1430 1432/1432/1432 1431/1431/1431
f 1427/1427/1427 1426/1426/1426 1433/1433/1433
f 1426/1426/1426 1434/1434/1434 1433/1433/1433
f 1426/1426/1426 1425/1425/1425 1434/1434/1434
f 1435/1435/1435 1429/1429/1429 1427/1427/1427
f 1433/1433/1433 1435/1435/1435 1427/1427/1427
f 1425/1425/1425 1436/1436/1436 1434/1434/1434
f 1436/1436/1436 1425/1425/1425 1423/1423/1423
f 1437/1437/1437 1436/1436/1436 1423/1423/1423
f 1438/1438/1438 1430/1430/1430 1429/1429/1429
f 1435/1435/1435 1438/1438/1438 1429/1429/1429
f 1439/1439/1439 1432/1432/1432 1430/1430/1430
f 1438/1438/1438 1439/1439/1439 1430/1430/1430
f 1439/1439/1439 1440/1440/1440 1432/1432/1432
f 1431/1431/1431 1432/1432/1432 1440/1440/1440
f 1442/1442/1442 1441/1441/1441 1437/1437/1437
f 1423/1423/1423 1442/1442/1442 1437/1437/1437
f 1442/1442/1442 1423/1423/1423 1443/1443/1443
f 1446/1446/1446 1445/1445/1445 1444/1444/1444
f 1447/1447/1447 1446/1446/1446 1444/1444/1444
f 1448/1448/1448 1446/1446/1446 1447/1447/1447
f 1449/1449/1449 1448/1448/1448 1447/1447/1447
f 1450/1450/1450 1448/1448/1448 1449/1449/1449
f 1451/1451/1451 1450/1450/1450 1449/1449/1449
f 1450/1450/1450 1451/1451/1451 1452/1452/1452
f 1451/1451/1451 1453/1453/1453 1452/1452/1452
f 1454/1454/1454 1452/1452/1452 1453/1453/1453
f 1455/1455/1455 1454/1454/1454 1453/1453/1453
f 1444/1444/1444 1445/1445/1445 1456/1456/1456
f 1457/1457/1457 1444/1444/1444 1456/1456/1456
f 1456/1456/1456 1458/1458/1458 1457/1457/1457
f 1458/1458/1458 1459/1459/1459 1457/1457/1457
f 1445/1445/1445 1460/1460/1460 1456/1456/1456
f 1445/1445/1445 1461/1461/1461 1460/1460/1460
f 1461/1461/1461 1462/1462/1462 1460/1460/1460
f 1462/1462/1462 1463/1463/1463 1460/1460/1460
f 1455/1455/1455 1464/1464/1464 1454/1454/1454
f 1464/1464/1464 1465/1465/1465 1454/1454/1454
f 1468/1468/1468 1467/1467/1467 1466/1466/1466
f 1469/1469/1469 1468/1468/1468 1466/1466/1466
f 1467/1467/1467 1470/1470/1470 1466/1466/1466
f 1470/1470/1470 1471/1471/1471 1466/1466/1466
f 1474/1474/1474 1473/1473/1473 1472/1472/1472
f 1475/1475/1475 1474/1474/1474 1472/1472/1472
f 1478/1478/1478 1477/1477/1477 1476/1476/1476
f 1479/1479/1479 1478/1478/1478 1476/1476/1476
f 1482/1482/1482 1481/1481/1481 1480/1480/1480
f 1483/1483/1483 1482/1482/1482 1480/1480/1480
f 1486/1486/1486 1485/1485/1485 1484/1484/1484
f 1487/1487/1487 1486/1486/1486 1484/1484/1484
f 1490/1490/1490 1489/1489/1489 1488/1488/1488
f 1493/1493/1493 1492/1492/1492 1491/1491/1491
f 1494/1494/1494 1493/1493/1493 1491/1491/1491
f 1493/1493/1493 1495/1495/1495 1492/1492/1492
f 1498/1498/1498 1497/1497/1497 1496/1496/1496
f 1499/1499/1499 1498/1498/1498 1496/1496/1496
f 1502/1502/1502 1501/1501/1501 1500/1500/1500
f 1503/1503/1503 1502/1502/1502 1500/1500/1500
f 1503/1503/1503 1500/1500/1500 1504/1504/1504
f 1500/1500/1500 1505/1505/1505 1504/1504/1504
f 1505/1505/1505 1506/1506/1506 1504/1504/1504
f 1507/1507/1507 1506/1506/1506 1505/1505/1505
f 1510/1510/1510 1509/1509/1509 1508/1508/1508
f 1511/1511/1511 1510/1510/1510 1508/1508/1508
f 1514/1514/1514 1513/1513/1513 1512/1512/1512
f 1514/1514/1514 1515/1515/1515 1513/1513/1513
f 1515/1515/1515 1516/1516/1516 1513/1513/1513
f 1519/1519/1519 1518/1518/1518 1517/1517/1517
f 1520/1520/1520 1519/1519/1519 1517/1517/1517
f 1523/1523/1523 1522/1522/1522 1521/1521/1521
f 1524/1524/1524 1523/1523/1523 1521/1521/1521
f 1521/1521/1521 1522/1522/1522 1525/1525/1525
f 1522/1522/1522 1526/1526/1526 1525/1525/1525
f 1529/1529/1529 1528/1528/1528 1527/1527/1527
f 1530/1530/1530 1529/1529/1529 1527/1527/1527
f 1533/1533/1533 1532/1532/1532 1531/1531/1531
f 1534/1534/1534 1533/1533/1533 1531/1531/1531
f 1537/1537/1537 1536/1536/1536 1535/1535/1535
f 1538/1538/1538 1537/1537/1537 1535/1535/1535
f 1541/1541/1541 1540/1540/1540 1539/1539/1539
f 1542/1542/1542 1541/1541/1541 1539/1539/1539
f 1545/1545/1545 1544/1544/1544 1543/1543/1543
f 1546/1546/1546 1545/1545/1545 1543/1543/1543
f 1549/1549/1549 1548/1548/1548 1547/1547/1547
f 1550/1550/1550 1549/1549/1549 1547/1547/1547
f 1553/1553/1553 1552/1552/1552 1551/1551/1551
f 1554/1554/1554 1553/1553/1553 1551/1551/1551
f 1557/1557/1557 1556/1556/1556 1555/1555/1555
f 1558/1558/1558 1557/1557/1557 1555/1555/1555
f 1559/1559/1559 1556/1556/1556 1557/1557/1557
f 1560/1560/1560 1559/1559/1559 1557/1557/1557
f 1561/1561/1561 1560/1560/1560 1557/1557/1557
f 1562/1562/1562 1561/1561/1561 1557/1557/1557
f 1562/1562/1562 1563/1563/1563 1561/1561/1561
f 1563/1563/1563 1564/1564/1564 1561/1561/1561
f 1565/1565/1565 1559/1559/1559 1560/1560/1560
f 1568/1568/1568 1567/1567/1567 1566/1566/1566
f 1569/1569/1569 1568/1568/1568 1566/1566/1566
f 1572/1572/1572 1571/1571/1571 1570/1570/1570
f 1573/1573/1573 1572/1572/1572 1570/1570/1570
f 1576/1576/1576 1575/1575/1575 1574/1574/1574
f 1577/1577/1577 1576/1576/1576 1574/1574/1574
f 1580/1580/1580 1579/1579/1579 1578/1578/1578
f 1581/1581/1581 1580/1580/1580 1578/1578/1578
f 1584/1584/1584 1583/1583/1583 1582/1582/1582
f 1585/1585/1585 1584/1584/1584 1582/1582/1582
f 1588/1588/1588 1587/1587/1587 1586/1586/1586
f 1589/1589/1589 1588/1588/1588 1586/1586/1586
f 1592/1592/1592 1591/1591/1591 1590/1590/1590
f 1593/1593/1593 1592/1592/1592 1590/1590/1590
f 1596/1596/1596 1595/1595/1595 1594/1594/1594
f 1597/1597/1597 1596/1596/1596 1594/1594/1594
f 1600/1600/1600 1599/1599/1599 1598/1598/1598
f 1601/1601/1601 1600/1600/1600 1598/1598/1598
f 1604/1604/1604 1603/1603/1603 1602/1602/1602
f 1605/1605/1605 1604/1604/1604 1602/1602/1602
f 1608/1608/1608 1607/1607/1607 1606/1606/1606
f 1606/1606/1606 1607/1607/1607 1609/1609/1609
f 1607/1607/1607 1610/1610/1610 1609/1609/1609
f 1613/1613/1613 1612/1612/1612 1611/1611/1611
f 1614/1614/1614 1613/1613/1613 1611/1611/1611
f 1617/1617/1617 1616/1616/1616 1615/1615/1615
f 1618/1618/1618 1616/1616/1616 1617/1617/1617
f 1619/1619/1619 1616/1616/1616 1618/1618/1618
f 1620/1620/1620 1619/1619/1619 1618/1618/1618
f 1621/1621/1621 1619/1619/1619 1620/1620/1620
f 1624/1624/1624 1623/1623/1623 1622/1622/1622
f 1625/1625/1625 1624/1624/1624 1622/1622/1622
f 1628/1628/1628 1627/1627/1627 1626/1626/1626
f 1629/1629/1629 1628/1628/1628 1626/1626/1626
f 1632/1632/1632 1631/1631/1631 1630/1630/1630
f 1633/1633/1633 1632/1632/1632 1630/1630/1630
f 1636/1636/1636 1635/1635/1635 1634/1634/1634
f 1637/1637/1637 1636/1636/1636 1634/1634/1634
f 1638/1638/1638 1635/1635/1635 1636/1636/1636
f 1639/1639/1639 1638/1638/1638 1636/1636/1636
f 1642/1642/1642 1641/1641/1641 1640/1640/1640
f 1643/1643/1643 1642/1642/1642 1640/1640/1640
f 1646/1646/1646 1645/1645/1645 1644/1644/1644
f 1647/1647/1647 1646/1646/1646 1644/1644/1644
f 1647/1647/1647 1644/1644/1644 1648/1648/1648
f 1649/1649/1649 1647/1647/1647 1648/1648/1648
f 1652/1652/1652 1651/1651/1651 1650/1650/1650
f 1653/1653/1653 1652/1652/1652 1650/1650/1650
f 1654/1654/1654 1652/1652/1652 1653/1653/1653
f 1655/1655/1655 1654/1654/1654 1653/1653/1653
f 1658/1658/1658 1657/1657/1657 1656/1656/1656
f 1659/1659/1659 1657/1657/1657 1658/1658/1658
f 1660/1660/1660 1659/1659/1659 1658/1658/1658
f 1661/1661/1661 1660/1660/1660 1658/1658/1658
f 1656/1656/1656 1657/1657/1657 1662/1662/1662
f 1663/1663/1663 1656/1656/1656 1662/1662/1662
f 1664/1664/1664 1663/1663/1663 1662/1662/1662
f 1667/1667/1667 1666/1666/1666 1665/1665/1665
f 1668/1668/1668 1667/1667/1667 1665/1665/1665
f 1669/1669/1669 1666/1666/1666 1667/1667/1667
f 1670/1670/1670 1669/1669/1669 1667/1667/1667
f 1673/1673/1673 1672/1672/1672 1671/1671/1671
f 1674/1674/1674 1673/1673/1673 1671/1671/1671
f 1677/1677/1677 1676/1676/1676 1675/1675/1675
f 1678/1678/1678 1677/1677/1677 1675/1675/1675
f 1680/1680/1680 1679/1679/1679 1678/1678/1678
f 1681/1681/1681 1680/1680/1680 1678/1678/1678
f 1684/1684/1684 1683/1683/1683 1682/1682/1682
f 1685/1685/1685 1684/1684/1684 1682/1682/1682
f 1688/1688/1688 1687/1687/1687 1686/1686/1686
f 1689/1689/1689 1688/1688/1688 1686/1686/1686
f 1687/1687/1687 1690/1690/1690 1686/1686/1686
f 1690/1690/1690 1691/1691/1691 1686/1686/1686
f 1692/1692/1692 1691/1691/1691 1690/1690/1690
f 1695/1695/1695 1694/1694/1694 1693/1693/1693
f 1696/1696/1696 1695/1695/1695 1693/1693/1693
f 1699/1699/1699 1698/1698/1698 1697/1697/1697
f 1700/1700/1700 1699/1699/1699 1697/1697/1697
f 1703/1703/1703 1702/1702/1702 1701/1701/1701
f 1706/1706/1706 1705/1705/1705 1704/1704/1704
f 1707/1707/1707 1706/1706/1706 1704/1704/1704
f 1710/1710/1710 1709/1709/1709 1708/1708/1708
f 1711/1711/1711 1710/1710/1710 1708/1708/1708
f 1714/1714/1714 1713/1713/1713 1712/1712/1712
f 1712/1712/1712 1715/1715/1715 1714/1714/1714
f 1718/1718/1718 1717/1717/1717 1716/1716/1716
f 1719/1719/1719 1718/1718/1718 1716/1716/1716
f 1722/1722/1722 1721/1721/1721 1720/1720/1720
f 1723/1723/1723 1722/1722/1722 1720/1720/1720
f 1726/1726/1726 1725/1725/1725 1724/1724/1724
f 1727/1727/1727 1726/1726/1726 1724/1724/1724
f 1730/1730/1730 1729/1729/1729 1728/1728/1728
f 1731/1731/1731 1730/1730/1730 1728/1728/1728
f 1734/1734/1734 1733/1733/1733 1732/1732/1732
f 1735/1735/1735 1734/1734/1734 1732/1732/1732
f 1738/1738/1738 1737/1737/1737 1736/1736/1736
f 1739/1739/1739 1738/1738/1738 1736/1736/1736
f 1742/1742/1742 1741/1741/1741 1740/1740/1740
f 1743/1743/1743 1742/1742/1742 1740/1740/1740
f 1744/1744/1744 1741/1741/1741 1742/1742/1742
f 1745/1745/1745 1744/1744/1744 1742/1742/1742
f 1748/1748/1748 1747/1747/1747 1746/1746/1746
f 1749/1749/1749 1748/1748/1748 1746/1746/1746
f 1752/1752/1752 1751/1751/1751 1750/1750/1750
f 1753/1753/1753 1752/1752/1752 1750/1750/1750
f 1756/1756/1756 1755/1755/1755 1754/1754/1754
f 1757/1757/1757 1756/1756/1756 1754/1754/1754
f 1760/1760/1760 1759/1759/1759 1758/1758/1758
f 1761/1761/1761 1760/1760/1760 1758/1758/1758
f 1764/1764/1764 1763/1763/1763 1762/1762/1762
f 1765/1765/1765 1764/1764/1764 1762/1762/1762
f 1765/1765/1765 1762/1762/1762 1766/1766/1766
f 1767/1767/1767 1765/1765/1765 1766/1766/1766
f 1770/1770/1770 1769/1769/1769 1768/1768/1768
f 1771/1771/1771 1770/1770/1770 1768/1768/1768
f 1774/1774/1774 1773/1773/1773 1772/1772/1772
f 1775/1775/1775 1774/1774/1774 1772/1772/1772
f 1778/1778/1778 1777/1777/1777 1776/1776/1776
f 1779/1779/1779 1778/1778/1778 1776/1776/1776
f 1782/1782/1782 1781/1781/1781 1780/1780/1780
f 1783/1783/1783 1782/1782/1782 1780/1780/1780
f 1786/1786/1786 1785/1785/1785 1784/1784/1784
f 1787/1787/1787 1786/1786/1786 1784/1784/1784
f 1790/1790/1790 1789/1789/1789 1788/1788/1788
f 1791/1791/1791 1790/1790/1790 1788/1788/1788
f 1794/1794/1794 1793/1793/1793 1792/1792/1792
f 1795/1795/1795 1794/1794/1794 1792/1792/1792
f 1798/1798/1798 1797/1797/1797 1796/1796/1796
f 1799/1799/1799 1798/1798/1798 1796/1796/1796
f 1802/1802/1802 1801/1801/1801 1800/1800/1800
f 1803/1803/1803 1802/1802/1802 1800/1800/1800
f 1800/1800/1800 1801/1801/1801 1804/1804/1804
f 1801/1801/1801 1805/1805/1805 1804/1804/1804
f 1805/1805/1805 1806/1806/1806 1804/1804/1804
f 1807/1807/1807 1806/1806/1806 1805/1805/1805
f 1809/1809/1809 1802/1802/1802 1808/1808/1808
f 1810/1810/1810 1809/1809/1809 1808/1808/1808
f 1813/1813/1813 1812/1812/1812 1811/1811/1811
f 1814/1814/1814 1813/1813/1813 1811/1811/1811
f 1817/1817/1817 1816/1816/1816 1815/1815/1815
f 1818/1818/1818 1817/1817/1817 1815/1815/1815
f 1821/1821/1821 1820/1820/1820 1819/1819/1819
f 1822/1822/1822 1821/1821/1821 1819/1819/1819
f 1825/1825/1825 1824/1824/1824 1823/1823/1823
f 1826/1826/1826 1825/1825/1825 1823/1823/1823
f 1829/1829/1829 1828/1828/1828 1827/1827/1827
f 1830/1830/1830 1829/1829/1829 1827/1827/1827
f 1833/1833/1833 1832/1832/1832 1831/1831/1831
f 1834/1834/1834 1833/1833/1833 1831/1831/1831
f 1837/1837/1837 1836/1836/1836 1835/1835/1835
f 1838/1838/1838 1837/1837/1837 1835/1835/1835
f 1841/1841/1841 1840/1840/1840 1839/1839/1839
f 1842/1842/1842 1841/1841/1841 1839/1839/1839
f 1845/1845/1845 1844/1844/1844 1843/1843/1843
f 1846/1846/1846 1845/1845/1845 1843/1843/1843
f 1849/1849/1849 1848/1848/1848 1847/1847/1847
f 1850/1850/1850 1849/1849/1849 1847/1847/1847
f 1851/1851/1851 1848/1848/1848 1849/1849/1849
f 1854/1854/1854 1853/1853/1853 1852/1852/1852
f 1855/1855/1855 1854/1854/1854 1852/1852/1852
f 1858/1858/1858 1857/1857/1857 1856/1856/1856
f 1859/1859/1859 1858/1858/1858 1856/1856/1856
f 1862/1862/1862 1861/1861/1861 1860/1860/1860
f 1863/1863/1863 1862/1862/1862 1860/1860/1860
f 1866/1866/1866 1865/1865/1865 1864/1864/1864
f 1867/1867/1867 1866/1866/1866 1864/1864/1864
f 1869/1869/1869 1868/1868/1868 1866/1866/1866
f 1870/1870/1870 1869/1869/1869 1866/1866/1866
f 1873/1873/1873 1872/1872/1872 1871/1871/1871
f 1874/1874/1874 1873/1873/1873 1871/1871/1871
f 1877/1877/1877 1876/1876/1876 1875/1875/1875
f 1880/1880/1880 1879/1879/1879 1878/1878/1878
f 1881/1881/1881 1880/1880/1880 1878/1878/1878
f 1884/1884/1884 1883/1883/1883 1882/1882/1882
f 1885/1885/1885 1884/1884/1884 1882/1882/1882
f 1888/1888/1888 1887/1887/1887 1886/1886/1886
f 1889/1889/1889 1888/1888/1888 1886/1886/1886
f 1890/1890/1890 1889/1889/1889 1886/1886/1886
f 1891/1891/1891 1890/1890/1890 1886/1886/1886
f 1894/1894/1894 1893/1893/1893 1892/1892/1892
f 1895/1895/1895 1894/1894/1894 1892/1892/1892
f 1898/1898/1898 1897/1897/1897 1896/1896/1896
f 1899/1899/1899 1898/1898/1898 1896/1896/1896
f 1902/1902/1902 1901/1901/1901 1900/1900/1900
f 1903/1903/1903 1902/1902/1902 1900/1900/1900
f 1906/1906/1906 1905/1905/1905 1904/1904/1904
f 1906/1906/1906 1907/1907/1907 1905/1905/1905
f 1910/1910/1910 1909/1909/1909 1908/1908/1908
f 1909/1909/1909 1910/1910/1910 1911/1911/1911
f 1914/1914/1914 1913/1913/1913 1912/1912/1912
f 1915/1915/1915 1914/1914/1914 1912/1912/1912
f 1918/1918/1918 1917/1917/1917 1916/1916/1916
f 1919/1919/1919 1918/1918/1918 1916/1916/1916
f 1922/1922/1922 1921/1921/1921 1920/1920/1920
f 1923/1923/1923 1922/1922/1922 1920/1920/1920
f 1926/1926/1926 1925/1925/1925 1924/1924/1924
f 1927/1927/1927 1926/1926/1926 1924/1924/1924
f 1930/1930/1930 1929/1929/1929 1928/1928/1928
f 1931/1931/1931 1930/1930/1930 1928/1928/1928
f 1929/1929/1929 1932/1932/1932 1928/1928/1928
f 1932/1932/1932 1933/1933/1933 1928/1928/1928
f 1930/1930/1930 1931/1931/1931 1934/1934/1934
f 1931/1931/1931 1935/1935/1935 1934/1934/1934
f 1934/1934/1934 1935/1935/1935 1936/1936/1936
f 1935/1935/1935 1937/1937/1937 1936/1936/1936
f 1938/1938/1938 1933/1933/1933 1932/1932/1932
f 1939/1939/1939 1938/1938/1938 1932/1932/1932
f 1942/1942/1942 1941/1941/1941 1940/1940/1940
f 1943/1943/1943 1942/1942/1942 1940/1940/1940
f 1946/1946/1946 1945/1945/1945 1944/1944/1944
f 1947/1947/1947 1946/1946/1946 1944/1944/1944
f 1950/1950/1950 1949/1949/1949 1948/1948/1948
f 1951/1951/1951 1950/1950/1950 1948/1948/1948
f 1954/1954/1954 1953/1953/1953 1952/1952/1952
f 1955/1955/1955 1954/1954/1954 1952/1952/1952
f 1954/1954/1954 1956/1956/1956 1953/1953/1953
f 1956/1956/1956 1957/1957/1957 1953/1953/1953
f 1960/1960/1960 1959/1959/1959 1958/1958/1958
f 1961/1961/1961 1960/1960/1960 1958/1958/1958
f 1962/1962/1962 1961/1961/1961 1958/1958/1958
f 1963/1963/1963 1962/1962/1962 1958/1958/1958
f 1964/1964/1964 1962/1962/1962 1963/1963/1963
f 1967/1967/1967 1966/1966/1966 1965/1965/1965
f 1968/1968/1968 1967/1967/1967 1965/1965/1965
f 1971/1971/1971 1970/1970/1970 1969/1969/1969
f 1972/1972/1972 1971/1971/1971 1969/1969/1969
f 1975/1975/1975 1974/1974/1974 1973/1973/1973
f 1976/1976/1976 1975/1975/1975 1973/1973/1973
f 1979/1979/1979 1978/1978/1978 1977/1977/1977
f 1980/1980/1980 1979/1979/1979 1977/1977/1977
f 1983/1983/1983 1982/1982/1982 1981/1981/1981
f 1984/1984/1984 1983/1983/1983 1981/1981/1981
f 1981/1981/1981 1985/1985/1985 1984/1984/1984
f 1982/1982/1982 1983/1983/1983 1986/1986/1986
f 1987/1987/1987 1982/1982/1982 1986/1986/1986
f 1988/1988/1988 746/746/746 749/749/749
f 1991/1991/1991 1990/1990/1990 1989/1989/1989
f 1992/1992/1992 1991/1991/1991 1989/1989/1989
f 1993/1993/1993 1991/1991/1991 1992/1992/1992
f 1994/1994/1994 1993/1993/1993 1992/1992/1992
f 1997/1997/1997 1996/1996/1996 1995/1995/1995
f 1998/1998/1998 1997/1997/1997 1995/1995/1995
f 2001/2001/2001 2000/2000/2000 1999/1999/1999
f 2002/2002/2002 2001/2001/2001 1999/1999/1999
f 2005/2005/2005 2004/2004/2004 2003/2003/2003
f 2006/2006/2006 2005/2005/2005 2003/2003/2003
f 2007/2007/2007 2005/2005/2005 2006/2006/2006
f 2008/2008/2008 2007/2007/2007 2006/2006/2006
f 2011/2011/2011 2010/2010/2010 2009/2009/2009
f 2009/2009/2009 2010/2010/2010 2012/2012/2012
f 2012/2012/2012 2010/2010/2010 2013/2013/2013
f 2013/2013/2013 2010/2010/2010 2014/2014/2014
f 2014/2014/2014 2010/2010/2010 2015/2015/2015
f 2015/2015/2015 2010/2010/2010 2011/2011/2011
f 2018/2018/2018 2017/2017/2017 2016/2016/2016
f 2019/2019/2019 2018/2018/2018 2016/2016/2016
f 2022/2022/2022 2021/2021/2021 2020/2020/2020
f 2023/2023/2023 2022/2022/2022 2020/2020/2020
f 2026/2026/2026 2025/2025/2025 2024/2024/2024
f 2027/2027/2027 2026/2026/2026 2024/2024/2024
f 2028/2028/2028 2027/2027/2027 2024/2024/2024
f 2029/2029/2029 2027/2027/2027 2028/2028/2028
f 2030/2030/2030 2029/2029/2029 2028/2028/2028
f 2033/2033/2033 2032/2032/2032 2031/2031/2031
f 2033/2033/2033 2031/2031/2031 2034/2034/2034
f 2031/2031/2031 2035/2035/2035 2034/2034/2034
f 2034/2034/2034 2035/2035/2035 2036/2036/2036
f 2035/2035/2035 2037/2037/2037 2036/2036/2036
f 2040/2040/2040 2039/2039/2039 2038/2038/2038
f 2041/2041/2041 2040/2040/2040 2038/2038/2038
f 2042/2042/2042 2041/2041/2041 2038/2038/2038
f 2045/2045/2045 2044/2044/2044 2043/2043/2043
f 2045/2045/2045 2043/2043/2043 2046/2046/2046
f 2043/2043/2043 2047/2047/2047 2046/2046/2046
f 2050/2050/2050 2049/2049/2049 2048/2048/2048
f 2051/2051/2051 2050/2050/2050 2048/2048/2048
f 2054/2054/2054 2053/2053/2053 2052/2052/2052
f 2055/2055/2055 2054/2054/2054 2052/2052/2052
f 2058/2058/2058 2057/2057/2057 2056/2056/2056
f 2059/2059/2059 2058/2058/2058 2056/2056/2056
f 2060/2060/2060 2058/2058/2058 2059/2059/2059
f 2061/2061/2061 2060/2060/2060 2059/2059/2059
f 2064/2064/2064 2063/2063/2063 2062/2062/2062
f 2065/2065/2065 2064/2064/2064 2062/2062/2062
f 2068/2068/2068 2067/2067/2067 2066/2066/2066
f 2069/2069/2069 2068/2068/2068 2066/2066/2066
f 2072/2072/2072 2071/2071/2071 2070/2070/2070
f 2073/2073/2073 2072/2072/2072 2070/2070/2070
f 2074/2074/2074 2072/2072/2072 2073/2073/2073
f 2075/2075/2075 2074/2074/2074 2073/2073/2073
f 2078/2078/2078 2077/2077/2077 2076/2076/2076
f 2076/2076/2076 2077/2077/2077 2079/2079/2079
f 2079/2079/2079 2077/2077/2077 2080/2080/2080
f 2080/2080/2080 2077/2077/2077 2081/2081/2081
f 2081/2081/2081 2077/2077/2077 2082/2082/2082
f 2082/2082/2082 2077/2077/2077 2078/2078/2078
f 2085/2085/2085 2084/2084/2084 2083/2083/2083
f 2086/2086/2086 2085/2085/2085 2083/2083/2083
f 2089/2089/2089 2088/2088/2088 2087/2087/2087
f 2090/2090/2090 2089/2089/2089 2087/2087/2087
f 2093/2093/2093 2092/2092/2092 2091/2091/2091
f 2094/2094/2094 2093/2093/2093 2091/2091/2091
f 2095/2095/2095 2094/2094/2094 2091/2091/2091
f 2096/2096/2096 2094/2094/2094 2095/2095/2095
f 2097/2097/2097 2096/2096/2096 2095/2095/2095
f 2100/2100/2100 2099/2099/2099 2098/2098/2098
f 2100/2100/2100 2098/2098/2098 2101/2101/2101
f 2098/2098/2098 2102/2102/2102 2101/2101/2101
f 2101/2101/2101 2102/2102/2102 2103/2103/2103
f 2102/2102/2102 2104/2104/2104 2103/2103/2103
f 2107/2107/2107 2106/2106/2106 2105/2105/2105
f 2108/2108/2108 2107/2107/2107 2105/2105/2105
f 2109/2109/2109 2108/2108/2108 2105/2105/2105
f 2112/2112/2112 2111/2111/2111 2110/2110/2110
f 2112/2112/2112 2110/2110/2110 2113/2113/2113
f 2110/2110/2110 2114/2114/2114 2113/2113/2113
f 2117/2117/2117 2116/2116/2116 2115/2115/2115
f 2118/2118/2118 2117/2117/2117 2115/2115/2115
f 2121/2121/2121 2120/2120/2120 2119/2119/2119
f 2122/2122/2122 2121/2121/2121 2119/2119/2119
f 2125/2125/2125 2124/2124/2124 2123/2123/2123
f 2126/2126/2126 2125/2125/2125 2123/2123/2123
f 2127/2127/2127 2125/2125/2125 2126/2126/2126
f 2128/2128/2128 2127/2127/2127 2126/2126/2126
f 2131/2131/2131 2130/2130/2130 2129/2129/2129
f 2132/2132/2132 2131/2131/2131 2129/2129/2129
f 2135/2135/2135 2134/2134/2134 2133/2133/2133
f 2136/2136/2136 2135/2135/2135 2133/2133/2133
f 2139/2139/2139 2138/2138/2138 2137/2137/2137
f 2140/2140/2140 2139/2139/2139 2137/2137/2137
f 2141/2141/2141 2139/2139/2139 2140/2140/2140
f 2142/2142/2142 2141/2141/2141 2140/2140/2140
f 2145/2145/2145 2144/2144/2144 2143/2143/2143
f 2143/2143/2143 2144/2144/2144 2146/2146/2146
f 2146/2146/2146 2144/2144/2144 2147/2147/2147
f 2147/2147/2147 2144/2144/2144 2148/2148/2148
f 2148/2148/2148 2144/2144/2144 2149/2149/2149
f 2149/2149/2149 2144/2144/2144 2145/2145/2145
f 2152/2152/2152 2151/2151/2151 2150/2150/2150
f 2153/2153/2153 2152/2152/2152 2150/2150/2150
f 2156/2156/2156 2155/2155/2155 2154/2154/2154
f 2157/2157/2157 2156/2156/2156 2154/2154/2154
f 2160/2160/2160 2159/2159/2159 2158/2158/2158
f 2161/2161/2161 2160/2160/2160 2158/2158/2158
f 2162/2162/2162 2161/2161/2161 2158/2158/2158
f 2163/2163/2163 2161/2161/2161 2162/2162/2162
f 2164/2164/2164 2163/2163/2163 2162/2162/2162
f 2167/2167/2167 2166/2166/2166 2165/2165/2165
f 2167/2167/2167 2165/2165/2165 2168/2168/2168
f 2165/2165/2165 2169/2169/2169 2168/2168/2168
f 2168/2168/2168 2169/2169/2169 2170/2170/2170
f 2169/2169/2169 2171/2171/2171 2170/2170/2170
f 2174/2174/2174 2173/2173/2173 2172/2172/2172
f 2175/2175/2175 2174/2174/2174 2172/2172/2172
f 2176/2176/2176 2175/2175/2175 2172/2172/2172
f 2179/2179/2179 2178/2178/2178 2177/2177/2177
f 2179/2179/2179 2177/2177/2177 2180/2180/2180
f 2177/2177/2177 2181/2181/2181 2180/2180/2180
f 2184/2184/2184 2183/2183/2183 2182/2182/2182
f 2185/2185/2185 2184/2184/2184 2182/2182/2182
f 2188/2188/2188 2187/2187/2187 2186/2186/2186
f 2189/2189/2189 2188/2188/2188 2186/2186/2186
f 2192/2192/2192 2191/2191/2191 2190/2190/2190
f 2193/2193/2193 2192/2192/2192 2190/2190/2190
f 2194/2194/2194 2192/2192/2192 2193/2193/2193
f 2195/2195/2195 2194/2194/2194 2193/2193/2193
f 2198/2198/2198 2197/2197/2197 2196/2196/2196
f 2199/2199/2199 2198/2198/2198 2196/2196/2196
f 2202/2202/2202 2201/2201/2201 2200/2200/2200
f 2203/2203/2203 2202/2202/2202 2200/2200/2200
f 2206/2206/2206 2205/2205/2205 2204/2204/2204
f 2207/2207/2207 2206/2206/2206 2204/2204/2204
f 2208/2208/2208 2206/2206/2206 2207/2207/2207
f 2209/2209/2209 2208/2208/2208 2207/2207/2207
f 2212/2212/2212 2211/2211/2211 2210/2210/2210
f 2210/2210/2210 2211/2211/2211 2213/2213/2213
f 2213/2213/2213 2211/2211/2211 2214/2214/2214
f 2214/2214/2214 2211/2211/2211 2215/2215/2215
f 2215/2215/2215 2211/2211/2211 2216/2216/2216
f 2216/2216/2216 2211/2211/2211 2212/2212/2212
f 2219/2219/2219 2218/2218/2218 2217/2217/2217
f 2220/2220/2220 2219/2219/2219 2217/2217/2217
f 2223/2223/2223 2222/2222/2222 2221/2221/2221
f 2224/2224/2224 2223/2223/2223 2221/2221/2221
f 2227/2227/2227 2226/2226/2226 2225/2225/2225
f 2228/2228/2228 2227/2227/2227 2225/2225/2225
f 2229/2229/2229 2228/2228/2228 2225/2225/2225
f 2230/2230/2230 2228/2228/2228 2229/2229/2229
f 2231/2231/2231 2230/2230/2230 2229/2229/2229
f 2234/2234/2234 2233/2233/2233 2232/2232/2232
f 2234/2234/2234 2232/2232/2232 2235/2235/2235
f 2232/2232/2232 2236/2236/2236 2235/2235/2235
f 2235/2235/2235 2236/2236/2236 2237/2237/2237
f 2236/2236/2236 2238/2238/2238 2237/2237/2237
f 2241/2241/2241 2240/2240/2240 2239/2239/2239
f 2242/2242/2242 2241/2241/2241 2239/2239/2239
f 2243/2243/2243 2242/2242/2242 2239/2239/2239
f 2246/2246/2246 2245/2245/2245 2244/2244/2244
f 2246/2246/2246 2244/2244/2244 2247/2247/2247
f 2244/2244/2244 2248/2248/2248 2247/2247/2247
f 2251/2251/2251 2250/2250/2250 2249/2249/2249
f 2252/2252/2252 2251/2251/2251 2249/2249/2249
f 2255/2255/2255 2254/2254/2254 2253/2253/2253
f 2256/2256/2256 2255/2255/2255 2253/2253/2253
f 2259/2259/2259 2258/2258/2258 2257/2257/2257
f 2260/2260/2260 2259/2259/2259 2257/2257/2257
f 2261/2261/2261 2259/2259/2259 2260/2260/2260
f 2262/2262/2262 2261/2261/2261 2260/2260/2260
f 2265/2265/2265 2264/2264/2264 2263/2263/2263
f 2266/2266/2266 2265/2265/2265 2263/2263/2263
f 2269/2269/2269 2268/2268/2268 2267/2267/2267
f 2270/2270/2270 2269/2269/2269 2267/2267/2267
f 2273/2273/2273 2272/2272/2272 2271/2271/2271
f 2274/2274/2274 2273/2273/2273 2271/2271/2271
f 2275/2275/2275 2273/2273/2273 2274/2274/2274
f 2276/2276/2276 2275/2275/2275 2274/2274/2274
f 2279/2279/2279 2278/2278/2278 2277/2277/2277
f 2277/2277/2277 2278/2278/2278 2280/2280/2280
f 2280/2280/2280 2278/2278/2278 2281/2281/2281
f 2281/2281/2281 2278/2278/2278 2282/2282/2282
f 2282/2282/2282 2278/2278/2278 2283/2283/2283
f 2283/2283/2283 2278/2278/2278 2279/2279/2279
f 2286/2286/2286 2285/2285/2285 2284/2284/2284
f 2287/2287/2287 2286/2286/2286 2284/2284/2284
f 2290/2290/2290 2289/2289/2289 2288/2288/2288
f 2291/2291/2291 2290/2290/2290 2288/2288/2288
f 2294/2294/2294 2293/2293/2293 2292/2292/2292
f 2295/2295/2295 2294/2294/2294 2292/2292/2292
f 2296/2296/2296 2295/2295/2295 2292/2292/2292
f 2297/2297/2297 2295/2295/2295 2296/2296/2296
f 2298/2298/2298 2297/2297/2297 2296/2296/2296
f 2301/2301/2301 2300/2300/2300 2299/2299/2299
f 2301/2301/2301 2299/2299/2299 2302/2302/2302
f 2299/2299/2299 2303/2303/2303 2302/2302/2302
f 2302/2302/2302 2303/2303/2303 2304/2304/2304
f 2303/2303/2303 2305/2305/2305 2304/2304/2304
f 2308/2308/2308 2307/2307/2307 2306/2306/2306
f 2309/2309/2309 2308/2308/2308 2306/2306/2306
f 2310/2310/2310 2309/2309/2309 2306/2306/2306
f 2313/2313/2313 2312/2312/2312 2311/2311/2311
f 2313/2313/2313 2311/2311/2311 2314/2314/2314
f 2311/2311/2311 2315/2315/2315 2314/2314/2314
f 2318/2318/2318 2317/2317/2317 2316/2316/2316
f 2319/2319/2319 2318/2318/2318 2316/2316/2316
f 2322/2322/2322 2321/2321/2321 2320/2320/2320
f 2323/2323/2323 2322/2322/2322 2320/2320/2320
f 2326/2326/2326 2325/2325/2325 2324/2324/2324
f 2327/2327/2327 2326/2326/2326 2324/2324/2324
f 2324/2324/2324 2325/2325/2325 2328/2328/2328
f 2325/2325/2325 2329/2329/2329 2328/2328/2328
f 2332/2332/2332 2331/2331/2331 2330/2330/2330
f 2333/2333/2333 2332/2332/2332 2330/2330/2330
f 2336/2336/2336 2335/2335/2335 2334/2334/2334
f 2337/2337/2337 2336/2336/2336 2334/2334/2334
f 2340/2340/2340 2339/2339/2339 2338/2338/2338
f 2341/2341/2341 2340/2340/2340 2338/2338/2338
f 2338/2338/2338 2339/2339/2339 2342/2342/2342
f 2339/2339/2339 2343/2343/2343 2342/2342/2342
f 2346/2346/2346 2345/2345/2345 2344/2344/2344
f 2347/2347/2347 2346/2346/2346 2344/2344/2344
f 2350/2350/2350 2349/2349/2349 2348/2348/2348
f 2351/2351/2351 2350/2350/2350 2348/2348/2348
f 2354/2354/2354 2353/2353/2353 2352/2352/2352
f 2355/2355/2355 2354/2354/2354 2352/2352/2352
f 2352/2352/2352 2353/2353/2353 2356/2356/2356
f 2353/2353/2353 2357/2357/2357 2356/2356/2356
f 2358/2358/2358 2354/2354/2354 2355/2355/2355
f 2359/2359/2359 2358/2358/2358 2355/2355/2355
f 2360/2360/2360 2358/2358/2358 2359/2359/2359
f 2361/2361/2361 2360/2360/2360 2359/2359/2359
f 2356/2356/2356 2363/2363/2363 2362/2362/2362
f 2363/2363/2363 2364/2364/2364 2362/2362/2362
f 2362/2362/2362 2366/2366/2366 2365/2365/2365
f 2366/2366/2366 2367/2367/2367 2365/2365/2365
f 2365/2365/2365 2367/2367/2367 2368/2368/2368
f 2367/2367/2367 2369/2369/2369 2368/2368/2368
f 2369/2369/2369 2370/2370/2370 2361/2361/2361
f 2371/2371/2371 2369/2369/2369 2361/2361/2361
f 2374/2374/2374 2373/2373/2373 2372/2372/2372
f 2375/2375/2375 2374/2374/2374 2372/2372/2372
f 2376/2376/2376 2374/2374/2374 2375/2375/2375
f 2377/2377/2377 2376/2376/2376 2375/2375/2375
f 2380/2380/2380 2379/2379/2379 2378/2378/2378
f 2381/2381/2381 2380/2380/2380 2378/2378/2378
f 2384/2384/2384 2383/2383/2383 2382/2382/2382
f 2385/2385/2385 2384/2384/2384 2382/2382/2382
f 2388/2388/2388 2387/2387/2387 2386/2386/2386
f 2389/2389/2389 2388/2388/2388 2386/2386/2386
f 2386/2386/2386 2387/2387/2387 2390/2390/2390
f 2387/2387/2387 2391/2391/2391 2390/2390/2390
f 2394/2394/2394 2393/2393/2393 2392/2392/2392
f 2395/2395/2395 2394/2394/2394 2392/2392/2392
f 2398/2398/2398 2397/2397/2397 2396/2396/2396
f 2399/2399/2399 2398/2398/2398 2396/2396/2396
f 2402/2402/2402 2401/2401/2401 2400/2400/2400
f 2403/2403/2403 2402/2402/2402 2400/2400/2400
f 2404/2404/2404 2400/2400/2400 2401/2401/2401
f 2407/2407/2407 2406/2406/2406 2405/2405/2405
f 2408/2408/2408 2407/2407/2407 2405/2405/2405
f 2406/2406/2406 2409/2409/2409 2405/2405/2405
f 2412/2412/2412 2411/2411/2411 2410/2410/2410
f 2413/2413/2413 2412/2412/2412 2410/2410/2410
f 2414/2414/2414 2412/2412/2412 2413/2413/2413
f 2415/2415/2415 2410/2410/2410 2411/2411/2411
f 2416/2416/2416 2415/2415/2415 2411/2411/2411
f 2417/2417/2417 2415/2415/2415 2416/2416/2416
f 2420/2420/2420 2419/2419/2419 2418/2418/2418
f 2418/2418/2418 2419/2419/2419 2421/2421/2421
f 2421/2421/2421 2419/2419/2419 2422/2422/2422
f 2423/2423/2423 2419/2419/2419 2420/2420/2420
f 2425/2425/2425 2419/2419/2419 2424/2424/2424
f 2424/2424/2424 2419/2419/2419 2426/2426/2426
f 2426/2426/2426 2419/2419/2419 2427/2427/2427
f 2427/2427/2427 2419/2419/2419 2428/2428/2428
f 2431/2431/2431 2430/2430/2430 2429/2429/2429
f 2429/2429/2429 2430/2430/2430 2432/2432/2432
f 2432/2432/2432 2430/2430/2430 2433/2433/2433
f 2433/2433/2433 2430/2430/2430 2434/2434/2434
f 2436/2436/2436 2430/2430/2430 2435/2435/2435
f 2437/2437/2437 2430/2430/2430 2436/2436/2436
f 2438/2438/2438 2430/2430/2430 2437/2437/2437
f 2439/2439/2439 2430/2430/2430 2438/2438/2438
f 2442/2442/2442 2441/2441/2441 2440/2440/2440
f 2443/2443/2443 2442/2442/2442 2440/2440/2440
f 2440/2440/2440 2441/2441/2441 2444/2444/2444
f 2441/2441/2441 2445/2445/2445 2444/2444/2444
f 2448/2448/2448 2447/2447/2447 2446/2446/2446
f 2449/2449/2449 2448/2448/2448 2446/2446/2446
f 2452/2452/2452 2451/2451/2451 2450/2450/2450
f 2453/2453/2453 2452/2452/2452 2450/2450/2450
f 2456/2456/2456 2455/2455/2455 2454/2454/2454
f 2457/2457/2457 2456/2456/2456 2454/2454/2454
f 2454/2454/2454 2455/2455/2455 2458/2458/2458
f 2455/2455/2455 2459/2459/2459 2458/2458/2458
f 2462/2462/2462 2461/2461/2461 2460/2460/2460
f 2463/2463/2463 2462/2462/2462 2460/2460/2460
f 2466/2466/2466 2465/2465/2465 2464/2464/2464
f 2467/2467/2467 2466/2466/2466 2464/2464/2464
f 2470/2470/2470 2469/2469/2469 2468/2468/2468
f 2473/2473/2473 2472/2472/2472 2471/2471/2471
f 2476/2476/2476 2475/2475/2475 2474/2474/2474
f 2479/2479/2479 2478/2478/2478 2477/2477/2477
f 2482/2482/2482 2481/2481/2481 2480/2480/2480
f 2485/2485/2485 2484/2484/2484 2483/2483/2483
f 2486/2486/2486 2485/2485/2485 2483/2483/2483
f 2483/2483/2483 2488/2488/2488 2487/2487/2487
f 2489/2489/2489 2483/2483/2483 2487/2487/2487
f 2492/2492/2492 2491/2491/2491 2490/2490/2490
f 2495/2495/2495 2494/2494/2494 2493/2493/2493
f 2495/2495/2495 2497/2497/2497 2496/2496/2496
f 2498/2498/2498 2495/2495/2495 2496/2496/2496
f 2500/2500/2500 2498/2498/2498 2499/2499/2499
f 2501/2501/2501 2499/2499/2499 2494/2494/2494
f 2502/2502/2502 2501/2501/2501 2494/2494/2494
f 2505/2505/2505 2504/2504/2504 2503/2503/2503
f 2503/2503/2503 2504/2504/2504 2506/2506/2506
f 2503/2503/2503 2506/2506/2506 2507/2507/2507
f 2506/2506/2506 2508/2508/2508 2507/2507/2507
f 2509/2509/2509 2505/2505/2505 2503/2503/2503
f 2510/2510/2510 2509/2509/2509 2503/2503/2503
f 2513/2513/2513 2512/2512/2512 2511/2511/2511
f 2512/2512/2512 2515/2515/2515 2514/2514/2514
f 2515/2515/2515 2516/2516/2516 2514/2514/2514
f 2515/2515/2515 2518/2518/2518 2517/2517/2517
f 2519/2519/2519 2511/2511/2511 2518/2518/2518
f 2520/2520/2520 2519/2519/2519 2518/2518/2518
f 2523/2523/2523 2522/2522/2522 2521/2521/2521
f 2524/2524/2524 2522/2522/2522 2523/2523/2523
f 2522/2522/2522 2524/2524/2524 2525/2525/2525
f 2524/2524/2524 2526/2526/2526 2525/2525/2525
f 2527/2527/2527 2521/2521/2521 2522/2522/2522
f 2528/2528/2528 2527/2527/2527 2522/2522/2522
f 2531/2531/2531 2530/2530/2530 2529/2529/2529
f 2532/2532/2532 2531/2531/2531 2529/2529/2529
f 2529/2529/2529 2530/2530/2530 2533/2533/2533
f 2530/2530/2530 2534/2534/2534 2533/2533/2533
f 2535/2535/2535 2531/2531/2531 2532/2532/2532
f 2536/2536/2536 2535/2535/2535 2532/2532/2532
f 2537/2537/2537 2535/2535/2535 2536/2536/2536
f 2538/2538/2538 2537/2537/2537 2536/2536/2536
f 2540/2540/2540 2539/2539/2539 2538/2538/2538
f 2541/2541/2541 2540/2540/2540 2538/2538/2538
f 2542/2542/2542 2540/2540/2540 2541/2541/2541
f 2543/2543/2543 2542/2542/2542 2541/2541/2541
f 2544/2544/2544 2542/2542/2542 2543/2543/2543
f 2545/2545/2545 2544/2544/2544 2543/2543/2543
f 2546/2546/2546 2544/2544/2544 2545/2545/2545
f 2547/2547/2547 2546/2546/2546 2545/2545/2545
f 2550/2550/2550 2549/2549/2549 2548/2548/2548
f 2553/2553/2553 2552/2552/2552 2551/2551/2551
f 2556/2556/2556 2555/2555/2555 2554/2554/2554
f 2557/2557/2557 2556/2556/2556 2554/2554/2554
f 2560/2560/2560 2559/2559/2559 2558/2558/2558
f 2561/2561/2561 2560/2560/2560 2558/2558/2558
f 2564/2564/2564 2563/2563/2563 2562/2562/2562
f 2565/2565/2565 2564/2564/2564 2562/2562/2562
f 2562/2562/2562 2567/2567/2567 2566/2566/2566
f 2568/2568/2568 2562/2562/2562 2566/2566/2566
f 2571/2571/2571 2570/2570/2570 2569/2569/2569
f 2572/2572/2572 2571/2571/2571 2569/2569/2569
f 2575/2575/2575 2574/2574/2574 2573/2573/2573
f 2576/2576/2576 2575/2575/2575 2573/2573/2573
f 2579/2579/2579 2578/2578/2578 2577/2577/2577
f 2580/2580/2580 2579/2579/2579 2577/2577/2577
f 2581/2581/2581 2579/2579/2579 2580/2580/2580
f 2582/2582/2582 2581/2581/2581 2580/2580/2580
f 2585/2585/2585 2584/2584/2584 2583/2583/2583
f 2586/2586/2586 2585/2585/2585 2583/2583/2583
f 2589/2589/2589 2588/2588/2588 2587/2587/2587
f 2590/2590/2590 2589/2589/2589 2587/2587/2587
f 2593/2593/2593 2592/2592/2592 2591/2591/2591
f 2594/2594/2594 2593/2593/2593 2591/2591/2591
f 2595/2595/2595 2593/2593/2593 2594/2594/2594
f 2596/2596/2596 2595/2595/2595 2594/2594/2594
f 2599/2599/2599 2598/2598/2598 2597/2597/2597
f 2597/2597/2597 2598/2598/2598 2600/2600/2600
f 2600/2600/2600 2598/2598/2598 2601/2601/2601
f 2601/2601/2601 2598/2598/2598 2602/2602/2602
f 2602/2602/2602 2598/2598/2598 2603/2603/2603
f 2603/2603/2603 2598/2598/2598 2599/2599/2599
f 2606/2606/2606 2605/2605/2605 2604/2604/2604
f 2607/2607/2607 2606/2606/2606 2604/2604/2604
f 2610/2610/2610 2609/2609/2609 2608/2608/2608
f 2611/2611/2611 2610/2610/2610 2608/2608/2608
f 2614/2614/2614 2613/2613/2613 2612/2612/2612
f 2615/2615/2615 2614/2614/2614 2612/2612/2612
f 2616/2616/2616 2615/2615/2615 2612/2612/2612
f 2617/2617/2617 2615/2615/2615 2616/2616/2616
f 2618/2618/2618 2617/2617/2617 2616/2616/2616
f 2621/2621/2621 2620/2620/2620 2619/2619/2619
f 2621/2621/2621 2619/2619/2619 2622/2622/2622
f 2619/2619/2619 2623/2623/2623 2622/2622/2622
f 2622/2622/2622 2623/2623/2623 2624/2624/2624
f 2623/2623/2623 2625/2625/2625 2624/2624/2624
f 2628/2628/2628 2627/2627/2627 2626/2626/2626
f 2629/2629/2629 2628/2628/2628 2626/2626/2626
f 2630/2630/2630 2629/2629/2629 2626/2626/2626
f 2633/2633/2633 2632/2632/2632 2631/2631/2631
f 2633/2633/2633 2631/2631/2631 2634/2634/2634
f 2631/2631/2631 2635/2635/2635 2634/2634/2634
f 2638/2638/2638 2637/2637/2637 2636/2636/2636
f 2639/2639/2639 2638/2638/2638 2636/2636/2636
f 2642/2642/2642 2641/2641/2641 2640/2640/2640
f 2643/2643/2643 2642/2642/2642 2640/2640/2640
f 2646/2646/2646 2645/2645/2645 2644/2644/2644
f 2647/2647/2647 2646/2646/2646 2644/2644/2644
f 2648/2648/2648 2647/2647/2647 2644/2644/2644
f 2649/2649/2649 2647/2647/2647 2648/2648/2648
f 2650/2650/2650 2649/2649/2649 2648/2648/2648
f 2653/2653/2653 2652/2652/2652 2651/2651/2651
f 2653/2653/2653 2651/2651/2651 2654/2654/2654
f 2651/2651/2651 2655/2655/2655 2654/2654/2654
f 2658/2658/2658 2657/2657/2657 2656/2656/2656
f 2659/2659/2659 2658/2658/2658 2656/2656/2656
f 2660/2660/2660 2659/2659/2659 2656/2656/2656
f 2663/2663/2663 2662/2662/2662 2661/2661/2661
f 2664/2664/2664 2663/2663/2663 2661/2661/2661
f 2665/2665/2665 2663/2663/2663 2664/2664/2664
f 2666/2666/2666 2665/2665/2665 2664/2664/2664
f 2666/2666/2666 2667/2667/2667 2665/2665/2665
f 2670/2670/2670 2669/2669/2669 2668/2668/2668
f 2671/2671/2671 2670/2670/2670 2668/2668/2668
f 2669/2669/2669 2670/2670/2670 2672/2672/2672
f 2673/2673/2673 2669/2669/2669 2672/2672/2672
f 2676/2676/2676 2675/2675/2675 2674/2674/2674
f 2677/2677/2677 2676/2676/2676 2674/2674/2674
f 2679/2679/2679 2676/2676/2676 2678/2678/2678
f 2680/2680/2680 2679/2679/2679 2678/2678/2678
f 2681/2681/2681 2679/2679/2679 2680/2680/2680
f 2682/2682/2682 2681/2681/2681 2680/2680/2680
f 2683/2683/2683 2681/2681/2681 2682/2682/2682
f 2684/2684/2684 2683/2683/2683 2682/2682/2682
f 2687/2687/2687 2686/2686/2686 2685/2685/2685
f 2688/2688/2688 2687/2687/2687 2685/2685/2685
f 2685/2685/2685 2686/2686/2686 2689/2689/2689
f 2686/2686/2686 2690/2690/2690 2689/2689/2689
f 2693/2693/2693 2692/2692/2692 2691/2691/2691
f 2694/2694/2694 2693/2693/2693 2691/2691/2691
f 2692/2692/2692 2696/2696/2696 2695/2695/2695
f 2697/2697/2697 2692/2692/2692 2695/2695/2695
f 2699/2699/2699 2698/2698/2698 2694/2694/2694
f 2700/2700/2700 2699/2699/2699 2694/2694/2694
f 2703/2703/2703 2702/2702/2702 2701/2701/2701
f 2704/2704/2704 2703/2703/2703 2701/2701/2701
f 2702/2702/2702 2706/2706/2706 2705/2705/2705
f 2707/2707/2707 2702/2702/2702 2705/2705/2705
f 2705/2705/2705 2709/2709/2709 2708/2708/2708
f 2709/2709/2709 2710/2710/2710 2708/2708/2708
f 2713/2713/2713 2712/2712/2712 2711/2711/2711
f 2714/2714/2714 2713/2713/2713 2711/2711/2711
f 2715/2715/2715 2713/2713/2713 2714/2714/2714
f 2715/2715/2715 2716/2716/2716 2713/2713/2713
f 2716/2716/2716 2717/2717/2717 2713/2713/2713
f 2720/2720/2720 2719/2719/2719 2718/2718/2718
f 2719/2719/2719 2721/2721/2721 2718/2718/2718
f 2721/2721/2721 2722/2722/2722 2718/2718/2718
f 2725/2725/2725 2724/2724/2724 2723/2723/2723
f 2728/2728/2728 2727/2727/2727 2726/2726/2726
f 2729/2729/2729 2728/2728/2728 2726/2726/2726
f 2726/2726/2726 2727/2727/2727 2730/2730/2730
f 2727/2727/2727 2731/2731/2731 2730/2730/2730
f 2731/2731/2731 2732/2732/2732 2730/2730/2730
f 2735/2735/2735 2734/2734/2734 2733/2733/2733
f 2738/2738/2738 2737/2737/2737 2736/2736/2736
f 2741/2741/2741 2740/2740/2740 2739/2739/2739
f 2744/2744/2744 2743/2743/2743 2742/2742/2742
f 2745/2745/2745 2744/2744/2744 2742/2742/2742
f 2744/2744/2744 2746/2746/2746 2743/2743/2743
f 2749/2749/2749 2748/2748/2748 2747/2747/2747
f 2750/2750/2750 2749/2749/2749 2747/2747/2747
f 2748/2748/2748 2749/2749/2749 2751/2751/2751
f 2749/2749/2749 2752/2752/2752 2751/2751/2751
f 2753/2753/2753 2751/2751/2751 2752/2752/2752
f 2754/2754/2754 2753/2753/2753 2752/2752/2752
f 2757/2757/2757 2756/2756/2756 2755/2755/2755
f 2758/2758/2758 2757/2757/2757 2755/2755/2755
f 2757/2757/2757 2758/2758/2758 2759/2759/2759
f 2760/2760/2760 2757/2757/2757 2759/2759/2759
f 2759/2759/2759 2761/2761/2761 2760/2760/2760
f 2761/2761/2761 2762/2762/2762 2760/2760/2760
f 2765/2765/2765 2764/2764/2764 2763/2763/2763
f 2766/2766/2766 2765/2765/2765 2763/2763/2763
f 2769/2769/2769 2768/2768/2768 2767/2767/2767
f 2770/2770/2770 2769/2769/2769 2767/2767/2767
f 2773/2773/2773 2772/2772/2772 2771/2771/2771
f 2774/2774/2774 2773/2773/2773 2771/2771/2771
f 2777/2777/2777 2776/2776/2776 2775/2775/2775
f 2778/2778/2778 2777/2777/2777 2775/2775/2775
f 2781/2781/2781 2780/2780/2780 2779/2779/2779
f 2782/2782/2782 2781/2781/2781 2779/2779/2779
f 2785/2785/2785 2784/2784/2784 2783/2783/2783
f 2786/2786/2786 2785/2785/2785 2783/2783/2783
f 2786/2786/2786 2787/2787/2787 2785/2785/2785
f 2787/2787/2787 2788/2788/2788 2785/2785/2785
f 2788/2788/2788 2789/2789/2789 2785/2785/2785
f 2789/2789/2789 2790/2790/2790 2785/2785/2785
f 2791/2791/2791 2790/2790/2790 2789/2789/2789
f 2792/2792/2792 2791/2791/2791 2789/2789/2789
f 2787/2787/2787 2793/2793/2793 2788/2788/2788
f 2796/2796/2796 2795/2795/2795 2794/2794/2794
f 2797/2797/2797 2796/2796/2796 2794/2794/2794
f 2800/2800/2800 2799/2799/2799 2798/2798/2798
f 2801/2801/2801 2800/2800/2800 2798/2798/2798
f 2804/2804/2804 2803/2803/2803 2802/2802/2802
f 2805/2805/2805 2804/2804/2804 2802/2802/2802
f 2808/2808/2808 2807/2807/2807 2806/2806/2806
f 2809/2809/2809 2808/2808/2808 2806/2806/2806
f 2812/2812/2812 2811/2811/2811 2810/2810/2810
f 2813/2813/2813 2812/2812/2812 2810/2810/2810
f 2816/2816/2816 2815/2815/2815 2814/2814/2814
f 2817/2817/2817 2816/2816/2816 2814/2814/2814
f 2820/2820/2820 2819/2819/2819 2818/2818/2818
f 2821/2821/2821 2820/2820/2820 2818/2818/2818
f 2824/2824/2824 2823/2823/2823 2822/2822/2822
f 2825/2825/2825 2824/2824/2824 2822/2822/2822
f 2828/2828/2828 2827/2827/2827 2826/2826/2826
f 2829/2829/2829 2828/2828/2828 2826/2826/2826
f 2832/2832/2832 2831/2831/2831 2830/2830/2830
f 2833/2833/2833 2832/2832/2832 2830/2830/2830
f 2836/2836/2836 2835/2835/2835 2834/2834/2834
f 2836/2836/2836 2834/2834/2834 2837/2837/2837
f 2838/2838/2838 2836/2836/2836 2837/2837/2837
f 2841/2841/2841 2840/2840/2840 2839/2839/2839
f 2842/2842/2842 2841/2841/2841 2839/2839/2839
f 2845/2845/2845 2844/2844/2844 2843/2843/2843
f 2845/2845/2845 2846/2846/2846 2844/2844/2844
f 2845/2845/2845 2847/2847/2847 2846/2846/2846
f 2847/2847/2847 2848/2848/2848 2846/2846/2846
f 2847/2847/2847 2849/2849/2849 2848/2848/2848
f 2852/2852/2852 2851/2851/2851 2850/2850/2850
f 2853/2853/2853 2852/2852/2852 2850/2850/2850
f 2856/2856/2856 2855/2855/2855 2854/2854/2854
f 2857/2857/2857 2856/2856/2856 2854/2854/2854
f 2860/2860/2860 2859/2859/2859 2858/2858/2858
f 2861/2861/2861 2860/2860/2860 2858/2858/2858
f 2864/2864/2864 2863/2863/2863 2862/2862/2862
f 2865/2865/2865 2864/2864/2864 2862/2862/2862
f 2865/2865/2865 2866/2866/2866 2864/2864/2864
f 2866/2866/2866 2867/2867/2867 2864/2864/2864
f 2870/2870/2870 2869/2869/2869 2868/2868/2868
f 2871/2871/2871 2870/2870/2870 2868/2868/2868
f 2874/2874/2874 2873/2873/2873 2872/2872/2872
f 2875/2875/2875 2874/2874/2874 2872/2872/2872
f 2872/2872/2872 2873/2873/2873 2876/2876/2876
f 2873/2873/2873 2877/2877/2877 2876/2876/2876
f 2880/2880/2880 2879/2879/2879 2878/2878/2878
f 2881/2881/2881 2880/2880/2880 2878/2878/2878
f 2880/2880/2880 2882/2882/2882 2879/2879/2879
f 2882/2882/2882 2883/2883/2883 2879/2879/2879
f 2886/2886/2886 2885/2885/2885 2884/2884/2884
f 2886/2886/2886 2887/2887/2887 2885/2885/2885
f 2887/2887/2887 2888/2888/2888 2885/2885/2885
f 2888/2888/2888 2889/2889/2889 2885/2885/2885
f 2886/2886/2886 2884/2884/2884 2890/2890/2890
f 2884/2884/2884 2891/2891/2891 2890/2890/2890
f 2891/2891/2891 2892/2892/2892 2890/2890/2890
f 2895/2895/2895 2894/2894/2894 2893/2893/2893
f 2896/2896/2896 2895/2895/2895 2893/2893/2893
f 2899/2899/2899 2898/2898/2898 2897/2897/2897
f 2900/2900/2900 2899/2899/2899 2897/2897/2897
f 2903/2903/2903 2902/2902/2902 2901/2901/2901
f 2904/2904/2904 2903/2903/2903 2901/2901/2901
o Claymore_H18_chain
g Claymore_H18_chain
usemtl H18
f 2907/2907/2907 2906/2906/2906 2905/2905/2905
f 2908/2908/2908 2907/2907/2907 2905/2905/2905
f 2906/2906/2906 2907/2907/2907 2909/2909/2909
f 2907/2907/2907 2910/2910/2910 2909/2909/2909
f 2913/2913/2913 2912/2912/2912 2911/2911/2911
f 2914/2914/2914 2912/2912/2912 2913/2913/2913
f 2915/2915/2915 2914/2914/2914 2913/2913/2913
f 2915/2915/2915 2913/2913/2913 2916/2916/2916
f 2913/2913/2913 2917/2917/2917 2916/2916/2916
f 2920/2920/2920 2919/2919/2919 2918/2918/2918
f 2923/2923/2923 2922/2922/2922 2921/2921/2921
f 2924/2924/2924 2923/2923/2923 2921/2921/2921
f 2925/2925/2925 2923/2923/2923 2924/2924/2924
f 2926/2926/2926 2925/2925/2925 2924/2924/2924
f 2929/2929/2929 2928/2928/2928 2927/2927/2927
f 2930/2930/2930 2929/2929/2929 2927/2927/2927
f 2929/2929/2929 2931/2931/2931 2928/2928/2928
f 2931/2931/2931 2932/2932/2932 2928/2928/2928
f 2931/2931/2931 2933/2933/2933 2932/2932/2932
f 2933/2933/2933 2934/2934/2934 2932/2932/2932
f 2937/2937/2937 2936/2936/2936 2935/2935/2935
f 2940/2940/2940 2939/2939/2939 2938/2938/2938
f 2941/2941/2941 2939/2939/2939 2940/2940/2940
f 2942/2942/2942 2941/2941/2941 2940/2940/2940
f 2939/2939/2939 2941/2941/2941 2943/2943/2943
f 2939/2939/2939 2943/2943/2943 2944/2944/2944
f 2947/2947/2947 2946/2946/2946 2945/2945/2945
f 2950/2950/2950 2949/2949/2949 2948/2948/2948
f 2953/2953/2953 2952/2952/2952 2951/2951/2951
f 2954/2954/2954 2953/2953/2953 2951/2951/2951
f 2957/2957/2957 2956/2956/2956 2955/2955/2955
f 2958/2958/2958 2957/2957/2957 2955/2955/2955
f 2961/2961/2961 2960/2960/2960 2959/2959/2959
f 2962/2962/2962 2961/2961/2961 2959/2959/2959
f 2960/2960/2960 2961/2961/2961 2963/2963/2963
f 2964/2964/2964 2960/2960/2960 2963/2963/2963
f 2967/2967/2967 2966/2966/2966 2965/2965/2965
f 2968/2968/2968 2967/2967/2967 2965/2965/2965
f 2967/2967/2967 2968/2968/2968 2969/2969/2969
f 2968/2968/2968 2970/2970/2970 2969/2969/2969
f 2973/2973/2973 2972/2972/2972 2971/2971/2971
f 2974/2974/2974 2973/2973/2973 2971/2971/2971
f 2973/2973/2973 2975/2975/2975 2972/2972/2972
f 2975/2975/2975 2976/2976/2976 2972/2972/2972
f 2975/2975/2975 2977/2977/2977 2976/2976/2976
f 2977/2977/2977 2978/2978/2978 2976/2976/2976
f 2981/2981/2981 2980/2980/2980 2979/2979/2979
f 2982/2982/2982 2981/2981/2981 2979/2979/2979
f 2985/2985/2985 2984/2984/2984 2983/2983/2983
f 2986/2986/2986 2985/2985/2985 2983/2983/2983
f 2985/2985/2985 2986/2986/2986 2987/2987/2987
f 2986/2986/2986 2988/2988/2988 2987/2987/2987
f 2991/2991/2991 2990/2990/2990 2989/2989/2989
f 2992/2992/2992 2991/2991/2991 2989/2989/2989
f 2990/2990/2990 2991/2991/2991 2993/2993/2993
f 2994/2994/2994 2990/2990/2990 2993/2993/2993
f 2997/2997/2997 2996/2996/2996 2995/2995/2995
f 2998/2998/2998 2997/2997/2997 2995/2995/2995
f 2999/2999/2999 2997/2997/2997 2998/2998/2998
f 3000/3000/3000 2999/2999/2999 2998/2998/2998
f 3001/3001/3001 2999/2999/2999 3000/3000/3000
f 3002/3002/3002 3001/3001/3001 3000/3000/3000
f 3005/3005/3005 3004/3004/3004 3003/3003/3003
f 3006/3006/3006 3005/3005/3005 3003/3003/3003
f 3009/3009/3009 3008/3008/3008 3007/3007/3007
f 3010/3010/3010 3009/3009/3009 3007/3007/3007
f 3008/3008/3008 3009/3009/3009 3011/3011/3011
f 3009/3009/3009 3012/3012/3012 3011/3011/3011
f 3015/3015/3015 3014/3014/3014 3013/3013/3013
f 3016/3016/3016 3014/3014/3014 3015/3015/3015
f 3017/3017/3017 3016/3016/3016 3015/3015/3015
f 3017/3017/3017 3015/3015/3015 3018/3018/3018
f 3015/3015/3015 3019/3019/3019 3018/3018/3018
f 3022/3022/3022 3021/3021/3021 3020/3020/3020
f 3025/3025/3025 3024/3024/3024 3023/3023/3023
f 3026/3026/3026 3025/3025/3025 3023/3023/3023
f 3027/3027/3027 3025/3025/3025 3026/3026/3026
f 3028/3028/3028 3027/3027/3027 3026/3026/3026
f 3031/3031/3031 3030/3030/3030 3029/3029/3029
f 3032/3032/3032 3031/3031/3031 3029/3029/3029
f 3031/3031/3031 3033/3033/3033 3030/3030/3030
f 3033/3033/3033 3034/3034/3034 3030/3030/3030
f 3033/3033/3033 3035/3035/3035 3034/3034/3034
f 3035/3035/3035 3036/3036/3036 3034/3034/3034
f 3039/3039/3039 3038/3038/3038 3037/3037/3037
f 3042/3042/3042 3041/3041/3041 3040/3040/3040
f 3043/3043/3043 3041/3041/3041 3042/3042/3042
f 3044/3044/3044 3043/3043/3043 3042/3042/3042
f 3041/3041/3041 3043/3043/3043 3045/3045/3045
f 3041/3041/3041 3045/3045/3045 3046/3046/3046
f 3049/3049/3049 3048/3048/3048 3047/3047/3047
f 3052/3052/3052 3051/3051/3051 3050/3050/3050
f 3055/3055/3055 3054/3054/3054 3053/3053/3053
f 3056/3056/3056 3055/3055/3055 3053/3053/3053
f 3059/3059/3059 3058/3058/3058 3057/3057/3057
f 3060/3060/3060 3059/3059/3059 3057/3057/3057
f 3063/3063/3063 3062/3062/3062 3061/3061/3061
f 3064/3064/3064 3063/3063/3063 3061/3061/3061
f 3062/3062/3062 3063/3063/3063 3065/3065/3065
f 3063/3063/3063 3066/3066/3066 3065/3065/3065
f 3069/3069/3069 3068/3068/3068 3067/3067/3067
f 3070/3070/3070 3068/3068/3068 3069/3069/3069
f 3071/3071/3071 3070/3070/3070 3069/3069/3069
f 3071/3071/3071 3069/3069/3069 3072/3072/3072
f 3069/3069/3069 3073/3073/3073 3072/3072/3072
f 3076/3076/3076 3075/3075/3075 3074/3074/3074
f 3079/3079/3079 3078/3078/3078 3077/3077/3077
f 3080/3080/3080 3079/3079/3079 3077/3077/3077
f 3081/3081/3081 3079/3079/3079 3080/3080/3080
f 3082/3082/3082 3081/3081/3081 3080/3080/3080
f 3085/3085/3085 3084/3084/3084 3083/3083/3083
f 3086/3086/3086 3085/3085/3085 3083/3083/3083
f 3085/3085/3085 3087/3087/3087 3084/3084/3084
f 3087/3087/3087 3088/3088/3088 3084/3084/3084
f 3087/3087/3087 3089/3089/3089 3088/3088/3088
f 3089/3089/3089 3090/3090/3090 3088/3088/3088
f 3093/3093/3093 3092/3092/3092 3091/3091/3091
f 3096/3096/3096 3095/3095/3095 3094/3094/3094
f 3097/3097/3097 3095/3095/3095 3096/3096/3096
f 3098/3098/3098 3097/3097/3097 3096/3096/3096
f 3095/3095/3095 3097/3097/3097 3099/3099/3099
f 3095/3095/3095 3099/3099/3099 3100/3100/3100
f 3103/3103/3103 3102/3102/3102 3101/3101/3101
f 3106/3106/3106 3105/3105/3105 3104/3104/3104
f 3109/3109/3109 3108/3108/3108 3107/3107/3107
f 3110/3110/3110 3109/3109/3109 3107/3107/3107
f 3113/3113/3113 3112/3112/3112 3111/3111/3111
f 3114/3114/3114 3113/3113/3113 3111/3111/3111
f 3117/3117/3117 3116/3116/3116 3115/3115/3115
f 3118/3118/3118 3117/3117/3117 3115/3115/3115
f 3116/3116/3116 3117/3117/3117 3119/3119/3119
f 3117/3117/3117 3120/3120/3120 3119/3119/3119
f 3123/3123/3123 3122/3122/3122 3121/3121/3121
f 3124/3124/3124 3122/3122/3122 3123/3123/3123
f 3125/3125/3125 3124/3124/3124 3123/3123/3123
f 3125/3125/3125 3123/3123/3123 3126/3126/3126
f 3123/3123/3123 3127/3127/3127 3126/3126/3126
f 3130/3130/3130 3129/3129/3129 3128/3128/3128
f 3133/3133/3133 3132/3132/3132 3131/3131/3131
f 3134/3134/3134 3133/3133/3133 3131/3131/3131
f 3135/3135/3135 3133/3133/3133 3134/3134/3134
f 3136/3136/3136 3135/3135/3135 3134/3134/3134
f 3139/3139/3139 3138/3138/3138 3137/3137/3137
f 3140/3140/3140 3139/3139/3139 3137/3137/3137
f 3139/3139/3139 3141/3141/3141 3138/3138/3138
f 3141/3141/3141 3142/3142/3142 3138/3138/3138
f 3141/3141/3141 3143/3143/3143 3142/3142/3142
f 3143/3143/3143 3144/3144/3144 3142/3142/3142
f 3147/3147/3147 3146/3146/3146 3145/3145/3145
f 3150/3150/3150 3149/3149/3149 3148/3148/3148
f 3151/3151/3151 3149/3149/3149 3150/3150/3150
f 3152/3152/3152 3151/3151/3151 3150/3150/3150
f 3149/3149/3149 3151/3151/3151 3153/3153/3153
f 3149/3149/3149 3153/3153/3153 3154/3154/3154
f 3157/3157/3157 3156/3156/3156 3155/3155/3155
f 3160/3160/3160 3159/3159/3159 3158/3158/3158
f 3163/3163/3163 3162/3162/3162 3161/3161/3161
f 3164/3164/3164 3163/3163/3163 3161/3161/3161
f 3167/3167/3167 3166/3166/3166 3165/3165/3165
f 3168/3168/3168 3167/3167/3167 3165/3165/3165
f 3171/3171/3171 3170/3170/3170 3169/3169/3169
f 3172/3172/3172 3171/3171/3171 3169/3169/3169
f 3170/3170/3170 3171/3171/3171 3173/3173/3173
f 3171/3171/3171 3174/3174/3174 3173/3173/3173
f 3177/3177/3177 3176/3176/3176 3175/3175/3175
f 3178/3178/3178 3176/3176/3176 3177/3177/3177
f 3179/3179/3179 3178/3178/3178 3177/3177/3177
f 3179/3179/3179 3177/3177/3177 3180/3180/3180
f 3177/3177/3177 3181/3181/3181 3180/3180/3180
f 3184/3184/3184 3183/3183/3183 3182/3182/3182
f 3187/3187/3187 3186/3186/3186 3185/3185/3185
f 3188/3188/3188 3187/3187/3187 3185/3185/3185
f 3189/3189/3189 3187/3187/3187 3188/3188/3188
f 3190/3190/3190 3189/3189/3189 3188/3188/3188
f 3193/3193/3193 3192/3192/3192 3191/3191/3191
f 3194/3194/3194 3193/3193/3193 3191/3191/3191
f 3193/3193/3193 3195/3195/3195 3192/3192/3192
f 3195/3195/3195 3196/3196/3196 3192/3192/3192
f 3195/3195/3195 3197/3197/3197 3196/3196/3196
f 3197/3197/3197 3198/3198/3198 3196/3196/3196
f 3201/3201/3201 3200/3200/3200 3199/3199/3199
f 3204/3204/3204 3203/3203/3203 3202/3202/3202
f 3205/3205/3205 3203/3203/3203 3204/3204/3204
f 3206/3206/3206 3205/3205/3205 3204/3204/3204
f 3203/3203/3203 3205/3205/3205 3207/3207/3207
f 3203/3203/3203 3207/3207/3207 3208/3208/3208
f 3211/3211/3211 3210/3210/3210 3209/3209/3209
f 3214/3214/3214 3213/3213/3213 3212/3212/3212
f 3217/3217/3217 3216/3216/3216 3215/3215/3215
f 3218/3218/3218 3217/3217/3217 3215/3215/3215
f 3221/3221/3221 3220/3220/3220 3219/3219/3219
f 3222/3222/3222 3221/3221/3221 3219/3219/3219
f 3225/3225/3225 3224/3224/3224 3223/3223/3223
f 3226/3226/3226 3225/3225/3225 3223/3223/3223
f 3224/3224/3224 3225/3225/3225 3227/3227/3227
f 3225/3225/3225 3228/3228/3228 3227/3227/3227
f 3231/3231/3231 3230/3230/3230 3229/3229/3229
f 3232/3232/3232 3230/3230/3230 3231/3231/3231
f 3233/3233/3233 3232/3232/3232 3231/3231/3231
f 3233/3233/3233 3231/3231/3231 3234/3234/3234
f 3231/3231/3231 3235/3235/3235 3234/3234/3234
f 3238/3238/3238 3237/3237/3237 3236/3236/3236
f 3241/3241/3241 3240/3240/3240 3239/3239/3239
f 3242/3242/3242 3241/3241/3241 3239/3239/3239
f 3243/3243/3243 3241/3241/3241 3242/3242/3242
f 3244/3244/3244 3243/3243/3243 3242/3242/3242
f 3247/3247/3247 3246/3246/3246 3245/3245/3245
f 3248/3248/3248 3247/3247/3247 3245/3245/3245
f 3247/3247/3247 3249/3249/3249 3246/3246/3246
f 3249/3249/3249 3250/3250/3250 3246/3246/3246
f 3249/3249/3249 3251/3251/3251 3250/3250/3250
f 3251/3251/3251 3252/3252/3252 3250/3250/3250
f 3255/3255/3255 3254/3254/3254 3253/3253/3253
f 3258/3258/3258 3257/3257/3257 3256/3256/3256
f 3259/3259/3259 3257/3257/3257 3258/3258/3258
f 3260/3260/3260 3259/3259/3259 3258/3258/3258
f 3257/3257/3257 3259/3259/3259 3261/3261/3261
f 3257/3257/3257 3261/3261/3261 3262/3262/3262
f 3265/3265/3265 3264/3264/3264 3263/3263/3263
f 3268/3268/3268 3267/3267/3267 3266/3266/3266
f 3271/3271/3271 3270/3270/3270 3269/3269/3269
f 3272/3272/3272 3271/3271/3271 3269/3269/3269
f 3275/3275/3275 3274/3274/3274 3273/3273/3273
f 3276/3276/3276 3275/3275/3275 3273/3273/3273
f 3279/3279/3279 3278/3278/3278 3277/3277/3277
f 3280/3280/3280 3279/3279/3279 3277/3277/3277
f 3278/3278/3278 3279/3279/3279 3281/3281/3281
f 3279/3279/3279 3282/3282/3282 3281/3281/3281
f 3285/3285/3285 3284/3284/3284 3283/3283/3283
f 3286/3286/3286 3284/3284/3284 3285/3285/3285
f 3287/3287/3287 3286/3286/3286 3285/3285/3285
f 3287/3287/3287 3285/3285/3285 3288/3288/3288
f 3285/3285/3285 3289/3289/3289 3288/3288/3288
f 3292/3292/3292 3291/3291/3291 3290/3290/3290
f 3295/3295/3295 3294/3294/3294 3293/3293/3293
f 3296/3296/3296 3295/3295/3295 3293/3293/3293
f 3297/3297/3297 3295/3295/3295 3296/3296/3296
f 3298/3298/3298 3297/3297/3297 3296/3296/3296
f 3301/3301/3301 3300/3300/3300 3299/3299/3299
f 3302/3302/3302 3301/3301/3301 3299/3299/3299
f 3301/3301/3301 3303/3303/3303 3300/3300/3300
f 3303/3303/3303 3304/3304/3304 3300/3300/3300
f 3303/3303/3303 3305/3305/3305 3304/3304/3304
f 3305/3305/3305 3306/3306/3306 3304/3304/3304
f 3309/3309/3309 3308/3308/3308 3307/3307/3307
f 3312/3312/3312 3311/3311/3311 3310/3310/3310
f 3313/3313/3313 3311/3311/3311 3312/3312/3312
f 3314/3314/3314 3313/3313/3313 3312/3312/3312
f 3311/3311/3311 3313/3313/3313 3315/3315/3315
f 3311/3311/3311 3315/3315/3315 3316/3316/3316
f 3319/3319/3319 3318/3318/3318 3317/3317/3317
f 3322/3322/3322 3321/3321/3321 3320/3320/3320
f 3325/3325/3325 3324/3324/3324 3323/3323/3323
f 3326/3326/3326 3325/3325/3325 3323/3323/3323
f 3329/3329/3329 3328/3328/3328 3327/3327/3327
f 3330/3330/3330 3329/3329/3329 3327/3327/3327
f 3333/3333/3333 3332/3332/3332 3331/3331/3331
f 3334/3334/3334 3333/3333/3333 3331/3331/3331
f 3332/3332/3332 3333/3333/3333 3335/3335/3335
f 3333/3333/3333 3336/3336/3336 3335/3335/3335
f 3339/3339/3339 3338/3338/3338 3337/3337/3337
f 3340/3340/3340 3338/3338/3338 3339/3339/3339
f 3341/3341/3341 3340/3340/3340 3339/3339/3339
f 3341/3341/3341 3339/3339/3339 3342/3342/3342
f 3339/3339/3339 3343/3343/3343 3342/3342/3342
f 3346/3346/3346 3345/3345/3345 3344/3344/3344
f 3349/3349/3349 3348/3348/3348 3347/3347/3347
f 3350/3350/3350 3349/3349/3349 3347/3347/3347
f 3351/3351/3351 3349/3349/3349 3350/3350/3350
f 3352/3352/3352 3351/3351/3351 3350/3350/3350
f 3355/3355/3355 3354/3354/3354 3353/3353/3353
f 3356/3356/3356 3355/3355/3355 3353/3353/3353
f 3355/3355/3355 3357/3357/3357 3354/3354/3354
f 3357/3357/3357 3358/3358/3358 3354/3354/3354
f 3357/3357/3357 3359/3359/3359 3358/3358/3358
f 3359/3359/3359 3360/3360/3360 3358/3358/3358
f 3363/3363/3363 3362/3362/3362 3361/3361/3361
f 3366/3366/3366 3365/3365/3365 3364/3364/3364
f 3367/3367/3367 3365/3365/3365 3366/3366/3366
f 3368/3368/3368 3367/3367/3367 3366/3366/3366
f 3365/3365/3365 3367/3367/3367 3369/3369/3369
f 3365/3365/3365 3369/3369/3369 3370/3370/3370
f 3373/3373/3373 3372/3372/3372 3371/3371/3371
f 3376/3376/3376 3375/3375/3375 3374/3374/3374
f 3379/3379/3379 3378/3378/3378 3377/3377/3377
f 3380/3380/3380 3379/3379/3379 3377/3377/3377
f 3383/3383/3383 3382/3382/3382 3381/3381/3381
f 3384/3384/3384 3383/3383/3383 3381/3381/3381
f 3387/3387/3387 3386/3386/3386 3385/3385/3385
f 3388/3388/3388 3387/3387/3387 3385/3385/3385
f 3386/3386/3386 3387/3387/3387 3389/3389/3389
f 3387/3387/3387 3390/3390/3390 3389/3389/3389
f 3393/3393/3393 3392/3392/3392 3391/3391/3391
f 3394/3394/3394 3392/3392/3392 3393/3393/3393
f 3395/3395/3395 3394/3394/3394 3393/3393/3393
f 3395/3395/3395 3393/3393/3393 3396/3396/3396
f 3393/3393/3393 3397/3397/3397 3396/3396/3396
f 3400/3400/3400 3399/3399/3399 3398/3398/3398
f 3403/3403/3403 3402/3402/3402 3401/3401/3401
f 3404/3404/3404 3403/3403/3403 3401/3401/3401
f 3405/3405/3405 3403/3403/3403 3404/3404/3404
f 3406/3406/3406 3405/3405/3405 3404/3404/3404
f 3409/3409/3409 3408/3408/3408 3407/3407/3407
f 3410/3410/3410 3409/3409/3409 3407/3407/3407
f 3409/3409/3409 3411/3411/3411 3408/3408/3408
f 3411/3411/3411 3412/3412/3412 3408/3408/3408
f 3411/3411/3411 3413/3413/3413 3412/3412/3412
f 3413/3413/3413 3414/3414/3414 3412/3412/3412
f 3417/3417/3417 3416/3416/3416 3415/3415/3415
f 3420/3420/3420 3419/3419/3419 3418/3418/3418
f 3421/3421/3421 3419/3419/3419 3420/3420/3420
f 3422/3422/3422 3421/3421/3421 3420/3420/3420
f 3419/3419/3419 3421/3421/3421 3423/3423/3423
f 3419/3419/3419 3423/3423/3423 3424/3424/3424
f 3427/3427/3427 3426/3426/3426 3425/3425/3425
f 3430/3430/3430 3429/3429/3429 3428/3428/3428
f 3433/3433/3433 3432/3432/3432 3431/3431/3431
f 3434/3434/3434 3433/3433/3433 3431/3431/3431
f 3437/3437/3437 3436/3436/3436 3435/3435/3435
f 3438/3438/3438 3437/3437/3437 3435/3435/3435
f 3441/3441/3441 3440/3440/3440 3439/3439/3439
f 3442/3442/3442 3441/3441/3441 3439/3439/3439
f 3440/3440/3440 3441/3441/3441 3443/3443/3443
f 3441/3441/3441 3444/3444/3444 3443/3443/3443
f 3447/3447/3447 3446/3446/3446 3445/3445/3445
f 3448/3448/3448 3446/3446/3446 3447/3447/3447
f 3449/3449/3449 3448/3448/3448 3447/3447/3447
f 3449/3449/3449 3447/3447/3447 3450/3450/3450
f 3447/3447/3447 3451/3451/3451 3450/3450/3450
f 3454/3454/3454 3453/3453/3453 3452/3452/3452
f 3457/3457/3457 3456/3456/3456 3455/3455/3455
f 3458/3458/3458 3457/3457/3457 3455/3455/3455
f 3459/3459/3459 3457/3457/3457 3458/3458/3458
f 3460/3460/3460 3459/3459/3459 3458/3458/3458
f 3463/3463/3463 3462/3462/3462 3461/3461/3461
f 3464/3464/3464 3463/3463/3463 3461/3461/3461
f 3463/3463/3463 3465/3465/3465 3462/3462/3462
f 3465/3465/3465 3466/3466/3466 3462/3462/3462
f 3465/3465/3465 3467/3467/3467 3466/3466/3466
f 3467/3467/3467 3468/3468/3468 3466/3466/3466
f 3471/3471/3471 3470/3470/3470 3469/3469/3469
f 3474/3474/3474 3473/3473/3473 3472/3472/3472
f 3475/3475/3475 3473/3473/3473 3474/3474/3474
f 3476/3476/3476 3475/3475/3475 3474/3474/3474
f 3473/3473/3473 3475/3475/3475 3477/3477/3477
f 3473/3473/3473 3477/3477/3477 3478/3478/3478
f 3481/3481/3481 3480/3480/3480 3479/3479/3479
f 3484/3484/3484 3483/3483/3483 3482/3482/3482
f 3487/3487/3487 3486/3486/3486 3485/3485/3485
f 3488/3488/3488 3487/3487/3487 3485/3485/3485
f 3491/3491/3491 3490/3490/3490 3489/3489/3489
f 3492/3492/3492 3491/3491/3491 3489/3489/3489
f 3495/3495/3495 3494/3494/3494 3493/3493/3493
f 3496/3496/3496 3495/3495/3495 3493/3493/3493
f 3494/3494/3494 3495/3495/3495 3497/3497/3497
f 3498/3498/3498 3494/3494/3494 3497/3497/3497
f 3501/3501/3501 3500/3500/3500 3499/3499/3499
f 3502/3502/3502 3501/3501/3501 3499/3499/3499
f 3501/3501/3501 3502/3502/3502 3503/3503/3503
f 3502/3502/3502 3504/3504/3504 3503/3503/3503
f 3507/3507/3507 3506/3506/3506 3505/3505/3505
f 3508/3508/3508 3507/3507/3507 3505/3505/3505
f 3507/3507/3507 3509/3509/3509 3506/3506/3506
f 3509/3509/3509 3510/3510/3510 3506/3506/3506
f 3509/3509/3509 3511/3511/3511 3510/3510/3510
f 3511/3511/3511 3512/3512/3512 3510/3510/3510
f 3515/3515/3515 3514/3514/3514 3513/3513/3513
f 3516/3516/3516 3515/3515/3515 3513/3513/3513
f 3519/3519/3519 3518/3518/3518 3517/3517/3517
f 3520/3520/3520 3519/3519/3519 3517/3517/3517
f 3518/3518/3518 3519/3519/3519 3521/3521/3521
f 3522/3522/3522 3518/3518/3518 3521/3521/3521
f 3525/3525/3525 3524/3524/3524 3523/3523/3523
f 3526/3526/3526 3525/3525/3525 3523/3523/3523
f 3525/3525/3525 3526/3526/3526 3527/3527/3527
f 3526/3526/3526 3528/3528/3528 3527/3527/3527
f 3531/3531/3531 3530/3530/3530 3529/3529/3529
f 3532/3532/3532 3531/3531/3531 3529/3529/3529
f 3531/3531/3531 3533/3533/3533 3530/3530/3530
f 3533/3533/3533 3534/3534/3534 3530/3530/3530
f 3533/3533/3533 3535/3535/3535 3534/3534/3534
f 3535/3535/3535 3536/3536/3536 3534/3534/3534
f 3539/3539/3539 3538/3538/3538 3537/3537/3537
f 3540/3540/3540 3539/3539/3539 3537/3537/3537
f 3543/3543/3543 3542/3542/3542 3541/3541/3541
f 3544/3544/3544 3543/3543/3543 3541/3541/3541
f 3542/3542/3542 3543/3543/3543 3545/3545/3545
f 3546/3546/3546 3542/3542/3542 3545/3545/3545
f 3549/3549/3549 3548/3548/3548 3547/3547/3547
f 3550/3550/3550 3549/3549/3549 3547/3547/3547
f 3549/3549/3549 3550/3550/3550 3551/3551/3551
f 3550/3550/3550 3552/3552/3552 3551/3551/3551
f 3555/3555/3555 3554/3554/3554 3553/3553/3553
f 3556/3556/3556 3555/3555/3555 3553/3553/3553
f 3555/3555/3555 3557/3557/3557 3554/3554/3554
f 3557/3557/3557 3558/3558/3558 3554/3554/3554
f 3557/3557/3557 3559/3559/3559 3558/3558/3558
f 3559/3559/3559 3560/3560/3560 3558/3558/3558
f 3563/3563/3563 3562/3562/3562 3561/3561/3561
f 3564/3564/3564 3563/3563/3563 3561/3561/3561
f 3567/3567/3567 3566/3566/3566 3565/3565/3565
f 3568/3568/3568 3567/3567/3567 3565/3565/3565
f 3566/3566/3566 3567/3567/3567 3569/3569/3569
f 3570/3570/3570 3566/3566/3566 3569/3569/3569
f 3573/3573/3573 3572/3572/3572 3571/3571/3571
f 3574/3574/3574 3573/3573/3573 3571/3571/3571
f 3573/3573/3573 3574/3574/3574 3575/3575/3575
f 3574/3574/3574 3576/3576/3576 3575/3575/3575
f 3579/3579/3579 3578/3578/3578 3577/3577/3577
f 3580/3580/3580 3579/3579/3579 3577/3577/3577
f 3579/3579/3579 3581/3581/3581 3578/3578/3578
f 3581/3581/3581 3582/3582/3582 3578/3578/3578
f 3581/3581/3581 3583/3583/3583 3582/3582/3582
f 3583/3583/3583 3584/3584/3584 3582/3582/3582
f 3587/3587/3587 3586/3586/3586 3585/3585/3585
f 3588/3588/3588 3587/3587/3587 3585/3585/3585
f 3591/3591/3591 3590/3590/3590 3589/3589/3589
f 3592/3592/3592 3591/3591/3591 3589/3589/3589
f 3590/3590/3590 3591/3591/3591 3593/3593/3593
f 3594/3594/3594 3590/3590/3590 3593/3593/3593
f 3597/3597/3597 3596/3596/3596 3595/3595/3595
f 3598/3598/3598 3597/3597/3597 3595/3595/3595
f 3597/3597/3597 3598/3598/3598 3599/3599/3599
f 3598/3598/3598 3600/3600/3600 3599/3599/3599
f 3603/3603/3603 3602/3602/3602 3601/3601/3601
f 3604/3604/3604 3603/3603/3603 3601/3601/3601
f 3603/3603/3603 3605/3605/3605 3602/3602/3602
f 3605/3605/3605 3606/3606/3606 3602/3602/3602
f 3605/3605/3605 3607/3607/3607 3606/3606/3606
f 3607/3607/3607 3608/3608/3608 3606/3606/3606
f 3611/3611/3611 3610/3610/3610 3609/3609/3609
f 3612/3612/3612 3611/3611/3611 3609/3609/3609
f 3615/3615/3615 3614/3614/3614 3613/3613/3613
f 3616/3616/3616 3615/3615/3615 3613/3613/3613
f 3614/3614/3614 3615/3615/3615 3617/3617/3617
f 3618/3618/3618 3614/3614/3614 3617/3617/3617
f 3621/3621/3621 3620/3620/3620 3619/3619/3619
f 3622/3622/3622 3621/3621/3621 3619/3619/3619
f 3621/3621/3621 3622/3622/3622 3623/3623/3623
f 3622/3622/3622 3624/3624/3624 3623/3623/3623
f 3627/3627/3627 3626/3626/3626 3625/3625/3625
f 3628/3628/3628 3627/3627/3627 3625/3625/3625
f 3627/3627/3627 3629/3629/3629 3626/3626/3626
f 3629/3629/3629 3630/3630/3630 3626/3626/3626
f 3629/3629/3629 3631/3631/3631 3630/3630/3630
f 3631/3631/3631 3632/3632/3632 3630/3630/3630
f 3635/3635/3635 3634/3634/3634 3633/3633/3633
f 3636/3636/3636 3635/3635/3635 3633/3633/3633
f 3639/3639/3639 3638/3638/3638 3637/3637/3637
f 3640/3640/3640 3639/3639/3639 3637/3637/3637
f 3638/3638/3638 3639/3639/3639 3641/3641/3641
f 3639/3639/3639 3642/3642/3642 3641/3641/3641
f 3645/3645/3645 3644/3644/3644 3643/3643/3643
f 3646/3646/3646 3644/3644/3644 3645/3645/3645
f 3647/3647/3647 3646/3646/3646 3645/3645/3645
f 3647/3647/3647 3645/3645/3645 3648/3648/3648
f 3645/3645/3645 3649/3649/3649 3648/3648/3648
f 3652/3652/3652 3651/3651/3651 3650/3650/3650
f 3655/3655/3655 3654/3654/3654 3653/3653/3653
f 3656/3656/3656 3655/3655/3655 3653/3653/3653
f 3657/3657/3657 3655/3655/3655 3656/3656/3656
f 3658/3658/3658 3657/3657/3657 3656/3656/3656
f 3661/3661/3661 3660/3660/3660 3659/3659/3659
f 3662/3662/3662 3661/3661/3661 3659/3659/3659
f 3661/3661/3661 3663/3663/3663 3660/3660/3660
f 3663/3663/3663 3664/3664/3664 3660/3660/3660
f 3663/3663/3663 3665/3665/3665 3664/3664/3664
f 3665/3665/3665 3666/3666/3666 3664/3664/3664
f 3669/3669/3669 3668/3668/3668 3667/3667/3667
f 3672/3672/3672 3671/3671/3671 3670/3670/3670
f 3673/3673/3673 3671/3671/3671 3672/3672/3672
f 3674/3674/3674 3673/3673/3673 3672/3672/3672
f 3671/3671/3671 3673/3673/3673 3675/3675/3675
f 3671/3671/3671 3675/3675/3675 3676/3676/3676
f 3679/3679/3679 3678/3678/3678 3677/3677/3677
f 3682/3682/3682 3681/3681/3681 3680/3680/3680
f 3685/3685/3685 3684/3684/3684 3683/3683/3683
f 3686/3686/3686 3685/3685/3685 3683/3683/3683
f 3689/3689/3689 3688/3688/3688 3687/3687/3687
f 3690/3690/3690 3689/3689/3689 3687/3687/3687
f 3693/3693/3693 3692/3692/3692 3691/3691/3691
f 3694/3694/3694 3693/3693/3693 3691/3691/3691
f 3692/3692/3692 3693/3693/3693 3695/3695/3695
f 3696/3696/3696 3692/3692/3692 3695/3695/3695
f 3699/3699/3699 3698/3698/3698 3697/3697/3697
f 3700/3700/3700 3699/3699/3699 3697/3697/3697
f 3699/3699/3699 3700/3700/3700 3701/3701/3701
f 3700/3700/3700 3702/3702/3702 3701/3701/3701
f 3705/3705/3705 3704/3704/3704 3703/3703/3703
f 3706/3706/3706 3705/3705/3705 3703/3703/3703
f 3705/3705/3705 3707/3707/3707 3704/3704/3704
f 3707/3707/3707 3708/3708/3708 3704/3704/3704
f 3707/3707/3707 3709/3709/3709 3708/3708/3708
f 3709/3709/3709 3710/3710/3710 3708/3708/3708
f 3713/3713/3713 3712/3712/3712 3711/3711/3711
f 3714/3714/3714 3713/3713/3713 3711/3711/3711
f 3717/3717/3717 3716/3716/3716 3715/3715/3715
f 3718/3718/3718 3717/3717/3717 3715/3715/3715
f 3716/3716/3716 3717/3717/3717 3719/3719/3719
f 3720/3720/3720 3716/3716/3716 3719/3719/3719
f 3723/3723/3723 3722/3722/3722 3721/3721/3721
f 3724/3724/3724 3723/3723/3723 3721/3721/3721
f 3723/3723/3723 3724/3724/3724 3725/3725/3725
f 3724/3724/3724 3726/3726/3726 3725/3725/3725
f 3729/3729/3729 3728/3728/3728 3727/3727/3727
f 3730/3730/3730 3729/3729/3729 3727/3727/3727
f 3729/3729/3729 3731/3731/3731 3728/3728/3728
f 3731/3731/3731 3732/3732/3732 3728/3728/3728
f 3731/3731/3731 3733/3733/3733 3732/3732/3732
f 3733/3733/3733 3734/3734/3734 3732/3732/3732
f 3737/3737/3737 3736/3736/3736 3735/3735/3735
f 3738/3738/3738 3737/3737/3737 3735/3735/3735
f 3741/3741/3741 3740/3740/3740 3739/3739/3739
f 3742/3742/3742 3741/3741/3741 3739/3739/3739
f 3741/3741/3741 3742/3742/3742 3743/3743/3743
f 3742/3742/3742 3744/3744/3744 3743/3743/3743
f 3747/3747/3747 3746/3746/3746 3745/3745/3745
f 3748/3748/3748 3747/3747/3747 3745/3745/3745
f 3746/3746/3746 3747/3747/3747 3749/3749/3749
f 3750/3750/3750 3746/3746/3746 3749/3749/3749
f 3753/3753/3753 3752/3752/3752 3751/3751/3751
f 3754/3754/3754 3753/3753/3753 3751/3751/3751
f 3755/3755/3755 3753/3753/3753 3754/3754/3754
f 3756/3756/3756 3755/3755/3755 3754/3754/3754
f 3757/3757/3757 3755/3755/3755 3756/3756/3756
f 3758/3758/3758 3757/3757/3757 3756/3756/3756
f 3761/3761/3761 3760/3760/3760 3759/3759/3759
f 3762/3762/3762 3761/3761/3761 3759/3759/3759
f 3765/3765/3765 3764/3764/3764 3763/3763/3763
f 3766/3766/3766 3765/3765/3765 3763/3763/3763
f 3765/3765/3765 3766/3766/3766 3767/3767/3767
f 3766/3766/3766 3768/3768/3768 3767/3767/3767
f 3771/3771/3771 3770/3770/3770 3769/3769/3769
f 3772/3772/3772 3771/3771/3771 3769/3769/3769
f 3770/3770/3770 3771/3771/3771 3773/3773/3773
f 3774/3774/3774 3770/3770/3770 3773/3773/3773
f 3777/3777/3777 3776/3776/3776 3775/3775/3775
f 3778/3778/3778 3777/3777/3777 3775/3775/3775
f 3779/3779/3779 3777/3777/3777 3778/3778/3778
f 3780/3780/3780 3779/3779/3779 3778/3778/3778
f 3781/3781/3781 3779/3779/3779 3780/3780/3780
f 3782/3782/3782 3781/3781/3781 3780/3780/3780
f 3785/3785/3785 3784/3784/3784 3783/3783/3783
f 3786/3786/3786 3785/3785/3785 3783/3783/3783
f 3789/3789/3789 3788/3788/3788 3787/3787/3787
f 3790/3790/3790 3789/3789/3789 3787/3787/3787
f 3789/3789/3789 3790/3790/3790 3791/3791/3791
f 3790/3790/3790 3792/3792/3792 3791/3791/3791
f 3795/3795/3795 3794/3794/3794 3793/3793/3793
f 3796/3796/3796 3795/3795/3795 3793/3793/3793
f 3794/3794/3794 3795/3795/3795 3797/3797/3797
f 3798/3798/3798 3794/3794/3794 3797/3797/3797
f 3801/3801/3801 3800/3800/3800 3799/3799/3799
f 3802/3802/3802 3801/3801/3801 3799/3799/3799
f 3803/3803/3803 3801/3801/3801 3802/3802/3802
f 3804/3804/3804 3803/3803/3803 3802/3802/3802
f 3805/3805/3805 3803/3803/3803 3804/3804/3804
f 3806/3806/3806 3805/3805/3805 3804/3804/3804
f 3809/3809/3809 3808/3808/3808 3807/3807/3807
f 3810/3810/3810 3809/3809/3809 3807/3807/3807
f 3813/3813/3813 3812/3812/3812 3811/3811/3811
f 3814/3814/3814 3813/3813/3813 3811/3811/3811
f 3813/3813/3813 3814/3814/3814 3815/3815/3815
f 3814/3814/3814 3816/3816/3816 3815/3815/3815
f 3819/3819/3819 3818/3818/3818 3817/3817/3817
f 3820/3820/3820 3819/3819/3819 3817/3817/3817
f 3818/3818/3818 3819/3819/3819 3821/3821/3821
f 3822/3822/3822 3818/3818/3818 3821/3821/3821
f 3825/3825/3825 3824/3824/3824 3823/3823/3823
f 3826/3826/3826 3825/3825/3825 3823/3823/3823
f 3827/3827/3827 3825/3825/3825 3826/3826/3826
f 3828/3828/3828 3827/3827/3827 3826/3826/3826
f 3829/3829/3829 3827/3827/3827 3828/3828/3828
f 3830/3830/3830 3829/3829/3829 3828/3828/3828
f 3833/3833/3833 3832/3832/3832 3831/3831/3831
f 3834/3834/3834 3833/3833/3833 3831/3831/3831
f 3837/3837/3837 3836/3836/3836 3835/3835/3835
f 3838/3838/3838 3837/3837/3837 3835/3835/3835
f 3837/3837/3837 3838/3838/3838 3839/3839/3839
f 3838/3838/3838 3840/3840/3840 3839/3839/3839
f 3843/3843/3843 3842/3842/3842 3841/3841/3841
f 3844/3844/3844 3843/3843/3843 3841/3841/3841
f 3842/3842/3842 3843/3843/3843 3845/3845/3845
f 3846/3846/3846 3842/3842/3842 3845/3845/3845
f 3849/3849/3849 3848/3848/3848 3847/3847/3847
f 3850/3850/3850 3849/3849/3849 3847/3847/3847
f 3851/3851/3851 3849/3849/3849 3850/3850/3850
f 3852/3852/3852 3851/3851/3851 3850/3850/3850
f 3853/3853/3853 3851/3851/3851 3852/3852/3852
f 3854/3854/3854 3853/3853/3853 3852/3852/3852
f 3857/3857/3857 3856/3856/3856 3855/3855/3855
f 3858/3858/3858 3857/3857/3857 3855/3855/3855
f 3861/3861/3861 3860/3860/3860 3859/3859/3859
f 3862/3862/3862 3861/3861/3861 3859/3859/3859
f 3861/3861/3861 3862/3862/3862 3863/3863/3863
f 3862/3862/3862 3864/3864/3864 3863/3863/3863
f 3867/3867/3867 3866/3866/3866 3865/3865/3865
f 3868/3868/3868 3867/3867/3867 3865/3865/3865
f 3866/3866/3866 3867/3867/3867 3869/3869/3869
f 3870/3870/3870 3866/3866/3866 3869/3869/3869
f 3873/3873/3873 3872/3872/3872 3871/3871/3871
f 3874/3874/3874 3873/3873/3873 3871/3871/3871
f 3875/3875/3875 3873/3873/3873 3874/3874/3874
f 3876/3876/3876 3875/3875/3875 3874/3874/3874
f 3877/3877/3877 3875/3875/3875 3876/3876/3876
f 3878/3878/3878 3877/3877/3877 3876/3876/3876
f 3881/3881/3881 3880/3880/3880 3879/3879/3879
f 3882/3882/3882 3881/3881/3881 3879/3879/3879
f 3885/3885/3885 3884/3884/3884 3883/3883/3883
f 3886/3886/3886 3885/3885/3885 3883/3883/3883
f 3885/3885/3885 3886/3886/3886 3887/3887/3887
f 3886/3886/3886 3888/3888/3888 3887/3887/3887
f 3891/3891/3891 3890/3890/3890 3889/3889/3889
f 3892/3892/3892 3891/3891/3891 3889/3889/3889
f 3890/3890/3890 3891/3891/3891 3893/3893/3893
f 3894/3894/3894 3890/3890/3890 3893/3893/3893
f 3897/3897/3897 3896/3896/3896 3895/3895/3895
f 3898/3898/3898 3897/3897/3897 3895/3895/3895
f 3899/3899/3899 3897/3897/3897 3898/3898/3898
f 3900/3900/3900 3899/3899/3899 3898/3898/3898
f 3901/3901/3901 3899/3899/3899 3900/3900/3900
f 3902/3902/3902 3901/3901/3901 3900/3900/3900
f 3905/3905/3905 3904/3904/3904 3903/3903/3903
f 3906/3906/3906 3905/3905/3905 3903/3903/3903
f 3909/3909/3909 3908/3908/3908 3907/3907/3907
f 3910/3910/3910 3909/3909/3909 3907/3907/3907
f 3909/3909/3909 3910/3910/3910 3911/3911/3911
f 3910/3910/3910 3912/3912/3912 3911/3911/3911
f 3915/3915/3915 3914/3914/3914 3913/3913/3913
f 3916/3916/3916 3915/3915/3915 3913/3913/3913
f 3914/3914/3914 3915/3915/3915 3917/3917/3917
f 3918/3918/3918 3914/3914/3914 3917/3917/3917
f 3921/3921/3921 3920/3920/3920 3919/3919/3919
f 3922/3922/3922 3921/3921/3921 3919/3919/3919
f 3923/3923/3923 3921/3921/3921 3922/3922/3922
f 3924/3924/3924 3923/3923/3923 3922/3922/3922
f 3925/3925/3925 3923/3923/3923 3924/3924/3924
f 3926/3926/3926 3925/3925/3925 3924/3924/3924
f 3929/3929/3929 3928/3928/3928 3927/3927/3927
f 3930/3930/3930 3929/3929/3929 3927/3927/3927
f 3933/3933/3933 3932/3932/3932 3931/3931/3931
f 3934/3934/3934 3933/3933/3933 3931/3931/3931
f 3932/3932/3932 3933/3933/3933 3935/3935/3935
f 3933/3933/3933 3936/3936/3936 3935/3935/3935
f 3939/3939/3939 3938/3938/3938 3937/3937/3937
f 3940/3940/3940 3938/3938/3938 3939/3939/3939
f 3941/3941/3941 3940/3940/3940 3939/3939/3939
f 3941/3941/3941 3939/3939/3939 3942/3942/3942
f 3939/3939/3939 3943/3943/3943 3942/3942/3942
f 3946/3946/3946 3945/3945/3945 3944/3944/3944
f 3949/3949/3949 3948/3948/3948 3947/3947/3947
f 3950/3950/3950 3949/3949/3949 3947/3947/3947
f 3951/3951/3951 3949/3949/3949 3950/3950/3950
f 3952/3952/3952 3951/3951/3951 3950/3950/3950
f 3955/3955/3955 3954/3954/3954 3953/3953/3953
f 3956/3956/3956 3955/3955/3955 3953/3953/3953
f 3955/3955/3955 3957/3957/3957 3954/3954/3954
f 3957/3957/3957 3958/3958/3958 3954/3954/3954
f 3957/3957/3957 3959/3959/3959 3958/3958/3958
f 3959/3959/3959 3960/3960/3960 3958/3958/3958
f 3963/3963/3963 3962/3962/3962 3961/3961/3961
f 3966/3966/3966 3965/3965/3965 3964/3964/3964
f 3967/3967/3967 3965/3965/3965 3966/3966/3966
f 3968/3968/3968 3967/3967/3967 3966/3966/3966
f 3965/3965/3965 3967/3967/3967 3969/3969/3969
f 3965/3965/3965 3969/3969/3969 3970/3970/3970
f 3973/3973/3973 3972/3972/3972 3971/3971/3971
f 3976/3976/3976 3975/3975/3975 3974/3974/3974
f 3979/3979/3979 3978/3978/3978 3977/3977/3977
f 3980/3980/3980 3979/3979/3979 3977/3977/3977
f 3983/3983/3983 3982/3982/3982 3981/3981/3981
f 3984/3984/3984 3983/3983/3983 3981/3981/3981
f 3987/3987/3987 3986/3986/3986 3985/3985/3985
f 3988/3988/3988 3987/3987/3987 3985/3985/3985
f 3986/3986/3986 3987/3987/3987 3989/3989/3989
f 3987/3987/3987 3990/3990/3990 3989/3989/3989
f 3993/3993/3993 3992/3992/3992 3991/3991/3991
f 3994/3994/3994 3992/3992/3992 3993/3993/3993
f 3995/3995/3995 3994/3994/3994 3993/3993/3993
f 3995/3995/3995 3993/3993/3993 3996/3996/3996
f 3993/3993/3993 3997/3997/3997 3996/3996/3996
f 4000/4000/4000 3999/3999/3999 3998/3998/3998
f 4003/4003/4003 4002/4002/4002 4001/4001/4001
f 4004/4004/4004 4003/4003/4003 4001/4001/4001
f 4005/4005/4005 4003/4003/4003 4004/4004/4004
f 4006/4006/4006 4005/4005/4005 4004/4004/4004
f 4009/4009/4009 4008/4008/4008 4007/4007/4007
f 4010/4010/4010 4009/4009/4009 4007/4007/4007
f 4009/4009/4009 4011/4011/4011 4008/4008/4008
f 4011/4011/4011 4012/4012/4012 4008/4008/4008
f 4011/4011/4011 4013/4013/4013 4012/4012/4012
f 4013/4013/4013 4014/4014/4014 4012/4012/4012
f 4017/4017/4017 4016/4016/4016 4015/4015/4015
f 4020/4020/4020 4019/4019/4019 4018/4018/4018
f 4021/4021/4021 4019/4019/4019 4020/4020/4020
f 4022/4022/4022 4021/4021/4021 4020/4020/4020
f 4019/4019/4019 4021/4021/4021 4023/4023/4023
f 4019/4019/4019 4023/4023/4023 4024/4024/4024
f 4027/4027/4027 4026/4026/4026 4025/4025/4025
f 4030/4030/4030 4029/4029/4029 4028/4028/4028
f 4033/4033/4033 4032/4032/4032 4031/4031/4031
f 4034/4034/4034 4033/4033/4033 4031/4031/4031
f 4037/4037/4037 4036/4036/4036 4035/4035/4035
f 4038/4038/4038 4037/4037/4037 4035/4035/4035
f 4041/4041/4041 4040/4040/4040 4039/4039/4039
f 4042/4042/4042 4041/4041/4041 4039/4039/4039
f 4040/4040/4040 4041/4041/4041 4043/4043/4043
f 4041/4041/4041 4044/4044/4044 4043/4043/4043
f 4047/4047/4047 4046/4046/4046 4045/4045/4045
f 4048/4048/4048 4046/4046/4046 4047/4047/4047
f 4049/4049/4049 4048/4048/4048 4047/4047/4047
f 4049/4049/4049 4047/4047/4047 4050/4050/4050
f 4047/4047/4047 4051/4051/4051 4050/4050/4050
f 4054/4054/4054 4053/4053/4053 4052/4052/4052
f 4057/4057/4057 4056/4056/4056 4055/4055/4055
f 4058/4058/4058 4057/4057/4057 4055/4055/4055
f 4059/4059/4059 4057/4057/4057 4058/4058/4058
f 4060/4060/4060 4059/4059/4059 4058/4058/4058
f 4063/4063/4063 4062/4062/4062 4061/4061/4061
f 4064/4064/4064 4063/4063/4063 4061/4061/4061
f 4063/4063/4063 4065/4065/4065 4062/4062/4062
f 4065/4065/4065 4066/4066/4066 4062/4062/4062
f 4065/4065/4065 4067/4067/4067 4066/4066/4066
f 4067/4067/4067 4068/4068/4068 4066/4066/4066
f 4071/4071/4071 4070/4070/4070 4069/4069/4069
f 4074/4074/4074 4073/4073/4073 4072/4072/4072
f 4075/4075/4075 4073/4073/4073 4074/4074/4074
f 4076/4076/4076 4075/4075/4075 4074/4074/4074
f 4073/4073/4073 4075/4075/4075 4077/4077/4077
f 4073/4073/4073 4077/4077/4077 4078/4078/4078
f 4081/4081/4081 4080/4080/4080 4079/4079/4079
f 4084/4084/4084 4083/4083/4083 4082/4082/4082
f 4087/4087/4087 4086/4086/4086 4085/4085/4085
f 4088/4088/4088 4087/4087/4087 4085/4085/4085
f 4091/4091/4091 4090/4090/4090 4089/4089/4089
f 4092/4092/4092 4091/4091/4091 4089/4089/4089
f 4095/4095/4095 4094/4094/4094 4093/4093/4093
f 4096/4096/4096 4095/4095/4095 4093/4093/4093
f 4094/4094/4094 4095/4095/4095 4097/4097/4097
f 4095/4095/4095 4098/4098/4098 4097/4097/4097
f 4101/4101/4101 4100/4100/4100 4099/4099/4099
f 4102/4102/4102 4100/4100/4100 4101/4101/4101
f 4103/4103/4103 4102/4102/4102 4101/4101/4101
f 4103/4103/4103 4101/4101/4101 4104/4104/4104
f 4101/4101/4101 4105/4105/4105 4104/4104/4104
f 4108/4108/4108 4107/4107/4107 4106/4106/4106
f 4111/4111/4111 4110/4110/4110 4109/4109/4109
f 4112/4112/4112 4111/4111/4111 4109/4109/4109
f 4113/4113/4113 4111/4111/4111 4112/4112/4112
f 4114/4114/4114 4113/4113/4113 4112/4112/4112
f 4117/4117/4117 4116/4116/4116 4115/4115/4115
f 4118/4118/4118 4117/4117/4117 4115/4115/4115
f 4117/4117/4117 4119/4119/4119 4116/4116/4116
f 4119/4119/4119 4120/4120/4120 4116/4116/4116
f 4119/4119/4119 4121/4121/4121 4120/4120/4120
f 4121/4121/4121 4122/4122/4122 4120/4120/4120
f 4125/4125/4125 4124/4124/4124 4123/4123/4123
f 4128/4128/4128 4127/4127/4127 4126/4126/4126
f 4129/4129/4129 4127/4127/4127 4128/4128/4128
f 4130/4130/4130 4129/4129/4129 4128/4128/4128
f 4127/4127/4127 4129/4129/4129 4131/4131/4131
f 4127/4127/4127 4131/4131/4131 4132/4132/4132
f 4135/4135/4135 4134/4134/4134 4133/4133/4133
f 4138/4138/4138 4137/4137/4137 4136/4136/4136
f 4141/4141/4141 4140/4140/4140 4139/4139/4139
f 4142/4142/4142 4141/4141/4141 4139/4139/4139
f 4145/4145/4145 4144/4144/4144 4143/4143/4143
f 4146/4146/4146 4145/4145/4145 4143/4143/4143
f 4149/4149/4149 4148/4148/4148 4147/4147/4147
f 4150/4150/4150 4149/4149/4149 4147/4147/4147
f 4148/4148/4148 4149/4149/4149 4151/4151/4151
f 4149/4149/4149 4152/4152/4152 4151/4151/4151
f 4155/4155/4155 4154/4154/4154 4153/4153/4153
f 4156/4156/4156 4154/4154/4154 4155/4155/4155
f 4157/4157/4157 4156/4156/4156 4155/4155/4155
f 4157/4157/4157 4155/4155/4155 4158/4158/4158
f 4155/4155/4155 4159/4159/4159 4158/4158/4158
f 4162/4162/4162 4161/4161/4161 4160/4160/4160
f 4165/4165/4165 4164/4164/4164 4163/4163/4163
f 4166/4166/4166 4165/4165/4165 4163/4163/4163
f 4167/4167/4167 4165/4165/4165 4166/4166/4166
f 4168/4168/4168 4167/4167/4167 4166/4166/4166
f 4171/4171/4171 4170/4170/4170 4169/4169/4169
f 4172/4172/4172 4171/4171/4171 4169/4169/4169
f 4171/4171/4171 4173/4173/4173 4170/4170/4170
f 4173/4173/4173 4174/4174/4174 4170/4170/4170
f 4173/4173/4173 4175/4175/4175 4174/4174/4174
f 4175/4175/4175 4176/4176/4176 4174/4174/4174
f 4179/4179/4179 4178/4178/4178 4177/4177/4177
f 4182/4182/4182 4181/4181/4181 4180/4180/4180
f 4183/4183/4183 4181/4181/4181 4182/4182/4182
f 4184/4184/4184 4183/4183/4183 4182/4182/4182
f 4181/4181/4181 4183/4183/4183 4185/4185/4185
f 4181/4181/4181 4185/4185/4185 4186/4186/4186
f 4189/4189/4189 4188/4188/4188 4187/4187/4187
f 4192/4192/4192 4191/4191/4191 4190/4190/4190
f 4195/4195/4195 4194/4194/4194 4193/4193/4193
f 4196/4196/4196 4195/4195/4195 4193/4193/4193
f 4199/4199/4199 4198/4198/4198 4197/4197/4197
f 4200/4200/4200 4199/4199/4199 4197/4197/4197
f 4203/4203/4203 4202/4202/4202 4201/4201/4201
f 4204/4204/4204 4203/4203/4203 4201/4201/4201
f 4202/4202/4202 4203/4203/4203 4205/4205/4205
f 4203/4203/4203 4206/4206/4206 4205/4205/4205
f 4209/4209/4209 4208/4208/4208 4207/4207/4207
f 4210/4210/4210 4208/4208/4208 4209/4209/4209
f 4211/4211/4211 4210/4210/4210 4209/4209/4209
f 4211/4211/4211 4209/4209/4209 4212/4212/4212
f 4209/4209/4209 4213/4213/4213 4212/4212/4212
f 4216/4216/4216 4215/4215/4215 4214/4214/4214
f 4219/4219/4219 4218/4218/4218 4217/4217/4217
f 4220/4220/4220 4219/4219/4219 4217/4217/4217
f 4221/4221/4221 4219/4219/4219 4220/4220/4220
f 4222/4222/4222 4221/4221/4221 4220/4220/4220
f 4225/4225/4225 4224/4224/4224 4223/4223/4223
f 4226/4226/4226 4225/4225/4225 4223/4223/4223
f 4225/4225/4225 4227/4227/4227 4224/4224/4224
f 4227/4227/4227 4228/4228/4228 4224/4224/4224
f 4227/4227/4227 4229/4229/4229 4228/4228/4228
f 4229/4229/4229 4230/4230/4230 4228/4228/4228
f 4233/4233/4233 4232/4232/4232 4231/4231/4231
f 4236/4236/4236 4235/4235/4235 4234/4234/4234
f 4237/4237/4237 4235/4235/4235 4236/4236/4236
f 4238/4238/4238 4237/4237/4237 4236/4236/4236
f 4235/4235/4235 4237/4237/4237 4239/4239/4239
f 4235/4235/4235 4239/4239/4239 4240/4240/4240
f 4243/4243/4243 4242/4242/4242 4241/4241/4241
f 4246/4246/4246 4245/4245/4245 4244/4244/4244
f 4249/4249/4249 4248/4248/4248 4247/4247/4247
f 4250/4250/4250 4249/4249/4249 4247/4247/4247
f 4253/4253/4253 4252/4252/4252 4251/4251/4251
f 4254/4254/4254 4253/4253/4253 4251/4251/4251
f 4257/4257/4257 4256/4256/4256 4255/4255/4255
f 4258/4258/4258 4257/4257/4257 4255/4255/4255
f 4256/4256/4256 4257/4257/4257 4259/4259/4259
f 4257/4257/4257 4260/4260/4260 4259/4259/4259
f 4263/4263/4263 4262/4262/4262 4261/4261/4261
f 4264/4264/4264 4262/4262/4262 4263/4263/4263
f 4265/4265/4265 4264/4264/4264 4263/4263/4263
f 4265/4265/4265 4263/4263/4263 4266/4266/4266
f 4263/4263/4263 4267/4267/4267 4266/4266/4266
f 4270/4270/4270 4269/4269/4269 4268/4268/4268
f 4273/4273/4273 4272/4272/4272 4271/4271/4271
f 4274/4274/4274 4273/4273/4273 4271/4271/4271
f 4275/4275/4275 4273/4273/4273 4274/4274/4274
f 4276/4276/4276 4275/4275/4275 4274/4274/4274
f 4279/4279/4279 4278/4278/4278 4277/4277/4277
f 4280/4280/4280 4279/4279/4279 4277/4277/4277
f 4279/4279/4279 4281/4281/4281 4278/4278/4278
f 4281/4281/4281 4282/4282/4282 4278/4278/4278
f 4281/4281/4281 4283/4283/4283 4282/4282/4282
f 4283/4283/4283 4284/4284/4284 4282/4282/4282
f 4287/4287/4287 4286/4286/4286 4285/4285/4285
f 4290/4290/4290 4289/4289/4289 4288/4288/4288
f 4291/4291/4291 4289/4289/4289 4290/4290/4290
f 4292/4292/4292 4291/4291/4291 4290/4290/4290
f 4289/4289/4289 4291/4291/4291 4293/4293/4293
f 4289/4289/4289 4293/4293/4293 4294/4294/4294
f 4297/4297/4297 4296/4296/4296 4295/4295/4295
f 4300/4300/4300 4299/4299/4299 4298/4298/4298
f 4303/4303/4303 4302/4302/4302 4301/4301/4301
f 4304/4304/4304 4303/4303/4303 4301/4301/4301
f 4307/4307/4307 4306/4306/4306 4305/4305/4305
f 4308/4308/4308 4307/4307/4307 4305/4305/4305
o Claymore_H18_chain_top
g Claymore_H18_chain_top
usemtl H18
f 4311/4311/4311 4310/4310/4310 4309/4309/4309
f 4312/4312/4312 4311/4311/4311 4309/4309/4309
f 4310/4310/4310 4311/4311/4311 4313/4313/4313
f 4311/4311/4311 4314/4314/4314 4313/4313/4313
f 4317/4317/4317 4316/4316/4316 4315/4315/4315
f 4318/4318/4318 4316/4316/4316 4317/4317/4317
f 4319/4319/4319 4318/4318/4318 4317/4317/4317
f 4319/4319/4319 4317/4317/4317 4320/4320/4320
f 4317/4317/4317 4321/4321/4321 4320/4320/4320
f 4324/4324/4324 4323/4323/4323 4322/4322/4322
f 4327/4327/4327 4326/4326/4326 4325/4325/4325
f 4328/4328/4328 4327/4327/4327 4325/4325/4325
f 4329/4329/4329 4327/4327/4327 4328/4328/4328
f 4330/4330/4330 4329/4329/4329 4328/4328/4328
f 4333/4333/4333 4332/4332/4332 4331/4331/4331
f 4334/4334/4334 4333/4333/4333 4331/4331/4331
f 4333/4333/4333 4335/4335/4335 4332/4332/4332
f 4335/4335/4335 4336/4336/4336 4332/4332/4332
f 4335/4335/4335 4337/4337/4337 4336/4336/4336
f 4337/4337/4337 4338/4338/4338 4336/4336/4336
f 4341/4341/4341 4340/4340/4340 4339/4339/4339
f 4344/4344/4344 4343/4343/4343 4342/4342/4342
f 4345/4345/4345 4343/4343/4343 4344/4344/4344
f 4346/4346/4346 4345/4345/4345 4344/4344/4344
f 4343/4343/4343 4345/4345/4345 4347/4347/4347
f 4343/4343/4343 4347/4347/4347 4348/4348/4348
f 4351/4351/4351 4350/4350/4350 4349/4349/4349
f 4354/4354/4354 4353/4353/4353 4352/4352/4352
f 4357/4357/4357 4356/4356/4356 4355/4355/4355
f 4358/4358/4358 4357/4357/4357 4355/4355/4355
f 4361/4361/4361 4360/4360/4360 4359/4359/4359
f 4362/4362/4362 4361/4361/4361 4359/4359/4359
f 4365/4365/4365 4364/4364/4364 4363/4363/4363
f 4366/4366/4366 4365/4365/4365 4363/4363/4363
f 4364/4364/4364 4365/4365/4365 4367/4367/4367
f 4368/4368/4368 4364/4364/4364 4367/4367/4367
f 4371/4371/4371 4370/4370/4370 4369/4369/4369
f 4372/4372/4372 4371/4371/4371 4369/4369/4369
f 4371/4371/4371 4372/4372/4372 4373/4373/4373
f 4372/4372/4372 4374/4374/4374 4373/4373/4373
f 4377/4377/4377 4376/4376/4376 4375/4375/4375
f 4378/4378/4378 4377/4377/4377 4375/4375/4375
f 4377/4377/4377 4379/4379/4379 4376/4376/4376
f 4379/4379/4379 4380/4380/4380 4376/4376/4376
f 4379/4379/4379 4381/4381/4381 4380/4380/4380
f 4381/4381/4381 4382/4382/4382 4380/4380/4380
f 4385/4385/4385 4384/4384/4384 4383/4383/4383
f 4386/4386/4386 4385/4385/4385 4383/4383/4383
f 4389/4389/4389 4388/4388/4388 4387/4387/4387
f 4390/4390/4390 4389/4389/4389 4387/4387/4387
f 4389/4389/4389 4390/4390/4390 4391/4391/4391
f 4390/4390/4390 4392/4392/4392 4391/4391/4391
f 4395/4395/4395 4394/4394/4394 4393/4393/4393
f 4396/4396/4396 4395/4395/4395 4393/4393/4393
f 4394/4394/4394 4395/4395/4395 4397/4397/4397
f 4398/4398/4398 4394/4394/4394 4397/4397/4397
f 4401/4401/4401 4400/4400/4400 4399/4399/4399
f 4402/4402/4402 4401/4401/4401 4399/4399/4399
f 4403/4403/4403 4401/4401/4401 4402/4402/4402
f 4404/4404/4404 4403/4403/4403 4402/4402/4402
f 4405/4405/4405 4403/4403/4403 4404/4404/4404
f 4406/4406/4406 4405/4405/4405 4404/4404/4404
f 4409/4409/4409 4408/4408/4408 4407/4407/4407
f 4410/4410/4410 4409/4409/4409 4407/4407/4407
f 4413/4413/4413 4412/4412/4412 4411/4411/4411
f 4414/4414/4414 4413/4413/4413 4411/4411/4411
f 4412/4412/4412 4413/4413/4413 4415/4415/4415
f 4413/4413/4413 4416/4416/4416 4415/4415/4415
f 4419/4419/4419 4418/4418/4418 4417/4417/4417
f 4420/4420/4420 4418/4418/4418 4419/4419/4419
f 4421/4421/4421 4420/4420/4420 4419/4419/4419
f 4421/4421/4421 4419/4419/4419 4422/4422/4422
f 4419/4419/4419 4423/4423/4423 4422/4422/4422
f 4426/4426/4426 4425/4425/4425 4424/4424/4424
f 4429/4429/4429 4428/4428/4428 4427/4427/4427
f 4430/4430/4430 4429/4429/4429 4427/4427/4427
f 4431/4431/4431 4429/4429/4429 4430/4430/4430
f 4432/4432/4432 4431/4431/4431 4430/4430/4430
f 4435/4435/4435 4434/4434/4434 4433/4433/4433
f 4436/4436/4436 4435/4435/4435 4433/4433/4433
f 4435/4435/4435 4437/4437/4437 4434/4434/4434
f 4437/4437/4437 4438/4438/4438 4434/4434/4434
f 4437/4437/4437 4439/4439/4439 4438/4438/4438
f 4439/4439/4439 4440/4440/4440 4438/4438/4438
f 4443/4443/4443 4442/4442/4442 4441/4441/4441
f 4446/4446/4446 4445/4445/4445 4444/4444/4444
f 4447/4447/4447 4445/4445/4445 4446/4446/4446
f 4448/4448/4448 4447/4447/4447 4446/4446/4446
f 4445/4445/4445 4447/4447/4447 4449/4449/4449
f 4445/4445/4445 4449/4449/4449 4450/4450/4450
f 4453/4453/4453 4452/4452/4452 4451/4451/4451
f 4456/4456/4456 4455/4455/4455 4454/4454/4454
f 4459/4459/4459 4458/4458/4458 4457/4457/4457
f 4460/4460/4460 4459/4459/4459 4457/4457/4457
f 4463/4463/4463 4462/4462/4462 4461/4461/4461
f 4464/4464/4464 4463/4463/4463 4461/4461/4461
