# Created by Metasequoia

v 0.000000 70.710701 0.000000
v 70.710701 0.000000 0.000000
v -70.710701 0.000000 0.000000
v 0.000000 -70.710602 0.000000
v 0.000000 55.656200 4.000000
v 55.656200 0.000000 4.000000
v -55.656101 0.000000 4.000000
v 0.000000 -55.656101 4.000000
v 0.000000 55.656200 -4.000000
v 55.656200 0.000000 -4.000000
v -55.656101 0.000000 -4.000000
v 0.000000 -55.656101 -4.000000
v -53.600739 -10.868889 -9.517040
v -59.193642 -9.621050 -8.964007
v -59.342930 -11.099848 -8.903978
v -53.752041 -11.877460 -9.487541
v -49.181023 -12.086199 -9.417336
v -50.951958 -11.103977 -9.606643
v -63.996319 -10.362843 -8.318577
v -63.333656 -8.399641 -8.452292
v -68.937912 -9.374350 -7.494072
v -67.677872 -6.567347 -7.765781
v -69.378075 -5.458237 -7.489624
v -71.564972 -8.656256 -7.054647
v -49.915749 -10.668358 -9.525077
v -48.638344 -11.043591 -9.510619
v -44.615219 -12.220411 -9.346971
v -48.207108 -10.124781 -9.120553
v -44.385307 -11.614214 -9.162437
v -41.128616 -12.803995 -9.044552
v -50.179596 -9.469221 -9.099078
v -50.093864 -9.909492 -9.304714
v -51.666328 -9.278946 -9.083892
v -70.768372 -4.185881 -7.267404
v -73.851227 -7.947353 -6.671512
v -72.413803 -4.159485 -6.987938
v -75.941528 -7.169615 -6.320809
v -74.037292 -2.993683 -6.720954
v -77.834785 -6.301397 -6.021520
v -75.602051 -2.014024 -6.462200
v -71.577225 -4.451214 -7.128253
v -78.541756 -3.370213 -5.914141
v -78.853165 -2.779774 -5.875909
v -78.152191 -0.782192 -6.036842
v -79.533905 -2.319130 -5.799017
v -81.746216 -1.197539 -5.695169
v -80.826050 -0.218502 -5.760492
v -78.738258 -3.961811 -5.884461
v -79.559998 -5.433025 -5.767721
v -81.492905 -4.329086 -5.474665
v -80.737778 -3.619205 -5.507451
v -84.005737 0.446579 -5.472278
v -84.264488 -0.225717 -5.448496
v -82.164398 -3.730427 -5.257723
v -86.902161 0.301398 -5.037374
v -53.559147 -10.664352 -8.650028
v -53.821709 -12.086620 -8.625670
v -59.522007 -11.371307 -8.033674
v -59.107105 -9.413322 -8.099026
v -51.102715 -10.928097 -8.834245
v -64.174088 -10.634245 -7.435761
v -63.247093 -8.191946 -7.587326
v -69.115654 -9.645720 -6.611223
v -67.591339 -6.359650 -6.900793
v -69.291542 -5.250534 -6.624647
v -71.730209 -8.931213 -6.173351
v -74.027138 -8.219185 -5.788165
v -71.493202 -4.208401 -6.263190
v -70.684334 -3.943075 -6.402347
v -72.329575 -3.916653 -6.122880
v -76.118790 -7.441059 -5.437232
v -73.953041 -2.750872 -5.855923
v -78.723114 -3.384865 -5.030906
v -78.838882 -3.781301 -5.007053
v -75.512199 -1.853204 -5.597324
v -78.936363 -2.934855 -4.998803
v -78.062256 -0.621376 -5.171967
v -79.619774 -2.474371 -4.945711
v -81.832024 -1.352778 -4.841863
v -80.736221 -0.057684 -4.895611
v -84.353745 -0.380631 -4.860865
v -83.919212 0.607729 -4.877249
v -80.703476 -3.485870 -5.120124
v -81.680481 -4.600111 -5.092681
v -44.698448 -12.414860 -8.987779
v -50.331352 -9.989767 -9.041259
v -50.261276 -10.626507 -8.949380
v -49.257439 -12.287987 -8.806799
v -77.968735 -6.596531 -5.248203
v -79.693535 -5.729982 -5.161969
v -69.861847 10.005198 -4.128208
v -71.251160 7.300250 -4.114286
v -67.921616 7.535277 -4.155312
v -70.968170 6.842086 -4.118360
v -68.172760 7.039412 -4.152803
v -69.525162 5.258551 -4.114642
v -65.149361 3.900026 -4.117821
v -65.010155 6.094242 -4.193208
v -64.511795 6.614746 -4.198760
v -63.426743 5.773146 -4.213256
v -57.646137 4.429832 -4.286620
v -75.463974 4.335477 -4.065643
v -73.974174 3.277097 -4.009788
v -77.760490 3.924826 -4.037667
v -80.485458 2.817630 -4.005202
v -69.420975 3.601250 -5.375777
v -77.753830 3.924167 -3.501788
v -75.457336 4.334820 -3.529769
v -76.532631 3.095530 -3.517955
v -80.478821 2.816973 -3.469325
v -69.403168 3.598792 -3.605802
v -70.961517 6.841428 -3.582490
v -68.166092 7.038753 -3.616933
v -71.244499 7.299592 -3.578415
v -67.914948 7.534619 -3.619441
v -69.855179 10.004534 -3.592337
v -65.003494 6.093587 -3.657335
v -63.420044 5.772495 -3.677382
v -64.505142 6.614089 -3.662886
v -57.639450 4.429174 -3.750754
v -75.293945 2.019579 -3.534644
v -77.625397 2.103552 -3.505608
v -70.490738 0.169374 -3.596516
v -67.695328 0.366697 -3.630961
v -70.706573 -0.323996 -3.594435
v -67.377014 -0.088968 -3.635461
v -68.951172 -2.806959 -3.619262
v -64.696777 1.746775 -3.666472
v -63.174126 2.287115 -3.684703
v -64.130264 1.301449 -3.674047
v -68.957825 -2.806299 -4.155136
v -67.383652 -0.088308 -4.171336
v -70.713211 -0.323339 -4.130310
v -70.497406 0.170032 -4.132390
v -67.701965 0.367357 -4.166834
v -69.291031 1.940492 -4.121608
v -64.703430 1.747432 -4.202343
v -64.136917 1.302105 -4.209917
v -63.180767 2.287773 -4.220572
v -75.300598 2.020235 -4.070516
v -77.632050 2.104208 -4.041483
v -34.196915 10.928826 0.085654
v -34.254547 11.589283 0.494165
v -31.452049 14.636211 -0.851357
v -35.651108 10.702186 1.226562
v -35.526970 10.369683 0.705340
v -36.115265 9.546817 1.305234
v -36.247765 10.256945 1.562431
v -37.167969 10.046365 1.936749
v -37.244041 9.280358 1.638318
v -38.153259 10.319485 1.995031
v -38.435623 9.730879 1.683936
v -39.752853 11.568460 1.849588
v -39.991867 10.984831 1.569406
v -41.654587 11.686252 2.263956
v -41.657524 11.098261 1.865921
v -43.230965 11.390822 2.561264
v -42.952919 10.760401 2.087015
v -43.570580 10.078111 2.190090
v -45.653290 9.578402 2.980006
v -43.716080 9.285457 2.286225
v -45.595940 7.289592 2.739304
v -46.611290 7.223104 2.813998
v -47.375618 8.748380 3.001677
v -43.456787 8.620397 2.347235
v -44.188766 6.716130 2.590716
v -43.352753 7.214247 2.445251
v -42.522301 8.014275 2.213978
v -47.289406 6.494690 2.957672
v -48.993500 8.455241 2.785599
v -48.856636 5.279978 3.215299
v -47.647064 4.957051 3.236099
v -47.251488 5.412439 3.020171
v -46.519119 4.473554 3.137813
v -50.488739 8.453002 2.397852
v -50.079041 5.646537 3.034189
v -51.450626 7.492009 2.417019
v -51.507061 8.693259 1.915659
v -50.882973 6.359206 2.808831
v -49.164070 4.625406 2.750052
v -47.988365 4.446087 2.974298
v -50.479904 5.049653 2.438247
v -51.660114 6.071088 1.948281
v -52.241730 7.514409 1.435756
v -52.135387 9.009629 1.027091
v -47.601555 15.255447 -0.650208
v -45.925865 15.397442 -0.670827
v -44.251625 15.312637 -0.691699
v -49.034714 14.906384 -0.632853
v -50.611595 12.818665 0.138552
v -50.427513 15.167019 -0.615251
v -51.190357 14.524395 -0.606573
v -51.138290 11.043822 0.612178
v -41.609688 14.556934 -0.725408
v -39.310135 13.264034 -0.755533
v -37.748581 12.952656 -0.775292
v -36.205360 12.968735 -0.794427
v -34.354523 13.428776 -0.816828
v -34.219437 10.931047 -1.729075
v -36.167465 9.551983 -2.904059
v -37.304207 9.286306 -3.209690
v -38.496498 9.736904 -3.224623
v -35.564461 10.373394 -2.316921
v -40.049469 10.990504 -3.068436
v -41.721886 11.104623 -3.323255
v -43.022400 10.767271 -3.512964
v -43.642426 10.085214 -3.602344
v -43.431145 7.221992 -3.869863
v -44.270454 6.724207 -3.995753
v -45.680878 7.297998 -4.107963
v -46.697830 7.231648 -4.157626
v -47.379288 6.503579 -4.286188
v -47.342972 5.421484 -4.352286
v -46.613800 4.482904 -4.490371
v -42.595169 8.021480 -3.657294
v -48.078514 4.454995 -4.290502
v -49.248260 4.633730 -4.036723
v -50.555954 5.057172 -3.691308
v -51.723648 6.077364 -3.169707
v -52.292316 7.519404 -2.639381
v -52.175793 9.013627 -2.229789
v -51.168640 11.046833 -1.834775
v -50.630302 12.820530 -1.370036
v -43.790329 9.292795 -3.696804
v -43.532646 8.627895 -3.765852
v -34.287163 11.592507 -2.134407
v -35.701492 10.707160 -2.834088
v -36.306335 10.262735 -3.156153
v -37.235550 10.053041 -3.508037
v -38.221977 10.326273 -3.541193
v -39.817406 11.574844 -3.353015
v -41.728798 11.693593 -3.719790
v -43.312073 11.398848 -3.978627
v -45.744133 9.587381 -4.341575
v -47.466492 8.757360 -4.322530
v -49.078606 8.463642 -4.067070
v -48.952431 5.289456 -4.507846
v -47.743828 4.966616 -4.559437
v -50.563698 8.460411 -3.642364
v -50.169998 5.655530 -4.295550
v -51.525833 7.499437 -3.640026
v -51.569710 8.699461 -3.134468
v -50.968040 6.367620 -4.048561
v -277.177612 -28.286774 2.145078
v -276.630005 -30.187687 2.835188
v -284.608154 -33.680508 2.230678
v -272.197113 -27.685966 2.712330
v -272.982574 -26.448986 2.095279
v -263.432678 -24.553032 2.664190
v -264.101440 -23.242779 1.989010
v -250.378998 -20.489685 2.546285
v -250.974426 -18.913029 1.831434
v -233.776855 -14.689125 2.490342
v -234.065796 -13.452263 1.628321
v -216.387085 -8.954861 2.298193
v -216.589203 -7.769341 1.418433
v -212.160614 -6.572590 1.364954
v -211.960892 -7.870127 2.254669
v -207.719177 -5.554703 1.311092
v -207.513245 -7.092270 2.210502
v -186.559525 -5.065048 1.952980
v -186.662872 -3.761278 1.052016
v -186.211380 -9.711700 3.589767
v -169.993820 -2.289650 1.900455
v -169.601990 -7.579542 3.396954
v -155.765503 -5.716841 2.966342
v -156.236572 0.759911 1.841293
v -143.479187 -4.455795 3.079116
v -144.089783 3.974411 1.820775
v -137.789688 -3.763607 3.009368
v -138.468918 5.896194 2.045105
v -133.666321 7.548601 2.290711
v -132.740372 -2.931646 3.059657
v -130.154816 -1.231060 3.149170
v -129.756393 8.733528 2.418094
v -128.638962 8.101199 2.431876
v -127.759010 0.192571 3.343785
v -127.191620 7.569008 2.337359
v -125.251602 7.176076 2.210170
v -123.787926 2.029697 3.747339
v -122.494308 7.083433 1.984442
v -120.222893 3.411463 3.932171
v -119.912918 7.334519 1.733945
v -116.841843 4.453987 3.985832
v -116.963089 7.745765 1.226656
v -113.058456 5.217760 4.209139
v -113.398666 8.987234 0.158562
v -116.957733 8.726870 0.202399
v -119.857330 8.622695 0.238251
v -122.301086 8.705989 0.268670
v -124.639854 9.098352 0.298178
v -125.979088 9.841758 0.315714
v -126.549698 10.622625 0.323745
v -127.952423 10.447509 1.487138
v -125.796005 11.356793 0.315293
v -117.786125 -2.721058 1.329681
v -117.835487 -1.844108 1.519470
v -112.979530 -1.406008 1.949692
v -112.952034 -1.834452 1.732620
v -122.259590 -2.811609 0.680895
v -123.785248 -3.860569 0.271688
v -109.041641 -1.027444 2.283034
v -109.026382 -1.270311 2.126641
v -104.735535 -0.189144 2.504855
v -104.648399 -1.488427 2.132896
v -99.326195 1.300920 2.561573
v -99.127800 -1.025850 2.218580
v -100.242325 -2.878702 -0.019242
v -104.571648 -2.683184 0.034717
v -108.959213 -2.577696 0.089284
v -108.979759 -1.983707 1.824284
v -95.435570 -0.806919 2.214374
v -96.756035 -2.558449 -0.062114
v -95.726372 2.732389 2.595126
v -93.125946 4.281720 2.690756
v -93.101151 2.428314 2.498149
v -89.843307 5.161453 2.727200
v -93.512276 8.310268 1.726908
v -99.668724 6.833228 3.342853
v -99.673050 5.747513 2.830292
v -105.123970 5.361288 3.588876
v -88.797653 9.006447 1.759470
v -85.777885 6.690801 2.533723
v -85.594017 4.024479 2.601216
v -89.994705 1.306595 2.613720
v -85.047256 2.355233 2.491534
v -83.647324 5.226365 2.645186
v -80.399368 5.303374 1.917465
v -79.605156 7.743766 1.835809
v -77.971954 5.624113 1.485565
v -90.189056 -1.962513 2.147854
v -83.629593 0.489655 2.069465
v -83.508575 8.192234 2.064026
v -75.595474 7.680595 1.458586
v -75.712440 6.253724 1.458301
v -73.153137 7.640667 1.428232
v -93.060837 -0.583235 2.185180
v -95.376740 -1.954371 -0.078487
v -123.874474 1.090685 2.892140
v -128.133057 -1.006166 2.301856
v -120.375397 2.447094 3.251682
v -116.966812 3.499186 3.331904
v -113.071609 4.281478 3.497898
v -129.739594 -2.603151 2.471545
v -122.867813 -1.569328 1.441677
v -123.668701 -1.993055 1.509046
v -274.939667 -31.087383 2.113880
v -270.676636 -29.838226 2.062508
v -271.471527 -28.749435 3.092566
v -261.908661 -27.823238 1.956194
v -262.608582 -26.263474 3.345889
v -248.864441 -24.737621 1.798116
v -249.456909 -22.918846 3.469374
v -232.434174 -20.696568 1.599194
v -232.815872 -18.863468 3.511940
v -215.091309 -16.907070 1.388647
v -215.353485 -15.066328 3.675128
v -211.026703 -14.255846 3.631680
v -210.799881 -16.099072 1.336391
v -206.511871 -15.241333 1.284235
v -206.706528 -13.355909 3.588442
v -186.112366 -11.563423 1.035617
v -170.095337 -0.985439 0.849836
v -156.336319 2.064473 0.682849
v -144.220703 5.738874 0.537026
v -138.620468 7.805841 0.470070
v -133.861694 9.506474 0.413107
v -129.489410 10.927494 0.360590
v -169.499435 -9.430975 0.832089
v -155.656555 -7.568386 0.662602
v -143.366379 -6.368643 0.511571
v -136.341232 -5.395535 0.425606
v -128.738815 -4.259390 0.332664
v -112.901947 -2.822121 0.137904
v -117.759377 -3.297657 0.197603
v -122.250626 -2.810080 0.253922
v -121.856995 -1.757449 0.250334
v -122.875450 -1.567389 0.263205
v -121.849541 -1.759399 1.428809
v -99.420212 2.808368 3.401544
v -104.875183 1.962424 3.851639
v -109.065994 1.513662 4.152719
v -113.030411 1.094419 4.136536
v -117.464439 0.620825 3.931376
v -121.240082 0.218035 3.532612
v -123.899742 -0.141014 3.030931
v -109.191925 4.811806 3.517969
v -90.603600 -2.803720 -0.138759
v -83.557327 -0.934566 -0.223900
v -123.684052 -1.991540 0.272712
v 48.458260 -1.448423 -0.150543
v 43.207771 -1.473730 0.693890
v 43.940804 2.477936 -1.801758
v 48.780724 0.986073 -1.863642
v 54.262489 -2.227528 -1.935605
v 37.945152 3.282106 -1.726376
v 37.715141 -1.820595 1.018857
v 34.568855 -0.111073 1.212891
v 33.903389 4.345160 -1.674920
v 28.716896 2.709059 2.054614
v 30.403664 5.686038 -1.629848
v 27.440315 4.009272 2.241688
v 27.873451 7.204834 -1.596597
v 26.499290 4.583226 2.254069
v 25.616417 8.803939 -1.566627
v 25.308952 4.894464 2.269220
v 23.620308 8.067108 -1.542762
v 23.804665 4.749707 2.287714
v 22.729103 4.227086 2.300422
v 21.609306 7.536602 -1.518453
v 16.881447 3.812090 1.801180
v 17.096611 7.108963 -1.462982
v 16.011604 4.611559 1.541699
v 15.717812 7.092690 -1.445906
v 14.925499 5.288100 1.273908
v 13.474297 7.259330 -1.417856
v 13.558540 5.325159 1.021616
v 12.527382 5.226450 0.825264
v 11.064018 7.588204 -1.387540
v 10.063194 6.200302 0.296440
v 7.521164 8.228981 -1.342793
v 1.218277 -0.139520 1.966752
v 5.203568 4.759274 1.579668
v 8.404037 -1.698224 1.532056
v 1.240623 5.254133 1.973092
v -2.403412 5.828249 2.455541
v -3.334015 0.266527 2.412309
v 6.606850 -3.025822 -1.345253
v 1.262802 -1.836527 -1.277480
v -3.258820 -1.431559 -1.220880
v 1.034561 7.146329 -1.263638
v 4.997948 6.943653 -1.313065
v 7.385452 4.205194 1.551939
v 7.200142 6.243268 -1.341256
v -2.129990 7.876191 -1.223477
v 9.726692 5.803447 -0.207043
v 8.852097 6.374841 -1.361587
v -12.849670 8.352261 -1.089883
v -12.646385 6.173557 2.929680
v -12.350784 -0.257739 2.918117
v -20.738014 -0.713007 2.853758
v -21.115753 6.238151 2.866971
v -21.308914 8.301529 -0.984975
v -26.265114 8.361011 -0.923402
v -25.870972 6.356571 2.731666
v -25.125694 -0.613981 2.713875
v -20.674217 -2.290354 -1.005839
v -25.068031 -2.070688 -0.951046
v -31.453453 8.923833 -0.858328
v -31.001030 6.602143 2.343112
v -29.552940 -0.154058 2.316861
v -29.501244 -1.446484 -0.895274
v -12.304726 -1.613461 -1.108866
v -34.501846 -0.109089 2.210637
v -34.090897 7.309096 2.214638
v -34.466362 10.060448 -0.819549
v -35.211578 0.008550 2.219589
v -37.959457 6.222136 2.261305
v -38.336365 10.526545 1.080417
v -36.692413 -0.161726 2.237754
v -39.057823 -0.040906 2.267258
v -41.885735 5.946459 2.268493
v -41.353622 -0.399706 2.336493
v -43.492340 1.301203 2.427418
v -46.291443 2.955713 1.878280
v -50.081978 5.428947 1.139239
v -50.380684 9.676349 1.228823
v -42.203819 10.253551 1.128070
v -53.391064 8.862018 0.825015
v -49.638489 3.580750 1.131478
v -52.356770 4.407897 1.166231
v -54.846821 5.548948 1.198519
v -54.878983 8.103212 1.112621
v -50.600433 12.467152 -0.616404
v -42.418251 12.969299 -0.717310
v -38.442345 11.514854 -0.768434
v -51.812275 1.703682 1.156149
v -48.913048 1.186250 1.119537
v -46.516251 2.545507 1.091472
v -46.736656 0.236108 1.091373
v -43.824654 0.817816 0.835615
v -54.654018 1.180309 1.190773
v -54.665142 2.974068 1.193104
v -56.485405 -0.187206 1.211818
v -56.761959 2.202797 1.218176
v -57.259117 -3.037788 1.217924
v -58.604420 0.848831 1.239384
v -59.758926 1.492065 1.254497
v -59.204048 -3.239264 1.241812
v -61.721447 -2.965853 1.273381
v -61.014786 1.781649 1.270442
v -62.053638 1.565205 1.283054
v -64.358566 0.140041 1.309911
v -64.357742 -2.191839 1.307050
v -67.580536 -0.199673 1.349474
v -55.879990 -3.010044 1.184343
v -55.046066 -1.814619 -0.578761
v -53.962952 -0.570992 -0.590663
v -51.776577 0.133228 -0.616929
v -55.222637 -2.994225 -0.578017
v -57.703671 4.063487 2.544450
v -57.039433 6.134944 1.226444
v -59.043179 7.066257 1.252449
v -60.105324 6.400818 1.264822
v -61.321533 6.128701 1.279570
v -62.292793 5.050735 2.602606
v -62.398991 6.280166 1.293127
v -64.745544 5.853320 2.634034
v -64.880768 7.542379 1.325469
v -67.856339 8.217284 1.363219
v -68.059097 6.811398 2.676315
v -71.305161 7.757092 1.405449
v -70.606934 6.726028 2.707834
v -73.022636 5.456062 2.736245
v -75.573151 4.509357 2.766732
v -77.850098 4.125954 2.794514
v -80.204193 2.696277 2.821977
v -88.104347 -5.319918 -0.172849
v -86.608475 -4.097218 0.695408
v -77.800301 -6.442959 2.299776
v -76.817764 -3.985371 3.206248
v -72.950928 -3.747700 3.778089
v -73.147758 -5.501427 2.888408
v -69.374413 -3.391201 3.941003
v -68.504448 -4.559044 2.757692
v -66.495789 -2.875883 3.612046
v -64.520172 -3.841440 2.288344
v -64.704712 -4.818115 1.331567
v -61.673313 -4.605940 1.792454
v -61.768620 -5.501343 1.024186
v -58.794125 -4.877701 1.681646
v -58.690536 -6.116827 1.086302
v -55.579624 -4.526724 2.127909
v -55.227909 -6.835787 1.651996
v -80.775475 -1.808988 2.034572
v -49.857666 -6.511269 0.132872
v -50.048454 -5.748266 0.572381
v -45.091629 -8.791874 -0.710827
v -52.489849 -6.612150 0.764360
v -52.481602 -5.615829 1.187327
v -54.460609 -5.136984 1.807075
v -64.431557 1.403242 2.624671
v -67.647835 0.983050 2.664059
v -70.120697 -0.163966 2.693340
v -62.120678 2.701794 2.597590
v -72.796005 1.059201 2.265343
v -75.383255 1.818077 2.761075
v -77.695847 1.940701 2.789926
v -62.639874 9.562668 1.300150
v -64.861420 9.475505 1.327608
v -62.683147 10.528736 1.301861
v -60.471565 9.238111 1.272835
v -59.972218 11.253869 -0.501597
v -60.094627 12.483555 -0.498576
v -58.783325 8.670362 1.251201
v -58.465164 10.392950 -0.521358
v -56.771881 10.121095 -0.542709
v -56.882191 8.034596 1.226822
v -55.013622 10.257896 -0.564346
v -53.448151 10.664550 -0.583279
v 23.747261 -5.112057 -1.560500
v 20.904625 -6.236794 -1.526613
v 21.947762 -4.851906 0.985113
v 23.777153 -4.451351 0.504868
v 27.002693 -3.245930 -0.309701
v 26.986671 -3.244354 -1.598412
v 43.071846 -2.203644 -1.796724
v 37.411537 -3.259945 -1.727780
v 48.078362 -1.994316 -1.858587
v 16.540428 -5.127941 -1.471094
v 17.893227 -3.888046 1.036605
v 16.967918 -3.670372 0.668287
v 17.879234 -3.029875 -0.249815
v 22.678703 0.332262 0.341356
v 22.839058 -0.273862 0.979690
v 7.008911 -3.594641 -1.350939
v 8.748817 -2.580658 2.301053
v 11.421364 -4.881706 -1.407266
v 12.562157 -3.680189 2.252393
v 16.670647 -3.743435 -1.471015
v 14.696251 -3.384657 -1.446075
v 16.362175 -1.999360 -0.229721
v -33.300186 -1.649273 -0.848388
v -42.501770 -0.539733 -0.732844
v -47.516403 -1.644288 -0.671977
v -49.364258 -0.377871 -0.647498
v -34.155212 -1.278009 -0.837319
v -35.098518 -1.627184 -0.826043
v -41.120888 -2.009065 -0.751776
v -86.619492 -4.096136 -0.189777
v -86.630508 -4.095051 -1.074960
v -78.203705 -1.180168 -0.290624
v -78.212402 -0.747805 1.480721
v -77.791901 -7.016394 -0.302894
v -58.671307 -6.673515 -0.539731
v -61.910408 -6.097305 -0.498832
v -55.143116 -7.475800 -0.584496
v -64.901634 -5.741215 -0.461279
v -68.458923 -5.758013 -0.417155
v -73.125275 -6.387209 -0.360025
v -50.097717 -5.263338 -0.644383
v -49.496605 -7.631300 -0.654755
v -52.433071 -7.658339 -0.618345
v -52.351868 -5.182842 -0.616317
v -54.192558 -4.506153 -0.592647
v -75.185730 10.119246 -0.314225
v -71.489166 10.055696 -0.360165
v -71.371429 8.826509 2.153856
v -75.373657 8.879457 2.203567
v -79.083191 10.387005 -0.265529
v -79.307724 9.201655 1.810728
v -83.330383 9.930302 1.365669
v -83.219620 10.996782 -0.213455
v -88.911530 11.709546 0.641687
v -88.634659 12.828667 -0.144009
v -68.415543 10.978415 -0.397172
v -65.743652 12.277729 -0.428732
v -64.711945 11.101851 2.074005
v -68.116257 9.628600 2.114434
v -63.919659 13.521255 -0.449847
v -62.013977 13.172138 1.730049
v -59.279827 15.312527 1.348846
v -60.942986 16.499321 -0.483130
v -58.115395 19.511681 -0.514510
v -56.787853 17.304424 1.108476
v -54.907322 21.635738 -0.551718
v -54.390450 18.394512 1.148420
v -51.279472 19.272797 1.403305
v -50.726440 22.840553 -0.602119
v -39.939644 24.818478 -0.733541
v -46.539932 19.657681 1.664455
v 32.366432 -1.459375 -1.662974
v 27.658928 2.265024 0.697224
v 34.395332 -1.553919 -1.688259
v 26.798668 1.870391 0.693480
v 26.798759 1.314825 0.625197
v 26.770927 0.624185 0.565996
v 29.486977 -2.252272 -1.051571
v 26.431892 -0.124399 0.554176
v 25.921593 -0.631331 0.610575
v 25.101814 -0.950194 0.734080
v 24.312523 -0.963195 0.852211
v 23.502525 -0.704960 0.970924
v 26.794579 3.322242 1.196499
v 26.312309 2.202662 0.600535
v 26.469658 1.363936 0.352262
v 26.458046 0.753644 0.203452
v 26.172890 0.073477 0.086835
v 25.742973 -0.281001 0.063157
v 25.087486 -0.546350 0.007735
v 24.315834 -0.556471 0.030096
v 23.586967 -0.330633 0.119447
v 26.076286 3.852283 1.241913
v 25.108894 4.107943 1.290053
v 23.944862 4.009014 1.299538
v 22.688728 3.360285 1.218722
v 16.769966 3.034960 1.190170
v 15.587502 4.105389 1.066873
v 14.652168 4.566772 0.883634
v 13.617851 4.571449 0.688493
v 12.579391 4.403048 0.686771
v 21.776161 1.057447 0.684724
v 15.944786 -1.786533 2.002108
v 21.633949 1.153393 1.197482
v 14.477974 -2.811237 2.104451
v 11.913826 0.180792 2.065145
v 12.646904 -0.405604 2.055329
v 13.712059 -0.636615 1.997031
v 14.896416 -0.430015 1.937773
v 15.686745 0.348289 1.752930
v 15.945854 1.258661 1.424651
v 15.698280 2.187572 0.780530
v 11.904434 0.681818 0.690583
v 12.813110 -0.053411 0.646854
v 15.630424 1.302324 0.780296
v 13.768486 -0.268701 0.801460
v 14.679314 -0.116058 0.790347
v 15.364723 0.556562 0.782666
v 29.479805 -2.251568 -1.628130
v -76.142700 -2.912033 1.452396
v -71.532120 -2.178913 1.396079
v -69.349792 -1.590306 1.369718
v -58.413864 14.670509 -0.516749
v -56.289490 16.097969 -0.541353
v -54.090668 16.560501 -0.568069
v -52.060780 16.437168 -0.593415
v -51.046761 16.161736 -0.606329
v -80.071190 0.582232 1.505430
v -77.614563 0.558958 1.474918
v -75.278214 0.100422 1.445361
v -72.703674 -0.946071 1.412125
v -93.713608 10.791913 -0.083492
v -99.889885 9.381179 -0.008584
v -38.242538 -1.629108 -0.787036
v 16.006538 -4.431084 -1.463617
v -46.568718 19.660526 -0.657610
v -46.597549 19.663368 -2.979674
v -48.633713 20.849331 2.300686
v -51.014908 16.158585 1.962154
v -53.442688 16.558254 2.344057
v -52.384193 19.525341 2.630113
v -56.166397 16.132523 2.587324
v -55.924175 18.153797 3.390288
v -42.977493 22.286205 2.572087
v -47.075539 19.618446 2.345016
v -60.387039 15.627613 5.160964
v -59.240414 14.584370 2.544559
v -99.723450 7.640422 3.527355
v -99.596703 5.967258 4.229064
v -94.165237 6.298156 5.403038
v -93.954414 4.989507 4.895063
v -89.816872 4.882026 5.352379
v -89.976456 6.615812 5.930811
v -90.318588 9.250637 4.763106
v -94.506233 8.400518 4.436138
v -86.390503 9.994547 4.712150
v -86.037827 7.273841 5.901486
v -82.437454 10.613746 4.398239
v -82.209091 8.010347 5.562693
v -79.672821 11.049588 4.041839
v -79.452095 8.891367 4.969759
v -79.320129 7.570850 4.636822
v -75.936363 10.855630 3.675812
v -82.054436 6.105717 5.287005
v -85.806427 5.200815 5.494475
v -94.690079 9.349594 3.129621
v -90.579597 10.710425 2.734588
v -86.803940 11.949997 2.148189
v -83.896591 12.140537 2.019765
v -82.589249 12.063501 1.969032
v -79.901848 12.899010 1.936710
v -75.860168 14.167675 1.846024
v -71.927925 13.243439 3.263750
v -72.108963 15.108730 1.800627
v -68.365234 14.521923 3.173294
v -68.563324 15.950954 1.757675
v -64.739944 15.138199 3.647834
v -65.009483 16.700592 1.847472
v -62.179047 17.580658 1.861099
v -59.301418 18.960381 2.240344
v -84.561699 12.684586 1.952172
v -55.272461 22.275257 -0.546403
v -60.195789 21.473434 -0.486290
v -51.120262 23.066437 -0.596961
v -44.891762 24.253273 -0.672780
v -38.216888 26.000156 -0.753469
v -40.127861 25.500031 -0.730370
v -59.825851 19.170834 1.936780
v -65.069481 18.718384 1.910423
v -65.189896 20.890972 -0.425047
v -70.950287 19.853748 -0.354836
v -70.783714 17.747105 2.269355
v -76.283737 16.531792 2.648888
v -76.527115 18.772564 -0.286962
v -80.088837 15.728638 2.965480
v -80.300171 18.009777 -0.241074
v -84.357903 17.191601 -0.191734
v -84.140549 14.758514 3.124496
v -79.986237 14.990139 1.898232
v -83.856819 13.602497 1.944551
v -76.211021 16.028881 1.852660
v -70.756607 17.231480 1.786449
v -65.062378 18.336819 1.485163
v -59.777031 18.928303 1.533666
v -105.021217 7.198548 4.009623
v -99.864334 9.644797 3.573542
v -94.980247 11.542752 3.401120
v -90.921326 12.779499 3.373057
v -87.135880 13.886795 3.291045
v -109.197266 5.970058 4.167844
v -100.162071 13.238998 -0.000475
v -105.204773 11.207214 0.059599
v -95.479691 14.455082 -0.057085
v -91.439705 15.548889 -0.105879
v -87.580078 16.458698 -0.152655
v -109.365616 9.919891 0.109656
v -64.656601 14.495872 2.324801
v -68.292465 13.890747 2.369181
v -71.874680 12.561768 2.611548
v -75.673813 10.399101 2.859682
v -79.012283 7.238838 3.764381
v -81.791298 5.681917 4.415183
v -85.779312 4.670068 4.655110
v -89.736923 4.347146 4.550522
v -93.920494 4.552426 4.171089
v -99.574707 5.553134 3.641549
v -46.574059 19.655308 1.664883
v -42.599495 22.059616 1.716954
v -39.121704 25.001259 -0.743466
v -51.208206 16.206184 1.209627
v -91.318840 13.835964 -0.109473
v -95.358841 12.742077 -0.060685
v -59.915115 20.530861 -0.490935
v -65.186470 19.761192 -0.426463
v -70.883575 18.656120 -0.357132
v -76.337967 17.453518 -0.290933
v -80.113228 16.414814 -0.245356
v -84.013344 15.446167 -0.198150
v -53.450207 16.559002 1.740226
v -56.172981 16.133179 2.052806
v -56.559788 21.161427 -0.531796
v -51.492512 22.058506 -0.593572
v -46.082329 23.162674 -0.659350
v -276.647308 -30.185970 1.436939
v -272.212616 -27.684414 1.455909
v -263.449738 -24.551353 1.294259
v -250.396973 -20.487919 1.098188
v -233.798279 -14.686995 0.756391
v -216.409073 -8.952702 0.531038
v -211.983032 -7.867933 0.467392
v -207.535675 -7.090050 0.403082
v -186.581940 -5.062830 0.145559
v -186.274780 -9.705448 -1.510731
v -169.665512 -7.573256 -1.724884
v -170.019974 -2.287071 -0.206173
v -155.822571 -5.711201 -1.633167
v -156.265427 0.762754 -0.480907
v -143.542862 -4.449514 -2.047660
v -144.121750 3.977565 -0.753900
v -137.853271 -3.757315 -2.117409
v -138.508163 5.900065 -1.112929
v -133.713013 7.553210 -1.473550
v -132.806732 -2.925089 -2.290932
v -130.224167 -1.224205 -2.440416
v -129.807526 8.738566 -1.695006
v -128.690674 8.106315 -1.738076
v -127.833878 0.199972 -2.690928
v -127.241470 7.573938 -1.680789
v -125.298935 7.180754 -1.602750
v -123.873955 2.038209 -3.188386
v -122.536896 7.087640 -1.445752
v -120.314606 3.420525 -3.458216
v -119.950012 7.338184 -1.258755
v -116.935883 4.463284 -3.593199
v -116.988518 7.748281 -0.823798
v -113.159180 5.227717 -3.908468
v -127.980888 10.450311 -0.804896
v -117.814186 -2.718285 -0.932062
v -112.991547 -1.830544 -1.452635
v -113.024414 -1.401570 -1.667896
v -117.868210 -1.840873 -1.118407
v -122.270172 -2.810562 -0.172701
v -109.095947 -1.022067 -2.097944
v -109.076912 -1.265320 -1.942572
v -104.796707 -0.183097 -2.424472
v -104.700310 -1.483281 -2.057963
v -99.390419 1.307253 -2.611754
v -99.183647 -1.020337 -2.279484
v -109.022781 -1.979454 -1.643192
v -95.492386 -0.801300 -2.366348
v -95.792473 2.738922 -2.731086
v -93.195145 4.288562 -2.887424
v -93.166138 2.463498 -2.702946
v -93.117676 -0.577619 -2.395540
v -90.063141 1.313346 -2.895388
v -89.914375 5.168489 -3.003149
v -93.557343 8.314724 -1.904398
v -99.752045 6.841465 -3.370713
v -99.743645 5.754497 -2.860865
v -105.211739 5.369965 -3.484904
v -85.663353 4.031322 -2.985427
v -85.845383 6.697477 -2.906858
v -83.718353 5.233377 -3.074745
v -83.564995 8.197827 -2.489924
v -79.657227 7.748907 -2.359743
v -88.845093 9.011115 -2.052250
v -128.182022 -1.001331 -1.642993
v -123.939331 1.097098 -2.333599
v -120.450195 2.454483 -2.776533
v -117.044609 3.506874 -2.938740
v -113.154587 4.289702 -3.199388
v -129.792252 -2.597942 -1.776672
v -122.897064 -1.566437 -0.915093
v -123.699409 -1.990026 -0.963621
v -90.245926 -1.956897 -2.432864
v -83.686432 0.495275 -2.511244
v -85.114090 2.361834 -2.893430
v -80.453316 5.308702 -2.427651
v -78.015884 5.628458 -2.055316
v -75.639420 7.684934 -2.082297
v -75.756348 6.258062 -2.082582
v -73.197067 7.645014 -2.112651
v -271.497192 -28.746956 1.055179
v -262.642914 -26.260098 0.588103
v -249.497711 -22.914749 0.146552
v -232.863113 -18.858795 -0.298980
v -215.410156 -15.060736 -0.886117
v -211.083435 -14.250221 -0.948056
v -206.763550 -13.350264 -1.009804
v -121.878769 -1.756509 -0.927962
v -99.505150 2.816767 -3.445431
v -104.969627 1.971765 -3.762085
v -109.166656 1.523611 -3.960196
v -113.129463 1.104210 -3.846675
v -117.557053 0.629978 -3.532722
v -121.321648 0.226097 -3.041385
v -123.968063 -0.134260 -2.474750
v -109.276718 4.820180 -3.314435
v 48.415733 -1.444227 -3.574187
v 43.145912 -1.467616 -4.288153
v 37.647041 -1.813850 -4.477580
v 34.496819 -0.103960 -4.589271
v 28.625999 2.718057 -5.278626
v 27.345131 4.018682 -5.430775
v 26.404152 4.592638 -5.418395
v 25.213646 4.903870 -5.403246
v 23.709480 4.759115 -5.384755
v 22.633781 4.236488 -5.372047
v 16.800423 3.820101 -4.728899
v 15.937248 4.618903 -4.445939
v 14.858131 5.294743 -4.149639
v 13.497963 5.331153 -3.863412
v 12.471901 5.231927 -3.641757
v 10.021606 6.204409 -3.049576
v 1.137764 -0.131575 -4.515450
v 8.332161 -1.691116 -4.263000
v 5.131645 4.766385 -4.215365
v 1.160156 5.262080 -4.509113
v -2.494720 5.837264 -4.899575
v -3.424026 0.275434 -4.846906
v 7.313477 4.212295 -4.243121
v 9.697746 5.806308 -2.538874
v -12.746269 6.183425 -5.118565
v -12.450638 -0.247866 -5.130126
v -20.833717 -0.703550 -4.858777
v -21.211472 6.247610 -4.845572
v -25.961861 6.365552 -4.592040
v -25.216545 -0.604998 -4.609825
v -29.632545 -0.146184 -4.101963
v -31.080658 6.610020 -4.075713
v -34.578133 -0.101550 -3.936106
v -34.167152 7.316638 -3.932110
v -35.287865 0.016088 -3.927156
v -38.035713 6.229674 -3.885441
v -38.382309 10.531084 -2.621762
v -36.768669 -0.154186 -3.908990
v -39.134094 -0.033371 -3.879489
v -41.960220 5.953818 -3.732646
v -42.249771 10.258085 -2.574106
v -50.426628 9.680894 -2.473352
v -50.125916 5.433287 -2.401640
v -53.426075 8.865479 -1.996980
v -46.354958 2.961987 -3.240552
v -43.570427 1.308916 -3.863052
v -41.430138 -0.392145 -3.829370
v -49.682388 3.585093 -2.409404
v -52.400723 4.412243 -2.374652
v -54.890766 5.553290 -2.342364
v -54.920719 8.107334 -2.249427
v -51.856220 1.708025 -2.384731
v -48.957024 1.190592 -2.421345
v -46.560181 2.549852 -2.449410
v -46.780579 0.240451 -2.449510
v -43.863144 0.821619 -2.264664
v -54.697945 1.184650 -2.350111
v -54.709072 2.978405 -2.347780
v -56.529343 -0.182865 -2.329064
v -56.805916 2.207140 -2.322708
v -57.303013 -3.033443 -2.322958
v -58.648354 0.853172 -2.301499
v -59.802864 1.496403 -2.286386
v -59.247955 -3.234917 -2.299071
v -61.765347 -2.961508 -2.267503
v -61.058716 1.785992 -2.270442
v -62.097519 1.569551 -2.257830
v -64.402504 0.144384 -2.230971
v -64.401665 -2.187496 -2.233834
v -67.624474 -0.195328 -2.191408
v -55.923531 -3.005745 -2.323538
v -57.780148 4.071044 -3.620632
v -57.083309 6.139282 -2.314436
v -59.087078 7.070601 -2.288431
v -60.149223 6.405164 -2.276062
v -61.365486 6.133048 -2.261309
v -62.369278 5.058302 -3.562479
v -62.442924 6.284508 -2.247755
v -64.822037 5.860882 -3.531056
v -64.924843 7.546715 -2.215411
v -67.900314 8.221624 -2.177662
v -68.135590 6.818957 -3.488769
v -71.349091 7.761430 -2.135433
v -70.683395 6.733594 -3.457255
v -73.099136 5.463627 -3.428841
v -75.649689 4.516916 -3.398354
v -77.926582 4.133505 -3.370571
v -80.280739 2.703833 -3.343108
v -77.864861 -6.436577 -2.903143
v -76.905083 -3.976742 -3.827690
v -73.053551 -3.737549 -4.494700
v -73.228340 -5.493460 -3.604737
v -69.482208 -3.380547 -4.745433
v -68.583160 -4.551264 -3.586961
v -66.596283 -2.865950 -4.486747
v -64.588455 -3.834688 -3.214855
v -64.749245 -4.813715 -2.256181
v -61.730206 -4.600315 -2.791631
v -61.806450 -5.497606 -2.023423
v -58.849125 -4.872261 -2.752972
v -58.730873 -6.112843 -2.163422
v -55.646667 -4.520088 -3.277975
v -55.283348 -6.830307 -2.816608
v -80.832390 -1.803360 -2.552823
v -49.877014 -6.509346 -1.430418
v -50.078705 -5.745281 -1.863186
v -52.524147 -6.608768 -1.996640
v -52.526325 -5.611412 -2.417244
v -54.520096 -5.131107 -2.986531
v -67.724319 0.990612 -3.501026
v -64.508057 1.410804 -3.540412
v -70.197189 -0.156405 -3.471743
v -62.197140 2.709356 -3.567496
v -72.861015 1.065627 -2.974481
v -75.459778 1.825636 -3.404011
v -77.772354 1.948262 -3.375160
v -62.683819 9.567006 -2.240734
v -62.727108 10.533077 -2.239018
v -64.905342 9.479843 -2.213275
v -60.515488 9.242452 -2.268042
v -58.827255 8.674707 -2.289682
v -56.926086 8.038938 -2.314060
v 23.725914 -4.446291 -3.624333
v 21.885201 -4.845713 -4.060041
v 26.970680 -3.242771 -2.887125
v 17.830620 -3.881861 -4.008549
v 16.914696 -3.665113 -3.616857
v 17.848610 -3.026838 -2.720074
v 22.631966 0.336881 -3.421911
v 22.776451 -0.267670 -4.065486
v 8.657722 -2.571651 -5.042499
v 12.471092 -3.671181 -5.091163
v 16.331398 -1.996337 -2.699979
v -78.256371 -0.743463 -2.060160
v -75.436096 8.885629 -2.829609
v -71.433876 8.832683 -2.879325
v -79.359200 9.206743 -2.338476
v -83.369545 9.934179 -1.791953
v -88.930954 11.711463 -0.925349
v -68.178719 9.634774 -2.918745
v -64.774384 11.108034 -2.959174
v -62.068611 13.177547 -2.677198
v -59.325813 15.317074 -2.358704
v -56.828571 17.308453 -2.175357
v -54.432877 18.398724 -2.272115
v -51.329205 19.277718 -2.601947
v 27.602013 2.270665 -3.896498
v 26.742104 1.875997 -3.872385
v 26.743828 1.320265 -3.805479
v 26.717400 0.629483 -3.747303
v 29.472633 -2.250862 -2.204690
v 26.378731 -0.119150 -3.728905
v 25.867256 -0.625956 -3.773854
v 25.044563 -0.944541 -3.877763
v 24.252708 -0.957268 -3.976302
v 23.439949 -0.698776 -4.074255
v 26.725502 3.329072 -4.371579
v 26.258095 2.208015 -3.766574
v 26.421593 1.368690 -3.524345
v 26.413582 0.758034 -3.376793
v 26.131416 0.077572 -3.254798
v 25.702248 -0.276972 -3.221335
v 25.048271 -0.542480 -3.150298
v 24.276436 -0.552561 -3.153532
v 23.545433 -0.326538 -3.224211
v 26.006264 3.859201 -4.397839
v 25.038033 4.114946 -4.421343
v 23.874107 4.016006 -4.402172
v 22.620338 3.367041 -4.291821
v 16.704079 3.041464 -4.117213
v 15.525063 4.111556 -3.961978
v 14.594597 4.572458 -3.754462
v 13.565514 4.576631 -3.533720
v 12.527359 4.408189 -3.506634
v 21.721184 1.062873 -3.740992
v 21.566353 1.160072 -4.249811
v 15.858833 -1.778042 -4.920239
v 14.389977 -2.802534 -4.988677
v 11.827675 0.189306 -4.878408
v 12.560669 -0.397095 -4.888225
v 13.627037 -0.628203 -4.856948
v 14.812477 -0.421719 -4.826605
v 15.607292 0.356155 -4.659500
v 15.874290 1.265720 -4.335520
v 15.642906 2.193047 -3.683178
v 11.852371 0.686967 -3.502820
v 12.761818 -0.048350 -3.483466
v 15.575035 1.307800 -3.683421
v 13.713051 -0.263223 -3.662252
v 14.623940 -0.110578 -3.673363
v 15.309349 0.562034 -3.681044
v -76.186783 -2.907698 -2.088485
v -71.576065 -2.174569 -2.144802
v -69.393738 -1.585964 -2.171166
v -77.658508 0.563301 -2.065963
v -80.115135 0.586573 -2.035452
v -75.322197 0.104763 -2.095518
v -72.747604 -0.941726 -2.128758
v -48.706444 20.856525 -3.560837
v -52.463978 19.533237 -3.800341
v -53.515141 16.565418 -3.495377
v -51.078659 16.164879 -3.174811
v -56.244041 16.140209 -3.672017
v -56.021763 18.163437 -4.475804
v -43.058632 22.294224 -3.968988
v -47.149887 19.625797 -3.646831
v -60.527325 15.641472 -6.141400
v -59.316170 14.591835 -3.556810
v -99.702019 5.977672 -4.260579
v -99.811302 7.649098 -3.551827
v -94.301384 6.311613 -5.568128
v -94.078056 5.001728 -5.068770
v -89.953117 4.895478 -5.628866
v -90.126991 6.630689 -6.198923
v -90.439957 9.262626 -5.016612
v -94.618233 8.411590 -4.587927
v -86.511772 10.006538 -5.061299
v -86.188812 7.288758 -6.265694
v -82.552139 10.625093 -4.844062
v -82.352798 8.024554 -6.020205
v -79.779503 11.060122 -4.555292
v -79.581940 8.904202 -5.493726
v -79.441788 7.582870 -5.167383
v -76.035088 10.865406 -4.282581
v -82.191437 6.119250 -5.753098
v -85.947411 5.214752 -5.869648
v -94.769569 9.357443 -3.274925
v -90.650597 10.717422 -2.978658
v -86.861443 11.955660 -2.483099
v -83.951782 12.145988 -2.426363
v -82.643562 12.068866 -2.408273
v -79.956131 12.904381 -2.440595
v -75.913437 14.172951 -2.447126
v -72.017609 13.252308 -3.964249
v -72.162247 15.113995 -2.492522
v -68.453735 14.530674 -3.959096
v -68.616615 15.956215 -2.535478
v -64.841316 15.148224 -4.521925
v -65.066086 16.706184 -2.711610
v -62.236778 17.586365 -2.793298
v -59.369438 18.967110 -3.240446
v -84.614975 12.689857 -2.340977
v -59.886143 19.176800 -2.923455
v -65.127502 18.724129 -2.768085
v -70.848938 17.753559 -2.987499
v -76.356735 16.539013 -3.233455
v -80.168571 15.736511 -3.457481
v -84.222977 14.766655 -3.518289
v -80.039490 14.995407 -2.394918
v -83.910072 13.607765 -2.348598
v -76.264267 16.034153 -2.440492
v -70.809868 17.236744 -2.506702
v -65.109871 18.341522 -2.344079
v -59.827366 18.933285 -2.522261
v -105.119392 7.208263 -3.903573
v -99.953232 9.653588 -3.589571
v -95.066315 11.551250 -3.533745
v -91.007896 12.788052 -3.603366
v -87.221550 13.895279 -3.612581
v -109.298134 5.980028 -3.961146
v -64.725174 14.502651 -3.202947
v -68.361061 13.897526 -3.158562
v -71.948196 12.569027 -3.315246
v -75.752380 10.406873 -3.474339
v -79.112366 7.248732 -4.303667
v -81.906754 5.693329 -4.889132
v -85.899513 4.681952 -5.032495
v -89.853333 4.358652 -4.830545
v -94.026199 4.562872 -4.346901
v -99.665489 5.562106 -3.674788
v -46.631668 19.661003 -2.979249
v -42.659538 22.065552 -3.124036
v -51.253208 16.210632 -2.417621
v -56.237404 16.139545 -3.137510
v -53.507671 16.564682 -2.891544
v -53.379620 -10.890736 8.298663
v -53.531738 -11.899246 8.270444
v -59.135303 -11.120361 7.827693
v -58.984547 -9.641716 7.887646
v -48.963814 -12.107658 8.086327
v -50.729492 -11.125973 8.321931
v -63.801758 -10.382069 7.359769
v -63.135941 -8.419182 7.481818
v -68.762283 -9.391710 6.660542
v -67.495819 -6.585344 6.907774
v -69.202286 -5.475609 6.676646
v -71.399422 -8.672621 6.288218
v -49.695633 -10.690115 8.215768
v -48.418968 -11.065277 8.168671
v -44.401230 -12.241573 7.902364
v -47.997520 -10.145498 7.770276
v -44.175896 -11.634912 7.713683
v -40.923172 -12.824306 7.512097
v -49.969902 -9.489950 7.799378
v -49.879173 -9.930719 8.001758
v -51.456585 -9.299681 7.821561
v -70.597641 -4.202759 6.492108
v -73.694473 -7.962845 5.963681
v -72.249496 -4.175724 6.253601
v -75.792786 -7.184311 5.666851
v -73.879036 -3.009314 6.029867
v -77.692871 -6.315430 5.416772
v -75.449715 -2.029078 5.812416
v -71.409683 -4.467773 6.372405
v -78.402176 -3.384010 5.334150
v -78.714439 -2.793486 5.305122
v -78.009590 -0.796282 5.453505
v -79.396866 -2.332676 5.246273
v -81.611023 -1.210901 5.200080
v -80.689484 -0.232001 5.244976
v -78.599426 -3.975540 5.307925
v -79.423805 -5.446484 5.207993
v -81.363319 -4.341888 4.965690
v -80.607651 -3.632072 4.981472
v -84.134575 -0.238554 5.018367
v -83.875336 0.433697 5.037367
v -82.039978 -3.742722 4.766966
v -86.781647 0.289492 4.674127
v -53.359581 -10.684067 7.431383
v -58.919487 -9.431868 7.021293
v -59.335945 -11.389694 6.961440
v -53.622753 -12.106283 7.410086
v -50.899414 -10.948202 7.553942
v -64.001396 -10.651316 6.480952
v -63.070915 -8.209368 6.615461
v -68.961861 -9.660915 5.781738
v -67.430763 -6.375519 6.041433
v -69.137253 -5.265785 5.810298
v -71.586472 -8.945427 5.410627
v -73.892204 -8.232517 5.084322
v -71.347168 -4.222826 5.506153
v -70.535080 -3.957825 5.625840
v -72.186829 -3.930777 5.387342
v -75.991928 -7.453606 4.787287
v -73.816269 -2.764380 5.163611
v -78.605392 -3.396505 4.455653
v -78.721725 -3.792881 4.433717
v -75.381302 -1.866133 4.945969
v -78.819366 -2.946419 4.429969
v -77.941154 -0.633346 4.587045
v -80.621124 -0.069053 4.378536
v -81.718002 -1.364046 4.348787
v -79.503998 -2.485834 4.394973
v -83.803604 0.596298 4.440764
v -84.238419 -0.392031 4.432756
v -80.582962 -3.497780 4.593737
v -81.560387 -4.611988 4.587826
v -44.493317 -12.435143 7.544887
v -50.123093 -10.010353 7.744052
v -50.055328 -10.646862 7.648915
v -49.055336 -12.307949 7.477383
v -77.845924 -6.608665 4.646287
v -79.572372 -5.741962 4.605009
v -69.768845 9.996002 3.366210
v -67.828629 7.526085 3.339107
v -71.158142 7.291056 3.380132
v -70.875175 6.832891 3.376060
v -68.079773 7.030216 3.341614
v -69.432755 5.249415 3.332647
v -65.058289 3.891024 3.223915
v -64.917145 6.085053 3.301213
v -64.418823 6.605557 3.295659
v -63.333736 5.763956 3.281160
v -57.553139 4.420641 3.207795
v -75.370979 4.326285 3.428770
v -73.883072 3.268089 3.333360
v -77.667511 3.915630 3.456760
v -80.392464 2.808440 3.489219
v -69.297379 3.589037 4.586740
v -77.674149 3.916290 2.920884
v -76.452942 3.087652 2.904715
v -75.377640 4.326941 2.892904
v -80.399109 2.809095 2.953339
v -69.323494 3.590910 2.816867
v -70.881813 6.833550 2.840181
v -68.086426 7.030873 2.805735
v -71.164810 7.291714 2.844253
v -67.835258 7.526740 2.803229
v -69.775467 9.996655 2.830332
v -64.923790 6.085709 2.765334
v -63.340363 5.764613 2.745285
v -64.425476 6.606213 2.759781
v -57.559780 4.421300 2.671918
v -75.214256 2.011703 2.888025
v -77.545654 2.095677 2.917056
v -70.411049 0.161497 2.826154
v -67.615616 0.358824 2.791708
v -70.626862 -0.331874 2.828235
v -67.297318 -0.096845 2.787209
v -68.871475 -2.814837 2.803408
v -64.617096 1.738897 2.756196
v -63.094418 2.279242 2.737966
v -64.050537 1.293573 2.748621
v -68.864822 -2.815493 3.339281
v -70.620224 -0.332532 3.364108
v -67.290680 -0.097503 3.323082
v -70.404396 0.160840 3.362033
v -67.608978 0.358166 3.327591
v -69.198608 1.931360 3.325681
v -64.610428 1.738240 3.292075
v -64.043945 1.292912 3.284500
v -63.087772 2.278584 3.273843
v -75.207642 2.011045 3.423904
v -77.539017 2.095020 3.452936
v -53.600739 -10.868889 -9.517040
v -59.193642 -9.621050 -8.964007
v -59.342930 -11.099848 -8.903978
v -53.752041 -11.877460 -9.487541
v -49.181023 -12.086199 -9.417336
v -50.951958 -11.103977 -9.606643
v -63.996319 -10.362843 -8.318577
v -63.333656 -8.399641 -8.452292
v -68.937912 -9.374350 -7.494072
v -67.677872 -6.567347 -7.765781
v -69.378075 -5.458237 -7.489624
v -71.564972 -8.656256 -7.054647
v -49.915749 -10.668358 -9.525077
v -48.638344 -11.043591 -9.510619
v -44.615219 -12.220411 -9.346971
v -48.207108 -10.124781 -9.120553
v -44.385307 -11.614214 -9.162437
v -41.128616 -12.803995 -9.044552
v -50.179596 -9.469221 -9.099078
v -50.093864 -9.909492 -9.304714
v -51.666328 -9.278946 -9.083892
v -70.768372 -4.185881 -7.267404
v -73.851227 -7.947353 -6.671512
v -72.413803 -4.159485 -6.987938
v -75.941528 -7.169615 -6.320809
v -74.037292 -2.993683 -6.720954
v -77.834785 -6.301397 -6.021520
v -75.602051 -2.014024 -6.462200
v -71.577225 -4.451214 -7.128253
v -78.541756 -3.370213 -5.914141
v -78.853165 -2.779774 -5.875909
v -78.152191 -0.782192 -6.036842
v -79.533905 -2.319130 -5.799017
v -81.746216 -1.197539 -5.695169
v -80.826050 -0.218502 -5.760492
v -78.738258 -3.961811 -5.884461
v -79.559998 -5.433025 -5.767721
v -81.492905 -4.329086 -5.474665
v -80.737778 -3.619205 -5.507451
v -84.005737 0.446579 -5.472278
v -84.264488 -0.225717 -5.448496
v -82.164398 -3.730427 -5.257723
v -86.902161 0.301398 -5.037374
v -53.559147 -10.664352 -8.650028
v -53.821709 -12.086620 -8.625670
v -59.522007 -11.371307 -8.033674
v -59.107105 -9.413322 -8.099026
v -51.102715 -10.928097 -8.834245
v -64.174088 -10.634245 -7.435761
v -63.247093 -8.191946 -7.587326
v -69.115654 -9.645720 -6.611223
v -67.591339 -6.359650 -6.900793
v -69.291542 -5.250534 -6.624647
v -71.730209 -8.931213 -6.173351
v -74.027138 -8.219185 -5.788165
v -71.493202 -4.208401 -6.263190
v -70.684334 -3.943075 -6.402347
v -72.329575 -3.916653 -6.122880
v -76.118790 -7.441059 -5.437232
v -73.953041 -2.750872 -5.855923
v -78.723114 -3.384865 -5.030906
v -78.838882 -3.781301 -5.007053
v -75.512199 -1.853204 -5.597324
v -78.936363 -2.934855 -4.998803
v -78.062256 -0.621376 -5.171967
v -79.619774 -2.474371 -4.945711
v -81.832024 -1.352778 -4.841863
v -80.736221 -0.057684 -4.895611
v -84.353745 -0.380631 -4.860865
v -83.919212 0.607729 -4.877249
v -80.703476 -3.485870 -5.120124
v -81.680481 -4.600111 -5.092681
v -44.698448 -12.414860 -8.987779
v -50.331352 -9.989767 -9.041259
v -50.261276 -10.626507 -8.949380
v -49.257439 -12.287987 -8.806799
v -77.968735 -6.596531 -5.248203
v -79.693535 -5.729982 -5.161969
v -69.861847 10.005198 -4.128208
v -71.251160 7.300250 -4.114286
v -67.921616 7.535277 -4.155312
v -70.968170 6.842086 -4.118360
v -68.172760 7.039412 -4.152803
v -69.525162 5.258551 -4.114642
v -65.149361 3.900026 -4.117821
v -65.010155 6.094242 -4.193208
v -64.511795 6.614746 -4.198760
v -63.426743 5.773146 -4.213256
v -57.646137 4.429832 -4.286620
v -75.463974 4.335477 -4.065643
v -73.974174 3.277097 -4.009788
v -77.760490 3.924826 -4.037667
v -80.485458 2.817630 -4.005202
v -69.420975 3.601250 -5.375777
v -77.753830 3.924167 -3.501788
v -75.457336 4.334820 -3.529769
v -76.532631 3.095530 -3.517955
v -80.478821 2.816973 -3.469325
v -69.403168 3.598792 -3.605802
v -70.961517 6.841428 -3.582490
v -68.166092 7.038753 -3.616933
v -71.244499 7.299592 -3.578415
v -67.914948 7.534619 -3.619441
v -69.855179 10.004534 -3.592337
v -65.003494 6.093587 -3.657335
v -63.420044 5.772495 -3.677382
v -64.505142 6.614089 -3.662886
v -57.639450 4.429174 -3.750754
v -75.293945 2.019579 -3.534644
v -77.625397 2.103552 -3.505608
v -70.490738 0.169374 -3.596516
v -67.695328 0.366697 -3.630961
v -70.706573 -0.323996 -3.594435
v -67.377014 -0.088968 -3.635461
v -68.951172 -2.806959 -3.619262
v -64.696777 1.746775 -3.666472
v -63.174126 2.287115 -3.684703
v -64.130264 1.301449 -3.674047
v -68.957825 -2.806299 -4.155136
v -67.383652 -0.088308 -4.171336
v -70.713211 -0.323339 -4.130310
v -70.497406 0.170032 -4.132390
v -67.701965 0.367357 -4.166834
v -69.291031 1.940492 -4.121608
v -64.703430 1.747432 -4.202343
v -64.136917 1.302105 -4.209917
v -63.180767 2.287773 -4.220572
v -75.300598 2.020235 -4.070516
v -77.632050 2.104208 -4.041483
v -34.196915 10.928826 0.085654
v -34.254547 11.589283 0.494165
v -31.452049 14.636211 -0.851357
v -35.651108 10.702186 1.226562
v -35.526970 10.369683 0.705340
v -36.115265 9.546817 1.305234
v -36.247765 10.256945 1.562431
v -37.167969 10.046365 1.936749
v -37.244041 9.280358 1.638318
v -38.153259 10.319485 1.995031
v -38.435623 9.730879 1.683936
v -39.752853 11.568460 1.849588
v -39.991867 10.984831 1.569406
v -41.654587 11.686252 2.263956
v -41.657524 11.098261 1.865921
v -43.230965 11.390822 2.561264
v -42.952919 10.760401 2.087015
v -43.570580 10.078111 2.190090
v -45.653290 9.578402 2.980006
v -43.716080 9.285457 2.286225
v -45.595940 7.289592 2.739304
v -46.611290 7.223104 2.813998
v -47.375618 8.748380 3.001677
v -43.456787 8.620397 2.347235
v -44.188766 6.716130 2.590716
v -43.352753 7.214247 2.445251
v -42.522301 8.014275 2.213978
v -47.289406 6.494690 2.957672
v -48.993500 8.455241 2.785599
v -48.856636 5.279978 3.215299
v -47.647064 4.957051 3.236099
v -47.251488 5.412439 3.020171
v -46.519119 4.473554 3.137813
v -50.488739 8.453002 2.397852
v -50.079041 5.646537 3.034189
v -51.450626 7.492009 2.417019
v -51.507061 8.693259 1.915659
v -50.882973 6.359206 2.808831
v -49.164070 4.625406 2.750052
v -47.988365 4.446087 2.974298
v -50.479904 5.049653 2.438247
v -51.660114 6.071088 1.948281
v -52.241730 7.514409 1.435756
v -52.135387 9.009629 1.027091
v -47.601555 15.255447 -0.650208
v -45.925865 15.397442 -0.670827
v -44.251625 15.312637 -0.691699
v -49.034714 14.906384 -0.632853
v -50.611595 12.818665 0.138552
v -50.427513 15.167019 -0.615251
v -51.190357 14.524395 -0.606573
v -51.138290 11.043822 0.612178
v -41.609688 14.556934 -0.725408
v -39.310135 13.264034 -0.755533
v -37.748581 12.952656 -0.775292
v -36.205360 12.968735 -0.794427
v -34.354523 13.428776 -0.816828
v -34.219437 10.931047 -1.729075
v -36.167465 9.551983 -2.904059
v -37.304207 9.286306 -3.209690
v -38.496498 9.736904 -3.224623
v -35.564461 10.373394 -2.316921
v -40.049469 10.990504 -3.068436
v -41.721886 11.104623 -3.323255
v -43.022400 10.767271 -3.512964
v -43.642426 10.085214 -3.602344
v -43.431145 7.221992 -3.869863
v -44.270454 6.724207 -3.995753
v -45.680878 7.297998 -4.107963
v -46.697830 7.231648 -4.157626
v -47.379288 6.503579 -4.286188
v -47.342972 5.421484 -4.352286
v -46.613800 4.482904 -4.490371
v -42.595169 8.021480 -3.657294
v -48.078514 4.454995 -4.290502
v -49.248260 4.633730 -4.036723
v -50.555954 5.057172 -3.691308
v -51.723648 6.077364 -3.169707
v -52.292316 7.519404 -2.639381
v -52.175793 9.013627 -2.229789
v -51.168640 11.046833 -1.834775
v -50.630302 12.820530 -1.370036
v -43.790329 9.292795 -3.696804
v -43.532646 8.627895 -3.765852
v -34.287163 11.592507 -2.134407
v -35.701492 10.707160 -2.834088
v -36.306335 10.262735 -3.156153
v -37.235550 10.053041 -3.508037
v -38.221977 10.326273 -3.541193
v -39.817406 11.574844 -3.353015
v -41.728798 11.693593 -3.719790
v -43.312073 11.398848 -3.978627
v -45.744133 9.587381 -4.341575
v -47.466492 8.757360 -4.322530
v -49.078606 8.463642 -4.067070
v -48.952431 5.289456 -4.507846
v -47.743828 4.966616 -4.559437
v -50.563698 8.460411 -3.642364
v -50.169998 5.655530 -4.295550
v -51.525833 7.499437 -3.640026
v -51.569710 8.699461 -3.134468
v -50.968040 6.367620 -4.048561
v -53.379620 -10.890736 8.298663
v -53.531738 -11.899246 8.270444
v -59.135303 -11.120361 7.827693
v -58.984547 -9.641716 7.887646
v -48.963814 -12.107658 8.086327
v -50.729492 -11.125973 8.321931
v -63.801758 -10.382069 7.359769
v -63.135941 -8.419182 7.481818
v -68.762283 -9.391710 6.660542
v -67.495819 -6.585344 6.907774
v -69.202286 -5.475609 6.676646
v -71.399422 -8.672621 6.288218
v -49.695633 -10.690115 8.215768
v -48.418968 -11.065277 8.168671
v -44.401230 -12.241573 7.902364
v -47.997520 -10.145498 7.770276
v -44.175896 -11.634912 7.713683
v -40.923172 -12.824306 7.512097
v -49.969902 -9.489950 7.799378
v -49.879173 -9.930719 8.001758
v -51.456585 -9.299681 7.821561
v -70.597641 -4.202759 6.492108
v -73.694473 -7.962845 5.963681
v -72.249496 -4.175724 6.253601
v -75.792786 -7.184311 5.666851
v -73.879036 -3.009314 6.029867
v -77.692871 -6.315430 5.416772
v -75.449715 -2.029078 5.812416
v -71.409683 -4.467773 6.372405
v -78.402176 -3.384010 5.334150
v -78.714439 -2.793486 5.305122
v -78.009590 -0.796282 5.453505
v -79.396866 -2.332676 5.246273
v -81.611023 -1.210901 5.200080
v -80.689484 -0.232001 5.244976
v -78.599426 -3.975540 5.307925
v -79.423805 -5.446484 5.207993
v -81.363319 -4.341888 4.965690
v -80.607651 -3.632072 4.981472
v -84.134575 -0.238554 5.018367
v -83.875336 0.433697 5.037367
v -82.039978 -3.742722 4.766966
v -86.781647 0.289492 4.674127
v -53.359581 -10.684067 7.431383
v -58.919487 -9.431868 7.021293
v -59.335945 -11.389694 6.961440
v -53.622753 -12.106283 7.410086
v -50.899414 -10.948202 7.553942
v -64.001396 -10.651316 6.480952
v -63.070915 -8.209368 6.615461
v -68.961861 -9.660915 5.781738
v -67.430763 -6.375519 6.041433
v -69.137253 -5.265785 5.810298
v -71.586472 -8.945427 5.410627
v -73.892204 -8.232517 5.084322
v -71.347168 -4.222826 5.506153
v -70.535080 -3.957825 5.625840
v -72.186829 -3.930777 5.387342
v -75.991928 -7.453606 4.787287
v -73.816269 -2.764380 5.163611
v -78.605392 -3.396505 4.455653
v -78.721725 -3.792881 4.433717
v -75.381302 -1.866133 4.945969
v -78.819366 -2.946419 4.429969
v -77.941154 -0.633346 4.587045
v -80.621124 -0.069053 4.378536
v -81.718002 -1.364046 4.348787
v -79.503998 -2.485834 4.394973
v -83.803604 0.596298 4.440764
v -84.238419 -0.392031 4.432756
v -80.582962 -3.497780 4.593737
v -81.560387 -4.611988 4.587826
v -44.493317 -12.435143 7.544887
v -50.123093 -10.010353 7.744052
v -50.055328 -10.646862 7.648915
v -49.055336 -12.307949 7.477383
v -77.845924 -6.608665 4.646287
v -79.572372 -5.741962 4.605009
v -69.768845 9.996002 3.366210
v -67.828629 7.526085 3.339107
v -71.158142 7.291056 3.380132
v -70.875175 6.832891 3.376060
v -68.079773 7.030216 3.341614
v -69.432755 5.249415 3.332647
v -65.058289 3.891024 3.223915
v -64.917145 6.085053 3.301213
v -64.418823 6.605557 3.295659
v -63.333736 5.763956 3.281160
v -57.553139 4.420641 3.207795
v -75.370979 4.326285 3.428770
v -73.883072 3.268089 3.333360
v -77.667511 3.915630 3.456760
v -80.392464 2.808440 3.489219
v -69.297379 3.589037 4.586740
v -77.674149 3.916290 2.920884
v -76.452942 3.087652 2.904715
v -75.377640 4.326941 2.892904
v -80.399109 2.809095 2.953339
v -69.323494 3.590910 2.816867
v -70.881813 6.833550 2.840181
v -68.086426 7.030873 2.805735
v -71.164810 7.291714 2.844253
v -67.835258 7.526740 2.803229
v -69.775467 9.996655 2.830332
v -64.923790 6.085709 2.765334
v -63.340363 5.764613 2.745285
v -64.425476 6.606213 2.759781
v -57.559780 4.421300 2.671918
v -75.214256 2.011703 2.888025
v -77.545654 2.095677 2.917056
v -70.411049 0.161497 2.826154
v -67.615616 0.358824 2.791708
v -70.626862 -0.331874 2.828235
v -67.297318 -0.096845 2.787209
v -68.871475 -2.814837 2.803408
v -64.617096 1.738897 2.756196
v -63.094418 2.279242 2.737966
v -64.050537 1.293573 2.748621
v -68.864822 -2.815493 3.339281
v -70.620224 -0.332532 3.364108
v -67.290680 -0.097503 3.323082
v -70.404396 0.160840 3.362033
v -67.608978 0.358166 3.327591
v -69.198608 1.931360 3.325681
v -64.610428 1.738240 3.292075
v -64.043945 1.292912 3.284500
v -63.087772 2.278584 3.273843
v -75.207642 2.011045 3.423904
v -77.539017 2.095020 3.452936
# 1662 vertices

vt 0.49195 0.99064
vt 0.49110 0.99149
vt 0.49365 0.99149
vt 0.49280 0.99064
vt 0.49365 0.98894
vt 0.49280 0.98979
vt 0.49110 0.98894
vt 0.49195 0.98979
vt 0.21536 0.53367
vt 0.15132 0.46961
vt 0.08727 0.53367
vt 0.15132 0.59770
vt 0.49364 0.98756
vt 0.49112 0.98756
vt 0.49196 0.98672
vt 0.49280 0.98672
vt 0.49364 0.98504
vt 0.49280 0.98589
vt 0.49112 0.98504
vt 0.49196 0.98589
vt 0.21542 0.53356
vt 0.15137 0.46950
vt 0.08733 0.53356
vt 0.15137 0.59759
vt 0.89027 0.95182
vt 0.83730 0.95750
vt 0.84031 0.97145
vt 0.89200 0.96035
vt 0.92659 0.94543
vt 0.90966 0.94407
vt 0.79352 0.97825
vt 0.79434 0.95756
vt 0.74229 0.98300
vt 0.74651 0.95247
vt 0.72667 0.94747
vt 0.71508 0.98345
vt 0.91607 0.93711
vt 0.92705 0.93592
vt 0.96048 0.93111
vt 0.92729 0.92722
vt 0.96017 0.92574
vt 0.98758 0.92350
vt 0.91117 0.92804
vt 0.91279 0.93139
vt 0.90066 0.92904
vt 0.71038 0.94080
vt 0.69182 0.98277
vt 0.69478 0.94454
vt 0.67076 0.98114
vt 0.67673 0.93929
vt 0.65171 0.97826
vt 0.66039 0.93529
vt 0.70356 0.94489
vt 0.63770 0.95457
vt 0.63390 0.94995
vt 0.63581 0.93143
vt 0.62731 0.94706
vt 0.60682 0.94151
vt 0.61269 0.93175
vt 0.63729 0.96045
vt 0.63511 0.97509
vt 0.61790 0.97222
vt 0.62149 0.96522
vt 0.58552 0.93180
vt 0.58421 0.93761
vt 0.61129 0.96969
vt 0.56149 0.93534
vt 0.35491 0.97512
vt 0.35413 0.98336
vt 0.38625 0.98801
vt 0.38689 0.97689
vt 0.34094 0.97269
vt 0.41224 0.99076
vt 0.41076 0.97652
vt 0.43997 0.99254
vt 0.43643 0.97315
vt 0.44697 0.96977
vt 0.45484 0.99244
vt 0.46798 0.99191
vt 0.46005 0.96743
vt 0.45614 0.96491
vt 0.46487 0.96708
vt 0.48011 0.99074
vt 0.47503 0.96327
vt 0.49937 0.97319
vt 0.49945 0.97542
vt 0.48449 0.96076
vt 0.50111 0.97113
vt 0.49961 0.95788
vt 0.50529 0.96965
vt 0.51829 0.96678
vt 0.51433 0.95859
vt 0.53266 0.96511
vt 0.53174 0.95940
vt 0.50956 0.97658
vt 0.51304 0.98375
vt 0.51685 0.97989
vt 0.28289 0.96759
vt 0.30327 0.97092
vt 0.30277 0.96591
vt 0.32618 0.96365
vt 0.33812 0.96621
vt 0.33676 0.96966
vt 0.32865 0.97733
vt 0.33808 0.96309
vt 0.34657 0.96430
vt 0.49095 0.98889
vt 0.50113 0.98678
vt 0.54682 0.96502
vt 0.89345 0.96803
vt 0.83967 0.98047
vt 0.79207 0.98762
vt 0.74031 0.99224
vt 0.71281 0.99237
vt 0.92826 0.95054
vt 0.96124 0.93435
vt 0.83629 0.94910
vt 0.88835 0.94426
vt 0.90609 0.93926
vt 0.79383 0.94870
vt 0.74652 0.94354
vt 0.72748 0.93877
vt 0.70994 0.93345
vt 0.91121 0.93640
vt 0.91076 0.93285
vt 0.62502 0.95369
vt 0.60469 0.94859
vt 0.63077 0.95491
vt 0.63279 0.95580
vt 0.63253 0.95656
vt 0.61238 0.92427
vt 0.63569 0.92385
vt 0.58517 0.92666
vt 0.66075 0.92745
vt 0.67711 0.93112
vt 0.69463 0.93611
vt 0.70199 0.93620
vt 0.58257 0.94252
vt 0.61645 0.97582
vt 0.62028 0.96246
vt 0.68923 0.99137
vt 0.66795 0.98941
vt 0.64953 0.98539
vt 0.63361 0.98056
vt 0.15227 0.46642
vt 0.13673 0.48524
vt 0.16883 0.48555
vt 0.13681 0.49006
vt 0.16837 0.49033
vt 0.15153 0.51044
vt 0.20511 0.53395
vt 0.20941 0.50607
vt 0.21653 0.50169
vt 0.22948 0.51222
vt 0.30002 0.53395
vt 0.07506 0.51870
vt 0.09349 0.53395
vt 0.04556 0.52301
vt 0.01115 0.53395
vt 0.15128 0.53395
vt 0.02248 0.37985
vt 0.02372 0.39141
vt 0.01793 0.38563
vt 0.01794 0.36595
vt 0.01795 0.42127
vt 0.03462 0.41466
vt 0.03460 0.42861
vt 0.03700 0.41343
vt 0.03697 0.43003
vt 0.04991 0.42130
vt 0.02881 0.44402
vt 0.02665 0.45178
vt 0.03123 0.44668
vt 0.01794 0.48005
vt 0.06934 0.08871
vt 0.06917 0.08810
vt 0.07014 0.08644
vt 0.07012 0.08784
vt 0.09789 0.08175
vt 0.09384 0.08428
vt 0.09333 0.08305
vt 0.09710 0.07999
vt 0.05150 0.08002
vt 0.04298 0.07861
vt 0.04360 0.07685
vt 0.05218 0.07811
vt 0.03360 0.07367
vt 0.08021 0.08860
vt 0.07465 0.09409
vt 0.07464 0.09331
vt 0.07946 0.08775
vt 0.09171 0.08373
vt 0.08025 0.08795
vt 0.07932 0.08636
vt 0.09126 0.08178
vt 0.11761 0.07367
vt 0.15227 0.60148
vt 0.16883 0.58235
vt 0.13673 0.58266
vt 0.13681 0.57784
vt 0.16837 0.57757
vt 0.15153 0.55746
vt 0.20941 0.56183
vt 0.21653 0.56621
vt 0.22948 0.55568
vt 0.07506 0.54920
vt 0.04556 0.54489
vt 0.34735 0.27039
vt 0.33849 0.25736
vt 0.38583 0.18550
vt 0.31009 0.28365
vt 0.32097 0.29080
vt 0.30524 0.30842
vt 0.29871 0.29460
vt 0.28122 0.30206
vt 0.28310 0.31745
vt 0.26233 0.29943
vt 0.25819 0.31225
vt 0.22975 0.28118
vt 0.22654 0.29282
vt 0.19825 0.28046
vt 0.19933 0.29146
vt 0.17413 0.28389
vt 0.17908 0.29520
vt 0.16846 0.30349
vt 0.13585 0.30498
vt 0.16408 0.31440
vt 0.13121 0.33752
vt 0.11656 0.33580
vt 0.10995 0.31255
vt 0.16568 0.32461
vt 0.14967 0.34958
vt 0.16309 0.34483
vt 0.17743 0.33578
vt 0.10461 0.34369
vt 0.08674 0.31223
vt 0.07961 0.35560
vt 0.09479 0.36373
vt 0.10209 0.35859
vt 0.10857 0.37412
vt 0.06595 0.30763
vt 0.06442 0.34675
vt 0.05096 0.31793
vt 0.05181 0.30047
vt 0.05580 0.33483
vt 0.07173 0.36482
vt 0.08811 0.37035
vt 0.05379 0.35450
vt 0.03917 0.33545
vt 0.03446 0.31190
vt 0.04002 0.28978
vt 0.11629 0.20680
vt 0.14012 0.20672
vt 0.16386 0.20862
vt 0.09559 0.20950
vt 0.07021 0.23856
vt 0.07627 0.20411
vt 0.06433 0.21163
vt 0.05908 0.26316
vt 0.20231 0.21746
vt 0.24019 0.22955
vt 0.26720 0.23038
vt 0.29553 0.22657
vt 0.33039 0.21367
vt 0.16505 0.02753
vt 0.14775 0.02367
vt 0.14759 0.03048
vt 0.13830 0.03476
vt 0.13856 0.01901
vt 0.13421 0.01775
vt 0.13394 0.03588
vt 0.12944 0.01757
vt 0.12918 0.03591
vt 0.14234 0.02129
vt 0.14213 0.03262
vt 0.12174 0.03529
vt 0.12194 0.01799
vt 0.11569 0.01691
vt 0.11551 0.03624
vt 0.11068 0.01611
vt 0.11052 0.03695
vt 0.10724 0.01574
vt 0.10710 0.03727
vt 0.09307 0.03814
vt 0.09314 0.01475
vt 0.08953 0.01424
vt 0.08946 0.03862
vt 0.08389 0.01377
vt 0.08384 0.03908
vt 0.08012 0.01355
vt 0.08008 0.03929
vt 0.07644 0.01305
vt 0.07641 0.03978
vt 0.07243 0.01282
vt 0.07242 0.04000
vt 0.06804 0.01236
vt 0.06803 0.04046
vt 0.09734 0.03734
vt 0.09743 0.01557
vt 0.06263 0.01305
vt 0.06263 0.03977
vt 0.05829 0.01393
vt 0.05826 0.03888
vt 0.05323 0.01512
vt 0.05317 0.03765
vt 0.04753 0.01696
vt 0.04744 0.03576
vt 0.04185 0.01883
vt 0.04173 0.03379
vt 0.03637 0.02028
vt 0.03622 0.03222
vt 0.02808 0.02163
vt 0.02792 0.03058
vt 0.02129 0.02320
vt 0.02117 0.02872
vt 0.01466 0.02580
vt 0.10411 0.03760
vt 0.10424 0.01537
vt 0.10158 0.01513
vt 0.10147 0.03782
vt 0.14425 0.92596
vt 0.14786 0.94181
vt 0.08426 0.96335
vt 0.18385 0.92463
vt 0.17801 0.91323
vt 0.25738 0.90526
vt 0.25255 0.89254
vt 0.37200 0.88190
vt 0.36805 0.86628
vt 0.52603 0.84770
vt 0.52429 0.83382
vt 0.69191 0.81435
vt 0.69096 0.80053
vt 0.73404 0.79407
vt 0.73455 0.80920
vt 0.77797 0.79004
vt 0.77771 0.80732
vt 0.98052 0.81681
vt 0.98156 0.80137
vt 0.02459 0.73542
vt 0.02800 0.69240
vt 0.17687 0.69157
vt 0.17201 0.74068
vt 0.29869 0.74741
vt 0.30580 0.68653
vt 0.41345 0.75713
vt 0.42276 0.67792
vt 0.46680 0.76105
vt 0.47810 0.67074
vt 0.52532 0.66468
vt 0.51448 0.76251
vt 0.54166 0.75226
vt 0.56331 0.66098
vt 0.57245 0.66862
vt 0.56674 0.74359
vt 0.58498 0.67576
vt 0.60236 0.68251
vt 0.60695 0.73443
vt 0.62783 0.68751
vt 0.64203 0.72919
vt 0.65199 0.68875
vt 0.67464 0.72657
vt 0.67978 0.68744
vt 0.70988 0.72758
vt 0.71421 0.67775
vt 0.68193 0.67466
vt 0.65572 0.67109
vt 0.63417 0.66670
vt 0.61410 0.65961
vt 0.60294 0.65142
vt 0.59827 0.64390
vt 0.58172 0.64553
vt 0.60323 0.63535
vt 0.27320 0.35914
vt 0.27330 0.35097
vt 0.31724 0.34864
vt 0.31728 0.35312
vt 0.23303 0.35671
vt 0.21876 0.36482
vt 0.35333 0.34865
vt 0.35322 0.35117
vt 0.39208 0.34381
vt 0.39197 0.35559
vt 0.43985 0.33311
vt 0.44102 0.35356
vt 0.43089 0.37904
vt 0.39144 0.37686
vt 0.35184 0.37440
vt 0.35304 0.35799
vt 0.47367 0.35259
vt 0.46222 0.37713
vt 0.47139 0.31782
vt 0.49624 0.29574
vt 0.49613 0.31735
vt 0.52824 0.28964
vt 0.49590 0.25159
vt 0.44103 0.26203
vt 0.44154 0.27192
vt 0.39359 0.27239
vt 0.54062 0.24763
vt 0.56709 0.27655
vt 0.56742 0.30564
vt 0.52502 0.33146
vt 0.57194 0.32441
vt 0.58562 0.29390
vt 0.61568 0.29528
vt 0.62430 0.26974
vt 0.63739 0.29254
vt 0.52162 0.36600
vt 0.58361 0.34664
vt 0.58916 0.26154
vt 0.65942 0.27485
vt 0.65714 0.28857
vt 0.68089 0.27738
vt 0.49595 0.35247
vt 0.47340 0.37650
vt 0.60431 0.74594
vt 0.56154 0.75788
vt 0.63875 0.73968
vt 0.67148 0.73684
vt 0.70776 0.73795
vt 0.54265 0.76773
vt 0.60790 0.77780
vt 0.59950 0.77922
vt 0.16033 0.95154
vt 0.19476 0.94645
vt 0.18905 0.93407
vt 0.26782 0.93906
vt 0.26302 0.92122
vt 0.38165 0.92736
vt 0.37784 0.90541
vt 0.53222 0.91179
vt 0.53026 0.88755
vt 0.69518 0.90036
vt 0.69434 0.87321
vt 0.73508 0.87135
vt 0.73520 0.89880
vt 0.77592 0.89769
vt 0.77657 0.86919
vt 0.97489 0.89528
vt 0.97673 0.86473
vt 0.02893 0.67853
vt 0.17789 0.67651
vt 0.30688 0.67032
vt 0.42417 0.65754
vt 0.47897 0.64753
vt 0.52573 0.63919
vt 0.56868 0.63322
vt 0.16992 0.76877
vt 0.02293 0.76286
vt 0.29582 0.77452
vt 0.41006 0.78677
vt 0.47661 0.79129
vt 0.54859 0.79434
vt 0.31710 0.37017
vt 0.27271 0.37077
vt 0.23044 0.35396
vt 0.23574 0.34705
vt 0.22912 0.34524
vt 0.23140 0.33863
vt 0.23829 0.33915
vt 0.35370 0.83783
vt 0.31570 0.84970
vt 0.31548 0.83359
vt 0.38155 0.82421
vt 0.25849 0.83716
vt 0.25871 0.86089
vt 0.21492 0.83813
vt 0.21363 0.86721
vt 0.17411 0.83944
vt 0.17285 0.87009
vt 0.12252 0.87369
vt 0.12781 0.84211
vt 0.08851 0.84484
vt 0.08084 0.87119
vt 0.07015 0.86885
vt 0.06230 0.84791
vt 0.01552 0.85314
vt 0.06159 0.83231
vt 0.09817 0.81843
vt 0.13430 0.80796
vt 0.17599 0.80210
vt 0.21708 0.80017
vt 0.25982 0.79927
vt 0.31679 0.80109
vt 0.51790 0.39286
vt 0.58556 0.37400
vt 0.60959 0.78947
vt 0.60056 0.79073
vt 0.47619 0.44229
vt 0.42926 0.44933
vt 0.43199 0.40674
vt 0.47845 0.41501
vt 0.53223 0.43994
vt 0.37656 0.40745
vt 0.38193 0.45904
vt 0.35053 0.45257
vt 0.33796 0.40455
vt 0.29102 0.44278
vt 0.30372 0.39849
vt 0.27579 0.43663
vt 0.27740 0.39072
vt 0.26618 0.43406
vt 0.25308 0.38236
vt 0.25486 0.43307
vt 0.23449 0.38912
vt 0.24106 0.43540
vt 0.23105 0.43951
vt 0.21600 0.39460
vt 0.17771 0.44458
vt 0.17500 0.40220
vt 0.16835 0.43878
vt 0.16237 0.40364
vt 0.15751 0.43392
vt 0.14175 0.40479
vt 0.14493 0.43308
vt 0.13519 0.43324
vt 0.11952 0.40468
vt 0.11240 0.42489
vt 0.08693 0.40484
vt 0.70080 0.11432
vt 0.73653 0.06409
vt 0.77129 0.12402
vt 0.69794 0.06182
vt 0.66313 0.05915
vt 0.65665 0.11145
vt 0.75442 0.15444
vt 0.70256 0.14924
vt 0.66051 0.14924
vt 0.69865 0.02547
vt 0.73658 0.02911
vt 0.75790 0.06807
vt 0.75797 0.03411
vt 0.66754 0.01975
vt 0.78145 0.04648
vt 0.77365 0.03399
vt 0.56551 0.01597
vt 0.56746 0.05897
vt 0.57220 0.11833
vt 0.49490 0.12556
vt 0.48824 0.06108
vt 0.48449 0.01964
vt 0.43663 0.02299
vt 0.44320 0.06244
vt 0.45455 0.12722
vt 0.49731 0.16435
vt 0.45535 0.16401
vt 0.38662 0.02452
vt 0.39327 0.06274
vt 0.41217 0.12734
vt 0.41320 0.16060
vt 0.57611 0.15767
vt 0.36484 0.12973
vt 0.36263 0.05937
vt 0.35673 0.01971
vt 0.35805 0.12928
vt 0.32725 0.07345
vt 0.31853 0.03292
vt 0.34420 0.13172
vt 0.32230 0.13200
vt 0.29154 0.08014
vt 0.30226 0.13560
vt 0.28187 0.12365
vt 0.25375 0.11219
vt 0.21564 0.09269
vt 0.20875 0.05389
vt 0.28327 0.03963
vt 0.18131 0.06349
vt 0.22136 0.10944
vt 0.19531 0.10437
vt 0.17084 0.09616
vt 0.16793 0.07224
vt 0.20235 0.02351
vt 0.27754 0.00947
vt 0.31712 0.01346
vt 0.86935 0.36178
vt 0.89101 0.34587
vt 0.89495 0.37000
vt 0.91848 0.36091
vt 0.91363 0.38077
vt 0.93980 0.37965
vt 0.86648 0.33293
vt 0.84379 0.36604
vt 0.84445 0.34681
vt 0.82659 0.38133
vt 0.82493 0.35437
vt 0.81675 0.41198
vt 0.80695 0.36761
vt 0.79641 0.36006
vt 0.79846 0.41157
vt 0.77511 0.40534
vt 0.78513 0.35636
vt 0.77581 0.35768
vt 0.75357 0.36918
vt 0.75139 0.39322
vt 0.72446 0.36981
vt 0.82966 0.41383
vt 0.84399 0.40103
vt 0.85140 0.38866
vt 0.86774 0.38342
vt 0.84425 0.41179
vt 0.81565 0.32993
vt 0.84646 0.31532
vt 0.82562 0.30527
vt 0.80762 0.29320
vt 0.79718 0.29859
vt 0.78607 0.29973
vt 0.77485 0.31552
vt 0.77683 0.29713
vt 0.75354 0.30529
vt 0.75521 0.28300
vt 0.72840 0.27457
vt 0.72491 0.29376
vt 0.69726 0.27681
vt 0.70283 0.29305
vt 0.68067 0.30307
vt 0.65741 0.31014
vt 0.63726 0.31223
vt 0.61538 0.32470
vt 0.53553 0.41078
vt 0.55260 0.40159
vt 0.63077 0.43222
vt 0.64244 0.40615
vt 0.67623 0.40654
vt 0.67300 0.42415
vt 0.70486 0.40497
vt 0.71203 0.41896
vt 0.72686 0.40276
vt 0.74645 0.41293
vt 0.74583 0.42699
vt 0.77397 0.42382
vt 0.77276 0.43630
vt 0.80113 0.43069
vt 0.80098 0.44571
vt 0.82998 0.43133
vt 0.83151 0.45286
vt 0.60694 0.38467
vt 0.88040 0.46037
vt 0.87932 0.45168
vt 0.92259 0.48856
vt 0.85552 0.45760
vt 0.85618 0.44721
vt 0.83916 0.43896
vt 0.75279 0.35048
vt 0.72408 0.35186
vt 0.70168 0.35995
vt 0.77449 0.33993
vt 0.67892 0.34694
vt 0.65655 0.33688
vt 0.63647 0.33424
vt 0.77744 0.26214
vt 0.75660 0.26267
vt 0.77808 0.25102
vt 0.79678 0.26808
vt 0.80722 0.24218
vt 0.80864 0.22982
vt 0.81121 0.27631
vt 0.81752 0.25247
vt 0.83054 0.25775
vt 0.82816 0.28442
vt 0.84724 0.28408
vt 0.84513 0.25818
vt 0.86093 0.27629
vt 0.85827 0.25421
vt 0.88665 0.23707
vt 0.89474 0.64789
vt 0.86142 0.65422
vt 0.87285 0.62756
vt 0.88986 0.62569
vt 0.92350 0.61631
vt 0.93010 0.62791
vt 0.43403 0.47204
vt 0.38407 0.48633
vt 0.47766 0.45914
vt 0.82135 0.63904
vt 0.83848 0.62144
vt 0.83267 0.62129
vt 0.83230 0.61057
vt 0.88080 0.57469
vt 0.88308 0.58362
vt 0.71942 0.61288
vt 0.71298 0.60824
vt 0.73895 0.57579
vt 0.74650 0.58265
vt 0.76488 0.62752
vt 0.77728 0.59363
vt 0.81838 0.62232
vt 0.80114 0.62121
vt 0.81759 0.60246
vt 0.37788 0.16247
vt 0.95132 0.39736
vt 0.90465 0.40397
vt 0.88654 0.39094
vt 0.36926 0.16156
vt 0.36007 0.16322
vt 0.30358 0.16605
vt 0.28550 0.15895
vt 0.27454 0.13766
vt 0.24980 0.11990
vt 0.88159 0.45109
vt 0.88787 0.44481
vt 0.88498 0.44192
vt 0.89075 0.44770
vt 0.88259 0.45000
vt 0.88311 0.45061
vt 0.88933 0.44538
vt 0.88834 0.44405
vt 0.88610 0.44532
vt 0.62406 0.45993
vt 0.79770 0.46369
vt 0.76982 0.45256
vt 0.83055 0.47587
vt 0.74528 0.44567
vt 0.71568 0.44831
vt 0.67429 0.45628
vt 0.88634 0.44039
vt 0.88272 0.47344
vt 0.85723 0.47427
vt 0.86394 0.43365
vt 0.85196 0.42560
vt 0.60825 0.36966
vt 0.62702 0.36794
vt 0.66564 0.23501
vt 0.69639 0.23798
vt 0.69714 0.26406
vt 0.66258 0.26166
vt 0.63191 0.23018
vt 0.62822 0.25471
vt 0.59229 0.24138
vt 0.59567 0.22096
vt 0.54171 0.21564
vt 0.54476 0.20042
vt 0.72166 0.23176
vt 0.74470 0.22040
vt 0.75793 0.24420
vt 0.72657 0.25827
vt 0.75984 0.20804
vt 0.78322 0.22104
vt 0.80867 0.19594
vt 0.78867 0.17855
vt 0.81822 0.14834
vt 0.83259 0.17464
vt 0.85045 0.12794
vt 0.85546 0.16369
vt 0.88484 0.15647
vt 0.88939 0.11816
vt 0.98909 0.10200
vt 0.92804 0.15460
vt 0.97549 0.60758
vt 0.93479 0.55703
vt 0.99482 0.61152
vt 0.92457 0.55992
vt 0.92456 0.56603
vt 0.92358 0.57348
vt 0.94826 0.60969
vt 0.91904 0.58130
vt 0.91339 0.58661
vt 0.90477 0.59011
vt 0.89675 0.59035
vt 0.88911 0.58766
vt 0.92065 0.54207
vt 0.91800 0.55615
vt 0.92000 0.56533
vt 0.91890 0.57122
vt 0.91531 0.57724
vt 0.91115 0.58021
vt 0.90498 0.58209
vt 0.89814 0.58201
vt 0.89156 0.57991
vt 0.35280 0.48254
vt 0.28301 0.45695
vt 0.27178 0.44885
vt 0.26360 0.44613
vt 0.25424 0.44512
vt 0.24341 0.44688
vt 0.23077 0.45214
vt 0.17635 0.45359
vt 0.16376 0.44492
vt 0.15436 0.44116
vt 0.14458 0.44057
vt 0.13527 0.44095
vt 0.10761 0.42915
vt 0.09410 0.42418
vt 0.87204 0.56633
vt 0.80798 0.58392
vt 0.86886 0.56108
vt 0.88383 0.54132
vt 0.79364 0.59001
vt 0.77518 0.56469
vt 0.78090 0.56912
vt 0.79001 0.57160
vt 0.80114 0.57040
vt 0.81006 0.56274
vt 0.81434 0.55306
vt 0.82484 0.53493
vt 0.81184 0.54140
vt 0.77469 0.55297
vt 0.79776 0.13227
vt 0.78953 0.02956
vt 0.84808 0.09564
vt 0.86090 0.03249
vt 0.82339 0.00499
vt 0.86331 0.10849
vt 0.87865 0.02999
vt 0.91329 0.07133
vt 0.91188 0.08639
vt 0.87969 0.11260
vt 0.89526 0.11027
vt 0.90713 0.09901
vt 0.89659 0.03028
vt 0.91278 0.03824
vt 0.93276 0.05678
vt 0.78465 0.55933
vt 0.79167 0.56267
vt 0.79872 0.56174
vt 0.80520 0.55661
vt 0.80908 0.55019
vt 0.91570 0.33762
vt 0.98166 0.27840
vt 0.93195 0.34463
vt 0.98396 0.29990
vt 0.94954 0.34576
vt 0.98276 0.31532
vt 0.96486 0.34021
vt 0.97522 0.33202
vt 0.90088 0.24263
vt 0.99427 0.25092
vt 0.93049 0.22847
vt 0.95713 0.22804
vt 0.97876 0.23624
vt 0.89603 0.31923
vt 0.87656 0.29926
vt 0.95042 0.61461
vt 0.64887 0.38651
vt 0.68758 0.38008
vt 0.70656 0.37777
vt 0.82500 0.20756
vt 0.84139 0.19125
vt 0.85837 0.18601
vt 0.87639 0.18759
vt 0.88636 0.19035
vt 0.61386 0.35100
vt 0.63461 0.35387
vt 0.65585 0.35807
vt 0.67794 0.36829
vt 0.49637 0.22021
vt 0.44119 0.22550
vt 0.33075 0.16398
vt 0.81703 0.63125
vt 0.94241 0.17207
vt 0.68625 0.53847
vt 0.64937 0.58243
vt 0.62523 0.57434
vt 0.64132 0.54455
vt 0.59797 0.57268
vt 0.60152 0.55303
vt 0.75377 0.53556
vt 0.70113 0.55652
vt 0.56291 0.56543
vt 0.57165 0.58383
vt 0.16878 0.60949
vt 0.21913 0.59357
vt 0.21895 0.61009
vt 0.26766 0.61559
vt 0.26675 0.62781
vt 0.30213 0.63437
vt 0.30337 0.61884
vt 0.30351 0.59434
vt 0.26675 0.59543
vt 0.33725 0.59298
vt 0.33684 0.61809
vt 0.37125 0.59164
vt 0.36961 0.61581
vt 0.39590 0.59049
vt 0.39415 0.61093
vt 0.39475 0.62280
vt 0.42955 0.59686
vt 0.36931 0.63206
vt 0.33664 0.63608
vt 0.26531 0.58131
vt 0.30251 0.57270
vt 0.33646 0.56543
vt 0.36135 0.56612
vt 0.37278 0.56718
vt 0.39760 0.56562
vt 0.43521 0.56303
vt 0.46911 0.58026
vt 0.46890 0.55947
vt 0.50155 0.57184
vt 0.49934 0.55501
vt 0.53236 0.56799
vt 0.52773 0.54945
vt 0.54872 0.54177
vt 0.57290 0.53494
vt 0.35604 0.56098
vt 0.61701 0.49731
vt 0.56897 0.49880
vt 0.66221 0.49432
vt 0.73639 0.49095
vt 0.81600 0.49227
vt 0.79394 0.49133
vt 0.56829 0.52987
vt 0.52251 0.52533
vt 0.52487 0.49771
vt 0.47474 0.49830
vt 0.47315 0.52682
vt 0.42614 0.53119
vt 0.42656 0.49999
vt 0.39413 0.53513
vt 0.39377 0.50199
vt 0.35840 0.50535
vt 0.35986 0.54051
vt 0.39563 0.54573
vt 0.36279 0.55421
vt 0.42713 0.53899
vt 0.47317 0.53276
vt 0.52215 0.53020
vt 0.56763 0.53305
vt 0.78410 0.72501
vt 0.83399 0.71384
vt 0.83133 0.73155
vt 0.77990 0.74139
vt 0.87843 0.72646
vt 0.88001 0.70685
vt 0.91705 0.70372
vt 0.91636 0.72274
vt 0.95092 0.70094
vt 0.95085 0.72038
vt 0.74316 0.73974
vt 0.74515 0.72796
vt 0.97093 0.71869
vt 0.98001 0.69854
vt 0.98001 0.71277
vt 0.83778 0.66892
vt 0.79007 0.67515
vt 0.88043 0.66677
vt 0.91710 0.66471
vt 0.95153 0.66371
vt 0.98001 0.66323
vt 0.75142 0.67752
vt 0.53166 0.57947
vt 0.50217 0.58049
vt 0.47005 0.58857
vt 0.43432 0.60427
vt 0.40064 0.62917
vt 0.37296 0.63997
vt 0.33653 0.64472
vt 0.30121 0.64276
vt 0.26469 0.63492
vt 0.21749 0.61632
vt 0.70889 0.56279
vt 0.76212 0.54143
vt 0.80975 0.50601
vt 0.64969 0.59036
vt 0.08660 0.15403
vt 0.07360 0.15579
vt 0.07957 0.14757
vt 0.08650 0.14853
vt 0.09563 0.15372
vt 0.09517 0.14851
vt 0.10488 0.15484
vt 0.10388 0.14848
vt 0.11501 0.15748
vt 0.11310 0.14840
vt 0.07356 0.14510
vt 0.12457 0.16296
vt 0.12313 0.14888
vt 0.13184 0.16516
vt 0.12977 0.14918
vt 0.14144 0.16522
vt 0.13274 0.14832
vt 0.15054 0.16360
vt 0.14840 0.13888
vt 0.15984 0.16056
vt 0.15819 0.13888
vt 0.13376 0.14659
vt 0.17161 0.15204
vt 0.08667 0.14468
vt 0.07312 0.13888
vt 0.08633 0.13888
vt 0.10089 0.14501
vt 0.10040 0.13888
vt 0.11400 0.14473
vt 0.11341 0.13888
vt 0.13147 0.14531
vt 0.12272 0.14455
vt 0.12222 0.13888
vt 0.13100 0.13888
vt 0.62473 0.58068
vt 0.59886 0.57729
vt 0.06461 0.13888
vt 0.06577 0.15274
vt 0.05180 0.13888
vt 0.05914 0.15245
vt 0.03806 0.13888
vt 0.05379 0.15377
vt 0.04065 0.14892
vt 0.03028 0.14624
vt 0.02031 0.13888
vt 0.17209 0.15506
vt 0.18468 0.15256
vt 0.49613 0.31702
vt 0.88363 0.45123
vt 0.88884 0.44857
vt 0.89048 0.44658
# 1005 texture vertices

vn 0.00000 0.19159 0.98147
vn -0.00000 0.25679 0.96647
vn 0.25679 0.00000 0.96647
vn 0.19159 -0.00000 0.98148
vn 0.00000 -0.25679 0.96647
vn -0.00000 -0.19159 0.98148
vn -0.25679 -0.00000 0.96647
vn -0.19159 0.00000 0.98148
vn 0.25679 0.00000 -0.96647
vn -0.00000 0.25679 -0.96647
vn 0.00000 0.19159 -0.98147
vn 0.19159 -0.00000 -0.98148
vn 0.00000 -0.25679 -0.96647
vn -0.00000 -0.19159 -0.98148
vn -0.25679 -0.00000 -0.96647
vn -0.19159 0.00000 -0.98148
vn -0.05011 -0.03853 -0.99800
vn -0.11816 -0.02791 -0.99260
vn -0.11670 -0.02758 -0.99278
vn -0.04822 -0.02197 -0.99860
vn 0.01388 -0.09005 -0.99584
vn -0.02104 -0.22566 -0.97398
vn -0.14996 -0.01704 -0.98855
vn -0.14793 -0.01914 -0.98881
vn -0.16821 -0.01826 -0.98558
vn -0.16848 -0.01977 -0.98551
vn -0.17159 -0.01711 -0.98502
vn -0.17031 -0.01706 -0.98524
vn 0.08476 0.13837 -0.98675
vn 0.06239 0.12897 -0.98968
vn 0.10250 0.23255 -0.96717
vn 0.11863 0.33543 -0.93456
vn 0.10742 0.25202 -0.96174
vn 0.12447 0.24545 -0.96139
vn 0.06925 0.40185 -0.91309
vn 0.93597 0.28120 -0.21184
vn 0.93597 0.28120 -0.21184
vn 0.04583 0.43005 -0.90164
vn -0.40565 -0.17702 -0.89672
vn -0.16900 -0.01824 -0.98545
vn -0.17074 -0.01716 -0.98517
vn -0.17200 -0.01657 -0.98496
vn -0.16830 -0.01805 -0.98557
vn -0.17093 -0.01474 -0.98517
vn -0.19901 -0.08464 -0.97633
vn -0.17330 -0.01360 -0.98477
vn -0.16522 -0.02135 -0.98603
vn -0.17211 -0.01425 -0.98497
vn -0.15830 -0.02663 -0.98703
vn -0.13799 -0.03009 -0.98998
vn -0.10679 -0.05759 -0.99261
vn -0.09112 0.00279 -0.99584
vn -0.09519 0.02181 -0.99522
vn -0.14919 0.00972 -0.98876
vn -0.34176 -0.43061 -0.83533
vn -0.39174 -0.25253 -0.88474
vn -0.16714 0.13267 -0.97697
vn -0.11406 0.00876 -0.99344
vn -0.12159 0.01380 -0.99248
vn -0.38842 -0.10388 -0.91561
vn -0.14956 0.02259 -0.98849
vn 0.08876 0.00206 0.99605
vn 0.08535 0.01143 0.99629
vn 0.11567 0.00760 0.99326
vn 0.11498 0.00996 0.99332
vn 0.05941 0.08386 0.99470
vn 0.14806 0.00431 0.98897
vn 0.14455 0.00891 0.98946
vn 0.16515 0.00890 0.98623
vn 0.16385 0.01092 0.98642
vn 0.16713 0.01009 0.98588
vn 0.16803 0.00953 0.98574
vn 0.16854 0.00999 0.98564
vn 0.16761 0.01048 0.98580
vn 0.16646 0.00968 0.98600
vn 0.16900 0.00997 0.98557
vn 0.15358 -0.00194 0.98813
vn 0.16915 0.00987 0.98554
vn 0.16916 0.00987 0.98554
vn 0.06927 -0.02707 0.99723
vn 0.16915 0.00987 0.98554
vn 0.14448 0.01946 0.98932
vn 0.12955 0.01741 0.99142
vn 0.08742 0.04802 0.99501
vn 0.03906 0.02487 0.99893
vn 0.06472 -0.01537 0.99779
vn -0.02702 0.03159 0.99914
vn -0.01625 0.02372 0.99959
vn -0.03877 0.01149 0.99918
vn -0.03677 0.05682 0.99771
vn -0.11358 0.12387 0.98578
vn 0.03727 0.19905 0.97928
vn 0.05743 0.17869 0.98223
vn 0.05933 0.19056 0.97988
vn 0.04739 0.12785 0.99066
vn 0.03978 0.11521 0.99254
vn 0.06503 0.13780 0.98832
vn 0.04813 0.10803 0.99298
vn 0.03378 0.10060 0.99435
vn 0.02342 0.10362 0.99434
vn 0.05632 -0.06792 0.99610
vn -0.00751 -0.05774 0.99830
vn -0.05785 0.04197 0.99744
vn -0.10473 -0.96257 -0.24997
vn -0.09597 -0.96550 -0.24207
vn -0.16673 -0.93236 -0.32079
vn -0.17242 -0.92980 -0.32518
vn -0.20883 -0.92207 -0.32584
vn -0.21738 -0.91984 -0.32655
vn -0.26375 -0.90582 -0.33154
vn -0.27449 -0.90224 -0.33259
vn -0.31283 -0.88845 -0.33585
vn -0.31731 -0.88674 -0.33615
vn -0.03698 -0.94902 -0.31304
vn -0.04074 -0.94557 -0.32287
vn -0.07406 -0.87368 -0.48083
vn -0.06931 -0.87048 -0.48730
vn -0.10208 -0.86472 -0.49177
vn 0.21813 0.94393 -0.24784
vn 0.21542 0.94441 -0.24835
vn 0.13300 0.96303 -0.23426
vn 0.13878 0.96295 -0.23122
vn -0.15750 0.95502 -0.25126
vn -0.10024 0.96551 -0.24030
vn 0.29763 0.92110 -0.25096
vn 0.29061 0.92339 -0.25081
vn 0.43083 0.86676 -0.25122
vn 0.41475 0.87450 -0.25147
vn 0.58306 0.77481 -0.24438
vn 0.56351 0.78767 -0.24907
vn 0.12795 0.95274 -0.27552
vn 0.20032 0.93804 -0.28275
vn -0.35599 0.89281 -0.27598
vn -0.35762 0.89109 -0.27942
vn -0.82031 -0.08849 -0.56504
vn -0.85791 -0.05296 -0.51106
vn -0.85791 -0.05296 -0.51106
vn -0.56143 -0.50089 -0.65871
vn -0.37459 -0.73723 -0.56230
vn -0.50354 -0.83968 -0.20343
vn -0.50910 -0.83680 -0.20145
vn -0.41261 -0.88799 -0.20304
vn -0.40771 -0.88881 -0.20926
vn -0.75498 -0.62916 -0.18482
vn -0.74615 -0.63747 -0.19209
vn -0.97753 -0.08769 -0.19169
vn -0.97726 -0.08292 -0.19517
vn -0.94274 0.27936 -0.18220
vn -0.93774 0.30295 -0.16987
vn 0.19095 0.96130 -0.19858
vn 0.18924 0.96061 -0.20349
vn 0.29741 0.93263 -0.20434
vn 0.28570 0.93639 -0.20382
vn 0.05885 0.96344 -0.26137
vn 0.04327 0.96272 -0.26702
vn 0.45059 0.86811 -0.20824
vn 0.43527 0.87349 -0.21806
vn 0.49952 0.82326 -0.26966
vn 0.48165 0.83042 -0.28001
vn 0.39029 0.87584 -0.28386
vn 0.42009 0.86225 -0.28293
vn -0.04906 0.96286 -0.26552
vn -0.02121 0.96311 -0.26827
vn -0.08572 0.96475 -0.24882
vn -0.29671 -0.91415 -0.27622
vn -0.28589 -0.91501 -0.28464
vn -0.52735 -0.56934 -0.63067
vn -0.12811 0.94119 -0.31265
vn -0.00796 0.94573 -0.32486
vn 0.00651 0.95253 -0.30438
vn -0.35736 -0.87028 -0.33898
vn -0.35034 -0.87331 -0.33851
vn -0.40312 -0.84897 -0.34167
vn -0.40768 -0.84433 -0.34772
vn -0.42434 -0.82218 -0.37942
vn -0.42272 -0.81989 -0.38613
vn -0.44711 -0.76694 -0.46032
vn 0.15481 0.96668 -0.20390
vn 0.16459 0.96968 -0.18062
vn -0.22996 -0.93187 -0.28059
vn -0.01241 0.00123 -0.99992
vn -0.01241 0.00123 -0.99992
vn -0.01241 0.00123 -0.99992
vn -0.01014 -0.00516 -0.99994
vn -0.01144 -0.01004 -0.99988
vn -0.02420 0.24099 -0.97023
vn 0.01653 0.00327 -0.99986
vn 0.00567 -0.03470 -0.99938
vn -0.01260 -0.02684 -0.99956
vn -0.02463 -0.02827 -0.99930
vn -0.02253 0.00051 -0.99975
vn -0.00219 -0.05030 -0.99873
vn -0.03582 -0.00043 -0.99936
vn 0.00120 -0.03602 -0.99935
vn -0.00085 0.00204 -1.00000
vn -0.04514 0.60315 -0.79635
vn 0.01241 -0.00122 0.99992
vn 0.01241 -0.00123 0.99992
vn 0.01241 -0.00123 0.99992
vn 0.01241 -0.00122 0.99992
vn 0.01241 -0.00123 0.99992
vn 0.01241 -0.00123 0.99992
vn 0.01241 -0.00123 0.99992
vn 0.01241 -0.00123 0.99992
vn 0.01241 -0.00123 0.99992
vn 0.01241 -0.00123 0.99992
vn 0.01241 -0.00123 0.99992
vn 0.01241 -0.00122 0.99992
vn 0.01241 -0.00122 0.99992
vn 0.01241 -0.00122 0.99992
vn 0.01241 -0.00123 0.99992
vn 0.01241 -0.00122 0.99992
vn 0.01241 -0.00122 0.99992
vn 0.01241 -0.00122 0.99992
vn 0.01241 -0.00122 0.99992
vn 0.01241 -0.00122 0.99992
vn 0.01241 -0.00123 0.99992
vn 0.01241 -0.00123 0.99992
vn 0.01241 -0.00123 0.99992
vn 0.01241 -0.00122 0.99992
vn -0.99915 -0.03940 0.01237
vn -0.85072 -0.52553 0.00992
vn -0.85072 -0.52553 0.00992
vn -0.99915 -0.03939 0.01237
vn 0.42951 0.90305 -0.00426
vn 0.61280 0.79021 -0.00664
vn 0.61280 0.79021 -0.00665
vn 0.42954 0.90304 -0.00427
vn -0.33604 0.94183 0.00532
vn -0.27769 0.96066 0.00463
vn -0.27769 0.96066 0.00463
vn -0.33605 0.94183 0.00532
vn -0.37636 0.92646 0.00580
vn -0.37636 0.92646 0.00580
vn -0.48689 0.87343 0.00712
vn -0.48689 0.87343 0.00712
vn 0.78630 0.61777 -0.00902
vn 0.78630 0.61778 -0.00902
vn 0.78630 0.61778 -0.00902
vn 0.78630 0.61777 -0.00903
vn 0.28631 0.95813 -0.00239
vn 0.28631 0.95813 -0.00238
vn 0.28631 0.95813 -0.00238
vn 0.28631 0.95813 -0.00239
vn 0.22633 0.97405 -0.00163
vn 0.22633 0.97405 -0.00163
vn -0.72222 0.69159 0.00982
vn -0.72222 0.69159 0.00982
vn -0.72222 0.69159 0.00982
vn -0.72222 0.69160 0.00981
vn -0.88944 0.45690 0.01163
vn -0.88944 0.45690 0.01163
vn 0.89202 -0.45185 -0.01166
vn 0.89202 -0.45185 -0.01165
vn 0.89202 -0.45185 -0.01166
vn 0.89202 -0.45185 -0.01166
vn -0.01241 0.00123 -0.99992
vn -0.01241 0.00122 -0.99992
vn -0.01241 0.00122 -0.99992
vn -0.01106 0.00787 -0.99991
vn -0.01304 0.01251 -0.99984
vn 0.00960 -0.23794 -0.97123
vn 0.00045 0.03933 -0.99923
vn -0.01654 0.02899 -0.99944
vn -0.02864 0.02870 -0.99918
vn -0.00953 0.05368 -0.99851
vn -0.00417 0.04000 -0.99919
vn 0.03977 -0.60018 -0.79887
vn -0.99478 -0.10134 0.01221
vn -0.99477 -0.10137 0.01220
vn -0.91609 0.40079 0.01186
vn -0.91608 0.40081 0.01189
vn 0.55207 -0.83376 -0.00787
vn 0.55206 -0.83377 -0.00787
vn 0.71769 -0.69630 -0.00976
vn 0.71769 -0.69630 -0.00976
vn -0.20046 -0.97970 0.00129
vn -0.20046 -0.97970 0.00129
vn -0.14004 -0.99015 0.00053
vn -0.14003 -0.99015 0.00053
vn -0.24253 -0.97014 0.00182
vn -0.24253 -0.97014 0.00181
vn -0.35942 -0.93317 0.00333
vn -0.35942 -0.93317 0.00333
vn 0.86526 -0.50120 -0.01134
vn 0.86526 -0.50120 -0.01133
vn 0.86526 -0.50119 -0.01136
vn 0.86526 -0.50119 -0.01136
vn 0.41802 -0.90841 -0.00630
vn 0.41802 -0.90841 -0.00630
vn 0.41802 -0.90842 -0.00630
vn 0.41802 -0.90842 -0.00630
vn 0.36087 -0.93260 -0.00565
vn 0.36087 -0.93260 -0.00565
vn -0.61793 -0.78620 0.00671
vn -0.61793 -0.78620 0.00671
vn -0.61793 -0.78620 0.00671
vn -0.61793 -0.78620 0.00671
vn -0.81647 -0.57732 0.00942
vn -0.81647 -0.57731 0.00943
vn 0.81970 0.57271 -0.00945
vn 0.81970 0.57271 -0.00945
vn 0.81970 0.57271 -0.00945
vn 0.81970 0.57271 -0.00945
vn 0.65393 -0.68593 0.31917
vn 0.65102 -0.35739 0.66966
vn 0.83894 -0.54412 -0.01108
vn 0.69909 -0.41146 0.58479
vn 0.71276 -0.65298 0.25613
vn 0.67593 -0.40209 0.61762
vn 0.36355 0.19919 0.91003
vn 0.16347 -0.34987 0.92243
vn 0.14124 -0.38512 0.91199
vn -0.21348 -0.35801 0.90899
vn -0.22048 -0.36914 0.90284
vn -0.07939 -0.40684 0.91004
vn -0.08604 -0.41270 0.90680
vn 0.19006 -0.54209 0.81854
vn 0.16750 -0.85925 0.48336
vn 0.37204 -0.42979 0.82272
vn 0.52218 -0.69445 0.49505
vn 0.41312 -0.22761 0.88177
vn 0.02883 0.20559 0.97821
vn 0.26748 0.03868 0.96279
vn 0.15215 -0.03786 0.98763
vn 0.14340 -0.05561 0.98810
vn -0.09137 0.19802 0.97593
vn 0.13210 0.10268 0.98590
vn 0.13197 0.07564 0.98836
vn 0.14585 0.07953 0.98611
vn 0.19289 0.08243 0.97775
vn 0.08007 0.08112 0.99348
vn -0.18160 0.25928 0.94858
vn -0.13841 -0.18536 0.97287
vn 0.01622 -0.09743 0.99511
vn 0.34140 0.14386 0.92884
vn 0.06765 -0.04480 0.99670
vn -0.25558 0.33361 0.90741
vn -0.29022 -0.19361 0.93717
vn -0.55555 0.10827 0.82440
vn -0.53612 0.37814 0.75471
vn -0.38808 0.00744 0.92160
vn -0.31864 -0.67721 0.66321
vn -0.18289 -0.34880 0.91918
vn -0.51748 -0.74818 0.41526
vn -0.81683 -0.44518 0.36689
vn -0.94258 -0.06131 0.32829
vn -0.89521 0.31305 0.31716
vn -0.06606 0.48660 0.87113
vn -0.01289 0.51313 0.85821
vn 0.04109 0.60829 0.79265
vn -0.15491 0.60652 0.77983
vn -0.07163 0.42326 0.90317
vn -0.19851 0.41776 0.88661
vn -0.04888 0.30874 0.94989
vn -0.25377 0.31360 0.91501
vn -0.80110 0.42149 0.42496
vn 0.12839 0.68354 0.71853
vn 0.26360 0.71493 0.64761
vn 0.31994 0.69908 0.63947
vn 0.29868 0.77585 0.55573
vn 0.14662 0.72725 0.67053
vn 0.31549 0.66437 0.67756
vn 0.17101 0.67483 0.71789
vn -0.06376 0.65999 0.74856
vn -0.06012 0.64173 0.76457
vn -0.16591 0.58823 0.79149
vn -0.01557 0.57975 0.81465
vn -0.22252 0.55778 0.79960
vn 0.64579 -0.68513 -0.33698
vn 0.22862 -0.97351 -0.00403
vn 0.57088 -0.67778 -0.46337
vn -0.09590 -0.99539 -0.00003
vn -0.09589 -0.99539 -0.00003
vn -0.49486 -0.86896 0.00507
vn -0.49486 -0.86896 0.00508
vn 0.70616 -0.65233 -0.27533
vn -0.35639 -0.93433 0.00328
vn -0.35639 -0.93433 0.00328
vn 0.15543 -0.85805 -0.48949
vn 0.50972 -0.69321 -0.50956
vn 0.73235 -0.37092 -0.57104
vn 0.90470 -0.42588 -0.01175
vn 0.59585 -0.80305 -0.00838
vn 0.59586 -0.80304 -0.00838
vn 0.03879 -0.99925 -0.00171
vn 0.03877 -0.99925 -0.00171
vn -0.14933 -0.98879 0.00064
vn -0.14933 -0.98879 0.00064
vn 0.44994 -0.89303 -0.00668
vn 0.44992 -0.89304 -0.00668
vn 0.94531 -0.32594 -0.01213
vn 0.94531 -0.32594 -0.01213
vn 0.93412 0.35677 -0.01115
vn 0.93412 0.35679 -0.01116
vn 0.78901 0.61431 -0.00904
vn 0.78900 0.61432 -0.00904
vn 0.69239 -0.72146 -0.00948
vn 0.69239 -0.72147 -0.00948
vn 0.01885 -0.99982 -0.00146
vn 0.01885 -0.99982 -0.00146
vn -0.05732 -0.99836 -0.00051
vn -0.05731 -0.99836 -0.00051
vn -0.29420 -0.84855 -0.43979
vn -0.15090 -0.98855 0.00066
vn -0.52764 -0.74718 -0.40412
vn -0.82569 -0.44431 -0.34761
vn -0.95044 -0.06052 -0.30495
vn -0.90280 0.31381 -0.29407
vn -0.81139 0.42250 -0.40392
vn -0.99282 0.09295 -0.07526
vn -0.99852 0.05285 0.01245
vn -0.94841 -0.31683 0.01137
vn 0.99356 0.11267 -0.01219
vn 0.99356 0.11265 -0.01219
vn 0.77656 0.62998 -0.00886
vn 0.77655 0.62999 -0.00886
vn 0.63419 -0.35573 -0.68648
vn 0.68435 -0.40999 -0.60297
vn 0.34086 0.20145 -0.91828
vn 0.14052 -0.34760 -0.92705
vn 0.11855 -0.38288 -0.91616
vn -0.23600 -0.35580 -0.90427
vn -0.24284 -0.36695 -0.89799
vn -0.10195 -0.40458 -0.90880
vn -0.10849 -0.41045 -0.90541
vn 0.16968 -0.54007 -0.82434
vn 0.35150 -0.42777 -0.83274
vn 0.00455 0.20799 -0.97812
vn 0.24351 0.04105 -0.96903
vn 0.12760 -0.03544 -0.99119
vn 0.11883 -0.05318 -0.99149
vn -0.11556 0.20041 -0.97287
vn 0.10761 0.10509 -0.98862
vn 0.10741 0.07807 -0.99115
vn 0.12134 0.08194 -0.98922
vn 0.16859 0.08482 -0.98203
vn 0.05539 0.08356 -0.99496
vn -0.20508 0.26160 -0.94314
vn -0.16251 -0.18297 -0.96959
vn -0.00849 -0.09499 -0.99544
vn 0.31820 0.14616 -0.93669
vn 0.04288 -0.04235 -0.99818
vn -0.27801 0.33582 -0.89996
vn -0.31340 -0.19133 -0.93015
vn -0.57584 0.11026 -0.81009
vn -0.55467 0.37999 -0.74024
vn -0.41082 0.00968 -0.91166
vn -0.24725 -0.31916 -0.91488
vn -0.20565 -0.34655 -0.91521
vn -0.03417 0.51524 -0.85637
vn -0.08764 0.48873 -0.86802
vn 0.02143 0.61023 -0.79193
vn -0.17419 0.60843 -0.77426
vn 0.11055 0.68531 -0.71981
vn -0.09401 0.42548 -0.90007
vn -0.17814 0.42158 -0.88912
vn -0.07243 0.31108 -0.94762
vn -0.27640 0.31585 -0.90766
vn 0.24747 0.71652 -0.65219
vn 0.30400 0.70066 -0.64549
vn 0.28482 0.77722 -0.56107
vn 0.12995 0.72890 -0.67218
vn 0.29860 0.66604 -0.68355
vn 0.15317 0.67659 -0.72025
vn -0.08229 0.66183 -0.74513
vn -0.07903 0.64360 -0.76127
vn -0.18548 0.59016 -0.78569
vn -0.03576 0.58174 -0.81259
vn -0.24228 0.55973 -0.79247
vn 0.54359 0.83933 -0.00572
vn 0.54359 0.83933 -0.00572
vn -0.16622 0.30094 0.93905
vn -0.02522 -0.08200 0.99631
vn -0.06029 -0.03493 0.99757
vn -0.12409 0.31828 0.93984
vn -0.14023 0.37065 0.91813
vn -0.11522 0.36273 0.92474
vn -0.12618 0.40132 0.90721
vn -0.10945 0.34691 0.93149
vn -0.12027 0.37715 0.91831
vn -0.11573 0.38717 0.91472
vn -0.16615 0.53825 0.82624
vn -0.10732 0.40221 0.90924
vn -0.15906 0.57071 0.80560
vn -0.12262 0.55125 0.82528
vn -0.07638 0.38558 0.91951
vn -0.06176 0.50599 0.86033
vn -0.03941 0.36226 0.93125
vn -0.05762 0.44179 0.89526
vn -0.06562 0.56565 0.82203
vn -0.05255 0.32244 0.94513
vn -0.06743 0.44584 0.89257
vn -0.01542 0.27112 0.96242
vn -0.02670 0.18151 0.98303
vn -0.09446 0.42002 0.90259
vn -0.01999 0.14993 0.98849
vn -0.12046 0.35714 0.92625
vn -0.03463 0.10364 0.99401
vn -0.15706 0.36943 0.91589
vn -0.16063 0.39620 0.90401
vn 0.07542 -0.42696 0.90112
vn 0.11996 -0.17637 0.97699
vn -0.03537 0.41354 0.90980
vn 0.15875 0.29315 0.94280
vn 0.07850 -0.29599 0.95196
vn 0.17602 0.36058 0.91597
vn 0.08775 0.45272 0.88732
vn -0.12778 0.21575 0.96805
vn 0.03069 0.55697 0.82996
vn -0.14036 0.43917 0.88737
vn 0.00062 0.65026 0.75971
vn -0.12651 0.58936 0.79790
vn -0.03191 0.70076 0.71268
vn -0.12889 0.69364 0.70870
vn -0.10463 0.72274 0.68316
vn -0.03126 0.72188 0.69131
vn 0.01647 0.75225 0.65868
vn 0.06944 0.72795 0.68211
vn 0.18656 0.64406 0.74188
vn 0.36788 0.44964 0.81393
vn 0.57884 -0.21074 0.78774
vn 0.62956 -0.31006 0.71240
vn 0.56451 -0.57268 0.59444
vn 0.00121 -0.60751 0.79431
vn -0.06034 -0.44513 0.89343
vn -0.01055 -0.55381 0.83258
vn 0.00513 -0.66495 0.74687
vn -0.18094 -0.00076 0.98349
vn -0.06840 -0.46125 0.88463
vn 0.03989 -0.57212 0.81920
vn -0.00234 -0.46037 0.88773
vn 0.07287 -0.40998 0.90918
vn 0.01082 -0.60582 0.79553
vn 0.08577 -0.31185 0.94625
vn 0.03503 -0.50205 0.86413
vn 0.05075 -0.79992 0.59796
vn -0.03499 -0.99939 -0.00079
vn 0.05711 -0.99837 -0.00193
vn 0.01887 -0.73311 0.67985
vn 0.08031 -0.54577 0.83408
vn 0.15991 -0.81789 0.55271
vn 0.10607 -0.24379 0.96401
vn 0.04081 0.03123 0.99868
vn 0.01926 -0.10309 0.99449
vn -0.02582 0.10138 0.99451
vn 0.00558 0.41638 0.90917
vn 0.07987 -0.21448 0.97346
vn 0.06495 -0.14724 0.98697
vn 0.01778 0.00443 0.99983
vn -0.03411 0.32880 0.94378
vn 0.00680 0.18020 0.98361
vn 0.01574 -0.02338 0.99960
vn -0.02945 -0.07945 0.99640
vn 0.05801 -0.10926 0.99232
vn 0.11070 0.00345 0.99385
vn 0.13779 0.11587 0.98366
vn 0.07665 -0.02162 0.99682
vn -0.02160 0.28375 0.95866
vn -0.09499 -0.47010 0.87748
vn 0.11668 -0.45253 0.88408
vn 0.02719 0.27544 0.96093
vn 0.03619 -0.28617 0.95749
vn -0.11966 0.32906 0.93670
vn -0.05871 0.02883 0.99786
vn -0.10099 -0.40203 0.91004
vn 0.15438 -0.98801 -0.00313
vn 0.20677 -0.66914 0.71379
vn 0.02188 -0.31631 0.94840
vn 0.23929 -0.40664 0.88169
vn 0.03221 -0.23581 0.97127
vn 0.17109 -0.58445 0.79319
vn 0.02516 -0.20932 0.97752
vn 0.10481 -0.57125 0.81406
vn 0.10703 -0.59956 0.79314
vn 0.02930 -0.22513 0.97389
vn 0.24372 -0.52708 0.81412
vn 0.15574 -0.80541 0.57189
vn 0.17668 -0.26074 0.94911
vn 0.13883 -0.44747 0.88346
vn 0.14598 -0.60836 0.78012
vn 0.02072 -0.19819 0.97995
vn 0.15365 -0.61800 0.77102
vn 0.02749 -0.16596 0.98575
vn 0.16103 -0.63769 0.75328
vn 0.03705 -0.18878 0.98132
vn 0.16406 -0.69304 0.70198
vn 0.05946 -0.27069 0.96083
vn 0.15482 -0.75833 0.63322
vn 0.15408 -0.76094 0.63026
vn 0.15614 -0.76132 0.62930
vn 0.15561 -0.76265 0.62782
vn 0.15385 -0.75919 0.63242
vn 0.15390 -0.76024 0.63115
vn 0.12674 -0.79907 0.58773
vn 0.12556 -0.80096 0.58541
vn -0.11503 0.61919 0.77677
vn -0.15400 0.64552 0.74806
vn -0.19704 0.57349 0.79516
vn -0.21256 0.61165 0.76204
vn -0.22503 0.65575 0.72066
vn -0.21558 0.72706 0.65185
vn -0.17951 0.79266 0.58264
vn -0.11542 0.99331 0.00265
vn 0.11694 -0.80095 0.58720
vn 0.11820 -0.80289 0.58429
vn 0.09767 -0.77762 0.62110
vn 0.09768 -0.77347 0.62626
vn 0.09293 -0.79712 0.59663
vn 0.09053 -0.79671 0.59754
vn 0.11967 -0.80490 0.58122
vn 0.12399 -0.80621 0.57849
vn 0.20990 -0.79747 0.56567
vn 0.04097 -0.90849 0.41589
vn 0.10886 -0.99405 -0.00257
vn -0.56478 0.82520 0.00801
vn -0.78997 0.61306 0.01055
vn -0.77374 0.63335 -0.01398
vn -0.11143 -0.99377 0.00016
vn 0.14813 -0.98896 -0.00305
vn -0.18348 -0.98302 -0.00045
vn -0.09915 -0.92602 0.36423
vn 0.13287 -0.15993 0.97815
vn 0.08678 -0.22170 0.97125
vn 0.04525 -0.20950 0.97676
vn -0.01554 -0.25262 0.96744
vn -0.03846 -0.28029 0.95914
vn -0.10814 -0.30570 0.94597
vn -0.10696 -0.34636 0.93199
vn 0.04698 -0.15411 0.98694
vn 0.05154 -0.99867 -0.00187
vn 0.34001 -0.90089 0.26978
vn 0.34001 -0.90089 0.26978
vn 0.09861 -0.84398 0.52723
vn 0.43947 -0.89824 -0.00582
vn 0.43707 -0.89941 -0.00653
vn 0.22805 0.52764 0.81828
vn 0.08706 0.50430 0.85913
vn 0.11470 0.52334 0.84437
vn 0.23749 0.53778 0.80894
vn 0.31420 0.51815 0.79549
vn 0.13420 0.50776 0.85098
vn 0.14645 0.46355 0.87389
vn 0.28916 0.50827 0.81120
vn 0.26405 0.58914 0.76367
vn 0.46336 0.54743 0.69686
vn 0.36206 0.66388 0.65435
vn 0.48979 0.59966 0.63286
vn 0.44098 0.66048 0.60770
vn 0.34272 0.67776 0.65053
vn 0.08404 0.71361 0.69548
vn 0.03976 0.71891 0.69397
vn -0.21101 0.70764 0.67433
vn -0.21367 0.73335 0.64540
vn -0.20796 0.72477 0.65685
vn -0.13163 0.72035 0.68101
vn 0.09652 0.70834 0.69924
vn -0.00178 0.73079 0.68260
vn 0.32775 0.68901 0.64641
vn 0.06169 0.79343 0.60552
vn 0.15595 0.78237 0.60297
vn 0.03786 0.77126 0.63539
vn -0.13747 0.77383 0.61829
vn -0.15943 0.26366 0.95135
vn 0.12832 0.71940 0.68264
vn 0.13948 0.72186 0.67784
vn 0.13914 0.72200 0.67776
vn 0.09215 0.00112 0.99574
vn 0.12584 0.47830 0.86913
vn -0.11499 0.20960 0.97100
vn 0.11619 -0.00165 0.99323
vn 0.08196 -0.01344 0.99655
vn 0.07021 -0.01611 0.99740
vn -0.39828 -0.71891 0.56968
vn -0.09844 -0.87918 0.46622
vn -0.15594 -0.85624 0.49247
vn -0.14602 -0.98928 0.00060
vn -0.00725 -0.90909 0.41655
vn -0.03620 -0.99934 -0.00078
vn 0.15665 0.84337 0.51399
vn 0.17678 0.85457 0.48833
vn 0.11896 0.86526 0.48700
vn 0.13543 0.80047 0.58387
vn 0.10236 0.39242 0.91407
vn 0.09246 0.82639 0.55546
vn 0.13563 0.99076 -0.00047
vn 0.00015 0.75680 0.65365
vn -0.07937 0.99684 0.00221
vn 0.02124 0.99977 0.00096
vn 0.02711 0.87976 0.47464
vn 0.02114 -0.00354 0.99977
vn 0.02401 -0.00069 0.99971
vn -0.01941 -0.00292 0.99981
vn -0.01910 -0.00367 0.99981
vn 0.00423 0.99999 0.00117
vn 0.00779 0.88068 0.47364
vn 0.06115 0.99813 0.00047
vn 0.03004 0.86625 0.49871
vn -0.05735 -0.00787 0.99832
vn -0.05748 -0.01202 0.99827
vn 0.01860 -0.99983 -0.00146
vn -0.08257 -0.92569 0.36917
vn 0.01900 -0.92895 0.36971
vn -0.09400 -0.99557 -0.00005
vn 0.19406 0.82010 0.53831
vn 0.01696 0.42277 0.90608
vn -0.05860 -0.01248 0.99820
vn -0.07219 -0.92606 0.37041
vn -0.06869 -0.99764 0.00030
vn 0.05813 -0.99831 -0.00195
vn 0.06076 -0.94577 0.31910
vn -0.00772 -0.00348 0.99996
vn 0.08719 0.38979 0.91677
vn 0.31269 0.75969 0.57017
vn 0.01241 -0.00123 0.99992
vn -0.01218 0.12206 0.99245
vn 0.16539 0.61757 0.76893
vn 0.03458 -0.06120 0.99753
vn 0.01648 0.00460 0.99985
vn -0.03691 0.12359 0.99165
vn 0.03744 0.01385 0.99920
vn -0.02849 0.04402 0.99862
vn -0.26630 -0.32507 0.90742
vn -0.14428 -0.02495 0.98922
vn -0.13190 0.30027 0.94469
vn -0.01820 0.41410 0.91005
vn -0.12117 0.34601 0.93037
vn -0.08136 -0.04729 0.99556
vn 0.06474 0.04316 0.99697
vn 0.12366 0.24179 0.96242
vn 0.04338 0.30509 0.95134
vn -0.14090 0.55210 0.82179
vn 0.02407 0.61541 0.78784
vn 0.34351 0.93915 -0.00311
vn 0.01074 -0.36799 0.92977
vn -0.10676 -0.34391 0.93291
vn 0.04155 -0.00401 0.99913
vn 0.01079 -0.41612 0.90925
vn -0.27350 -0.74607 0.60711
vn 0.15060 -0.29924 0.94222
vn 0.12220 -0.20457 0.97119
vn 0.23682 -0.10378 0.96599
vn 0.15365 -0.26414 0.95216
vn -0.03150 0.19165 0.98096
vn 0.01109 -0.12458 0.99215
vn -0.05957 -0.20453 0.97705
vn 0.01513 0.14099 0.98989
vn 0.08391 0.18001 0.98008
vn 0.08526 -0.39138 0.91627
vn 0.19349 -0.42793 0.88286
vn 0.11412 -0.33615 0.93487
vn 0.22524 0.30284 0.92604
vn -0.04958 0.49544 0.86722
vn 0.57704 0.31472 0.75365
vn 0.77189 -0.15978 0.61535
vn 0.35405 -0.56381 0.74617
vn 0.01635 -0.73113 0.68204
vn 0.97835 0.20660 -0.01189
vn 0.13836 0.06292 0.98838
vn 0.10833 0.26328 0.95862
vn -0.00565 0.13278 0.99113
vn -0.06371 0.21132 0.97534
vn 0.05899 0.38518 0.92095
vn 0.10598 0.37923 0.91921
vn 0.12730 0.41190 0.90229
vn 0.13647 0.34539 0.92848
vn 0.11276 0.30040 0.94712
vn 0.05103 0.57052 0.81969
vn 0.04444 0.40274 0.91424
vn -0.13263 0.65575 0.74324
vn -0.09777 0.43462 0.89529
vn -0.04937 0.22862 0.97226
vn -0.07135 0.28138 0.95694
vn -0.14685 0.36029 0.92121
vn -0.07693 -0.08074 0.99376
vn -0.25180 -0.53570 0.80599
vn -0.25418 -0.27791 0.92637
vn -0.09090 -0.74877 0.65657
vn -0.15537 -0.13466 0.97863
vn -0.02124 -0.43128 0.90197
vn 0.08366 -0.76681 0.63639
vn 0.14833 -0.61182 0.77697
vn 0.16464 -0.78378 0.59882
vn 0.20035 -0.62292 0.75619
vn 0.10024 -0.68945 0.71736
vn 0.02459 -0.80764 0.58917
vn -0.01409 -0.37776 0.92580
vn -0.10822 -0.79681 0.59446
vn -0.06312 -0.11514 0.99134
vn -0.17764 -0.73317 0.65644
vn -0.06691 0.00839 0.99772
vn 0.05953 -0.48279 0.87371
vn -0.17864 0.19441 0.96452
vn 0.05907 -0.51941 0.85248
vn 0.13251 -0.45961 0.87818
vn -0.13089 -0.57287 0.80913
vn 0.22450 -0.58611 0.77851
vn 0.25592 -0.34504 0.90302
vn 0.21709 -0.18554 0.95836
vn 0.15647 -0.41666 0.89550
vn 0.12548 -0.34211 0.93124
vn -0.02995 -0.39540 0.91802
vn 0.15855 -0.36291 0.91824
vn -0.04827 -0.22541 0.97307
vn -0.00375 -0.30780 0.95144
vn -0.02353 -0.37002 0.92873
vn 0.01241 -0.00122 0.99992
vn 0.10679 -0.21537 0.97068
vn 0.28859 -0.06280 0.95539
vn 0.14511 0.29887 0.94320
vn 0.43852 0.38308 0.81299
vn 0.61911 -0.27430 0.73584
vn 0.12778 0.34224 0.93088
vn 0.25521 0.67010 0.69702
vn 0.07367 0.65076 0.75570
vn 0.06968 0.30819 0.94877
vn -0.09743 0.60889 0.78725
vn -0.26943 0.58758 0.76299
vn 0.38079 -0.92464 -0.00586
vn 0.00516 -0.99999 -0.00129
vn 0.12075 -0.57793 0.80710
vn 0.35365 -0.61931 0.70099
vn 0.42967 -0.90183 0.04573
vn 0.43578 -0.90003 -0.00652
vn 0.09942 -0.94662 0.30665
vn 0.11617 -0.99323 -0.00266
vn -0.18690 -0.98238 0.00111
vn -0.17267 -0.86447 0.47210
vn 0.01065 -0.99994 -0.00136
vn 0.01072 -0.95317 0.30225
vn -0.03769 -0.99929 -0.00076
vn -0.45933 -0.67251 0.58030
vn -0.23764 -0.67465 0.69884
vn -0.34443 0.88211 0.32133
vn -0.47369 0.80887 0.34833
vn -0.30200 0.78398 0.54238
vn -0.05317 0.07323 0.99590
vn 0.04115 0.50979 0.85931
vn -0.51105 -0.81394 0.27627
vn -0.88863 0.15634 0.43115
vn -0.67860 0.31365 0.66417
vn 0.01290 -0.99992 -0.00139
vn -0.25440 -0.89316 0.37087
vn 0.14080 -0.95222 0.27103
vn -0.22083 -0.59116 0.77573
vn 0.41433 -0.90009 0.13477
vn -0.15874 -0.45289 0.87732
vn -0.19338 -0.30288 0.93320
vn -0.12109 -0.99263 0.00407
vn -0.10315 -0.92329 0.36999
vn -0.54870 -0.82092 0.15819
vn -0.11748 -0.68066 0.72312
vn -0.28713 -0.68406 0.67053
vn -0.12698 -0.99190 0.00415
vn 0.14100 -0.95224 0.27083
vn 0.00616 -0.90945 0.41577
vn 0.00748 -0.92074 0.39010
vn -0.29739 -0.86571 0.40262
vn -0.28192 -0.95944 0.00232
vn -0.55225 -0.75864 0.34567
vn -0.52680 -0.77648 0.34577
vn -0.34966 -0.78607 0.50973
vn -0.63592 0.77170 0.00886
vn -0.48935 0.87206 0.00716
vn -0.45752 0.88916 -0.00760
vn -0.45717 0.88913 0.02116
vn -0.34804 0.93746 0.00547
vn -0.34992 0.91934 -0.17989
vn -0.37380 0.92641 0.04518
vn -0.00210 -1.00000 -0.00120
vn -0.21007 -0.97769 0.00141
vn -0.14635 -0.98923 0.00060
vn -0.14961 -0.98875 0.00064
vn -0.23674 -0.93642 0.25900
vn -0.04369 -0.99904 -0.00068
vn 0.09144 -0.99581 -0.00235
vn 0.13359 -0.99103 -0.00287
vn 0.29653 0.95502 -0.00251
vn 0.57605 0.81739 -0.00615
vn 0.31108 0.89732 0.31311
vn -0.03460 -0.62115 0.78293
vn 0.04348 -0.90916 0.41418
vn 0.21709 0.97615 -0.00150
vn 0.23743 0.93778 0.25339
vn 0.57034 0.82139 -0.00607
vn 0.43494 0.85774 0.27406
vn -0.16057 -0.98702 0.00079
vn -0.19262 -0.95350 0.23179
vn 0.70539 0.62670 0.33118
vn 0.04064 0.99917 0.00072
vn -0.12481 0.99218 0.00277
vn -0.09455 0.89215 0.44173
vn 0.03418 0.89067 0.45336
vn 0.07645 0.99707 0.00027
vn 0.01282 0.51980 0.85419
vn 0.06789 0.62039 0.78135
vn 0.15898 0.79672 0.58306
vn -0.04586 0.52933 0.84718
vn 0.01737 0.57163 0.82033
vn -0.35460 0.93500 0.00555
vn -0.41995 0.74244 0.52194
vn -0.41909 0.74866 0.51369
vn -0.28561 0.83553 0.46938
vn -0.47744 0.67170 0.56646
vn -0.47536 0.70356 0.52824
vn -0.44138 0.51286 0.73631
vn -0.47837 0.47237 0.74029
vn -0.32838 0.45505 0.82770
vn -0.26576 0.44649 0.85441
vn -0.19898 0.45850 0.86613
vn -0.20226 0.42942 0.88016
vn -0.12894 0.48341 0.86584
vn -0.10156 0.49938 0.86041
vn -0.08410 0.50334 0.85999
vn -0.09154 0.47371 0.87591
vn 0.06329 -0.47606 0.87713
vn -0.09952 -0.56426 0.81958
vn -0.42505 -0.90099 0.08686
vn -0.04776 -0.23579 0.97063
vn -0.15741 -0.16805 0.97313
vn 0.33753 -0.14335 0.93033
vn 0.29871 -0.23883 0.92398
vn 0.34092 -0.18705 0.92130
vn 0.31853 -0.18963 0.92875
vn 0.27167 -0.21763 0.93746
vn 0.22598 -0.17814 0.95770
vn 0.15775 -0.09398 0.98300
vn 0.13056 0.08271 0.98798
vn -0.24008 -0.52658 0.81553
vn -0.14234 -0.33138 0.93270
vn -0.31833 -0.27297 0.90783
vn -0.39913 -0.08200 0.91322
vn -0.75396 0.11837 0.64617
vn -0.65300 0.46614 0.59691
vn -0.65983 0.48728 0.57200
vn -0.41438 0.72398 0.55148
vn -0.28949 0.35999 0.88690
vn -0.15358 0.84600 0.51058
vn -0.09488 0.87642 0.47211
vn 0.17200 0.87702 0.44861
vn 0.19599 0.88042 0.43180
vn 0.46590 0.79018 0.39818
vn 0.43950 0.80542 0.39766
vn 0.60498 0.70507 0.36996
vn -0.37562 -0.81718 0.43717
vn -0.40090 -0.73887 0.54162
vn -0.42819 -0.63148 0.64644
vn -0.29801 -0.70081 0.64812
vn -0.16158 -0.44150 0.88259
vn -0.01793 -0.50357 0.86377
vn -0.06158 -0.77197 0.63267
vn 0.21232 -0.76865 0.60341
vn 0.13053 -0.52108 0.84347
vn 0.12472 -0.48090 0.86786
vn 0.20997 -0.76677 0.60660
vn -0.31317 -0.57129 0.75865
vn -0.20022 -0.19627 0.95989
vn -0.35081 -0.28291 0.89269
vn -0.23271 -0.27786 0.93201
vn -0.29296 -0.38888 0.87347
vn -0.47205 -0.40040 0.78540
vn -0.10671 -0.36197 0.92606
vn -0.05997 -0.23422 0.97033
vn -0.02656 -0.04767 0.99851
vn -0.59759 -0.40871 0.68981
vn -0.71822 -0.22594 0.65811
vn -0.81229 -0.58317 0.00938
vn -0.84778 -0.53025 0.00988
vn 0.05357 -0.37209 0.92665
vn 0.37207 -0.53405 0.75918
vn 0.52378 -0.83449 0.17111
vn 0.52887 -0.82982 0.17804
vn 0.66786 -0.68137 0.29949
vn 0.49117 -0.85374 0.17289
vn -0.02138 0.12477 0.99196
vn 0.06030 0.06153 0.99628
vn 0.04082 0.05610 0.99759
vn 0.02805 0.05312 0.99819
vn 0.04280 0.06056 0.99725
vn 0.05519 0.07112 0.99594
vn 0.05952 0.09694 0.99351
vn 0.06755 0.09929 0.99276
vn 0.07313 0.19042 0.97897
vn 0.01619 0.04919 0.99866
vn -0.47785 0.30643 0.82326
vn -0.35312 0.07257 0.93276
vn -0.48518 0.82047 0.30238
vn -0.48518 0.82047 0.30238
vn 0.12117 -0.00099 0.99263
vn -0.03407 0.03720 0.99873
vn -0.04440 0.01652 0.99888
vn -0.09675 0.12797 0.98705
vn 0.01241 -0.00124 0.99992
vn 0.01243 -0.00125 0.99992
vn 0.41961 0.86355 0.27966
vn 0.42566 0.86476 0.26647
vn 0.60897 0.74849 0.26253
vn 0.61396 0.74295 0.26661
vn 0.03334 0.95814 0.28434
vn 0.00753 0.95564 0.29444
vn -0.40763 0.85417 0.32284
vn -0.39291 0.86535 0.31112
vn -0.74047 0.57231 0.35238
vn -0.76627 0.51510 0.38405
vn -0.87676 0.18944 0.44204
vn 0.05477 -0.25733 0.96477
vn 0.04619 -0.22783 0.97261
vn 0.02513 -0.18937 0.98159
vn 0.12756 -0.21932 0.96728
vn 0.32511 -0.94566 -0.00520
vn 0.31773 -0.94817 -0.00511
vn 0.06808 -0.55264 -0.83063
vn 0.08012 0.19992 0.97653
vn 0.15954 0.53708 0.82831
vn 0.16813 0.81068 0.56084
vn -0.13739 0.85453 0.50091
vn -0.19833 0.86866 0.45397
vn -0.20309 0.67571 0.70864
vn -0.09507 0.81580 0.57047
vn 0.19585 0.68244 0.70421
vn 0.41939 0.40143 0.81423
vn 0.24117 0.29926 0.92319
vn 0.08971 -0.55781 0.82511
vn 0.08564 -0.55234 0.82921
vn 0.04607 -0.57084 0.81977
vn 0.14775 -0.45635 0.87745
vn 0.13087 -0.44558 0.88562
vn 0.22962 -0.37047 0.90001
vn 0.58234 -0.37092 0.72339
vn 0.55953 -0.61576 0.55476
vn 0.57552 -0.65326 0.49195
vn 0.40762 -0.69256 0.59516
vn 0.34264 -0.67828 0.65002
vn 0.13309 -0.66003 0.73936
vn 0.05413 -0.67759 0.73344
vn -0.00607 -0.57653 0.81705
vn 0.03802 -0.58231 0.81208
vn 0.00174 -0.57606 0.81741
vn -0.10810 -0.43977 0.89158
vn 0.04654 -0.19954 0.97878
vn -0.01315 -0.37798 0.92572
vn -0.09608 -0.33897 0.93588
vn -0.08194 -0.24785 0.96533
vn 0.01241 -0.00122 0.99992
vn 0.15832 -0.66560 0.72932
vn 0.33091 -0.68974 0.64402
vn 0.22483 -0.70298 0.67474
vn 0.01668 -0.47854 0.87791
vn -0.13741 0.61817 0.77394
vn -0.17830 0.77760 0.60294
vn -0.17457 0.77826 0.60319
vn 0.06124 -0.99812 0.00138
vn 0.07790 -0.88044 0.46771
vn -0.67016 0.74216 0.00923
vn -0.71922 0.69471 0.00979
vn -0.60306 -0.55275 0.57513
vn -0.37177 -0.80853 0.45615
vn -0.02544 0.22038 0.97508
vn -0.02997 0.20787 0.97770
vn -0.04474 0.20984 0.97671
vn 0.61560 -0.78802 -0.00860
vn 0.61476 -0.78867 -0.00859
vn 0.61480 -0.78864 -0.00859
vn 0.61401 -0.78926 -0.00858
vn 0.61476 -0.78867 -0.00860
vn -0.26017 0.44859 0.85503
vn -0.02106 -0.99978 -0.00152
vn -0.93657 0.35027 0.01204
vn -0.10307 0.38776 0.91598
vn 0.13076 -0.15968 0.97847
vn 0.11892 -0.13623 0.98351
vn 0.00988 0.30373 0.95271
vn 0.46423 -0.63482 0.61765
vn 0.40346 -0.37916 0.83274
vn -0.19962 0.71372 0.67138
vn -0.05065 -0.02816 0.99832
vn 0.18760 -0.84896 0.49403
vn 0.24570 -0.87056 0.42633
vn -0.04938 0.19133 0.98028
vn -0.18653 0.32065 0.92865
vn -0.17181 0.00492 0.98512
vn -0.14530 -0.65333 0.74300
vn -0.03723 -0.61615 0.78674
vn -0.07627 0.03768 0.99637
vn -0.14247 0.60852 0.78065
vn -0.20203 0.59423 0.77851
vn -0.06196 0.61821 0.78356
vn 0.02367 0.11276 0.99334
vn -0.02618 0.66019 0.75064
vn 0.12535 0.13035 0.98351
vn -0.01566 0.58336 0.81206
vn 0.24344 0.09133 0.96561
vn 0.49684 -0.46704 0.73145
vn 0.04528 0.42720 0.90302
vn 0.29925 -0.52042 0.79976
vn 0.11033 -0.57079 0.81365
vn -0.07395 0.38094 0.92164
vn -0.17295 0.78433 0.59574
vn -0.08071 0.75015 0.65632
vn 0.04248 0.66795 0.74300
vn -0.08261 0.80401 0.58886
vn -0.21408 0.72218 0.65775
vn -0.11528 0.55243 0.82555
vn -0.17731 0.56778 0.80385
vn -0.16307 0.61366 0.77255
vn -0.18727 0.66361 0.72426
vn -0.17487 0.69031 0.70206
vn -0.25109 0.70515 0.66311
vn -0.22512 0.73330 0.64155
vn -0.25940 0.70556 0.65946
vn -0.32219 0.74707 0.58145
vn -0.20378 0.73328 0.64867
vn 0.20614 -0.21633 0.95431
vn -0.09423 0.68813 0.71944
vn -0.11099 0.69948 0.70598
vn -0.08879 0.71753 0.69084
vn -0.14234 0.70799 0.69173
vn -0.19238 0.76630 0.61300
vn -0.19759 0.78227 0.59078
vn -0.19241 0.75202 -0.63044
vn -0.15898 0.57027 -0.80592
vn -0.22427 0.77769 -0.58729
vn -0.09590 0.71420 0.69334
vn -0.09327 0.73294 0.67387
vn -0.09826 0.72610 0.68053
vn -0.12049 0.76292 0.63516
vn -0.11660 0.77356 0.62290
vn -0.12241 0.78402 0.60855
vn -0.13480 0.78507 0.60457
vn -0.14877 0.79425 0.58910
vn -0.15453 0.80022 0.57946
vn -0.16599 0.79204 0.58747
vn -0.17565 0.78474 0.59442
vn 0.21932 -0.78042 0.58553
vn 0.47533 -0.56861 0.67138
vn 0.28288 -0.60491 0.74435
vn 0.21364 -0.79361 0.56969
vn 0.20840 -0.81059 0.54728
vn 0.20966 -0.81792 0.53576
vn 0.18304 -0.67616 0.71366
vn 0.18184 -0.66915 0.72054
vn 0.12371 -0.73523 0.66643
vn 0.11996 -0.74138 0.66027
vn -0.14744 -0.85094 0.50414
vn -0.24974 -0.84278 0.47681
vn -0.52832 -0.75427 0.38981
vn -0.01373 0.10912 0.99393
vn -0.09439 0.36249 0.92720
vn -0.08934 0.35530 0.93047
vn 0.11838 -0.25096 0.96073
vn 0.17155 -0.29893 0.93873
vn 0.21833 -0.44665 0.86766
vn 0.25487 -0.45864 0.85129
vn 0.13052 -0.49502 0.85902
vn -0.23429 0.69018 0.68467
vn -0.26071 0.67071 0.69439
vn -0.23660 0.67643 0.69747
vn -0.18800 0.73771 0.64841
vn -0.18840 0.75029 0.63370
vn -0.20865 0.75504 0.62160
vn -0.18505 0.77368 0.60595
vn -0.20260 0.77189 0.60261
vn -0.17251 0.70075 0.69223
vn -0.15285 0.70501 0.69253
vn 0.06062 -0.90219 0.42705
vn 0.03114 -0.89094 0.45306
vn 0.20080 -0.77726 0.59628
vn 0.16916 -0.76158 0.62560
vn 0.34013 -0.64354 0.68569
vn 0.32155 -0.64912 0.68939
vn 0.56747 -0.62289 0.53850
vn 0.57720 -0.61939 0.53216
vn 0.60905 -0.64567 0.46062
vn 0.39253 -0.77745 0.49142
vn 0.13695 -0.83618 0.53107
vn -0.01768 -0.83259 0.55361
vn -0.13785 -0.84919 0.50977
vn -0.09351 -0.81730 0.56857
vn -0.09539 -0.81531 0.57112
vn 0.53425 -0.77649 0.33412
vn 0.55757 -0.74268 0.37086
vn 0.56989 -0.69978 0.43073
vn 0.63465 -0.63441 0.44129
vn 0.75722 -0.65308 -0.01019
vn 0.70603 -0.70538 0.06302
vn 0.24350 -0.94957 -0.19756
vn 0.26413 -0.95591 -0.12831
vn -0.44511 0.85669 0.26068
vn 0.03931 -0.19928 -0.97915
vn -0.00588 -0.21534 -0.97652
vn 0.02822 -0.20341 -0.97869
vn 0.05570 -0.21492 -0.97504
vn 0.04890 -0.26621 -0.96267
vn 0.06541 -0.27999 -0.95777
vn 0.08397 -0.29251 -0.95257
vn 0.06840 -0.28778 -0.95525
vn 0.01334 -0.26400 -0.96443
vn 0.04792 -0.26858 -0.96207
vn -0.01557 -0.54383 -0.83905
vn -0.01952 -0.30364 -0.95259
vn 0.06517 -0.31515 -0.94680
vn 0.01955 -0.34228 -0.93939
vn 0.03356 -0.33857 -0.94034
vn 0.04121 -0.34605 -0.93731
vn 0.07605 -0.28530 -0.95542
vn 0.08493 -0.40189 -0.91174
vn 0.13952 -0.44976 -0.88218
vn 0.02666 -0.43224 -0.90136
vn 0.05844 -0.45015 -0.89104
vn 0.30227 0.07197 -0.95050
vn -0.00016 -0.31480 -0.94916
vn 0.11338 -0.79071 -0.60160
vn 0.11806 -0.77705 -0.61826
vn 0.11903 -0.79665 -0.59260
vn 0.15967 -0.81415 -0.55826
vn 0.16213 -0.81737 -0.55283
vn 0.19562 -0.81137 -0.55083
vn 0.19306 -0.81186 -0.55100
vn 0.21283 -0.63218 -0.74502
vn 0.24920 -0.79969 -0.54625
vn 0.22646 -0.79215 -0.56676
vn 0.16655 -0.74138 -0.65008
vn 0.15416 -0.98804 -0.00312
vn 0.00945 -0.99995 -0.00348
vn -0.01586 -0.99987 -0.00104
vn 0.29452 -0.95563 -0.00480
vn -0.00373 -0.52889 -0.84868
vn -0.06837 -0.36795 -0.92733
vn 0.06033 -0.41838 -0.90627
vn -0.08001 -0.31153 -0.94686
vn 0.25497 -0.56397 -0.78544
vn -0.24169 -0.08169 -0.96691
vn 0.42752 -0.54025 -0.72482
vn 0.24916 -0.68600 -0.68361
vn 0.19125 -0.75286 -0.62978
vn 0.03590 -0.22459 -0.97379
vn 0.01706 -0.22601 -0.97397
vn -0.18946 0.30323 -0.93389
vn -0.08503 -0.03250 -0.99585
vn -0.04994 -0.07956 -0.99558
vn -0.14736 0.32059 -0.93568
vn -0.16296 0.37288 -0.91346
vn -0.13812 0.36500 -0.92071
vn -0.14863 0.40353 -0.90281
vn -0.13251 0.34918 -0.92764
vn -0.14300 0.37938 -0.91412
vn -0.13837 0.38940 -0.91062
vn -0.18658 0.54025 -0.82056
vn -0.12984 0.40443 -0.90531
vn -0.17899 0.57267 -0.80001
vn -0.14304 0.55326 -0.82064
vn -0.09916 0.38783 -0.91638
vn -0.08307 0.50809 -0.85729
vn -0.06250 0.36454 -0.92909
vn -0.07981 0.44399 -0.89247
vn -0.08598 0.56766 -0.81876
vn -0.07597 0.32475 -0.94274
vn -0.03929 0.27348 -0.96107
vn -0.08955 0.44802 -0.88953
vn -0.05108 0.18392 -0.98161
vn -0.11682 0.42223 -0.89893
vn -0.04451 0.15235 -0.98732
vn -0.14340 0.35940 -0.92210
vn -0.05928 0.10607 -0.99259
vn -0.17972 0.37167 -0.91080
vn -0.18299 0.39841 -0.89877
vn 0.05302 -0.42475 -0.90376
vn 0.09567 -0.17396 -0.98009
vn -0.05794 0.41577 -0.90762
vn 0.13531 0.29547 -0.94572
vn 0.05484 -0.29366 -0.95434
vn 0.15326 0.36283 -0.91917
vn 0.06572 0.45490 -0.88811
vn -0.15176 0.21812 -0.96405
vn 0.01011 0.55901 -0.82910
vn -0.16232 0.44134 -0.88254
vn -0.01821 0.65212 -0.75790
vn -0.14625 0.59131 -0.79307
vn -0.04957 0.70250 -0.70995
vn -0.14641 0.69537 -0.70358
vn -0.12153 0.72441 -0.67858
vn -0.04838 0.72357 -0.68855
vn 0.00015 0.75386 -0.65704
vn 0.05252 0.72962 -0.68184
vn 0.16811 0.64588 -0.74470
vn 0.34759 0.45165 -0.82170
vn 0.55910 -0.20879 -0.80238
vn 0.61167 -0.30830 -0.72857
vn 0.54957 -0.57120 -0.60968
vn -0.01852 -0.60556 -0.79558
vn -0.01343 -0.66310 -0.74841
vn -0.03122 -0.55176 -0.83342
vn -0.08250 -0.44293 -0.89275
vn -0.20528 0.00164 -0.97870
vn -0.09034 -0.45911 -0.88378
vn 0.01953 -0.57011 -0.82134
vn -0.02438 -0.45820 -0.88851
vn 0.05028 -0.40775 -0.91171
vn -0.00894 -0.60387 -0.79703
vn 0.06225 -0.30953 -0.94885
vn 0.01357 -0.49993 -0.86596
vn 0.03587 -0.79845 -0.60100
vn 0.00198 -0.73144 -0.68190
vn 0.05957 -0.54372 -0.83715
vn 0.14612 -0.81653 -0.55851
vn 0.08211 -0.24143 -0.96694
vn 0.01601 0.03368 -0.99930
vn -0.03345 -0.08836 -0.99553
vn -0.12699 -0.40565 -0.90516
vn -0.03149 -0.08905 -0.99553
vn -0.04828 0.10799 -0.99298
vn -0.01696 0.41861 -0.90801
vn 0.05568 -0.21209 -0.97566
vn 0.04043 -0.14482 -0.98863
vn -0.00703 0.00688 -0.99995
vn -0.00907 -0.02093 -0.99974
vn -0.01760 0.18262 -0.98303
vn 0.08601 0.00589 -0.99628
vn 0.00335 0.27780 -0.96063
vn 0.05189 -0.01918 -0.99847
vn -0.05751 0.33111 -0.94184
vn 0.21732 -0.40447 -0.88835
vn -0.00167 -0.31399 -0.94943
vn 0.18897 -0.66739 -0.72033
vn 0.00809 -0.23342 -0.97234
vn 0.15133 -0.58248 -0.79863
vn 0.00089 -0.20691 -0.97836
vn 0.08455 -0.56923 -0.81782
vn 0.08730 -0.59762 -0.79701
vn 0.00513 -0.22275 -0.97486
vn 0.22342 -0.52507 -0.82121
vn 0.14148 -0.80400 -0.57755
vn 0.15306 -0.25838 -0.95384
vn -0.08537 -0.25393 -0.96345
vn 0.10872 -0.48110 -0.86990
vn 0.03337 -0.10683 -0.99372
vn 0.11335 0.11828 -0.98649
vn -0.04537 0.28609 -0.95713
vn 0.01241 -0.28383 -0.95879
vn -0.14287 0.33135 -0.93263
vn -0.08345 0.03128 -0.99602
vn 0.11685 -0.44530 -0.88772
vn 0.12656 -0.60642 -0.78501
vn -0.00362 -0.19575 -0.98065
vn 0.13445 -0.61610 -0.77611
vn 0.00302 -0.16354 -0.98653
vn 0.14227 -0.63584 -0.75859
vn 0.01268 -0.18638 -0.98240
vn 0.14658 -0.69131 -0.70753
vn 0.03559 -0.26833 -0.96267
vn 0.13904 -0.75677 -0.63872
vn 0.13837 -0.75939 -0.63576
vn 0.14045 -0.75977 -0.63484
vn 0.13996 -0.76110 -0.63335
vn 0.13809 -0.75763 -0.63790
vn 0.13817 -0.75869 -0.63663
vn 0.11209 -0.79762 -0.59266
vn 0.11097 -0.79951 -0.59031
vn -0.13425 0.62109 -0.77216
vn -0.17249 0.64735 -0.74242
vn -0.21670 0.57544 -0.78862
vn -0.23138 0.61351 -0.75503
vn -0.24282 0.65751 -0.71324
vn -0.23167 0.72865 -0.64452
vn -0.19388 0.79408 -0.57606
vn 0.10231 -0.79950 -0.59189
vn 0.10364 -0.80145 -0.58901
vn 0.08221 -0.77609 -0.62524
vn 0.08209 -0.77192 -0.63039
vn 0.07807 -0.79565 -0.60071
vn 0.07565 -0.79524 -0.60156
vn 0.10519 -0.80346 -0.58599
vn 0.10957 -0.80478 -0.58337
vn 0.15559 -0.75070 -0.64205
vn 0.02011 -0.84792 -0.52974
vn -0.77314 0.63329 0.03471
vn -0.10818 -0.92512 -0.36393
vn -0.18344 -0.98303 0.00259
vn 0.10855 -0.15752 -0.98153
vn 0.06264 -0.21931 -0.97364
vn 0.02099 -0.20710 -0.97809
vn -0.03955 -0.25024 -0.96738
vn -0.06226 -0.27794 -0.95858
vn -0.13158 -0.30338 -0.94374
vn -0.13006 -0.34407 -0.92989
vn 0.02247 -0.15170 -0.98817
vn 0.08547 -0.84268 -0.53159
vn 0.15872 -0.93402 -0.32003
vn 0.43945 -0.89824 -0.00729
vn 0.20770 0.52965 -0.82239
vn 0.21737 0.53977 -0.81327
vn 0.09373 0.52542 -0.84567
vn 0.06573 0.50641 -0.85978
vn 0.29438 0.52011 -0.80177
vn 0.11306 0.50985 -0.85280
vn 0.12472 0.46570 -0.87611
vn 0.24505 0.59102 -0.76853
vn 0.26896 0.51027 -0.81688
vn 0.44594 0.54916 -0.70679
vn 0.34574 0.66550 -0.66150
vn 0.47396 0.60123 -0.64334
vn 0.42579 0.66198 -0.61683
vn 0.32649 0.67936 -0.65717
vn 0.06677 0.71532 -0.69560
vn 0.02254 0.72061 -0.69297
vn -0.22766 0.70928 -0.66715
vn -0.22958 0.73493 -0.63811
vn -0.22416 0.72638 -0.64971
vn -0.14847 0.72201 -0.67576
vn 0.07916 0.71006 -0.69968
vn -0.01869 0.73246 -0.68055
vn 0.31161 0.69060 -0.65266
vn 0.04667 0.79492 -0.60492
vn 0.14096 0.78385 -0.60474
vn 0.02210 0.77282 -0.63424
vn -0.15274 0.77534 -0.61279
vn -0.18297 0.26598 -0.94645
vn 0.11136 0.72107 -0.68385
vn 0.12265 0.72352 -0.67932
vn 0.12231 0.72367 -0.67923
vn 0.06742 0.00356 -0.99772
vn -0.17557 0.27384 -0.94561
vn 0.10425 0.48043 -0.87081
vn 0.09150 0.00079 -0.99580
vn 0.05720 -0.01100 -0.99830
vn 0.04544 -0.01366 -0.99887
vn -0.41231 -0.71753 -0.56139
vn -0.16813 -0.85504 -0.49055
vn -0.11001 -0.87804 -0.46578
vn -0.01762 -0.90806 -0.41847
vn 0.14387 0.84463 -0.51565
vn 0.16464 0.85577 -0.49047
vn 0.10687 0.86646 -0.48768
vn 0.12093 0.80190 -0.58509
vn 0.07967 0.39466 -0.91537
vn 0.07867 0.82775 -0.55556
vn -0.01604 0.75840 -0.65160
vn 0.01535 0.88092 -0.47301
vn -0.00367 -0.00109 -0.99999
vn -0.00080 0.00176 -1.00000
vn -0.04421 -0.00047 -0.99902
vn -0.04390 -0.00122 -0.99904
vn -0.00394 0.88184 -0.47153
vn 0.01768 0.86747 -0.49717
vn -0.08210 -0.00543 -0.99661
vn -0.08223 -0.00957 -0.99657
vn 0.00979 -0.92804 -0.37234
vn -0.09173 -0.92478 -0.36928
vn 0.05280 -0.94498 -0.32283
vn -0.07803 -0.00890 -0.99691
vn -0.07881 -0.92530 -0.37095
vn 0.00308 0.42700 -0.90425
vn 0.18067 0.82143 -0.54094
vn -0.02494 -0.00018 -0.99969
vn 0.07288 0.39583 -0.91543
vn 0.29972 0.76438 -0.57087
vn -0.01241 0.00123 -0.99992
vn -0.04329 0.12925 -0.99067
vn 0.14539 0.62500 -0.76696
vn 0.00974 -0.05854 -0.99824
vn -0.02176 0.00670 -0.99974
vn -0.07008 0.12619 -0.98953
vn -0.04266 0.41787 -0.90750
vn -0.15529 0.30258 -0.94039
vn -0.16879 -0.02254 -0.98540
vn -0.14421 0.34829 -0.92623
vn -0.28875 -0.32286 -0.90133
vn -0.05325 0.04647 -0.99750
vn -0.00496 0.01483 -0.99988
vn -0.10604 -0.04485 -0.99335
vn 0.03998 0.04560 -0.99816
vn 0.09975 0.24415 -0.96459
vn 0.01977 0.30742 -0.95137
vn -0.16123 0.55411 -0.81668
vn 0.00453 0.61734 -0.78668
vn -0.01234 -0.36571 -0.93065
vn -0.12989 -0.34163 -0.93082
vn 0.01675 -0.00155 -0.99986
vn -0.01178 -0.41389 -0.91025
vn -0.28851 -0.74458 -0.60196
vn 0.12717 -0.29693 -0.94639
vn 0.09806 -0.20218 -0.97443
vn 0.21278 -0.10141 -0.97182
vn 0.12997 -0.26181 -0.95633
vn -0.05583 0.19406 -0.97940
vn -0.01353 -0.12215 -0.99242
vn -0.08380 -0.20213 -0.97577
vn -0.00943 0.14343 -0.98962
vn 0.05957 0.18241 -0.98142
vn 0.06249 -0.38913 -0.91906
vn 0.17151 -0.42576 -0.88843
vn 0.09087 -0.33385 -0.93823
vn 0.20220 0.30511 -0.93060
vn -0.07107 0.49756 -0.86451
vn 0.55816 0.31659 -0.76696
vn 0.75638 -0.15824 -0.63471
vn 0.33541 -0.56197 -0.75610
vn -0.00060 -0.72946 -0.68402
vn 0.11379 0.06535 -0.99135
vn 0.08452 0.26563 -0.96036
vn -0.03023 0.13521 -0.99036
vn -0.08788 0.21371 -0.97294
vn 0.03613 0.38745 -0.92118
vn 0.08315 0.38149 -0.92062
vn 0.10488 0.41412 -0.90416
vn 0.11340 0.34767 -0.93073
vn 0.08924 0.30274 -0.94889
vn 0.03069 0.57254 -0.81930
vn 0.02175 0.40498 -0.91407
vn -0.15101 0.65756 -0.73811
vn -0.11994 0.43681 -0.89152
vn -0.07347 0.23100 -0.97018
vn -0.09507 0.28373 -0.95418
vn -0.16965 0.36254 -0.91640
vn -0.10157 -0.07831 -0.99174
vn -0.27174 -0.53374 -0.80080
vn -0.10718 -0.74716 -0.65594
vn -0.27710 -0.27565 -0.92045
vn -0.17961 -0.13227 -0.97481
vn -0.04363 -0.42906 -0.90222
vn 0.06782 -0.76524 -0.64016
vn 0.12899 -0.60990 -0.78191
vn 0.14970 -0.78230 -0.60464
vn 0.18150 -0.62106 -0.76246
vn 0.08239 -0.68769 -0.72132
vn 0.00994 -0.80619 -0.59157
vn -0.03707 -0.37549 -0.92608
vn -0.12297 -0.79536 -0.59354
vn -0.08770 -0.11270 -0.98975
vn -0.19389 -0.73156 -0.65362
vn -0.09165 0.01083 -0.99573
vn 0.03782 -0.48065 -0.87610
vn -0.20251 0.19678 -0.95931
vn 0.03787 -0.51732 -0.85496
vn -0.15095 -0.57089 -0.80703
vn 0.11067 -0.45745 -0.88232
vn 0.20510 -0.58420 -0.78527
vn 0.23343 -0.34283 -0.90993
vn 0.19323 -0.18319 -0.96390
vn 0.10233 -0.33983 -0.93491
vn 0.13419 -0.41446 -0.90012
vn -0.05273 -0.39315 -0.91796
vn 0.13571 -0.36065 -0.92277
vn -0.07241 -0.22302 -0.97212
vn -0.02737 -0.30547 -0.95181
vn -0.04658 -0.36774 -0.92876
vn -0.01241 0.00122 -0.99992
vn 0.26479 -0.06046 -0.96241
vn 0.08267 -0.21298 -0.97355
vn 0.12167 0.30119 -0.94577
vn 0.41822 0.38508 -0.82268
vn 0.60066 -0.27249 -0.75164
vn 0.10465 0.34453 -0.93292
vn 0.23785 0.67182 -0.70149
vn 0.05491 0.65262 -0.75570
vn 0.04612 0.31052 -0.94945
vn -0.11691 0.61082 -0.78309
vn -0.28826 0.58944 -0.75463
vn 0.33614 -0.61758 -0.71106
vn 0.10067 -0.57594 -0.81127
vn 0.42838 -0.90170 -0.05859
vn 0.09175 -0.94586 -0.31134
vn -0.18434 -0.86331 -0.46980
vn 0.00319 -0.95242 -0.30476
vn -0.25493 -0.67294 -0.69438
vn -0.47361 -0.67110 -0.57037
vn -0.35227 0.88289 -0.31050
vn -0.31533 0.78530 -0.53280
vn -0.48216 0.80972 -0.33448
vn -0.07785 0.07567 -0.99409
vn 0.01983 0.51189 -0.85882
vn -0.71967 -0.38432 -0.57824
vn -0.69486 0.31527 -0.64635
vn -0.91484 0.01885 -0.40338
vn 0.13401 -0.95154 -0.27677
vn -0.26355 -0.89226 -0.36663
vn -0.24003 -0.58927 -0.77146
vn -0.21647 -0.30060 -0.92886
vn -0.18047 -0.45075 -0.87422
vn -0.11670 -0.58647 -0.80152
vn -0.11146 -0.92454 -0.36441
vn 0.16291 -0.67984 -0.71503
vn -0.13540 -0.67889 -0.72164
vn -0.30370 -0.68243 -0.66487
vn -0.00253 -0.92270 -0.38552
vn -0.00370 -0.91163 -0.41100
vn 0.28759 -0.79422 -0.53527
vn -0.30709 -0.86588 -0.39491
vn -0.56068 -0.75781 -0.33371
vn -0.53525 -0.77564 -0.33449
vn -0.36223 -0.78484 -0.50281
vn -0.37477 0.92651 -0.03364
vn -0.34532 0.91889 0.19077
vn -0.24312 -0.93578 -0.25534
vn 0.30324 0.89810 -0.31854
vn -0.05402 -0.61922 -0.78336
vn 0.08407 -0.79009 -0.60720
vn 0.23110 0.93840 -0.25690
vn 0.42804 0.85842 -0.28267
vn -0.19834 -0.95294 -0.22927
vn 0.69697 0.62753 -0.34704
vn 0.02295 0.89178 -0.45188
vn -0.10546 0.89323 -0.43706
vn -0.00837 0.52189 -0.85297
vn 0.04850 0.62231 -0.78127
vn 0.14449 0.79816 -0.58486
vn -0.06685 0.53141 -0.84448
vn -0.00298 0.57364 -0.81910
vn -0.29714 0.83667 -0.46010
vn -0.43168 0.74990 -0.50130
vn -0.43275 0.74370 -0.50954
vn -0.49132 0.67307 -0.55279
vn -0.48829 0.70484 -0.51456
vn -0.45950 0.51465 -0.72388
vn -0.49657 0.47416 -0.72704
vn -0.34880 0.45707 -0.81818
vn -0.28687 0.44857 -0.84646
vn -0.22040 0.46062 -0.85980
vn -0.22403 0.43158 -0.87381
vn -0.15037 0.48553 -0.86119
vn -0.12286 0.50148 -0.85640
vn -0.10540 0.50544 -0.85640
vn -0.11322 0.47585 -0.87221
vn -0.03590 -0.54676 -0.83652
vn -0.11984 -0.56225 -0.81824
vn -0.07180 -0.23342 -0.96972
vn -0.18149 -0.16567 -0.96934
vn 0.31434 -0.14107 -0.93877
vn 0.27569 -0.23655 -0.93169
vn 0.31795 -0.18478 -0.92993
vn 0.29538 -0.18734 -0.93683
vn 0.24832 -0.21532 -0.94444
vn 0.20214 -0.17579 -0.96345
vn 0.13332 -0.09157 -0.98683
vn 0.10600 0.08513 -0.99072
vn -0.26025 -0.52458 -0.81061
vn -0.16543 -0.32911 -0.92969
vn -0.34078 -0.27074 -0.90032
vn -0.42163 -0.07977 -0.90325
vn -0.76973 0.11994 -0.62700
vn -0.66761 0.46755 -0.57939
vn -0.67383 0.48864 -0.55425
vn -0.42793 0.72530 -0.53928
vn -0.31140 0.36215 -0.87856
vn -0.16616 0.84725 -0.50454
vn -0.10652 0.87757 -0.46746
vn 0.16081 0.87813 -0.45059
vn 0.18523 0.88149 -0.43436
vn 0.45589 0.79119 -0.40765
vn 0.42951 0.80643 -0.40644
vn 0.59566 0.70601 -0.38308
vn -0.38638 -0.81612 -0.42972
vn -0.41423 -0.73756 -0.53331
vn -0.44412 -0.62990 -0.63717
vn -0.31401 -0.69923 -0.64225
vn -0.18342 -0.43930 -0.87942
vn -0.03938 -0.50146 -0.86429
vn -0.07727 -0.77043 -0.63283
vn 0.19725 -0.76716 -0.61038
vn 0.10955 -0.51900 -0.84773
vn 0.10314 -0.47876 -0.87187
vn 0.19480 -0.76527 -0.61352
vn -0.33189 -0.56944 -0.75206
vn -0.22399 -0.19392 -0.95510
vn -0.37287 -0.28075 -0.88439
vn -0.49140 -0.39849 -0.77442
vn -0.31456 -0.38676 -0.86687
vn -0.25579 -0.27559 -0.92662
vn -0.12967 -0.35970 -0.92401
vn -0.08404 -0.23184 -0.96912
vn -0.05133 -0.04522 -0.99766
vn -0.61455 -0.40706 -0.67575
vn -0.73434 -0.22441 -0.64061
vn 0.03055 -0.36981 -0.92860
vn 0.35311 -0.53219 -0.76947
vn 0.66023 -0.68062 -0.31759
vn 0.51936 -0.83404 -0.18609
vn 0.52428 -0.82936 -0.19313
vn 0.48671 -0.85329 -0.18712
vn -0.04599 0.12721 -0.99081
vn 0.00328 0.05557 -0.99845
vn 0.01606 0.05855 -0.99816
vn 0.03556 0.06398 -0.99732
vn 0.01804 0.06301 -0.99785
vn 0.03045 0.07356 -0.99683
vn 0.03485 0.09937 -0.99444
vn 0.04291 0.10171 -0.99389
vn 0.04882 0.19283 -0.98002
vn -0.00859 0.05163 -0.99863
vn -0.49819 0.30841 -0.81036
vn -0.37618 0.07485 -0.92352
vn -0.49251 0.82119 -0.28825
vn 0.09650 0.00145 -0.99533
vn -0.05884 0.03965 -0.99748
vn -0.06916 0.01897 -0.99743
vn -0.12121 0.13039 -0.98403
vn -0.01240 0.00123 -0.99992
vn -0.01242 0.00124 -0.99992
vn 0.41258 0.86424 -0.28787
vn 0.60719 0.74361 -0.27993
vn 0.60232 0.74912 -0.27572
vn 0.41895 0.86541 -0.27484
vn 0.02629 0.95884 -0.28273
vn 0.00026 0.95636 -0.29219
vn -0.41547 0.85495 -0.31055
vn -0.40046 0.86611 -0.29914
vn -0.74897 0.57311 -0.33255
vn -0.77556 0.51598 -0.36368
vn -0.88750 0.19051 -0.41958
vn 0.03081 -0.25496 -0.96646
vn 0.02203 -0.22544 -0.97401
vn 0.00075 -0.18696 -0.98237
vn 0.10355 -0.21697 -0.97067
vn 0.32511 -0.94566 -0.00520
vn 0.05588 0.20232 -0.97772
vn 0.15419 0.81206 -0.56283
vn 0.13897 0.53912 -0.83069
vn -0.14975 0.85575 -0.49525
vn -0.20951 0.86977 -0.44678
vn -0.22059 0.67744 -0.70172
vn -0.10917 0.81719 -0.56593
vn 0.17834 0.68417 -0.70718
vn 0.39906 0.40344 -0.82340
vn 0.21820 0.30152 -0.92815
vn 0.06919 -0.55577 -0.82845
vn 0.02570 -0.56882 -0.82206
vn 0.06502 -0.55029 -0.83244
vn 0.12593 -0.45420 -0.88196
vn 0.10884 -0.44341 -0.88968
vn 0.20721 -0.36826 -0.90634
vn 0.56421 -0.36914 -0.73851
vn 0.54558 -0.61438 -0.56998
vn 0.56312 -0.65204 -0.50768
vn 0.39271 -0.69109 -0.60678
vn 0.32639 -0.67668 -0.65998
vn 0.11468 -0.65821 -0.74405
vn 0.03589 -0.67579 -0.73622
vn -0.02636 -0.57453 -0.81806
vn 0.01784 -0.58031 -0.81420
vn -0.01856 -0.57405 -0.81861
vn -0.13019 -0.43760 -0.88970
vn -0.03612 -0.37571 -0.92603
vn 0.02223 -0.19713 -0.98013
vn -0.11928 -0.33668 -0.93403
vn -0.10588 -0.24549 -0.96360
vn -0.01241 0.00122 -0.99992
vn 0.14016 -0.66381 -0.73465
vn 0.31481 -0.68815 -0.65372
vn 0.20800 -0.70132 -0.68183
vn -0.00512 -0.47638 -0.87922
vn -0.15655 0.62006 -0.76878
vn -0.18947 0.77973 -0.59676
vn -0.19319 0.77907 -0.59642
vn 0.05843 -0.88476 -0.46237
vn -0.38298 -0.80743 -0.44875
vn -0.61716 -0.55137 -0.56134
vn -0.04961 0.22277 -0.97361
vn -0.05421 0.21027 -0.97614
vn -0.06896 0.21224 -0.97478
vn -0.28129 0.45068 -0.84721
vn -0.02105 -0.99978 -0.00041
vn -0.12391 0.39107 -0.91198
vn -0.01376 0.30606 -0.95191
vn 0.09447 -0.13381 -0.98649
vn 0.10644 -0.15728 -0.98180
vn 0.44874 -0.63329 -0.63054
vn 0.38266 -0.37711 -0.84342
vn -0.23333 0.73628 -0.63517
vn -0.07540 -0.02572 -0.99682
vn 0.17526 -0.84774 -0.50062
vn 0.23502 -0.86950 -0.43443
vn -0.20950 0.32292 -0.92295
vn -0.07369 0.19373 -0.97828
vn -0.19620 0.00733 -0.98054
vn -0.16371 -0.65151 -0.74077
vn -0.05676 -0.61423 -0.78708
vn -0.10097 0.04012 -0.99408
vn -0.16177 0.61042 -0.77538
vn -0.22127 0.59613 -0.77179
vn -0.08137 0.62013 -0.78027
vn -0.00098 0.11520 -0.99334
vn -0.04478 0.66203 -0.74814
vn 0.10091 0.13276 -0.98600
vn -0.03579 0.58536 -0.80998
vn 0.21941 0.09370 -0.97112
vn 0.47852 -0.46524 -0.74470
vn 0.02287 0.42941 -0.90282
vn 0.27930 -0.51845 -0.80821
vn 0.09010 -0.56880 -0.81753
vn -0.09679 0.38321 -0.91858
vn -0.18766 0.78579 -0.58934
vn -0.09694 0.75176 -0.65227
vn 0.02406 0.66976 -0.74219
vn -0.09717 0.80545 -0.58465
vn -0.23031 0.72378 -0.65046
vn -0.13572 0.55445 -0.82107
vn -0.19719 0.56975 -0.79781
vn -0.18217 0.61555 -0.76676
vn -0.20516 0.66538 -0.71776
vn -0.19221 0.69203 -0.69581
vn -0.26745 0.70676 -0.65495
vn -0.24094 0.73487 -0.63397
vn -0.27566 0.70717 -0.65109
vn -0.33650 0.74849 -0.57144
vn -0.21979 0.73487 -0.64161
vn 0.18239 -0.21400 -0.95966
vn -0.11203 0.68989 -0.71520
vn -0.12845 0.70121 -0.70129
vn -0.10588 0.71923 -0.68666
vn -0.15944 0.70968 -0.68625
vn -0.11305 0.71590 -0.68899
vn -0.10994 0.73459 -0.66955
vn -0.11509 0.72776 -0.67610
vn -0.13619 0.76448 -0.63010
vn -0.13200 0.77508 -0.61792
vn -0.14973 0.78654 -0.59911
vn -0.13745 0.78551 -0.60339
vn -0.16332 0.79569 -0.58327
vn -0.16883 0.80163 -0.57348
vn -0.18049 0.79347 -0.58123
vn -0.19032 0.78619 -0.58795
vn 0.20470 -0.77898 -0.59270
vn 0.19942 -0.79220 -0.57676
vn 0.26430 -0.60307 -0.75263
vn 0.45849 -0.56695 -0.68436
vn 0.19473 -0.80924 -0.55426
vn 0.19628 -0.81660 -0.54280
vn 0.16525 -0.67438 -0.71965
vn 0.16388 -0.66735 -0.72648
vn 0.10712 -0.73359 -0.67110
vn 0.10351 -0.73975 -0.66487
vn -0.15993 -0.84971 -0.50240
vn -0.26154 -0.84162 -0.47252
vn -0.53788 -0.75331 -0.37844
vn -0.03838 0.11156 -0.99302
vn -0.11736 0.36476 -0.92367
vn -0.11239 0.35758 -0.92709
vn 0.09450 -0.24860 -0.96399
vn 0.14820 -0.29662 -0.94343
vn 0.19671 -0.44451 -0.87391
vn 0.23365 -0.45653 -0.85848
vn 0.10915 -0.49291 -0.86321
vn -0.25118 0.69185 -0.67695
vn -0.25381 0.67813 -0.68972
vn -0.27784 0.67240 -0.68606
vn -0.20401 0.73929 -0.64174
vn -0.20404 0.75183 -0.62699
vn -0.22399 0.75655 -0.61438
vn -0.20000 0.77516 -0.59927
vn -0.21747 0.77336 -0.59551
vn -0.18961 0.70244 -0.68602
vn -0.16997 0.70670 -0.68679
vn 0.01986 -0.88982 -0.45588
vn 0.04997 -0.90114 -0.43064
vn 0.18592 -0.77580 -0.60297
vn 0.15357 -0.76004 -0.63147
vn 0.32299 -0.64183 -0.69551
vn 0.30432 -0.64741 -0.69875
vn 0.55391 -0.62155 -0.55395
vn 0.56380 -0.61806 -0.54784
vn 0.59741 -0.64451 -0.47719
vn 0.38019 -0.77623 -0.50292
vn 0.12371 -0.83488 -0.53634
vn -0.03144 -0.83124 -0.55503
vn -0.15049 -0.84795 -0.50826
vn -0.10761 -0.81592 -0.56807
vn -0.10956 -0.81391 -0.57057
vn 0.52577 -0.77565 -0.34918
vn 0.62349 -0.63331 -0.45845
vn 0.55900 -0.69871 -0.44644
vn 0.54817 -0.74176 -0.38641
vn 0.26720 -0.95622 0.11937
vn 0.24830 -0.95004 0.18914
vn -0.45142 0.85731 -0.24746
vn 0.06359 -0.20168 0.97739
vn 0.07987 -0.21730 0.97283
vn 0.05249 -0.20581 0.97718
vn 0.01835 -0.21773 0.97584
vn 0.07276 -0.26857 0.96051
vn 0.08915 -0.28234 0.95516
vn 0.10756 -0.29483 0.94947
vn 0.09207 -0.29012 0.95255
vn 0.03726 -0.26636 0.96315
vn 0.07177 -0.27093 0.95992
vn 0.00524 -0.54589 0.83784
vn 0.00412 -0.30598 0.95203
vn 0.08864 -0.31747 0.94412
vn 0.04284 -0.34459 0.93778
vn 0.05687 -0.34087 0.93839
vn 0.06444 -0.34835 0.93515
vn 0.09972 -0.28764 0.95253
vn 0.10751 -0.40412 0.90836
vn 0.16136 -0.45192 0.87734
vn 0.04901 -0.43445 0.89936
vn 0.08052 -0.45233 0.88821
vn 0.32576 0.06966 0.94288
vn 0.02338 -0.31712 0.94810
vn 0.12825 -0.79218 0.59666
vn 0.13368 -0.79810 0.58751
vn 0.13335 -0.77857 0.61323
vn 0.17345 -0.81552 0.55213
vn 0.17577 -0.81872 0.54663
vn 0.20920 -0.81271 0.54381
vn 0.20664 -0.81321 0.54405
vn 0.23123 -0.63400 0.73795
vn 0.18261 -0.74297 0.64393
vn 0.24043 -0.79353 0.55903
vn 0.26266 -0.80102 0.53794
vn 0.15416 -0.98804 -0.00314
vn 0.29452 -0.95563 -0.00484
vn -0.01586 -0.99987 -0.00102
vn 0.00951 -0.99995 0.00078
vn 0.01732 -0.53097 0.84722
vn -0.04535 -0.37022 0.92784
vn 0.08278 -0.42060 0.90346
vn -0.05650 -0.31386 0.94779
vn 0.27437 -0.56589 0.77749
vn -0.21762 -0.08407 0.97241
vn 0.44535 -0.54201 0.71266
vn 0.26602 -0.68766 0.67554
vn 0.06005 -0.22697 0.97205
vn 0.04121 -0.22840 0.97269
vn -0.02533 -0.04099 0.99884
vn -0.02343 -0.02443 0.99943
vn -0.09203 -0.03004 0.99530
vn -0.09349 -0.03036 0.99516
vn 0.03859 -0.09250 0.99496
vn 0.00312 -0.22806 0.97364
vn -0.12538 -0.01947 0.99192
vn -0.12335 -0.02157 0.99213
vn -0.14370 -0.02069 0.98941
vn -0.14397 -0.02219 0.98933
vn -0.14709 -0.01953 0.98893
vn -0.14581 -0.01948 0.98912
vn 0.10923 0.13595 0.98468
vn 0.08694 0.12655 0.98814
vn 0.12647 0.23016 0.96490
vn 0.14179 0.33314 0.93215
vn 0.13124 0.24964 0.95940
vn 0.14829 0.24306 0.95861
vn 0.09191 0.39962 0.91206
vn 0.94069 0.28095 0.19018
vn 0.94069 0.28095 0.19018
vn -0.38333 -0.17924 0.90605
vn 0.06821 0.42786 0.90127
vn -0.14450 -0.02066 0.98929
vn -0.14625 -0.01958 0.98905
vn -0.14750 -0.01899 0.98888
vn -0.14379 -0.02047 0.98940
vn -0.14643 -0.01716 0.98907
vn -0.17473 -0.08704 0.98076
vn -0.14881 -0.01601 0.98874
vn -0.14073 -0.02375 0.98976
vn -0.14760 -0.01667 0.98891
vn -0.13375 -0.02907 0.99059
vn -0.11338 -0.03252 0.99302
vn -0.08213 -0.06002 0.99481
vn -0.06639 0.00033 0.99779
vn -0.07047 0.01935 0.99733
vn -0.12457 0.00730 0.99218
vn -0.32094 -0.43266 0.84250
vn -0.36964 -0.25469 0.89359
vn -0.14284 0.13026 0.98114
vn -0.09692 0.01136 0.99523
vn -0.08938 0.00632 0.99598
vn -0.36556 -0.10614 0.92472
vn -0.12498 0.02016 0.99195
vn 0.06402 0.00449 -0.99794
vn 0.09030 0.01241 -0.99584
vn 0.09099 0.01005 -0.99580
vn 0.06060 0.01386 -0.99807
vn 0.03470 0.08630 -0.99566
vn 0.12347 0.00674 -0.99233
vn 0.11995 0.01134 -0.99272
vn 0.14062 0.01132 -0.99000
vn 0.13932 0.01334 -0.99016
vn 0.14261 0.01252 -0.98970
vn 0.14352 0.01196 -0.98958
vn 0.14403 0.01241 -0.98950
vn 0.14309 0.01290 -0.98963
vn 0.14193 0.01210 -0.98980
vn 0.14449 0.01239 -0.98943
vn 0.12902 0.00048 -0.99164
vn 0.14464 0.01229 -0.98941
vn 0.14464 0.01230 -0.98941
vn 0.04450 -0.02463 -0.99871
vn 0.14464 0.01228 -0.98941
vn 0.11987 0.02190 -0.99255
vn 0.10491 0.01984 -0.99428
vn 0.03994 -0.01290 -0.99912
vn 0.01426 0.02734 -0.99952
vn 0.06270 0.05045 -0.99676
vn -0.04105 0.02615 -0.99881
vn -0.05181 0.03403 -0.99808
vn -0.06355 0.01394 -0.99788
vn -0.13803 0.12629 -0.98234
vn -0.06153 0.05926 -0.99634
vn 0.01296 0.20145 -0.97941
vn 0.03500 0.19296 -0.98058
vn 0.03305 0.18110 -0.98291
vn 0.02279 0.13027 -0.99122
vn 0.01514 0.11766 -0.99294
vn 0.04049 0.14022 -0.98929
vn 0.02348 0.11047 -0.99360
vn 0.00910 0.10306 -0.99463
vn -0.00126 0.10609 -0.99436
vn 0.03159 -0.06547 -0.99735
vn -0.03228 -0.05529 -0.99795
vn -0.08259 0.04440 -0.99559
vn -0.09853 -0.96319 0.25012
vn -0.16433 -0.93060 0.32708
vn -0.15875 -0.93315 0.32255
vn -0.08996 -0.96610 0.24200
vn -0.20071 -0.92288 0.32866
vn -0.20924 -0.92065 0.32959
vn -0.25547 -0.90664 0.33575
vn -0.26618 -0.90306 0.33708
vn -0.30442 -0.88928 0.34133
vn -0.30890 -0.88757 0.34175
vn -0.02923 -0.94979 0.31153
vn -0.03274 -0.94636 0.32145
vn -0.06213 -0.87485 0.48039
vn -0.05723 -0.87167 0.48674
vn -0.08987 -0.86592 0.49204
vn 0.22424 0.94332 0.24466
vn 0.14451 0.96238 0.23007
vn 0.13880 0.96246 0.23325
vn 0.22154 0.94381 0.24524
vn -0.15120 0.95439 0.25745
vn -0.09421 0.96492 0.24508
vn 0.30380 0.92050 0.24573
vn 0.29678 0.92278 0.24576
vn 0.43695 0.86615 0.24259
vn 0.42088 0.87389 0.24326
vn 0.58897 0.77422 0.23172
vn 0.56955 0.78707 0.23693
vn 0.13478 0.95206 0.27461
vn 0.20730 0.93735 0.28001
vn -0.34901 0.89211 0.28692
vn -0.35054 0.89039 0.29038
vn -0.80607 -0.08993 0.58495
vn -0.84498 -0.05429 0.53204
vn -0.54500 -0.50254 0.67114
vn -0.36056 -0.73867 0.56953
vn -0.49832 -0.84020 0.21386
vn -0.40243 -0.88933 0.21714
vn -0.40749 -0.88849 0.21105
vn -0.50396 -0.83730 0.21202
vn -0.75016 -0.62966 0.20196
vn -0.74116 -0.63797 0.20897
vn -0.97248 -0.08820 0.21566
vn -0.97212 -0.08342 0.21914
vn -0.93792 0.27891 0.20620
vn -0.93321 0.30260 0.19378
vn 0.19584 0.96082 0.19615
vn 0.29070 0.93590 0.19896
vn 0.30242 0.93213 0.19917
vn 0.19426 0.96012 0.20110
vn 0.06534 0.96280 0.26218
vn 0.04991 0.96207 0.26821
vn 0.45563 0.86761 0.19914
vn 0.44056 0.87297 0.20935
vn 0.50609 0.82261 0.25920
vn 0.48849 0.82974 0.27000
vn 0.39725 0.87516 0.27621
vn 0.42703 0.86157 0.27450
vn -0.04245 0.96220 0.26903
vn -0.01454 0.96244 0.27109
vn -0.07949 0.96414 0.25321
vn -0.27877 -0.91571 0.28942
vn -0.28979 -0.91483 0.28127
vn -0.51153 -0.57086 0.64223
vn -0.12028 0.94041 0.31805
vn 0.01409 0.95177 0.30648
vn 0.00013 0.94493 0.32728
vn -0.34887 -0.87112 0.34560
vn -0.39894 -0.84519 0.35567
vn -0.39454 -0.84982 0.34950
vn -0.34186 -0.87415 0.34495
vn -0.41303 -0.82086 0.39445
vn -0.41482 -0.82313 0.38779
vn -0.43558 -0.76807 0.46940
vn 0.16905 0.96924 0.17887
vn 0.15985 0.96617 0.20237
vn -0.22296 -0.93256 0.28394
vn 0.01241 -0.00123 0.99992
vn 0.01241 -0.00123 0.99992
vn 0.01241 -0.00123 0.99992
vn 0.01468 -0.00762 0.99986
vn 0.01337 -0.01249 0.99983
vn -0.00011 0.23861 0.97112
vn 0.04133 0.00082 0.99915
vn 0.03048 -0.03715 0.99884
vn 0.01222 -0.02929 0.99950
vn 0.00018 -0.03071 0.99953
vn 0.00228 -0.00194 1.00000
vn 0.02259 -0.05276 0.99835
vn -0.01101 -0.00288 0.99994
vn 0.02599 -0.03846 0.99892
vn 0.02397 -0.00041 0.99971
vn -0.02535 0.60120 0.79870
vn -0.01241 0.00123 -0.99992
vn -0.01241 0.00123 -0.99992
vn -0.01241 0.00123 -0.99992
vn -0.01241 0.00123 -0.99992
vn -0.01241 0.00123 -0.99992
vn -0.01241 0.00122 -0.99992
vn -0.01241 0.00123 -0.99992
vn -0.01241 0.00123 -0.99992
vn -0.01241 0.00123 -0.99992
vn -0.01241 0.00123 -0.99992
vn -0.01241 0.00123 -0.99992
vn -0.01241 0.00122 -0.99992
vn -0.01241 0.00122 -0.99992
vn -0.01241 0.00122 -0.99992
vn -0.01241 0.00123 -0.99992
vn -0.01241 0.00123 -0.99992
vn -0.01241 0.00122 -0.99992
vn -0.01241 0.00122 -0.99992
vn -0.01241 0.00122 -0.99992
vn -0.01241 0.00122 -0.99992
vn -0.01241 0.00123 -0.99992
vn -0.01241 0.00123 -0.99992
vn -0.01241 0.00123 -0.99992
vn -0.01241 0.00123 -0.99992
vn -0.99915 -0.03942 0.01237
vn -0.99915 -0.03939 0.01238
vn -0.85072 -0.52553 0.00992
vn -0.85071 -0.52555 0.00989
vn 0.42951 0.90305 -0.00421
vn 0.42953 0.90304 -0.00420
vn 0.61279 0.79021 -0.00663
vn 0.61279 0.79022 -0.00664
vn -0.33604 0.94183 0.00533
vn -0.33606 0.94183 0.00533
vn -0.27769 0.96066 0.00462
vn -0.27769 0.96066 0.00462
vn -0.37636 0.92645 0.00580
vn -0.37636 0.92645 0.00580
vn -0.48689 0.87343 0.00711
vn -0.48689 0.87343 0.00711
vn 0.78631 0.61777 -0.00897
vn 0.78631 0.61777 -0.00897
vn 0.78631 0.61777 -0.00897
vn 0.78631 0.61777 -0.00897
vn 0.28631 0.95813 -0.00238
vn 0.28631 0.95813 -0.00238
vn 0.28631 0.95813 -0.00238
vn 0.28631 0.95813 -0.00238
vn 0.22633 0.97405 -0.00161
vn 0.22633 0.97405 -0.00161
vn -0.72225 0.69157 0.00981
vn -0.72224 0.69157 0.00981
vn -0.72225 0.69157 0.00981
vn -0.72225 0.69156 0.00980
vn -0.88945 0.45689 0.01156
vn -0.88945 0.45689 0.01155
vn 0.89201 -0.45186 -0.01161
vn 0.89202 -0.45184 -0.01163
vn 0.89201 -0.45186 -0.01161
vn 0.89200 -0.45188 -0.01159
vn 0.01241 -0.00123 0.99992
vn 0.01241 -0.00122 0.99992
vn 0.01241 -0.00123 0.99992
vn 0.01376 0.00542 0.99989
vn 0.01178 0.01006 0.99988
vn 0.03369 -0.24032 0.97011
vn 0.02525 0.03688 0.99900
vn 0.00827 0.02654 0.99961
vn -0.00384 0.02626 0.99965
vn 0.01525 0.05123 0.99857
vn 0.02063 0.03755 0.99908
vn 0.05956 -0.60213 0.79617
vn -0.99477 -0.10136 0.01220
vn -0.91610 0.40077 0.01186
vn -0.91609 0.40079 0.01185
vn -0.99477 -0.10137 0.01220
vn 0.55206 -0.83377 -0.00786
vn 0.71770 -0.69629 -0.00969
vn 0.71769 -0.69629 -0.00970
vn 0.55207 -0.83376 -0.00787
vn -0.20047 -0.97970 0.00127
vn -0.14003 -0.99015 0.00052
vn -0.14004 -0.99015 0.00052
vn -0.20045 -0.97970 0.00127
vn -0.24253 -0.97014 0.00182
vn -0.24253 -0.97014 0.00182
vn -0.35941 -0.93317 0.00332
vn -0.35941 -0.93317 0.00332
vn 0.86526 -0.50119 -0.01134
vn 0.86526 -0.50119 -0.01136
vn 0.86526 -0.50119 -0.01135
vn 0.86526 -0.50119 -0.01133
vn 0.41802 -0.90842 -0.00631
vn 0.41802 -0.90841 -0.00629
vn 0.41802 -0.90841 -0.00630
vn 0.41802 -0.90842 -0.00632
vn 0.36087 -0.93260 -0.00562
vn 0.36087 -0.93260 -0.00562
vn -0.61793 -0.78620 0.00667
vn -0.61790 -0.78623 0.00672
vn -0.61792 -0.78621 0.00669
vn -0.61795 -0.78619 0.00663
vn -0.81647 -0.57732 0.00943
vn -0.81646 -0.57732 0.00943
vn 0.81972 0.57269 -0.00945
vn 0.81972 0.57269 -0.00945
vn 0.81972 0.57269 -0.00945
vn 0.81972 0.57269 -0.00945
# 2209 normal vertices

g item_blade
s 1
f 2/3/3 1/2/2 5/1/1
f 6/4/4 2/3/3 5/1/1
f 4/5/5 2/3/3 6/4/4
f 8/6/6 4/5/5 6/4/4
f 3/7/7 4/5/5 8/6/6
f 7/8/8 3/7/7 8/6/6
f 1/2/2 3/7/7 7/8/8
f 5/1/1 1/2/2 7/8/8
f 7/11/8 8/10/6 6/9/4
f 5/12/1 7/11/8 6/9/4
f 9/15/11 1/14/10 2/13/9
f 10/16/12 9/15/11 2/13/9
f 10/16/12 2/13/9 4/17/13
f 12/18/14 10/16/12 4/17/13
f 12/18/14 4/17/13 3/19/15
f 11/20/16 12/18/14 3/19/15
f 11/20/16 3/19/15 1/14/10
f 9/15/11 11/20/16 1/14/10
f 10/23/12 12/22/14 11/21/16
f 9/24/11 10/23/12 11/21/16
g blade
s 1
f 15/27/19 14/26/18 13/25/17
f 16/28/20 15/27/19 13/25/17
f 16/28/20 13/25/17 17/29/21
f 13/25/17 18/30/22 17/29/21
f 15/27/19 19/31/23 14/26/18
f 19/31/23 20/32/24 14/26/18
f 19/31/23 21/33/25 20/32/24
f 21/33/25 22/34/26 20/32/24
f 23/35/27 22/34/26 21/33/25
f 24/36/28 23/35/27 21/33/25
f 17/29/21 18/30/22 25/37/29
f 26/38/30 17/29/21 25/37/29
f 17/29/21 26/38/30 27/39/31
f 26/38/30 28/40/32 27/39/31
f 28/40/32 29/41/33 27/39/31
f 30/42/34 27/39/31 29/41/33
f 31/43/35 28/40/32 26/38/30
f 26/38/30 25/37/29 31/43/35
f 25/37/37 32/44/36 31/43/36
f 32/44/39 33/45/38 31/43/35
f 24/36/28 34/46/40 23/35/27
f 24/36/28 35/47/41 34/46/40
f 35/47/41 37/49/43 36/48/42
f 37/49/43 38/50/44 36/48/42
f 37/49/43 39/51/45 38/50/44
f 39/51/45 40/52/46 38/50/44
f 35/47/41 36/48/42 41/53/47
f 35/47/41 41/53/47 34/46/40
f 42/54/48 40/52/46 39/51/45
f 42/54/48 43/55/49 40/52/46
f 43/55/49 44/56/50 40/52/46
f 43/55/49 45/57/51 44/56/50
f 45/57/51 46/58/52 44/56/50
f 46/58/52 47/59/53 44/56/50
f 48/60/54 42/54/48 39/51/45
f 49/61/55 48/60/54 39/51/45
f 49/61/55 50/62/56 48/60/54
f 50/62/56 51/63/57 48/60/54
f 53/65/59 52/64/58 47/59/53
f 46/58/52 53/65/59 47/59/53
f 50/62/56 54/66/60 51/63/57
f 53/65/59 55/67/61 52/64/58
f 58/70/64 57/69/63 56/68/62
f 59/71/65 58/70/64 56/68/62
f 56/68/62 57/69/63 60/72/66
f 61/73/67 58/70/64 59/71/65
f 62/74/68 61/73/67 59/71/65
f 63/75/69 61/73/67 62/74/68
f 64/76/70 63/75/69 62/74/68
f 65/77/71 63/75/69 64/76/70
f 66/78/72 63/75/69 65/77/71
f 67/79/73 66/78/72 65/77/71
f 68/80/74 67/79/73 65/77/71
f 69/81/75 68/80/74 65/77/71
f 70/82/76 67/79/73 68/80/74
f 71/83/77 67/79/73 70/82/76
f 72/84/78 71/83/77 70/82/76
f 73/85/79 71/83/77 72/84/78
f 74/86/80 71/83/77 73/85/79
f 75/87/81 73/85/79 72/84/78
f 76/88/82 73/85/79 75/87/81
f 77/89/83 76/88/82 75/87/81
f 79/91/85 78/90/84 77/89/83
f 80/92/86 79/91/85 77/89/83
f 78/90/84 76/88/82 77/89/83
f 81/93/87 79/91/85 80/92/86
f 82/94/88 81/93/87 80/92/86
f 54/97/91 84/96/90 83/95/89
f 29/100/94 85/99/93 30/98/92
f 28/101/95 85/99/93 29/100/94
f 28/101/95 86/102/96 85/99/93
f 86/102/96 87/103/97 85/99/93
f 87/103/97 88/104/98 85/99/93
f 87/103/97 60/72/66 88/104/98
f 57/69/63 88/104/98 60/72/66
f 28/101/95 31/105/99 86/102/96
f 33/106/100 86/102/96 31/105/99
f 89/107/101 71/83/77 74/86/80
f 74/86/80 90/108/102 89/107/101
f 74/86/80 83/95/89 90/108/102
f 83/95/89 84/96/90 90/108/102
f 55/109/103 81/93/87 82/94/88
f 15/27/106 16/28/105 57/110/104
f 58/111/107 15/27/106 57/110/104
f 19/31/108 15/27/106 58/111/107
f 61/112/109 19/31/108 58/111/107
f 21/33/110 19/31/108 61/112/109
f 63/113/111 21/33/110 61/112/109
f 24/36/112 21/33/110 63/113/111
f 66/114/113 24/36/112 63/113/111
f 57/110/104 16/28/105 17/29/114
f 88/115/115 57/110/104 17/29/114
f 88/115/115 17/29/114 27/39/116
f 85/116/117 88/115/115 27/39/116
f 85/116/117 27/39/116 30/42/118
f 13/25/121 14/26/120 59/117/119
f 56/118/122 13/25/121 59/117/119
f 18/30/123 13/25/121 56/118/122
f 60/119/124 18/30/123 56/118/122
f 59/117/119 14/26/120 62/120/125
f 14/26/120 20/32/126 62/120/125
f 62/120/125 20/32/126 64/121/127
f 20/32/126 22/34/128 64/121/127
f 64/121/127 22/34/128 65/122/129
f 22/34/128 23/35/130 65/122/129
f 65/122/129 23/35/130 69/123/131
f 23/35/130 34/46/132 69/123/131
f 25/37/133 18/30/123 60/119/124
f 87/124/134 25/37/133 60/119/124
f 32/44/137 25/37/136 87/124/135
f 86/125/138 32/44/39 87/124/135
f 33/45/139 32/44/39 86/125/138
f 46/58/142 45/57/141 78/126/140
f 79/127/143 46/58/142 78/126/140
f 78/126/140 45/57/141 76/128/144
f 45/57/141 43/55/145 76/128/144
f 76/128/144 43/55/145 73/129/146
f 43/55/145 42/54/147 73/129/146
f 73/129/146 42/54/147 74/130/148
f 42/54/147 48/60/149 74/130/148
f 44/56/152 47/59/151 80/131/150
f 77/132/153 44/56/152 80/131/150
f 80/131/150 47/59/151 82/133/154
f 47/59/151 52/64/155 82/133/154
f 40/52/156 44/56/152 77/132/153
f 75/134/157 40/52/156 77/132/153
f 38/50/158 40/52/156 75/134/157
f 72/135/159 38/50/158 75/134/157
f 36/48/160 38/50/158 72/135/159
f 70/136/161 36/48/160 72/135/159
f 41/53/162 36/48/160 70/136/161
f 68/137/163 41/53/162 70/136/161
f 82/133/154 52/64/155 55/67/164
f 53/65/165 46/58/142 79/127/143
f 81/138/166 53/65/165 79/127/143
f 54/66/60 50/62/56 84/139/167
f 83/140/170 51/63/169 54/66/168
f 37/49/173 35/47/172 67/141/171
f 71/142/174 37/49/173 67/141/171
f 34/46/132 41/53/162 68/137/163
f 69/123/131 34/46/132 68/137/163
f 39/51/175 37/49/173 71/142/174
f 89/143/176 39/51/175 71/142/174
f 89/143/176 90/144/177 39/51/175
f 90/144/177 49/61/55 39/51/45
f 90/144/177 84/139/167 49/61/55
f 84/139/167 50/62/56 49/61/55
f 48/60/178 51/63/169 83/140/170
f 74/130/179 48/60/178 83/140/170
f 55/67/180 53/65/165 81/138/166
f 67/141/171 35/47/172 24/36/112
f 66/114/113 67/141/171 24/36/112
f 93/147/183 92/146/182 91/145/181
f 94/148/184 92/146/182 93/147/183
f 95/149/185 94/148/184 93/147/183
f 96/150/186 94/148/184 95/149/185
f 97/151/187 96/150/186 95/149/185
f 98/152/188 97/151/187 95/149/185
f 100/154/190 97/151/187 99/153/189
f 101/155/191 97/151/187 100/154/190
f 94/148/184 96/150/186 102/156/192
f 96/150/186 103/157/193 102/156/192
f 102/156/192 103/157/193 104/158/194
f 104/158/194 103/157/193 105/159/195
f 99/153/189 97/151/187 98/152/188
f 106/160/196 103/157/193 96/150/186
f 106/160/196 96/150/186 97/151/187
f 109/163/199 108/162/198 107/161/197
f 109/163/199 107/161/197 110/164/200
f 109/163/199 111/165/201 108/162/198
f 111/165/201 112/166/202 108/162/198
f 112/166/202 111/165/201 113/167/203
f 114/168/204 112/166/202 113/167/203
f 115/169/205 114/168/204 113/167/203
f 114/168/204 115/169/205 116/170/206
f 113/167/203 111/165/201 117/171/207
f 117/171/207 111/165/201 118/172/208
f 119/173/209 117/171/207 118/172/208
f 118/172/208 111/165/201 120/174/210
f 111/165/201 109/163/199 121/162/211
f 121/162/211 109/163/199 122/161/212
f 122/161/212 109/163/199 110/164/200
f 123/166/213 111/165/201 121/162/211
f 111/165/201 123/166/213 124/167/214
f 123/166/213 125/168/215 124/167/214
f 125/168/215 126/169/216 124/167/214
f 126/169/216 125/168/215 127/170/217
f 111/165/201 124/167/214 128/171/218
f 111/165/201 128/171/218 129/172/219
f 128/171/218 130/173/220 129/172/219
f 111/165/201 129/172/219 120/174/210
f 94/177/223 112/176/222 114/175/221
f 92/178/224 94/177/223 114/175/221
f 99/181/227 119/180/226 118/179/225
f 100/182/228 99/181/227 118/179/225
f 104/185/231 107/184/230 108/183/229
f 102/186/232 104/185/231 108/183/229
f 104/185/231 105/187/233 107/184/230
f 105/187/233 110/187/234 107/184/230
f 102/186/232 108/183/229 112/176/235
f 94/177/236 102/186/232 112/176/235
f 91/190/239 116/189/238 115/188/237
f 93/191/240 91/190/239 115/188/237
f 95/194/243 113/193/242 117/192/241
f 98/195/244 95/194/243 117/192/241
f 118/179/225 120/196/246 101/196/245
f 100/182/228 118/179/225 101/196/245
f 98/195/249 117/192/248 119/180/247
f 99/181/250 98/195/249 119/180/247
f 92/178/224 114/175/221 116/189/251
f 91/190/252 92/178/224 116/189/251
f 93/191/255 115/188/254 113/193/253
f 95/194/256 93/191/255 113/193/253
f 133/199/259 132/198/258 131/197/257
f 133/199/259 134/200/260 132/198/258
f 134/200/260 135/201/261 132/198/258
f 134/200/260 136/202/262 135/201/261
f 136/202/262 97/151/187 135/201/261
f 97/151/187 137/203/263 135/201/261
f 97/151/187 139/205/265 138/204/264
f 97/151/187 101/155/191 139/205/265
f 136/202/262 134/200/260 140/206/266
f 103/157/193 136/202/262 140/206/266
f 103/157/193 140/206/266 141/207/267
f 103/157/193 141/207/267 105/159/195
f 97/151/187 138/204/264 137/203/263
f 103/157/193 106/160/268 136/202/262
f 136/202/262 106/160/268 97/151/187
f 134/177/271 133/178/270 125/175/269
f 123/176/272 134/177/271 125/175/269
f 138/181/275 139/182/274 129/179/273
f 130/180/276 138/181/275 129/179/273
f 141/185/279 140/186/278 121/183/277
f 122/184/280 141/185/279 121/183/277
f 105/187/281 141/185/279 122/184/280
f 110/187/282 105/187/281 122/184/280
f 121/183/277 140/186/278 123/176/283
f 140/186/278 134/177/284 123/176/283
f 131/190/287 132/191/286 126/188/285
f 127/189/288 131/190/287 126/188/285
f 135/194/291 137/195/290 128/192/289
f 124/193/292 135/194/291 128/192/289
f 129/179/273 139/182/274 101/196/293
f 120/196/294 129/179/273 101/196/293
f 137/195/297 138/181/296 130/180/295
f 128/192/298 137/195/297 130/180/295
f 133/178/270 131/190/300 127/189/299
f 125/175/269 133/178/270 127/189/299
f 132/191/303 135/194/302 124/193/301
f 126/188/304 132/191/303 124/193/301
f 144/210/307 143/209/306 142/208/305
f 142/208/305 143/209/306 145/211/308
f 146/212/309 142/208/305 145/211/308
f 146/212/309 145/211/308 147/213/310
f 145/211/308 148/214/311 147/213/310
f 147/213/310 148/214/311 149/215/312
f 150/216/313 147/213/310 149/215/312
f 150/216/313 149/215/312 151/217/314
f 152/218/315 150/216/313 151/217/314
f 152/218/315 151/217/314 153/219/316
f 154/220/317 152/218/315 153/219/316
f 153/219/316 155/221/318 154/220/317
f 155/221/318 156/222/319 154/220/317
f 156/222/319 155/221/318 157/223/320
f 158/224/321 156/222/319 157/223/320
f 157/223/320 159/225/322 158/224/321
f 160/226/323 159/225/322 157/223/320
f 161/227/324 159/225/322 160/226/323
f 160/226/323 162/228/325 161/227/324
f 160/226/323 163/229/326 162/228/325
f 160/226/323 164/230/327 163/229/326
f 165/231/328 161/227/324 162/228/325
f 166/232/329 165/231/328 162/228/325
f 167/233/330 165/231/328 166/232/329
f 168/234/331 165/231/328 167/233/330
f 164/230/327 169/235/332 163/229/326
f 164/230/327 170/236/333 169/235/332
f 170/236/333 171/237/334 169/235/332
f 169/235/332 171/237/334 172/238/335
f 173/239/336 169/235/332 172/238/335
f 173/239/336 172/238/335 174/240/337
f 170/236/333 175/241/338 171/237/334
f 175/241/338 176/242/339 171/237/334
f 175/241/338 177/243/340 176/242/339
f 178/244/341 177/243/340 175/241/338
f 177/243/340 179/245/342 176/242/339
f 172/238/335 171/237/334 180/246/343
f 181/247/344 172/238/335 180/246/343
f 180/246/343 171/237/334 182/248/345
f 171/237/334 176/242/339 182/248/345
f 176/242/339 179/245/342 182/248/345
f 179/245/342 183/249/346 182/248/345
f 184/250/347 183/249/346 179/245/342
f 177/243/340 184/250/347 179/245/342
f 174/240/337 172/238/335 181/247/344
f 184/250/347 177/243/340 178/244/341
f 185/251/348 184/250/347 178/244/341
f 187/253/350 186/252/349 164/230/327
f 160/226/323 187/253/350 164/230/327
f 187/253/350 160/226/323 188/254/351
f 160/226/323 157/223/352 188/254/351
f 164/230/327 186/252/349 189/255/353
f 170/236/333 164/230/327 189/255/353
f 190/256/354 170/236/333 189/255/353
f 191/257/355 190/256/354 189/255/353
f 192/258/356 190/256/354 191/257/355
f 170/236/333 190/256/354 175/241/338
f 190/256/354 193/259/357 175/241/338
f 178/244/341 175/241/338 193/259/357
f 188/254/351 157/223/352 155/221/358
f 188/254/351 155/221/358 194/260/359
f 194/260/359 155/221/358 153/219/360
f 195/261/361 194/260/359 153/219/360
f 195/261/361 153/219/360 196/262/362
f 153/219/360 151/217/363 196/262/362
f 151/217/363 149/215/364 196/262/362
f 196/262/362 149/215/364 197/263/365
f 149/215/364 148/214/311 197/263/365
f 197/263/365 148/214/311 145/211/366
f 197/263/365 145/211/366 198/264/367
f 145/211/366 143/209/368 198/264/367
f 198/264/367 143/209/368 144/210/369
f 142/267/305 199/266/370 144/265/307
f 201/270/373 200/269/372 147/268/371
f 150/271/374 201/270/373 147/268/371
f 202/272/375 201/270/373 150/271/374
f 152/273/376 202/272/375 150/271/374
f 203/274/377 199/266/370 142/267/305
f 146/275/309 203/274/377 142/267/305
f 200/269/372 203/274/377 146/275/309
f 147/268/310 200/269/372 146/275/309
f 205/278/380 204/277/379 154/276/378
f 156/279/319 205/278/380 154/276/378
f 154/276/378 204/277/379 152/273/376
f 204/277/379 202/272/375 152/273/376
f 206/280/381 205/278/380 156/279/319
f 158/281/321 206/280/381 156/279/319
f 207/282/382 206/280/381 158/281/321
f 159/283/383 207/282/382 158/281/321
f 209/286/386 208/285/385 167/284/384
f 166/287/387 209/286/386 167/284/384
f 210/288/388 209/286/386 166/287/387
f 162/289/389 210/288/388 166/287/387
f 211/290/390 210/288/388 162/289/389
f 163/291/391 211/290/390 162/289/389
f 212/292/392 211/290/390 163/291/391
f 169/293/393 212/292/392 163/291/391
f 213/294/394 212/292/392 169/293/393
f 173/295/395 213/294/394 169/293/393
f 214/296/396 213/294/394 173/295/395
f 174/297/397 214/296/396 173/295/395
f 167/284/384 208/285/385 168/298/398
f 208/285/385 215/299/399 168/298/398
f 216/300/402 214/296/401 174/297/400
f 181/301/403 216/300/402 174/297/400
f 217/302/404 216/300/402 181/301/403
f 180/303/405 217/302/404 181/301/403
f 218/304/406 217/302/404 180/303/343
f 182/305/345 218/304/406 180/303/343
f 219/306/407 218/304/406 182/305/345
f 183/307/346 219/306/407 182/305/345
f 220/308/408 219/306/407 183/307/346
f 184/309/347 220/308/408 183/307/346
f 221/310/409 220/308/408 184/309/347
f 185/311/348 221/310/409 184/309/347
f 222/312/410 221/310/409 185/311/348
f 193/313/357 222/312/410 185/311/348
f 223/314/411 222/312/410 193/313/357
f 190/315/412 223/314/411 193/313/357
f 192/316/413 223/314/411 190/315/412
f 225/319/416 224/318/415 161/317/414
f 165/320/417 225/319/416 161/317/414
f 161/317/414 224/318/415 159/283/383
f 224/318/415 207/282/382 159/283/383
f 185/251/348 178/244/341 193/259/357
f 226/209/418 144/210/307 199/208/370
f 226/209/418 199/208/370 227/211/419
f 199/208/370 203/212/377 227/211/419
f 227/211/419 203/212/377 200/213/372
f 228/214/420 227/211/419 200/213/372
f 228/214/420 200/213/372 229/215/421
f 200/213/372 201/216/422 229/215/421
f 229/215/421 201/216/422 230/217/423
f 201/216/422 202/218/424 230/217/423
f 230/217/423 202/218/424 231/219/425
f 202/218/424 204/220/426 231/219/425
f 232/221/427 231/219/425 204/220/426
f 205/222/380 232/221/427 204/220/426
f 232/221/427 205/222/380 233/223/428
f 205/222/380 206/224/381 233/223/428
f 207/225/382 233/223/428 206/224/381
f 207/225/382 234/226/429 233/223/428
f 207/225/382 224/227/430 234/226/429
f 210/228/431 234/226/429 224/227/430
f 211/229/432 234/226/429 210/228/431
f 235/230/433 234/226/429 211/229/432
f 224/227/430 225/231/434 210/228/431
f 225/231/434 209/232/435 210/228/431
f 225/231/434 208/233/436 209/232/435
f 225/231/434 215/234/437 208/233/436
f 212/235/438 235/230/433 211/229/432
f 236/236/439 235/230/433 212/235/438
f 237/237/440 236/236/439 212/235/438
f 237/237/440 212/235/438 238/238/441
f 212/235/438 213/239/442 238/238/441
f 238/238/441 213/239/442 214/240/443
f 239/241/444 236/236/439 237/237/440
f 240/242/445 239/241/444 237/237/440
f 241/243/446 239/241/444 240/242/445
f 241/243/446 242/244/447 239/241/444
f 243/245/448 241/243/446 240/242/445
f 238/238/441 216/247/450 217/246/449
f 237/237/440 238/238/441 217/246/404
f 237/237/440 217/246/404 218/248/406
f 240/242/445 237/237/440 218/248/406
f 243/245/448 240/242/445 218/248/406
f 219/249/407 243/245/448 218/248/406
f 219/249/407 220/250/408 243/245/448
f 220/250/408 241/243/446 243/245/448
f 238/238/441 214/240/443 216/247/450
f 241/243/446 220/250/408 242/244/447
f 220/250/408 221/251/409 242/244/447
f 187/253/451 234/226/429 235/230/433
f 186/252/452 187/253/451 235/230/433
f 234/226/429 187/253/451 188/254/453
f 233/223/454 234/226/429 188/254/453
f 232/221/455 233/223/454 188/254/453
f 186/252/452 235/230/433 189/255/456
f 235/230/433 236/236/439 189/255/456
f 236/236/439 223/256/457 189/255/456
f 223/256/457 191/257/458 189/255/456
f 223/256/457 192/258/459 191/257/458
f 223/256/457 236/236/439 239/241/444
f 222/259/410 223/256/411 239/241/444
f 239/241/444 242/244/447 222/259/410
f 232/221/455 188/254/453 194/260/460
f 232/221/455 194/260/460 231/219/461
f 194/260/460 195/261/462 231/219/461
f 231/219/461 195/261/462 196/262/463
f 230/217/464 231/219/461 196/262/463
f 229/215/465 230/217/464 196/262/463
f 229/215/465 196/262/463 197/263/466
f 228/214/420 229/215/465 197/263/466
f 228/214/420 197/263/466 227/211/467
f 227/211/467 197/263/466 198/264/468
f 226/209/469 227/211/467 198/264/468
f 226/209/469 198/264/468 144/210/470
f 242/244/447 221/251/409 222/259/410
f 225/319/416 165/320/417 168/298/471
f 215/299/472 225/319/416 168/298/471
f 246/323/475 245/322/474 244/321/473
f 245/322/474 247/324/476 244/321/473
f 247/324/476 248/325/477 244/321/473
f 248/325/477 247/324/476 249/326/478
f 250/327/479 248/325/477 249/326/478
f 250/327/479 249/326/478 251/328/480
f 252/329/481 250/327/479 251/328/480
f 252/329/481 251/328/480 253/330/482
f 254/331/483 252/329/481 253/330/482
f 254/331/483 253/330/482 255/332/484
f 256/333/485 254/331/483 255/332/484
f 256/333/485 255/332/484 257/334/486
f 255/332/484 258/335/487 257/334/486
f 257/334/486 258/335/487 259/336/488
f 258/335/487 260/337/489 259/336/488
f 259/336/488 260/337/489 261/338/490
f 262/339/491 259/336/488 261/338/490
f 264/342/493 261/341/490 263/340/492
f 265/343/494 264/342/493 263/340/492
f 264/342/493 265/343/494 266/344/495
f 267/345/496 264/342/493 266/344/495
f 267/345/496 266/344/495 268/346/497
f 269/347/498 267/345/496 268/346/497
f 269/347/498 268/346/497 270/348/499
f 271/349/500 269/347/498 270/348/499
f 271/349/500 270/348/499 272/350/501
f 270/348/499 273/351/502 272/350/501
f 273/351/502 274/352/503 272/350/501
f 274/352/503 275/353/504 272/350/501
f 275/353/504 274/352/503 276/354/505
f 276/354/505 274/352/503 277/355/506
f 278/356/507 276/354/505 277/355/506
f 278/356/507 277/355/506 279/357/508
f 279/357/508 277/355/506 280/358/509
f 281/359/510 279/357/508 280/358/509
f 281/359/510 280/358/509 282/360/511
f 283/361/512 281/359/510 282/360/511
f 282/360/511 284/362/513 283/361/512
f 285/363/514 283/361/512 284/362/513
f 284/362/513 286/364/515 285/363/514
f 287/365/516 285/363/514 286/364/515
f 285/363/514 287/365/516 288/366/517
f 285/363/514 288/366/517 289/367/518
f 283/361/512 285/363/514 289/367/518
f 283/361/512 289/367/518 290/368/519
f 281/359/510 283/361/512 290/368/519
f 281/359/510 290/368/519 291/369/520
f 279/357/508 281/359/510 291/369/520
f 279/357/508 291/369/520 278/356/507
f 291/369/520 292/370/521 278/356/507
f 278/356/507 292/370/521 276/354/505
f 293/371/522 276/354/505 292/370/521
f 276/354/505 293/371/522 275/353/504
f 293/371/522 294/372/523 275/353/504
f 294/372/523 293/371/522 295/373/524
f 298/376/527 297/375/526 296/374/525
f 299/377/528 298/376/527 296/374/525
f 297/375/526 300/378/529 296/374/525
f 296/374/525 300/378/529 301/379/530
f 302/380/531 298/376/527 299/377/528
f 303/381/532 302/380/531 299/377/528
f 304/382/533 302/380/531 303/381/532
f 305/383/534 304/382/533 303/381/532
f 304/382/533 305/383/534 306/384/535
f 305/383/534 307/385/536 306/384/535
f 308/386/537 307/385/536 305/383/534
f 305/383/534 309/387/538 308/386/537
f 310/388/539 309/387/538 305/383/534
f 311/389/540 310/388/539 305/383/534
f 303/381/532 311/389/540 305/383/534
f 306/384/535 307/385/536 312/390/541
f 307/385/536 313/391/542 312/390/541
f 307/385/536 308/386/537 313/391/542
f 314/392/543 306/384/535 312/390/541
f 314/392/543 312/390/541 315/393/544
f 312/390/541 316/394/545 315/393/544
f 303/381/532 299/377/528 311/389/540
f 316/394/545 317/395/546 315/393/544
f 317/395/546 318/396/547 315/393/544
f 315/393/544 318/396/547 319/397/548
f 320/398/549 315/393/544 319/397/548
f 320/398/549 319/397/548 321/399/550
f 322/400/551 318/396/547 317/395/546
f 317/395/546 323/401/552 322/400/551
f 324/402/553 323/401/552 317/395/546
f 325/403/554 324/402/553 317/395/546
f 324/402/553 325/403/554 326/404/555
f 327/405/556 324/402/553 326/404/555
f 327/405/556 326/404/555 328/406/557
f 329/407/558 327/405/556 328/406/557
f 328/406/557 330/408/559 329/407/558
f 325/403/554 331/409/560 326/404/555
f 332/410/561 326/404/555 331/409/560
f 322/400/551 323/401/552 333/411/562
f 333/411/562 323/401/552 327/405/556
f 327/405/556 323/401/552 324/402/553
f 333/411/562 327/405/556 329/407/558
f 329/407/558 330/408/559 334/412/563
f 330/408/559 335/413/564 334/412/563
f 335/413/564 336/414/565 334/412/563
f 331/409/560 325/403/554 337/415/566
f 338/416/567 337/415/566 312/390/541
f 338/416/567 312/390/541 313/391/542
f 312/390/541 337/415/566 316/394/545
f 316/394/545 337/415/566 317/395/546
f 337/415/566 325/403/554 317/395/546
f 339/417/569 280/358/568 277/355/506
f 340/418/570 339/417/569 277/355/506
f 339/417/569 341/419/571 280/358/568
f 341/419/571 282/360/572 280/358/509
f 282/360/572 341/419/571 342/420/573
f 284/362/574 282/360/572 342/420/573
f 284/362/574 342/420/573 286/364/575
f 342/420/573 343/421/576 286/364/575
f 277/355/506 274/352/503 340/418/570
f 274/352/503 344/422/577 340/418/570
f 345/423/578 340/418/570 344/422/577
f 346/424/579 345/423/578 344/422/577
f 273/351/502 344/422/577 274/352/503
f 245/322/474 246/323/475 347/425/580
f 245/322/474 347/425/580 348/426/581
f 349/427/582 245/322/474 348/426/581
f 349/427/582 348/426/581 350/428/583
f 351/429/584 349/427/582 350/428/583
f 351/429/584 350/428/583 352/430/585
f 353/431/586 351/429/584 352/430/585
f 353/431/586 352/430/585 354/432/587
f 355/433/588 353/431/586 354/432/587
f 355/433/588 354/432/587 356/434/589
f 357/435/590 355/433/588 356/434/589
f 357/435/590 356/434/589 358/436/591
f 356/434/589 359/437/592 358/436/591
f 358/436/591 359/437/592 360/438/593
f 361/439/594 358/436/591 360/438/593
f 361/439/594 360/438/593 362/440/595
f 263/441/596 361/439/594 362/440/595
f 264/342/493 363/443/597 262/442/491
f 261/341/490 264/342/493 262/442/491
f 264/342/493 267/345/496 363/443/597
f 267/345/496 364/444/598 363/443/597
f 267/345/496 269/347/498 364/444/598
f 269/347/498 365/445/599 364/444/598
f 269/347/498 271/349/500 365/445/599
f 271/349/500 366/446/600 365/445/599
f 367/447/601 366/446/600 271/349/500
f 272/350/501 367/447/601 271/349/500
f 368/448/602 367/447/601 272/350/501
f 275/353/504 368/448/602 272/350/501
f 275/353/504 294/372/603 368/448/602
f 294/372/603 295/373/604 368/448/602
f 263/340/596 362/450/595 369/449/605
f 265/343/606 263/340/596 369/449/605
f 265/343/606 369/449/605 266/344/607
f 369/449/605 370/451/608 266/344/607
f 266/344/607 370/451/608 371/452/609
f 268/346/610 266/344/607 371/452/609
f 268/346/610 371/452/609 270/348/611
f 371/452/609 372/453/612 270/348/611
f 270/348/611 372/453/612 273/351/502
f 273/351/502 372/453/612 373/454/613
f 373/454/613 344/422/577 273/351/502
f 346/424/579 344/422/577 373/454/613
f 375/456/615 374/455/614 299/377/528
f 296/374/525 375/456/615 299/377/528
f 299/377/528 374/455/614 311/389/540
f 311/389/540 374/455/614 310/388/539
f 296/374/525 301/379/530 375/456/615
f 300/378/618 376/457/617 301/379/616
f 345/460/621 378/459/620 377/458/619
f 379/461/622 345/460/621 377/458/619
f 380/464/623 306/463/535 314/462/543
f 315/465/544 380/464/623 314/462/543
f 380/464/623 381/466/624 306/463/535
f 381/466/624 304/467/533 306/463/535
f 381/466/624 382/468/625 304/467/533
f 382/468/625 302/469/531 304/467/533
f 382/468/625 383/470/626 302/469/531
f 383/470/626 298/471/527 302/469/531
f 297/472/526 298/471/527 383/470/626
f 384/473/627 297/472/526 383/470/626
f 384/473/627 385/474/628 297/472/526
f 385/474/628 379/475/622 297/472/526
f 345/476/578 379/475/622 385/474/628
f 345/476/578 385/474/628 386/477/629
f 386/477/629 340/478/570 345/476/578
f 339/479/569 340/478/570 386/477/629
f 386/477/629 385/474/628 339/479/569
f 385/474/628 341/480/571 339/479/569
f 341/480/571 385/474/628 384/473/627
f 342/481/573 341/480/571 384/473/627
f 342/481/573 384/473/627 343/482/576
f 384/473/627 383/470/626 343/482/576
f 343/482/576 383/470/626 382/468/625
f 387/483/630 343/482/576 382/468/625
f 387/483/630 382/468/625 381/466/624
f 321/484/550 387/483/630 381/466/624
f 321/484/550 381/466/624 380/464/623
f 320/485/549 321/484/550 380/464/623
f 320/485/549 380/464/623 315/465/544
f 332/410/633 331/409/632 388/486/631
f 389/487/634 332/410/561 388/486/631
f 378/488/620 345/423/578 346/424/635
f 390/489/636 378/488/620 346/424/635
f 390/489/636 346/424/635 373/454/613
f 331/409/560 337/415/566 338/416/567
f 388/486/631 331/409/560 338/416/567
f 393/492/639 392/491/638 391/490/637
f 394/493/640 393/492/639 391/490/637
f 394/493/640 391/490/637 395/494/641
f 393/492/639 396/495/642 392/491/638
f 396/495/642 397/496/643 392/491/638
f 398/497/644 397/496/643 396/495/642
f 399/498/645 398/497/644 396/495/642
f 400/499/646 398/497/644 399/498/645
f 401/500/647 400/499/646 399/498/645
f 400/499/646 401/500/647 402/501/648
f 402/501/648 401/500/647 403/502/649
f 404/503/650 402/501/648 403/502/649
f 404/503/650 403/502/649 405/504/651
f 406/505/652 404/503/650 405/504/651
f 405/504/651 407/506/653 406/505/652
f 406/505/652 407/506/653 408/507/654
f 409/508/655 408/507/654 407/506/653
f 410/509/656 409/508/655 407/506/653
f 411/510/657 409/508/655 410/509/656
f 412/511/658 411/510/657 410/509/656
f 413/512/659 411/510/657 412/511/658
f 414/513/660 413/512/659 412/511/658
f 413/512/659 414/513/660 415/514/661
f 415/514/661 414/513/660 416/515/662
f 417/516/663 415/514/661 416/515/662
f 418/517/664 417/516/663 416/515/662
f 419/518/665 418/517/664 416/515/662
f 420/519/666 418/517/664 419/518/665
f 421/520/667 420/519/666 419/518/665
f 424/523/670 423/522/669 422/521/668
f 423/522/669 425/524/671 422/521/668
f 422/521/668 425/524/671 426/525/672
f 427/526/673 422/521/668 426/525/672
f 424/523/676 422/521/675 428/527/674
f 422/521/675 429/528/677 428/527/674
f 422/521/675 427/526/678 429/528/677
f 427/526/678 430/529/679 429/528/677
f 425/524/681 423/522/669 431/530/680
f 425/524/681 431/530/680 426/525/682
f 423/522/669 432/531/683 431/530/680
f 423/522/669 433/532/684 432/531/683
f 433/532/684 423/522/669 424/523/670
f 433/532/684 434/533/685 432/531/683
f 431/530/680 435/534/686 426/525/682
f 433/532/684 436/535/687 434/533/685
f 436/535/687 437/536/688 434/533/685
f 426/525/682 435/534/686 438/537/689
f 439/538/690 426/525/682 438/537/689
f 426/525/672 439/538/691 427/526/673
f 439/538/691 440/539/692 427/526/673
f 440/539/692 439/538/691 441/540/693
f 439/538/691 442/541/694 441/540/693
f 442/541/696 439/538/690 443/542/695
f 442/541/696 443/542/695 444/543/697
f 445/544/698 442/541/696 444/543/697
f 442/541/694 445/544/700 446/545/699
f 441/540/693 442/541/694 446/545/699
f 441/540/703 446/545/702 447/546/701
f 446/545/702 448/547/704 447/546/701
f 445/544/698 444/543/697 449/548/705
f 450/549/706 445/544/698 449/548/705
f 445/544/700 450/549/706 451/550/707
f 446/545/699 445/544/700 451/550/707
f 446/545/702 451/550/708 448/547/704
f 451/550/708 452/551/709 448/547/704
f 440/539/711 441/540/703 453/552/710
f 441/540/703 447/546/701 453/552/710
f 451/550/707 450/549/706 454/553/712
f 450/549/706 455/554/713 454/553/712
f 455/554/713 450/549/706 456/555/714
f 450/549/706 449/548/705 456/555/714
f 457/556/715 454/553/712 455/554/713
f 458/557/716 457/556/715 455/554/713
f 458/557/716 455/554/713 459/558/717
f 458/557/716 460/559/718 457/556/715
f 458/557/716 461/560/719 460/559/718
f 458/557/716 462/561/720 461/560/719
f 462/561/720 463/562/721 461/560/719
f 462/561/720 464/563/722 463/562/721
f 462/561/720 465/564/723 464/563/722
f 466/565/724 465/564/723 462/561/720
f 466/565/724 462/561/720 467/566/725
f 462/561/720 468/567/726 467/566/725
f 458/557/716 459/558/717 468/567/726
f 462/561/720 458/557/716 468/567/726
f 466/565/724 467/566/725 469/568/727
f 470/569/728 465/564/723 466/565/724
f 470/569/728 466/565/724 469/568/727
f 471/570/729 470/569/728 469/568/727
f 472/571/730 471/570/729 469/568/727
f 473/572/731 472/571/730 469/568/727
f 467/566/725 468/567/726 474/573/732
f 467/566/725 474/573/732 469/568/727
f 468/567/726 475/574/733 474/573/732
f 468/567/726 459/558/717 475/574/733
f 459/558/717 455/554/713 456/555/714
f 476/575/734 459/558/717 456/555/714
f 476/575/734 475/574/733 459/558/717
f 478/578/736 470/577/728 477/576/735
f 479/579/737 470/577/728 478/578/736
f 480/580/738 479/579/737 478/578/736
f 481/581/739 479/579/737 480/580/738
f 477/576/735 470/577/728 471/582/729
f 482/583/740 477/576/735 471/582/729
f 483/584/741 482/583/740 471/582/729
f 484/585/742 482/583/740 483/584/741
f 485/586/743 484/585/742 483/584/741
f 486/587/744 484/585/742 485/586/743
f 487/588/745 486/587/744 485/586/743
f 487/588/745 488/589/746 486/587/744
f 488/589/746 489/590/747 486/587/744
f 490/591/748 489/590/747 488/589/746
f 488/589/746 491/592/749 490/591/748
f 491/592/749 492/593/750 490/591/748
f 492/593/750 493/594/751 490/591/748
f 493/594/751 494/595/752 490/591/748
f 495/596/753 494/595/752 493/594/751
f 486/587/744 496/597/754 484/585/742
f 496/597/754 497/598/755 484/585/742
f 484/585/742 497/598/755 498/599/756
f 482/583/740 484/585/742 498/599/756
f 482/583/740 498/599/756 499/600/757
f 477/576/735 482/583/740 499/600/757
f 500/601/758 497/598/755 496/597/754
f 472/603/730 501/602/759 471/582/729
f 502/604/760 501/602/759 472/603/730
f 501/602/759 502/604/760 503/605/761
f 504/606/762 501/602/759 503/605/761
f 505/607/763 501/602/759 504/606/762
f 505/607/763 506/608/764 501/602/759
f 505/607/763 507/609/765 506/608/764
f 506/608/764 507/609/765 508/610/766
f 507/609/765 509/611/767 508/610/766
f 508/610/766 509/611/767 510/612/768
f 511/613/769 508/610/766 510/612/768
f 511/613/769 510/612/768 512/614/770
f 513/615/771 511/613/769 512/614/770
f 512/614/770 336/414/565 514/616/772
f 513/615/771 512/614/770 514/616/772
f 514/616/772 336/414/565 515/617/773
f 336/414/565 335/413/564 515/617/773
f 516/618/774 515/617/773 335/413/564
f 330/408/559 516/618/774 335/413/564
f 517/619/775 516/618/774 330/408/559
f 328/406/557 517/619/775 330/408/559
f 517/619/775 328/406/557 326/404/555
f 520/622/778 519/621/777 518/620/776
f 521/623/779 519/621/777 520/622/778
f 522/624/780 521/623/779 520/622/778
f 523/625/781 522/624/780 520/622/778
f 524/626/782 522/624/780 523/625/781
f 525/627/783 524/626/782 523/625/781
f 525/627/783 526/628/784 524/626/782
f 527/629/785 526/628/784 525/627/783
f 528/630/786 527/629/785 525/627/783
f 529/631/787 527/629/785 528/630/786
f 530/632/788 529/631/787 528/630/786
f 531/633/789 529/631/787 530/632/788
f 532/634/790 531/633/789 530/632/788
f 533/635/791 531/633/789 532/634/790
f 534/636/792 533/635/791 532/634/790
f 521/623/779 535/637/793 519/621/777
f 538/640/796 537/639/795 536/638/794
f 537/639/795 540/642/798 539/641/797
f 536/638/794 537/639/795 539/641/797
f 539/641/797 540/642/798 534/636/792
f 540/642/798 541/643/799 534/636/792
f 541/643/799 533/635/791 534/636/792
f 543/645/801 542/644/800 508/610/766
f 511/613/769 543/645/801 508/610/766
f 544/646/802 543/645/801 511/613/769
f 513/615/771 544/646/802 511/613/769
f 506/608/764 508/610/766 542/644/800
f 545/647/803 506/608/764 542/644/800
f 506/608/764 545/647/803 501/602/759
f 544/646/802 513/615/771 546/648/804
f 513/615/771 514/616/772 546/648/804
f 546/648/804 514/616/772 547/649/805
f 514/616/772 515/617/773 547/649/805
f 548/650/806 547/649/805 515/617/773
f 516/618/774 548/650/806 515/617/773
f 517/619/775 548/650/806 516/618/774
f 551/653/809 550/652/808 549/651/807
f 549/651/807 552/654/810 551/653/809
f 552/654/810 553/655/811 551/653/809
f 554/656/812 551/653/809 553/655/811
f 552/654/810 555/657/813 553/655/811
f 555/657/813 556/658/814 553/655/811
f 557/659/815 556/658/814 555/657/813
f 558/660/816 557/659/815 555/657/813
f 558/660/816 473/661/731 557/659/815
f 473/661/731 559/662/817 557/659/815
f 473/661/731 469/663/727 559/662/817
f 469/663/727 560/664/818 559/662/817
f 469/663/727 474/665/732 560/664/818
f 549/651/807 550/652/808 509/611/767
f 507/609/765 549/651/807 509/611/767
f 509/611/767 550/652/808 510/612/768
f 549/651/807 507/609/765 505/607/763
f 552/654/810 549/651/807 505/607/763
f 505/607/763 504/606/762 552/654/810
f 504/606/762 503/605/761 552/654/810
f 503/605/761 555/657/813 552/654/810
f 503/605/761 502/604/760 555/657/813
f 502/604/760 558/660/816 555/657/813
f 502/604/760 472/603/730 558/660/816
f 472/603/730 473/661/731 558/660/816
f 563/668/821 562/667/820 561/666/819
f 564/669/822 563/668/821 561/666/819
f 564/669/822 561/666/819 565/670/823
f 561/666/819 566/671/824 565/670/823
f 568/673/827 567/672/826 392/491/825
f 397/496/828 568/673/827 392/491/825
f 392/491/825 567/672/826 569/674/829
f 391/490/830 392/491/825 569/674/829
f 391/490/830 569/674/829 395/494/831
f 571/676/833 570/675/832 562/667/820
f 563/668/821 571/676/833 562/667/820
f 571/676/836 573/678/835 572/677/834
f 574/679/837 573/678/835 571/676/836
f 575/680/838 574/679/837 571/676/836
f 424/683/670 428/682/674 576/681/839
f 577/684/841 424/683/840 576/681/839
f 577/684/843 576/681/839 578/685/842
f 579/686/844 577/684/843 578/685/842
f 582/689/847 581/688/846 580/687/845
f 573/678/848 582/689/847 580/687/845
f 439/538/690 438/537/689 443/542/695
f 454/553/850 583/690/849 452/551/709
f 451/550/708 454/553/850 452/551/709
f 480/580/738 585/692/852 584/691/851
f 481/581/739 480/580/738 584/691/851
f 478/578/736 586/693/853 585/692/852
f 480/580/738 478/578/736 585/692/852
f 478/578/736 477/576/735 586/693/853
f 477/576/735 499/600/757 586/693/853
f 460/559/718 588/695/855 587/694/854
f 457/556/857 460/559/856 587/694/854
f 584/697/851 589/696/859 463/562/858
f 481/698/739 584/697/851 463/562/858
f 464/563/860 481/698/739 463/562/858
f 464/563/860 465/564/861 481/698/739
f 465/564/723 479/699/862 481/698/739
f 470/569/728 479/699/862 465/564/723
f 519/702/865 590/701/864 518/700/863
f 590/701/864 591/703/866 518/700/863
f 592/706/867 590/705/864 519/704/865
f 519/704/865 593/707/868 592/706/867
f 519/704/865 535/708/869 593/707/868
f 520/622/778 518/620/776 594/709/870
f 530/632/788 596/711/872 595/710/871
f 532/634/790 530/632/788 595/710/871
f 532/634/790 595/710/871 597/712/873
f 534/636/874 532/634/790 597/712/873
f 598/713/875 596/711/872 530/632/788
f 528/630/786 598/713/875 530/632/788
f 525/627/783 599/714/876 598/713/875
f 528/630/786 525/627/783 598/713/875
f 525/627/783 523/625/781 599/714/876
f 523/625/781 600/715/877 599/714/876
f 594/709/870 600/715/877 523/625/781
f 520/622/778 594/709/870 523/625/781
f 537/639/880 538/640/879 601/716/878
f 536/638/794 602/717/881 538/640/796
f 536/638/794 539/641/797 602/717/881
f 539/641/797 603/718/882 602/717/881
f 539/641/797 534/636/792 603/718/882
f 534/636/792 597/712/873 603/718/882
f 537/639/880 601/716/878 604/719/883
f 540/642/884 537/639/880 604/719/883
f 540/642/884 604/719/883 605/720/885
f 541/643/886 540/642/884 605/720/885
f 332/410/561 389/487/634 592/721/887
f 593/722/888 332/410/561 592/721/887
f 541/643/886 605/720/885 533/635/889
f 533/635/889 605/720/885 500/601/758
f 496/597/754 533/635/889 500/601/758
f 608/725/892 607/724/891 606/723/890
f 609/726/893 608/725/892 606/723/890
f 606/723/890 610/727/894 609/726/893
f 610/727/894 611/728/895 609/726/893
f 611/728/895 610/727/894 612/729/896
f 610/727/894 613/730/897 612/729/896
f 612/729/896 613/730/897 614/731/898
f 613/730/897 615/732/899 614/731/898
f 618/735/902 617/734/901 616/733/900
f 619/736/903 618/735/902 616/733/900
f 619/736/903 616/733/900 607/724/891
f 608/725/892 619/736/903 607/724/891
f 620/737/904 617/734/901 618/735/902
f 621/738/905 620/737/904 618/735/902
f 621/738/905 622/739/906 620/737/904
f 622/739/906 623/740/907 620/737/904
f 624/741/908 623/740/907 622/739/906
f 625/742/909 624/741/908 622/739/906
f 626/743/910 624/741/908 625/742/909
f 627/744/911 626/743/910 625/742/909
f 626/743/910 627/744/911 628/745/912
f 629/746/913 626/743/910 628/745/912
f 630/747/914 629/746/913 628/745/912
f 631/748/915 630/747/914 628/745/912
f 634/751/918 633/750/917 632/749/916
f 633/750/917 635/752/919 632/749/916
f 635/752/919 636/753/920 632/749/916
f 632/749/916 636/753/920 637/754/921
f 632/749/916 637/754/921 638/755/922
f 637/754/921 639/756/923 638/755/922
f 565/670/924 638/755/922 639/756/923
f 639/756/923 640/757/925 565/670/924
f 640/757/925 641/758/926 565/670/924
f 564/669/822 565/670/924 641/758/926
f 564/669/822 641/758/926 642/759/927
f 642/759/927 563/668/821 564/669/822
f 563/668/821 642/759/927 643/760/928
f 643/760/928 575/680/838 563/668/821
f 575/680/838 571/676/833 563/668/821
f 644/761/929 635/752/919 633/750/917
f 644/761/929 645/762/930 635/752/919
f 636/753/920 635/752/919 645/762/930
f 645/762/930 646/763/931 636/753/920
f 646/763/931 647/764/932 636/753/920
f 647/764/932 637/754/933 636/753/920
f 647/764/932 648/765/934 637/754/933
f 648/765/934 639/756/935 637/754/933
f 640/757/936 639/756/935 648/765/934
f 649/766/937 640/757/936 648/765/934
f 649/766/937 650/767/938 640/757/936
f 650/767/938 641/758/939 640/757/936
f 641/758/939 650/767/938 651/768/940
f 642/759/941 641/758/939 651/768/940
f 642/759/941 651/768/940 652/769/942
f 643/760/943 642/759/941 652/769/942
f 652/769/942 574/679/944 643/760/943
f 574/679/837 575/680/838 643/760/928
f 398/497/945 634/770/918 568/673/827
f 397/496/828 398/497/945 568/673/827
f 398/497/945 400/499/946 634/770/918
f 400/499/946 633/771/917 634/770/918
f 400/499/946 402/501/947 633/771/917
f 402/501/947 644/772/929 633/771/917
f 402/501/947 404/503/948 644/772/929
f 404/503/948 653/773/949 644/772/929
f 654/774/950 653/773/949 404/503/948
f 406/505/951 654/774/950 404/503/948
f 406/505/951 408/507/952 654/774/950
f 408/507/952 655/775/953 654/774/950
f 656/776/954 655/775/953 408/507/952
f 409/508/955 656/776/954 408/507/952
f 409/508/955 411/510/956 656/776/954
f 411/510/956 657/777/957 656/776/954
f 415/514/960 659/779/959 658/778/958
f 413/512/961 415/514/960 658/778/958
f 413/512/961 658/778/958 657/777/957
f 411/510/956 413/512/961 657/777/957
f 415/514/960 417/516/962 659/779/959
f 417/516/962 660/780/963 659/779/959
f 661/781/964 660/780/963 417/516/962
f 418/517/664 661/781/964 417/516/962
f 418/517/664 420/519/965 661/781/964
f 420/519/965 436/782/966 661/781/964
f 437/783/968 420/519/965 421/520/967
f 436/782/966 420/519/965 437/783/968
f 582/689/847 573/678/848 574/679/837
f 662/784/970 582/689/847 574/679/969
f 664/786/973 663/785/972 582/689/971
f 662/784/970 664/786/973 582/689/847
f 664/786/973 662/784/970 656/787/954
f 582/689/971 663/785/972 665/788/974
f 581/688/846 582/689/971 665/788/974
f 581/688/846 665/788/974 579/686/844
f 578/685/842 581/688/846 579/686/844
f 579/686/977 667/790/976 666/789/975
f 577/684/978 579/686/977 666/789/975
f 667/790/976 579/686/977 665/788/979
f 668/791/980 667/790/976 665/788/979
f 668/791/980 665/788/979 663/785/981
f 669/792/982 668/791/980 663/785/981
f 670/793/983 669/792/982 663/785/981
f 670/793/983 663/785/981 664/786/984
f 670/793/983 664/786/984 671/794/985
f 657/795/957 671/794/985 664/786/984
f 657/795/957 672/796/986 671/794/985
f 656/787/954 657/795/957 664/786/984
f 666/789/988 673/797/987 424/683/840
f 577/684/841 666/789/975 424/683/670
f 673/800/989 433/799/684 424/798/670
f 661/801/964 433/799/684 673/800/989
f 436/802/687 433/799/684 661/801/964
f 673/800/989 674/803/990 661/801/964
f 674/803/990 660/804/963 661/801/964
f 672/805/986 660/804/963 674/803/990
f 672/805/986 674/803/990 675/806/991
f 674/803/990 676/807/992 675/806/991
f 676/807/992 677/808/993 675/806/991
f 677/808/993 678/809/994 675/806/991
f 659/810/959 660/804/963 672/805/986
f 672/805/986 658/811/958 659/810/959
f 672/805/986 657/812/957 658/811/958
f 666/789/997 667/790/996 674/813/995
f 673/797/998 666/789/997 674/813/995
f 674/813/995 667/790/996 668/791/999
f 676/814/1000 674/813/995 668/791/999
f 668/791/999 669/792/1002 677/815/1001
f 676/814/1000 668/791/999 677/815/1001
f 677/815/1001 669/792/1002 670/793/1003
f 678/816/1004 677/815/1001 670/793/1003
f 678/816/1004 670/793/1003 671/794/985
f 675/817/1005 678/816/1004 671/794/985
f 675/817/1005 671/794/985 672/796/986
f 651/820/1007 645/819/930 652/818/1006
f 646/821/931 645/819/930 651/820/1007
f 650/822/1008 646/821/931 651/820/1007
f 647/823/932 646/821/931 650/822/1008
f 649/824/937 647/823/932 650/822/1008
f 649/824/937 648/825/1009 647/823/932
f 645/819/930 656/826/954 652/818/1006
f 656/826/954 645/819/930 644/827/929
f 655/828/953 656/826/954 644/827/929
f 654/829/950 655/828/953 644/827/929
f 653/830/949 654/829/950 644/827/929
f 656/826/954 574/831/837 652/818/1006
f 662/832/970 574/831/837 656/826/954
f 679/833/1011 638/755/1010 565/670/823
f 566/671/824 679/833/1011 565/670/823
f 679/833/1011 632/749/1012 638/755/1010
f 587/694/854 583/690/849 454/553/850
f 457/556/857 587/694/854 454/553/850
f 521/623/1015 680/834/1014 593/722/1013
f 535/637/793 521/623/779 593/722/1013
f 680/834/1014 521/623/1015 522/624/1016
f 681/835/1017 680/834/1014 522/624/1016
f 681/835/1017 522/624/1016 682/836/1018
f 522/624/1016 524/626/1019 682/836/1018
f 524/626/1019 526/628/1020 682/836/1018
f 526/628/1020 495/596/753 682/836/1018
f 494/595/752 495/596/753 526/628/1020
f 494/595/752 526/628/1020 527/629/1021
f 494/595/752 527/629/1021 490/591/748
f 527/629/1021 529/631/1022 490/591/748
f 490/591/748 529/631/787 531/633/789
f 489/590/747 490/591/748 531/633/789
f 486/587/744 489/590/747 531/633/789
f 486/587/744 531/633/789 533/635/791
f 496/597/754 486/587/744 533/635/791
f 336/414/1025 512/614/1024 608/725/1023
f 608/725/1023 512/614/1024 619/736/1026
f 512/614/1024 510/612/1027 619/736/1026
f 619/736/1026 510/612/1027 618/735/1028
f 510/612/1027 550/652/808 618/735/1028
f 618/735/1028 550/652/808 551/653/809
f 621/738/1029 618/735/1028 551/653/809
f 554/656/812 621/738/1029 551/653/809
f 554/656/812 683/837/1030 621/738/1029
f 683/837/1030 622/739/1031 621/738/1029
f 625/742/1032 622/739/1031 683/837/1030
f 684/838/1033 625/742/1032 683/837/1030
f 627/744/1034 625/742/1032 684/838/1033
f 685/839/1035 627/744/1034 684/838/1033
f 685/839/1035 686/840/1036 627/744/1034
f 686/840/1036 628/745/1037 627/744/1034
f 631/748/1038 628/745/1037 686/840/1036
f 687/841/1039 631/748/915 686/840/1036
f 593/722/1013 689/843/1041 688/842/1040
f 688/842/1040 332/410/561 593/722/1013
f 688/842/1040 326/404/555 332/410/561
f 689/843/1041 593/722/1013 680/834/1014
f 690/844/1042 689/843/1041 680/834/1014
f 691/845/1043 690/844/1042 680/834/1014
f 691/845/1043 680/834/1014 681/835/1044
f 517/619/775 326/404/555 688/842/1040
f 517/619/775 688/842/1040 548/650/806
f 688/842/1040 689/843/1041 548/650/806
f 548/650/806 689/843/1041 547/649/805
f 689/843/1041 690/844/1042 547/649/805
f 547/649/805 690/844/1042 691/845/1043
f 546/648/804 547/649/805 691/845/1043
f 544/646/802 546/648/804 691/845/1043
f 544/646/802 691/845/1043 682/836/1045
f 544/646/802 682/836/1045 543/645/801
f 682/836/1045 495/596/1046 543/645/801
f 543/645/801 495/596/1046 542/644/800
f 495/596/1046 493/594/751 542/644/800
f 545/647/803 542/644/800 493/594/751
f 492/593/750 545/647/803 493/594/751
f 545/647/803 492/593/750 491/592/749
f 545/647/803 491/592/749 501/602/1047
f 491/592/749 488/589/746 501/602/759
f 488/589/746 487/588/745 501/602/759
f 487/588/745 485/586/743 501/602/759
f 485/586/743 483/584/741 501/602/759
f 501/602/759 483/584/741 471/582/729
f 691/845/1043 681/835/1044 682/836/1018
f 329/407/558 334/412/563 609/726/1048
f 611/728/895 329/407/558 609/726/1048
f 329/407/558 611/728/895 333/411/562
f 611/728/895 612/729/896 333/411/562
f 333/411/562 612/729/896 322/400/551
f 612/729/896 614/731/898 322/400/551
f 318/396/547 322/400/551 614/731/898
f 692/846/1049 318/396/547 614/731/898
f 319/397/548 318/396/547 692/846/1049
f 693/847/1051 319/397/1050 692/846/1049
f 321/399/550 319/397/1050 693/847/1051
f 463/562/858 589/696/859 694/848/1052
f 461/560/1053 463/562/858 694/848/1052
f 461/560/1053 694/848/1052 588/695/855
f 460/559/856 461/560/1053 588/695/855
f 572/677/834 573/678/835 580/687/1054
f 572/677/834 580/687/1054 695/849/1055
f 695/849/1056 570/675/832 571/676/833
f 572/677/1057 695/849/1056 571/676/833
f 453/552/710 430/529/679 427/526/678
f 440/539/711 453/552/710 427/526/678
f 261/338/490 260/337/489 361/439/1058
f 263/441/492 261/338/490 361/439/1058
f 361/439/1058 260/337/489 358/436/1059
f 260/337/489 258/335/487 358/436/1059
f 358/436/1059 258/335/487 357/435/1060
f 258/335/487 255/332/484 357/435/1060
f 357/435/1060 255/332/484 355/433/588
f 255/332/484 253/330/482 355/433/588
f 355/433/588 253/330/482 353/431/586
f 253/330/482 251/328/480 353/431/586
f 353/431/586 251/328/480 351/429/584
f 251/328/480 249/326/478 351/429/584
f 351/429/584 249/326/478 349/427/582
f 249/326/478 247/324/476 349/427/582
f 349/427/582 247/324/476 245/322/474
f 696/850/1063 631/748/1062 687/841/1061
f 696/850/1063 630/747/1064 631/748/1062
f 697/748/1065 696/850/1063 687/841/1061
f 630/747/1064 696/850/1063 697/748/1065
f 615/732/899 692/846/1049 614/731/898
f 377/458/1066 300/378/529 297/375/526
f 297/375/1067 379/461/622 377/458/619
f 376/457/617 300/378/618 377/458/1068
f 334/412/563 336/414/565 609/726/1048
f 609/726/1048 336/414/565 608/725/1023
f 700/853/1071 699/852/1070 698/851/1069
f 701/854/1072 700/853/1071 698/851/1069
f 700/853/1071 701/854/1072 702/855/1073
f 701/854/1072 703/856/1074 702/855/1073
f 698/851/1069 705/858/1076 704/857/1075
f 705/858/1076 698/851/1069 699/852/1070
f 703/856/1074 706/859/1077 702/855/1073
f 702/855/1073 706/859/1077 707/860/1078
f 709/863/1080 708/862/1079 321/861/550
f 708/862/1079 709/863/1080 710/864/1081
f 710/864/1081 709/863/1080 711/865/1082
f 711/865/1082 712/866/1083 710/864/1081
f 712/866/1083 713/867/1084 710/864/1081
f 713/867/1084 714/868/1085 710/864/1081
f 714/868/1085 715/869/1086 710/864/1081
f 716/870/1087 714/868/1085 713/867/1084
f 717/871/1088 716/870/1087 713/867/1084
f 718/872/1089 716/870/1087 717/871/1088
f 719/873/1090 718/872/1089 717/871/1088
f 720/874/1091 718/872/1089 719/873/1090
f 721/875/1092 720/874/1091 719/873/1090
f 721/875/1092 719/873/1090 722/876/1093
f 722/876/1093 723/877/1094 721/875/1092
f 723/877/1094 720/874/1091 721/875/1092
f 719/873/1090 724/878/1095 722/876/1093
f 724/878/1095 719/873/1090 717/871/1088
f 725/879/1096 717/871/1088 713/867/1084
f 712/866/1083 725/879/1096 713/867/1084
f 725/879/1096 724/878/1095 717/871/1088
f 715/869/1086 714/868/1085 726/880/1097
f 714/868/1085 727/881/1098 726/880/1097
f 727/881/1098 714/868/1085 716/870/1087
f 728/882/1099 727/881/1098 716/870/1087
f 716/870/1087 729/883/1100 728/882/1099
f 716/870/1087 718/872/1089 730/884/1101
f 729/883/1100 716/870/1087 730/884/1101
f 730/884/1101 718/872/1089 720/874/1091
f 731/885/1102 730/884/1101 720/874/1091
f 731/885/1102 720/874/1091 732/886/1103
f 732/886/1103 720/874/1091 723/877/1094
f 732/886/1103 723/877/1094 733/887/1104
f 734/888/1105 732/886/1103 733/887/1104
f 734/888/1105 733/887/1104 735/889/1106
f 736/890/1107 734/888/1105 735/889/1106
f 736/890/1107 735/889/1106 737/891/1108
f 738/892/1109 736/890/1107 737/891/1108
f 738/892/1109 737/891/1108 706/859/1110
f 739/893/1111 738/892/1109 706/859/1110
f 740/894/1112 739/893/1111 706/859/1110
f 728/882/1099 729/883/1100 741/895/1113
f 740/894/1112 706/859/1110 703/856/1114
f 740/894/1112 703/856/1114 742/896/1115
f 743/897/1116 740/894/1112 742/896/1115
f 703/856/1114 701/854/1072 744/898/1117
f 744/898/1117 701/854/1072 698/851/1069
f 745/899/1118 744/898/1117 698/851/1069
f 742/896/1115 703/856/1114 744/898/1117
f 745/899/1118 698/851/1069 704/857/1075
f 745/899/1118 704/857/1075 746/900/1119
f 746/900/1122 747/901/1121 745/899/1120
f 748/902/1123 740/894/1112 743/897/1116
f 749/903/1124 748/902/1123 743/897/1116
f 750/904/1125 749/903/1124 743/897/1116
f 750/904/1125 751/905/1126 749/903/1124
f 751/905/1126 752/906/1127 749/903/1124
f 754/908/1129 753/907/1128 752/906/1127
f 755/909/1130 753/907/1128 754/908/1129
f 756/910/1131 755/909/1130 754/908/1129
f 756/910/1131 757/911/1132 755/909/1130
f 757/911/1132 758/912/1133 755/909/1130
f 751/905/1126 754/908/1129 752/906/1127
f 758/912/1136 760/914/1135 759/913/1134
f 755/909/1137 758/912/1136 759/913/1134
f 755/909/1137 759/913/1134 753/907/1138
f 759/913/1134 761/915/1139 753/907/1138
f 753/907/1138 761/915/1139 762/916/1140
f 752/906/1141 753/907/1138 762/916/1140
f 752/906/1141 762/916/1140 763/917/1142
f 749/903/1143 752/906/1141 763/917/1142
f 749/903/1143 763/917/1142 764/918/1144
f 748/902/1145 749/903/1143 764/918/1144
f 764/918/1144 740/894/1146 748/902/1145
f 708/921/1079 766/920/1148 765/919/1147
f 321/922/550 708/921/1079 765/919/1147
f 766/920/1148 708/921/1079 726/923/1097
f 767/924/1149 766/920/1148 726/923/1097
f 767/924/1149 726/923/1097 768/925/1150
f 726/923/1097 727/926/1151 768/925/1150
f 768/925/1150 727/926/1151 769/927/1152
f 727/926/1151 728/928/1153 769/927/1152
f 387/929/630 321/922/550 765/919/1147
f 770/930/1154 387/929/630 765/919/1147
f 343/421/576 387/929/630 770/930/1154
f 286/364/575 343/421/576 770/930/1154
f 758/932/1136 769/927/1152 741/931/1113
f 741/931/1113 760/933/1135 758/932/1136
f 769/927/1152 728/928/1153 741/931/1113
f 765/919/1156 766/920/1148 771/934/1155
f 772/935/1157 765/919/1156 771/934/1155
f 771/934/1155 766/920/1148 767/924/1149
f 773/936/1158 771/934/1155 767/924/1149
f 773/936/1158 767/924/1149 774/937/1159
f 767/924/1149 768/925/1160 774/937/1159
f 774/937/1159 768/925/1160 775/938/1161
f 768/925/1160 769/927/1162 775/938/1161
f 775/938/1161 769/927/1162 758/932/1133
f 757/939/1132 775/938/1161 758/932/1133
f 765/919/1147 772/935/1157 776/940/1163
f 770/930/1164 765/919/1147 776/940/1163
f 770/930/1164 776/940/1163 286/364/515
f 776/940/1163 287/365/516 286/364/515
f 777/941/1165 707/860/1078 706/859/1077
f 737/891/1166 777/941/1165 706/859/1077
f 737/891/1166 735/889/1168 778/942/1167
f 777/941/1165 737/891/1166 778/942/1167
f 778/942/1167 735/889/1168 779/943/1169
f 735/889/1168 733/887/1170 779/943/1169
f 779/943/1169 733/887/1170 780/944/1171
f 733/887/1170 723/877/1172 780/944/1171
f 723/877/1172 722/876/1093 780/944/1171
f 722/876/1093 781/945/1173 780/944/1171
f 781/945/1173 722/876/1093 782/946/1174
f 722/876/1093 724/878/1095 782/946/1174
f 782/946/1174 724/878/1095 783/947/1175
f 724/878/1095 725/879/1096 783/947/1175
f 783/947/1175 725/879/1096 712/866/1083
f 784/948/1176 783/947/1175 712/866/1083
f 784/948/1176 712/866/1083 785/949/1177
f 712/866/1083 711/865/1082 785/949/1177
f 785/949/1177 711/865/1082 786/950/1178
f 711/865/1082 709/863/1179 786/950/1178
f 786/950/1178 709/863/1179 321/861/550
f 704/857/1182 705/858/1181 787/951/1180
f 788/952/1183 704/857/1182 787/951/1180
f 746/900/1184 704/857/1182 788/952/1183
f 789/953/1185 746/900/1184 788/952/1183
f 705/858/1181 699/852/1070 787/951/1180
f 699/852/1187 790/954/1186 787/951/1180
f 715/869/1086 708/862/1079 710/864/1081
f 726/880/1097 708/862/1079 715/869/1086
f 764/918/1188 739/893/1111 740/894/1112
f 739/957/1191 707/956/1190 777/955/1189
f 738/958/1192 739/957/1191 777/955/1189
f 738/958/1192 777/955/1189 778/959/1193
f 736/960/1194 738/958/1192 778/959/1193
f 736/960/1194 778/959/1193 779/961/1195
f 734/962/1196 736/960/1194 779/961/1195
f 734/962/1196 779/961/1195 780/963/1197
f 732/964/1198 734/962/1196 780/963/1197
f 764/965/1199 707/956/1190 739/957/1191
f 732/964/1198 780/963/1197 781/966/1200
f 731/967/1201 732/964/1198 781/966/1200
f 731/967/1201 781/966/1200 782/968/1202
f 730/969/1203 731/967/1201 782/968/1202
f 730/969/1203 782/968/1202 783/970/1204
f 729/971/1205 730/969/1203 783/970/1204
f 729/971/1205 783/970/1204 784/972/1206
f 791/973/1207 729/971/1205 784/972/1206
f 791/973/1207 784/972/1206 785/974/1208
f 792/975/1209 791/973/1207 785/974/1208
f 741/976/1210 729/971/1205 791/973/1207
f 792/975/1209 785/974/1208 319/977/1211
f 793/979/1213 764/965/1199 763/978/1212
f 794/980/1214 793/979/1213 763/978/1212
f 794/980/1214 763/978/1212 762/981/1215
f 795/982/1216 794/980/1214 762/981/1215
f 795/982/1216 762/981/1215 761/983/1217
f 796/984/1218 795/982/1216 761/983/1217
f 797/987/1221 759/986/1220 760/985/1219
f 798/988/1222 797/987/1221 760/985/1219
f 796/984/1218 761/983/1217 759/986/1220
f 797/987/1221 796/984/1218 759/986/1220
f 799/989/1225 700/853/1224 702/855/1223
f 800/990/1226 799/989/1225 702/855/1223
f 790/954/1186 699/852/1187 700/853/1224
f 799/989/1225 790/954/1186 700/853/1224
f 764/965/1199 793/979/1213 801/991/1227
f 800/992/1228 764/965/1199 801/991/1227
f 801/991/1227 802/993/1229 800/992/1228
f 802/993/1229 799/994/1230 800/992/1228
f 802/993/1229 803/995/1231 799/994/1230
f 803/995/1231 790/996/1232 799/994/1230
f 787/997/1233 790/996/1186 803/995/1231
f 788/998/1234 787/997/1233 803/995/1231
f 803/995/1231 789/999/1235 788/998/1234
f 707/956/1190 764/965/1199 800/992/1228
f 702/855/1073 707/860/1078 800/990/1226
f 791/973/1207 798/988/1222 760/985/1219
f 741/976/1210 791/973/1207 760/985/1219
f 319/977/1211 785/974/1208 786/1000/1236
f 319/977/1211 786/1000/1236 321/1001/1237
f 804/322/1240 246/323/1239 244/321/1238
f 805/324/1241 804/322/1240 244/321/1238
f 248/325/1242 805/324/1241 244/321/1238
f 805/324/1241 248/325/1242 806/326/1243
f 248/325/1242 250/327/1244 806/326/1243
f 806/326/1243 250/327/1244 807/328/1245
f 250/327/1244 252/329/1246 807/328/1245
f 807/328/1245 252/329/1246 808/330/1247
f 252/329/1246 254/331/1248 808/330/1247
f 808/330/1247 254/331/1248 809/332/1249
f 254/331/1248 256/333/1250 809/332/1249
f 809/332/1249 256/333/1250 257/334/1251
f 810/335/1252 809/332/1249 257/334/1251
f 810/335/1252 257/334/1251 259/336/1253
f 811/337/1254 810/335/1252 259/336/1253
f 811/337/1254 259/336/1253 812/338/1255
f 259/336/1253 262/339/1256 812/338/1255
f 815/342/1259 814/343/1258 813/340/1257
f 812/341/1255 815/342/1259 813/340/1257
f 814/343/1258 815/342/1259 816/344/1260
f 815/342/1259 817/345/1261 816/344/1260
f 816/344/1260 817/345/1261 818/346/1262
f 817/345/1261 819/347/1263 818/346/1262
f 818/346/1262 819/347/1263 820/348/1264
f 819/347/1263 821/349/1265 820/348/1264
f 820/348/1264 821/349/1265 822/350/1266
f 823/351/1267 820/348/1264 822/350/1266
f 824/352/1268 823/351/1267 822/350/1266
f 825/353/1269 824/352/1268 822/350/1266
f 824/352/1268 825/353/1269 826/354/1270
f 824/352/1268 826/354/1270 827/355/1271
f 826/354/1270 828/356/1272 827/355/1271
f 827/355/1271 828/356/1272 829/357/1273
f 827/355/1271 829/357/1273 830/358/1274
f 829/357/1273 831/359/1275 830/358/1274
f 830/358/1274 831/359/1275 832/360/1276
f 831/359/1275 833/361/1277 832/360/1276
f 834/362/1278 832/360/1276 833/361/1277
f 833/361/1277 835/363/1279 834/362/1278
f 836/364/1280 834/362/1278 835/363/1279
f 835/363/1279 287/365/1281 836/364/1280
f 287/365/1281 835/363/1279 288/366/1282
f 288/366/1282 835/363/1279 289/367/1283
f 835/363/1279 833/361/1277 289/367/1283
f 289/367/1283 833/361/1277 290/368/1284
f 833/361/1277 831/359/1275 290/368/1284
f 290/368/1284 831/359/1275 291/369/1285
f 831/359/1275 829/357/1273 291/369/1285
f 291/369/1285 829/357/1273 828/356/1272
f 292/370/1286 291/369/1285 828/356/1272
f 292/370/1286 828/356/1272 826/354/1270
f 826/354/1270 293/371/1287 292/370/1286
f 293/371/1287 826/354/1270 825/353/1269
f 837/372/1288 293/371/1287 825/353/1269
f 293/371/1287 837/372/1288 295/373/1289
f 840/376/1292 839/377/1291 838/374/1290
f 841/375/1293 840/376/1292 838/374/1290
f 842/378/1294 841/375/1293 838/374/1290
f 842/378/1294 838/374/1290 301/379/1295
f 840/376/1292 843/380/1296 839/377/1291
f 843/380/1296 844/381/1297 839/377/1291
f 843/380/1296 845/382/1298 844/381/1297
f 845/382/1298 846/383/1299 844/381/1297
f 846/383/1299 845/382/1298 847/384/1300
f 848/385/1301 846/383/1299 847/384/1300
f 848/385/1301 308/386/1302 846/383/1299
f 309/387/538 846/383/1299 308/386/1302
f 309/387/538 310/388/539 846/383/1299
f 310/388/539 849/389/1303 846/383/1299
f 849/389/1303 844/381/1297 846/383/1299
f 848/385/1301 847/384/1300 850/390/1304
f 313/391/1305 848/385/1301 850/390/1304
f 308/386/1302 848/385/1301 313/391/1305
f 847/384/1300 851/392/1306 850/390/1304
f 839/377/1291 844/381/1297 849/389/1303
f 850/390/1304 851/392/1306 852/393/1307
f 853/1002/1308 850/390/1304 852/393/1307
f 853/1002/1308 854/415/1309 850/390/1304
f 854/415/1309 338/416/567 850/390/1304
f 850/390/1304 338/416/567 313/391/1305
f 855/403/1310 854/415/1309 853/1002/1308
f 856/395/1311 855/403/1310 853/1002/1308
f 856/395/1311 853/1002/1308 852/393/1307
f 857/396/1312 856/395/1311 852/393/1307
f 857/396/1312 852/393/1307 858/397/1313
f 852/393/1307 859/398/1314 858/397/1313
f 858/397/1313 859/398/1314 860/399/1315
f 861/402/1316 855/403/1310 856/395/1311
f 862/401/1317 861/402/1316 856/395/1311
f 862/401/1317 863/405/1318 861/402/1316
f 862/401/1317 864/411/1319 863/405/1318
f 863/405/1318 864/411/1319 865/407/1320
f 862/401/1317 856/395/1311 866/400/1321
f 857/396/1312 866/400/1321 856/395/1311
f 862/401/1317 866/400/1321 864/411/1319
f 868/417/1323 867/418/1322 827/355/1271
f 830/358/1324 868/417/1323 827/355/1271
f 869/419/1325 868/417/1323 830/358/1324
f 832/360/1326 869/419/1325 830/358/1274
f 869/419/1325 832/360/1326 870/420/1327
f 832/360/1326 834/362/1328 870/420/1327
f 870/420/1327 834/362/1328 836/364/1329
f 871/421/1330 870/420/1327 836/364/1329
f 824/352/1268 827/355/1271 867/418/1322
f 872/422/1331 824/352/1268 867/418/1322
f 867/418/1322 873/423/1332 872/422/1331
f 873/423/1332 874/424/1333 872/422/1331
f 872/422/1331 823/351/1267 824/352/1268
f 877/404/1336 876/410/1335 875/409/1334
f 875/409/1334 855/403/1310 877/404/1336
f 855/403/1310 861/402/1316 877/404/1336
f 861/402/1316 863/405/1318 877/404/1336
f 877/404/1336 863/405/1318 878/406/1337
f 863/405/1318 865/407/1320 878/406/1337
f 879/408/1338 878/406/1337 865/407/1320
f 879/408/1338 865/407/1320 880/412/1339
f 881/413/1340 879/408/1338 880/412/1339
f 882/414/1341 881/413/1340 880/412/1339
f 855/403/1310 875/409/1334 854/415/1309
f 246/323/1239 804/322/1240 347/425/1342
f 347/425/1342 804/322/1240 348/426/1343
f 804/322/1240 883/427/1344 348/426/1343
f 348/426/1343 883/427/1344 350/428/1345
f 883/427/1344 884/429/1346 350/428/1345
f 350/428/1345 884/429/1346 352/430/1347
f 884/429/1346 885/431/1348 352/430/1347
f 352/430/1347 885/431/1348 354/432/1349
f 885/431/1348 886/433/1350 354/432/1349
f 354/432/1349 886/433/1350 356/434/1351
f 886/433/1350 887/435/1352 356/434/1351
f 356/434/1351 887/435/1352 888/436/1353
f 359/437/1354 356/434/1351 888/436/1353
f 359/437/1354 888/436/1353 360/438/1355
f 888/436/1353 889/439/1356 360/438/1355
f 360/438/1355 889/439/1356 362/440/1357
f 889/439/1356 813/441/1358 362/440/1357
f 815/342/1259 812/341/1255 262/442/1256
f 363/443/1359 815/342/1259 262/442/1256
f 817/345/1261 815/342/1259 363/443/1359
f 364/444/1360 817/345/1261 363/443/1359
f 819/347/1263 817/345/1261 364/444/1360
f 365/445/1361 819/347/1263 364/444/1360
f 821/349/1265 819/347/1263 365/445/1361
f 366/446/1362 821/349/1265 365/445/1361
f 366/446/1362 367/447/1363 821/349/1265
f 367/447/1363 822/350/1266 821/349/1265
f 367/447/1363 368/448/1364 822/350/1266
f 368/448/1364 825/353/1269 822/350/1266
f 837/372/1365 825/353/1269 368/448/1364
f 295/373/604 837/372/1365 368/448/1364
f 813/340/1358 814/343/1367 369/449/1366
f 362/450/1357 813/340/1358 369/449/1366
f 369/449/1366 814/343/1367 816/344/1368
f 370/451/1369 369/449/1366 816/344/1368
f 370/451/1369 816/344/1368 371/452/1370
f 816/344/1368 818/346/1371 371/452/1370
f 371/452/1370 818/346/1371 820/348/1372
f 372/453/1373 371/452/1370 820/348/1372
f 372/453/1373 820/348/1372 823/351/1267
f 372/453/1373 823/351/1267 373/454/1374
f 872/422/1331 373/454/1374 823/351/1267
f 872/422/1331 874/424/1333 373/454/1374
f 375/456/615 838/374/1290 839/377/1291
f 374/455/1375 375/456/615 839/377/1291
f 374/455/1375 839/377/1291 849/389/1303
f 374/455/614 849/389/1303 310/388/539
f 301/379/1295 838/374/1290 375/456/615
f 376/457/617 842/378/1376 301/379/616
f 873/460/1378 890/461/1377 377/458/619
f 378/459/620 873/460/1378 377/458/619
f 891/464/1379 852/465/1307 851/462/1306
f 847/463/1300 891/464/1379 851/462/1306
f 892/466/1380 891/464/1379 847/463/1300
f 845/467/1298 892/466/1380 847/463/1300
f 893/468/1381 892/466/1380 845/467/1298
f 843/469/1296 893/468/1381 845/467/1298
f 894/470/1382 893/468/1381 843/469/1296
f 840/471/1292 894/470/1382 843/469/1296
f 840/471/1292 841/472/1293 894/470/1382
f 841/472/1293 895/473/1383 894/470/1382
f 896/474/1384 895/473/1383 841/472/1293
f 890/475/1377 896/474/1384 841/472/1293
f 890/475/1377 873/476/1332 896/474/1384
f 896/474/1384 873/476/1332 897/477/1385
f 867/478/1322 897/477/1385 873/476/1332
f 867/478/1322 868/479/1323 897/477/1385
f 896/474/1384 897/477/1385 868/479/1323
f 869/480/1325 896/474/1384 868/479/1323
f 896/474/1384 869/480/1325 895/473/1383
f 869/480/1325 870/481/1327 895/473/1383
f 895/473/1383 870/481/1327 871/482/1330
f 894/470/1382 895/473/1383 871/482/1330
f 871/482/1330 898/483/1386 893/468/1381
f 894/470/1382 871/482/1330 893/468/1381
f 898/483/1386 860/484/1315 892/466/1380
f 893/468/1381 898/483/1386 892/466/1380
f 892/466/1380 860/484/1315 891/464/1379
f 860/484/1315 859/485/1314 891/464/1379
f 891/464/1379 859/485/1314 852/465/1307
f 876/410/1335 389/487/1387 388/486/631
f 875/409/1388 876/410/1335 388/486/631
f 378/488/620 390/489/636 874/424/1389
f 873/423/1332 378/488/620 874/424/1389
f 874/424/1389 390/489/636 373/454/613
f 875/409/1388 388/486/631 338/416/567
f 854/415/1309 875/409/1334 338/416/567
f 393/492/1392 394/493/1391 899/490/1390
f 900/491/1393 393/492/1392 899/490/1390
f 899/490/1390 394/493/1391 395/494/1394
f 396/495/1395 393/492/1392 900/491/1393
f 901/496/1396 396/495/1395 900/491/1393
f 902/497/1398 399/498/1397 396/495/1395
f 901/496/1396 902/497/1398 396/495/1395
f 902/497/1398 903/499/1399 399/498/1397
f 903/499/1399 401/500/1400 399/498/1397
f 401/500/1400 903/499/1399 904/501/1401
f 401/500/1400 904/501/1401 403/502/1402
f 904/501/1401 905/503/1403 403/502/1402
f 403/502/1402 905/503/1403 405/504/1404
f 905/503/1403 906/505/1405 405/504/1404
f 407/506/1406 405/504/1404 906/505/1405
f 407/506/1406 906/505/1405 907/507/1407
f 907/507/1407 908/508/1408 407/506/1406
f 908/508/1408 410/509/1409 407/506/1406
f 908/508/1408 909/510/1410 410/509/1409
f 909/510/1410 412/511/1411 410/509/1409
f 909/510/1410 910/512/1412 412/511/1411
f 910/512/1412 414/513/1413 412/511/1411
f 414/513/1413 910/512/1412 911/514/1414
f 414/513/1413 911/514/1414 416/515/1415
f 911/514/1414 912/516/1416 416/515/1415
f 912/516/1416 913/517/1417 416/515/1415
f 913/517/1417 419/518/1418 416/515/1415
f 913/517/1417 914/519/1419 419/518/1418
f 914/519/1419 421/520/1420 419/518/1418
f 917/522/1423 916/523/1422 915/521/1421
f 918/524/1424 917/522/1423 915/521/1421
f 918/524/1424 915/521/1421 919/525/1425
f 915/521/1421 920/526/1426 919/525/1425
f 915/521/1429 916/523/1428 428/527/1427
f 429/528/677 915/521/1429 428/527/1427
f 920/526/1430 915/521/1429 429/528/677
f 430/529/679 920/526/1430 429/528/677
f 917/522/1423 918/524/1432 431/530/1431
f 431/530/1431 918/524/1432 919/525/1433
f 432/531/1434 917/522/1423 431/530/1431
f 921/532/1435 917/522/1423 432/531/1434
f 917/522/1423 921/532/1435 916/523/1422
f 434/533/1436 921/532/1435 432/531/1434
f 435/534/686 431/530/1431 919/525/1433
f 922/535/1437 921/532/1435 434/533/1436
f 437/536/688 922/535/1437 434/533/1436
f 435/534/686 919/525/1433 438/537/689
f 919/525/1433 923/538/1438 438/537/689
f 923/538/1439 919/525/1425 920/526/1426
f 924/539/1440 923/538/1439 920/526/1426
f 923/538/1439 924/539/1440 925/540/1441
f 926/541/1442 923/538/1439 925/540/1441
f 923/538/1438 926/541/1443 443/542/695
f 443/542/695 926/541/1443 444/543/697
f 926/541/1443 927/544/1444 444/543/697
f 927/544/1446 926/541/1442 928/545/1445
f 926/541/1442 925/540/1441 928/545/1445
f 928/545/1448 925/540/1447 447/546/701
f 448/547/704 928/545/1448 447/546/701
f 438/537/689 923/538/1438 443/542/695
f 925/540/1447 924/539/1449 453/552/710
f 453/552/710 924/539/1449 920/526/1430
f 447/546/701 925/540/1447 453/552/710
f 430/529/679 453/552/710 920/526/1430
f 927/544/1446 928/545/1445 929/550/1450
f 929/550/1451 928/545/1448 448/547/704
f 930/549/1452 927/544/1446 929/550/1450
f 927/544/1444 930/549/1452 449/548/1453
f 452/551/709 929/550/1451 448/547/704
f 444/543/697 927/544/1444 449/548/1453
f 930/549/1452 929/550/1450 931/553/1454
f 932/554/1455 930/549/1452 931/553/1454
f 930/549/1452 932/554/1455 456/555/1456
f 449/548/1453 930/549/1452 456/555/1456
f 932/554/1455 931/553/1454 933/556/1457
f 934/557/1458 932/554/1455 933/556/1457
f 932/554/1455 934/557/1458 935/558/1459
f 936/559/1460 934/557/1458 933/556/1457
f 937/560/1461 934/557/1458 936/559/1460
f 938/561/1462 934/557/1458 937/560/1461
f 934/557/1458 938/561/1462 939/567/1463
f 935/558/1459 934/557/1458 939/567/1463
f 939/567/1463 938/561/1462 940/566/1464
f 938/561/1462 941/565/1465 940/566/1464
f 940/566/1464 941/565/1465 942/568/1466
f 943/564/1467 941/565/1465 938/561/1462
f 943/564/1467 938/561/1462 944/563/1468
f 944/563/1468 938/561/1462 945/562/1469
f 945/562/1469 938/561/1462 937/560/1461
f 943/564/1467 946/569/1470 941/565/1465
f 941/565/1465 946/569/1470 942/568/1466
f 946/569/1470 947/570/1471 942/568/1466
f 947/570/1471 948/571/1472 942/568/1466
f 948/571/1472 949/572/1473 942/568/1466
f 939/567/1463 940/566/1464 474/573/1474
f 474/573/1474 940/566/1464 942/568/1466
f 475/574/1475 939/567/1463 474/573/1474
f 935/558/1459 939/567/1463 475/574/1475
f 932/554/1455 935/558/1459 456/555/1456
f 935/558/1459 476/575/734 456/555/1456
f 475/574/1475 476/575/734 935/558/1459
f 946/577/1470 951/578/1477 950/576/1476
f 946/577/1470 952/579/1478 951/578/1477
f 952/579/1478 953/580/1479 951/578/1477
f 952/579/1478 954/581/1480 953/580/1479
f 946/577/1470 950/576/1476 947/582/1471
f 950/576/1476 955/583/1481 947/582/1471
f 955/583/1481 956/584/1482 947/582/1471
f 955/583/1481 957/585/1483 956/584/1482
f 957/585/1483 958/586/1484 956/584/1482
f 957/585/1483 959/587/1485 958/586/1484
f 959/587/1485 960/588/1486 958/586/1484
f 961/589/1487 960/588/1486 959/587/1485
f 962/590/1488 961/589/1487 959/587/1485
f 961/589/1487 962/590/1488 963/591/1489
f 963/591/1489 964/592/1490 961/589/1487
f 963/591/1489 965/593/1491 964/592/1490
f 966/594/1492 965/593/1491 963/591/1489
f 967/595/1493 966/594/1492 963/591/1489
f 967/595/1493 968/596/1494 966/594/1492
f 969/597/1495 959/587/1485 957/585/1483
f 497/598/1496 969/597/1495 957/585/1483
f 497/598/1496 957/585/1483 498/599/1497
f 957/585/1483 955/583/1481 498/599/1497
f 498/599/1497 955/583/1481 499/600/1498
f 955/583/1481 950/576/1476 499/600/1498
f 497/598/1496 500/601/758 969/597/1495
f 970/602/1499 948/603/1472 947/582/1471
f 970/602/1499 971/604/1500 948/603/1472
f 971/604/1500 970/602/1499 972/605/1501
f 970/602/1499 973/606/1502 972/605/1501
f 970/602/1499 974/607/1503 973/606/1502
f 975/608/1504 974/607/1503 970/602/1499
f 976/609/1505 974/607/1503 975/608/1504
f 976/609/1505 975/608/1504 977/610/1506
f 978/611/1507 976/609/1505 977/610/1506
f 978/611/1507 977/610/1506 979/612/1508
f 977/610/1506 980/613/1509 979/612/1508
f 980/613/1509 982/615/1511 981/614/1510
f 979/612/1508 980/613/1509 981/614/1510
f 981/614/1510 982/615/1511 983/616/1512
f 882/414/1341 981/614/1510 983/616/1512
f 882/414/1341 983/616/1512 984/617/1513
f 881/413/1340 882/414/1341 984/617/1513
f 984/617/1513 985/618/1514 881/413/1340
f 985/618/1514 879/408/1338 881/413/1340
f 985/618/1514 986/619/1515 879/408/1338
f 986/619/1515 878/406/1337 879/408/1338
f 878/406/1337 986/619/1515 877/404/1336
f 591/621/1518 987/622/1517 518/620/1516
f 591/621/1518 988/623/1519 987/622/1517
f 988/623/1519 989/624/1520 987/622/1517
f 989/624/1520 990/625/1521 987/622/1517
f 989/624/1520 991/626/1522 990/625/1521
f 991/626/1522 992/627/1523 990/625/1521
f 993/628/1524 992/627/1523 991/626/1522
f 993/628/1524 994/629/1525 992/627/1523
f 994/629/1525 995/630/1526 992/627/1523
f 994/629/1525 996/631/1527 995/630/1526
f 996/631/1527 997/632/1528 995/630/1526
f 996/631/1527 998/633/1529 997/632/1528
f 998/633/1529 999/634/1530 997/632/1528
f 998/633/1529 1000/635/1531 999/634/1530
f 1000/635/1531 1001/636/1532 999/634/1530
f 591/621/1518 1002/637/1533 988/623/1519
f 1004/639/1536 538/640/1535 1003/638/1534
f 1004/639/1536 1003/638/1534 1005/641/1537
f 1006/642/1538 1004/639/1536 1005/641/1537
f 1006/642/1538 1005/641/1537 1001/636/1532
f 1007/643/1539 1006/642/1538 1001/636/1532
f 1000/635/1531 1007/643/1539 1001/636/1532
f 1008/645/1540 980/613/1509 977/610/1506
f 1009/644/1541 1008/645/1540 977/610/1506
f 1008/645/1540 1010/646/1542 980/613/1509
f 1010/646/1542 982/615/1511 980/613/1509
f 977/610/1506 975/608/1504 1009/644/1541
f 975/608/1504 1011/647/1543 1009/644/1541
f 1011/647/1543 975/608/1504 970/602/1499
f 982/615/1511 1010/646/1542 1012/648/1544
f 983/616/1512 982/615/1511 1012/648/1544
f 983/616/1512 1012/648/1544 1013/649/1545
f 984/617/1513 983/616/1512 1013/649/1545
f 1013/649/1545 1014/650/1546 984/617/1513
f 1014/650/1546 985/618/1514 984/617/1513
f 1014/650/1546 986/619/1515 985/618/1514
f 1017/652/1549 1016/653/1548 1015/651/1547
f 1018/654/1550 1015/651/1547 1016/653/1548
f 553/655/1551 1018/654/1550 1016/653/1548
f 1016/653/1548 554/656/1552 553/655/1551
f 1019/657/1553 1018/654/1550 553/655/1551
f 556/658/1554 1019/657/1553 553/655/1551
f 556/658/1554 557/659/1555 1019/657/1553
f 557/659/1555 1020/660/1556 1019/657/1553
f 949/661/1473 1020/660/1556 557/659/1555
f 559/662/1557 949/661/1473 557/659/1555
f 942/663/1466 949/661/1473 559/662/1557
f 560/664/1558 942/663/1466 559/662/1557
f 474/665/1474 942/663/1466 560/664/1558
f 1017/652/1549 1015/651/1547 978/611/1507
f 1015/651/1547 976/609/1505 978/611/1507
f 974/607/1503 976/609/1505 1015/651/1547
f 974/607/1503 1015/651/1547 1018/654/1550
f 1018/654/1550 973/606/1502 974/607/1503
f 972/605/1501 973/606/1502 1018/654/1550
f 1019/657/1553 972/605/1501 1018/654/1550
f 971/604/1500 972/605/1501 1019/657/1553
f 1020/660/1556 971/604/1500 1019/657/1553
f 948/603/1472 971/604/1500 1020/660/1556
f 949/661/1473 948/603/1472 1020/660/1556
f 1017/652/1549 978/611/1507 979/612/1508
f 1022/668/1560 1021/669/1559 561/666/819
f 562/667/820 1022/668/1560 561/666/819
f 561/666/819 1021/669/1559 1023/670/1561
f 566/671/824 561/666/819 1023/670/1561
f 568/673/827 901/496/1563 900/491/1562
f 567/672/826 568/673/827 900/491/1562
f 567/672/826 900/491/1562 569/674/829
f 900/491/1562 899/490/1564 569/674/829
f 569/674/829 899/490/1564 395/494/831
f 1024/676/1565 1022/668/1560 562/667/820
f 570/675/1566 1024/676/1565 562/667/820
f 1026/678/1569 1024/676/1568 1025/677/1567
f 1026/678/1569 1027/679/1570 1024/676/1568
f 1027/679/1570 1028/680/1571 1024/676/1568
f 916/683/1574 1029/684/1573 576/681/1572
f 428/682/1427 916/683/1422 576/681/1572
f 1029/684/1576 1030/686/1575 578/685/842
f 576/681/839 1029/684/1576 578/685/842
f 1031/689/1579 1026/678/1578 580/687/1577
f 581/688/1580 1031/689/1579 580/687/1577
f 931/553/1581 929/550/1451 452/551/709
f 583/690/849 931/553/1581 452/551/709
f 953/580/1479 954/581/1480 584/691/1582
f 585/692/1583 953/580/1479 584/691/1582
f 951/578/1477 953/580/1479 585/692/1583
f 586/693/1584 951/578/1477 585/692/1583
f 950/576/1476 951/578/1477 586/693/1584
f 499/600/1498 950/576/1476 586/693/1584
f 936/559/1586 933/556/1585 587/694/854
f 588/695/1587 936/559/1460 587/694/854
f 584/697/851 954/698/1480 945/562/1588
f 589/696/859 584/697/851 945/562/1588
f 954/698/1480 944/563/1589 945/562/1588
f 943/564/1590 944/563/1589 954/698/1480
f 952/699/1591 943/564/1467 954/698/1480
f 952/699/1591 946/569/1470 943/564/1467
f 1032/1005/1593 1002/1004/1592 591/1003/866
f 591/1003/866 592/706/867 1032/1005/1593
f 591/1003/866 590/705/864 592/706/867
f 518/620/1516 987/622/1517 594/709/870
f 997/632/1528 999/634/1530 595/710/871
f 596/711/872 997/632/1528 595/710/871
f 595/710/871 999/634/1530 597/712/873
f 999/634/1530 1001/636/1594 597/712/873
f 596/711/872 598/713/875 997/632/1528
f 598/713/875 995/630/1526 997/632/1528
f 992/627/1523 995/630/1526 598/713/875
f 599/714/876 992/627/1523 598/713/875
f 990/625/1521 992/627/1523 599/714/876
f 600/715/877 990/625/1521 599/714/876
f 600/715/877 594/709/870 990/625/1521
f 594/709/870 987/622/1517 990/625/1521
f 538/640/879 1004/639/1595 601/716/878
f 602/717/1596 1003/638/1534 538/640/1535
f 1005/641/1537 1003/638/1534 602/717/1596
f 603/718/1597 1005/641/1537 602/717/1596
f 1001/636/1532 1005/641/1537 603/718/1597
f 597/712/873 1001/636/1532 603/718/882
f 1004/639/1595 1006/642/1598 604/719/883
f 601/716/878 1004/639/1595 604/719/883
f 604/719/883 1006/642/1598 605/720/885
f 1006/642/1598 1007/643/1599 605/720/885
f 876/410/1335 1032/722/1600 592/721/887
f 389/487/1387 876/410/1335 592/721/887
f 605/720/885 1007/643/1599 1000/635/1601
f 605/720/885 1000/635/1601 500/601/758
f 1000/635/1601 969/597/1495 500/601/758
f 1034/725/1603 1033/726/1602 606/723/890
f 607/724/891 1034/725/1603 606/723/890
f 610/727/894 606/723/890 1033/726/1602
f 1035/728/1604 610/727/894 1033/726/1602
f 610/727/894 1035/728/1604 1036/729/1605
f 613/730/1606 610/727/894 1036/729/1605
f 613/730/1606 1036/729/1605 1037/731/1607
f 615/732/1608 613/730/1606 1037/731/1607
f 1039/735/1610 1038/736/1609 616/733/900
f 617/734/1611 1039/735/1610 616/733/900
f 616/733/900 1038/736/1609 607/724/891
f 1038/736/1609 1034/725/1603 607/724/891
f 617/734/1611 620/737/1612 1039/735/1610
f 620/737/1612 1040/738/1613 1039/735/1610
f 1041/739/1614 1040/738/1613 620/737/1612
f 623/740/1615 1041/739/1614 620/737/1612
f 623/740/1615 624/741/1616 1041/739/1614
f 624/741/1616 1042/742/1617 1041/739/1614
f 624/741/1616 626/743/1618 1042/742/1617
f 626/743/1618 1043/744/1619 1042/742/1617
f 1043/744/1619 626/743/1618 1044/745/1620
f 626/743/1618 629/746/1621 1044/745/1620
f 629/746/1621 630/747/1622 1044/745/1620
f 630/747/1622 697/748/1623 1044/745/1620
f 1045/750/1625 634/751/1624 632/749/1012
f 1046/752/1626 1045/750/1625 632/749/1012
f 1047/753/1627 1046/752/1626 632/749/1012
f 1047/753/1627 632/749/1012 1048/754/1628
f 1048/754/1628 632/749/1012 1049/755/1629
f 1050/756/1630 1048/754/1628 1049/755/1629
f 1049/755/1629 1023/670/1631 1050/756/1630
f 1051/757/1632 1050/756/1630 1023/670/1631
f 1052/758/1633 1051/757/1632 1023/670/1631
f 1023/670/1631 1021/669/1559 1052/758/1633
f 1052/758/1633 1021/669/1559 1053/759/1634
f 1022/668/1560 1053/759/1634 1021/669/1559
f 1053/759/1634 1022/668/1560 1054/760/1635
f 1028/680/1571 1054/760/1635 1022/668/1560
f 1024/676/1565 1028/680/1571 1022/668/1560
f 1046/752/1626 1055/761/1636 1045/750/1625
f 1056/762/1637 1055/761/1636 1046/752/1626
f 1046/752/1626 1047/753/1627 1056/762/1637
f 1057/763/1638 1056/762/1637 1047/753/1627
f 1058/764/1639 1057/763/1638 1047/753/1627
f 1048/754/1640 1058/764/1639 1047/753/1627
f 1059/765/1641 1058/764/1639 1048/754/1640
f 1050/756/1642 1059/765/1641 1048/754/1640
f 1050/756/1642 1051/757/1643 1059/765/1641
f 1051/757/1643 1060/766/1644 1059/765/1641
f 1061/767/1645 1060/766/1644 1051/757/1643
f 1052/758/1646 1061/767/1645 1051/757/1643
f 1061/767/1645 1052/758/1646 1062/768/1647
f 1052/758/1646 1053/759/1648 1062/768/1647
f 1062/768/1647 1053/759/1648 1063/769/1649
f 1053/759/1648 1054/760/1650 1063/769/1649
f 1027/679/1651 1063/769/1649 1054/760/1650
f 1028/680/1571 1027/679/1570 1054/760/1635
f 902/497/1652 901/496/1563 568/673/827
f 634/770/918 902/497/1652 568/673/827
f 903/499/1653 902/497/1652 634/770/918
f 1045/771/1625 903/499/1653 634/770/918
f 904/501/1654 903/499/1653 1045/771/1625
f 1055/772/1636 904/501/1654 1045/771/1625
f 905/503/1655 904/501/1654 1055/772/1636
f 1064/773/1656 905/503/1655 1055/772/1636
f 1064/773/1656 1065/774/1657 905/503/1655
f 1065/774/1657 906/505/1658 905/503/1655
f 907/507/1659 906/505/1658 1065/774/1657
f 1066/775/1660 907/507/1659 1065/774/1657
f 1066/775/1660 1067/776/1661 907/507/1659
f 1067/776/1661 908/508/1662 907/507/1659
f 909/510/1663 908/508/1662 1067/776/1661
f 1068/777/1664 909/510/1663 1067/776/1661
f 911/514/1667 910/512/1666 1069/778/1665
f 1070/779/1668 911/514/1667 1069/778/1665
f 1069/778/1665 910/512/1666 1068/777/1664
f 910/512/1666 909/510/1663 1068/777/1664
f 912/516/1669 911/514/1667 1070/779/1668
f 1071/780/1670 912/516/1669 1070/779/1668
f 1071/780/1670 1072/781/1671 912/516/1669
f 1072/781/1671 913/517/1417 912/516/1669
f 914/519/1672 913/517/1417 1072/781/1671
f 922/782/1673 914/519/1672 1072/781/1671
f 914/519/1672 437/783/968 421/520/967
f 914/519/1672 922/782/1673 437/783/968
f 1031/689/1579 1073/784/1675 1027/679/1674
f 1026/678/1578 1031/689/1579 1027/679/1570
f 1074/786/1676 1073/784/1675 1031/689/1579
f 1075/785/1678 1074/786/1676 1031/689/1677
f 1073/784/1675 1074/786/1676 1067/787/1661
f 1075/785/1678 1031/689/1677 1076/788/1679
f 1031/689/1677 581/688/846 1076/788/1679
f 1076/788/1679 581/688/846 1030/686/1575
f 581/688/846 578/685/842 1030/686/1575
f 1030/686/1682 1029/684/1681 1077/789/1680
f 1078/790/1683 1030/686/1682 1077/789/1680
f 1078/790/1683 1079/791/1685 1076/788/1684
f 1030/686/1682 1078/790/1683 1076/788/1684
f 1076/788/1684 1079/791/1685 1075/785/1686
f 1079/791/1685 1080/792/1687 1075/785/1686
f 1080/792/1687 1081/793/1688 1075/785/1686
f 1075/785/1686 1081/793/1688 1074/786/1689
f 1074/786/1689 1081/793/1688 1082/794/1690
f 1082/794/1690 1068/795/1664 1074/786/1689
f 1083/796/1691 1068/795/1664 1082/794/1690
f 1068/795/1664 1067/787/1661 1074/786/1689
f 1077/789/1680 1029/684/1573 916/683/1422
f 1084/797/1692 1077/789/1692 916/683/1422
f 921/799/1435 1084/800/1693 916/798/1422
f 921/799/1435 1072/801/1671 1084/800/1693
f 921/799/1435 922/802/1437 1072/801/1671
f 1085/803/1694 1084/800/1693 1072/801/1671
f 1071/804/1670 1085/803/1694 1072/801/1671
f 1071/804/1670 1083/805/1691 1085/803/1694
f 1085/803/1694 1083/805/1691 1086/806/1695
f 1087/807/1696 1085/803/1694 1086/806/1695
f 1088/808/1697 1087/807/1696 1086/806/1695
f 1089/809/1698 1088/808/1697 1086/806/1695
f 1071/804/1670 1070/810/1668 1083/805/1691
f 1069/811/1665 1083/805/1691 1070/810/1668
f 1068/812/1664 1083/805/1691 1069/811/1665
f 1077/789/1701 1084/797/1700 1085/813/1699
f 1078/790/1702 1077/789/1701 1085/813/1699
f 1078/790/1702 1085/813/1699 1079/791/1703
f 1085/813/1699 1087/814/1704 1079/791/1703
f 1079/791/1703 1087/814/1704 1088/815/1705
f 1080/792/1706 1079/791/1703 1088/815/1705
f 1080/792/1706 1088/815/1705 1081/793/1707
f 1088/815/1705 1089/816/1708 1081/793/1707
f 1081/793/1707 1089/816/1708 1082/794/1690
f 1089/816/1708 1086/817/1709 1082/794/1690
f 1082/794/1690 1086/817/1709 1083/796/1691
f 1056/819/1637 1062/820/1711 1063/818/1710
f 1056/819/1637 1057/821/1638 1062/820/1711
f 1057/821/1638 1061/822/1712 1062/820/1711
f 1057/821/1638 1058/823/1639 1061/822/1712
f 1058/823/1639 1060/824/1644 1061/822/1712
f 1059/825/1713 1060/824/1644 1058/823/1639
f 1067/826/1661 1056/819/1637 1063/818/1710
f 1056/819/1637 1067/826/1661 1055/827/1636
f 1067/826/1661 1066/828/1660 1055/827/1636
f 1066/828/1660 1065/829/1657 1055/827/1636
f 1065/829/1657 1064/830/1656 1055/827/1636
f 1027/831/1570 1067/826/1661 1063/818/1710
f 1027/831/1570 1073/832/1675 1067/826/1661
f 679/833/1011 566/671/824 1023/670/1561
f 1049/755/1714 679/833/1011 1023/670/1561
f 632/749/1012 679/833/1011 1049/755/1714
f 587/694/854 933/556/1585 931/553/1581
f 583/690/849 587/694/854 931/553/1581
f 988/623/1519 1002/637/1533 1032/722/1715
f 1090/834/1717 988/623/1716 1032/722/1715
f 988/623/1716 1090/834/1717 989/624/1718
f 1090/834/1717 1091/835/1719 989/624/1718
f 989/624/1718 1091/835/1719 1092/836/1720
f 991/626/1721 989/624/1718 1092/836/1720
f 993/628/1722 991/626/1721 1092/836/1720
f 968/596/1494 993/628/1722 1092/836/1720
f 968/596/1494 967/595/1493 993/628/1722
f 993/628/1722 967/595/1493 994/629/1723
f 994/629/1723 967/595/1493 963/591/1489
f 996/631/1724 994/629/1723 963/591/1489
f 996/631/1527 963/591/1489 998/633/1529
f 963/591/1489 962/590/1488 998/633/1529
f 962/590/1488 959/587/1485 998/633/1529
f 998/633/1529 959/587/1485 1000/635/1531
f 959/587/1485 969/597/1495 1000/635/1531
f 981/614/1727 882/414/1726 1034/725/1725
f 981/614/1727 1034/725/1725 1038/736/1728
f 979/612/1729 981/614/1727 1038/736/1728
f 979/612/1729 1038/736/1728 1039/735/1730
f 1017/652/1549 979/612/1729 1039/735/1730
f 1017/652/1549 1039/735/1730 1016/653/1548
f 1039/735/1730 1040/738/1731 1016/653/1548
f 1040/738/1731 554/656/1552 1016/653/1548
f 683/837/1732 554/656/1552 1040/738/1731
f 1041/739/1733 683/837/1732 1040/738/1731
f 1041/739/1733 1042/742/1734 683/837/1732
f 1042/742/1734 684/838/1735 683/837/1732
f 1042/742/1734 1043/744/1736 684/838/1735
f 1043/744/1736 685/839/1737 684/838/1735
f 686/840/1738 685/839/1737 1043/744/1736
f 1044/745/1739 686/840/1738 1043/744/1736
f 1044/745/1739 697/748/1740 686/840/1738
f 697/748/1623 687/841/1741 686/840/1738
f 1094/842/1743 1093/843/1742 1032/722/1715
f 1032/722/1715 876/410/1335 1094/842/1743
f 876/410/1335 877/404/1336 1094/842/1743
f 1032/722/1715 1093/843/1742 1090/834/1717
f 1093/843/1742 1095/844/1744 1090/834/1717
f 1095/844/1744 1096/845/1745 1090/834/1717
f 1090/834/1717 1096/845/1745 1091/835/1746
f 877/404/1336 986/619/1515 1094/842/1743
f 1094/842/1743 986/619/1515 1014/650/1546
f 1093/843/1742 1094/842/1743 1014/650/1546
f 1093/843/1742 1014/650/1546 1013/649/1545
f 1095/844/1744 1093/843/1742 1013/649/1545
f 1095/844/1744 1013/649/1545 1096/845/1745
f 1013/649/1545 1012/648/1544 1096/845/1745
f 1012/648/1544 1010/646/1542 1096/845/1745
f 1096/845/1745 1010/646/1542 1092/836/1747
f 1092/836/1747 1010/646/1542 1008/645/1540
f 968/596/1748 1092/836/1747 1008/645/1540
f 968/596/1748 1008/645/1540 1009/644/1541
f 966/594/1492 968/596/1748 1009/644/1541
f 1009/644/1541 1011/647/1543 966/594/1492
f 1011/647/1543 965/593/1491 966/594/1492
f 965/593/1491 1011/647/1543 964/592/1490
f 964/592/1490 1011/647/1543 970/602/1749
f 961/589/1487 964/592/1490 970/602/1499
f 960/588/1486 961/589/1487 970/602/1499
f 958/586/1484 960/588/1486 970/602/1499
f 956/584/1482 958/586/1484 970/602/1499
f 956/584/1482 970/602/1499 947/582/1471
f 1091/835/1746 1096/845/1745 1092/836/1720
f 865/407/1320 1035/728/1604 1033/726/1750
f 880/412/1339 865/407/1320 1033/726/1750
f 1035/728/1604 865/407/1320 864/411/1319
f 1036/729/1605 1035/728/1604 864/411/1319
f 1036/729/1605 864/411/1319 866/400/1321
f 1037/731/1607 1036/729/1605 866/400/1321
f 866/400/1321 857/396/1312 1037/731/1607
f 857/396/1312 692/846/1751 1037/731/1607
f 857/396/1312 858/397/1313 692/846/1751
f 858/397/1753 693/847/1752 692/846/1751
f 858/397/1753 860/399/1315 693/847/1752
f 945/562/1588 937/560/1754 694/848/1052
f 589/696/859 945/562/1588 694/848/1052
f 694/848/1052 937/560/1754 588/695/855
f 937/560/1754 936/559/1586 588/695/855
f 1026/678/1569 1025/677/1567 580/687/1054
f 580/687/1054 1025/677/1567 695/849/1055
f 695/849/1756 1025/677/1755 1024/676/1565
f 570/675/1566 695/849/1756 1024/676/1565
f 812/338/1255 813/441/1257 889/439/1757
f 811/337/1254 812/338/1255 889/439/1757
f 811/337/1254 889/439/1757 888/436/1758
f 810/335/1252 811/337/1254 888/436/1758
f 810/335/1252 888/436/1758 887/435/1759
f 809/332/1249 810/335/1252 887/435/1759
f 809/332/1249 887/435/1759 886/433/1350
f 808/330/1247 809/332/1249 886/433/1350
f 808/330/1247 886/433/1350 885/431/1348
f 807/328/1245 808/330/1247 885/431/1348
f 807/328/1245 885/431/1348 884/429/1346
f 806/326/1243 807/328/1245 884/429/1346
f 806/326/1243 884/429/1346 883/427/1344
f 805/324/1241 806/326/1243 883/427/1344
f 805/324/1241 883/427/1344 804/322/1240
f 692/846/1751 615/732/1608 1037/731/1607
f 842/378/1294 377/458/1760 841/375/1293
f 890/461/1377 841/375/1761 377/458/619
f 842/378/1376 376/457/617 377/458/1068
f 882/414/1341 880/412/1339 1033/726/1750
f 882/414/1341 1033/726/1750 1034/725/1725
f 1099/853/1764 1098/854/1763 1097/851/1762
f 1100/852/1765 1099/853/1764 1097/851/1762
f 1098/854/1763 1099/853/1764 1101/855/1766
f 1102/856/1767 1098/854/1763 1101/855/1766
f 1104/858/1769 1097/851/1762 1103/857/1768
f 1097/851/1762 1104/858/1769 1100/852/1765
f 1105/859/1770 1102/856/1767 1101/855/1766
f 1105/859/1770 1101/855/1766 1106/860/1771
f 1108/862/1773 1107/863/1772 860/861/1315
f 1107/863/1772 1108/862/1773 1109/864/1774
f 1107/863/1772 1109/864/1774 1110/865/1775
f 1111/866/1776 1110/865/1775 1109/864/1774
f 1112/867/1777 1111/866/1776 1109/864/1774
f 1113/868/1778 1112/867/1777 1109/864/1774
f 1114/869/1779 1113/868/1778 1109/864/1774
f 1113/868/1778 1115/870/1780 1112/867/1777
f 1115/870/1780 1116/871/1781 1112/867/1777
f 1115/870/1780 1117/872/1782 1116/871/1781
f 1117/872/1782 1118/873/1783 1116/871/1781
f 1117/872/1782 1119/874/1784 1118/873/1783
f 1119/874/1784 1120/875/1785 1118/873/1783
f 1118/873/1783 1120/875/1785 1121/876/1786
f 1122/877/1787 1121/876/1786 1120/875/1785
f 1119/874/1784 1122/877/1787 1120/875/1785
f 1123/878/1788 1118/873/1783 1121/876/1786
f 1118/873/1783 1123/878/1788 1116/871/1781
f 1124/879/1789 1111/866/1776 1112/867/1777
f 1116/871/1781 1124/879/1789 1112/867/1777
f 1123/878/1788 1124/879/1789 1116/871/1781
f 1113/868/1778 1114/869/1779 1125/880/1790
f 1126/881/1791 1113/868/1778 1125/880/1790
f 1113/868/1778 1126/881/1791 1115/870/1780
f 1126/881/1791 1127/882/1792 1115/870/1780
f 1128/883/1793 1115/870/1780 1127/882/1792
f 1115/870/1780 1128/883/1793 1129/884/1794
f 1117/872/1782 1115/870/1780 1129/884/1794
f 1117/872/1782 1129/884/1794 1119/874/1784
f 1129/884/1794 1130/885/1795 1119/874/1784
f 1119/874/1784 1130/885/1795 1131/886/1796
f 1119/874/1784 1131/886/1796 1122/877/1787
f 1122/877/1787 1131/886/1796 1132/887/1797
f 1131/886/1796 1133/888/1798 1132/887/1797
f 1132/887/1797 1133/888/1798 1134/889/1799
f 1133/888/1798 1135/890/1800 1134/889/1799
f 1134/889/1799 1135/890/1800 1136/891/1801
f 1135/890/1800 1137/892/1802 1136/891/1801
f 1136/891/1801 1137/892/1802 1105/859/1803
f 1137/892/1802 1138/893/1804 1105/859/1803
f 1138/893/1804 1139/894/1805 1105/859/1803
f 1128/883/1793 1127/882/1792 1140/895/1806
f 1105/859/1803 1139/894/1805 1102/856/1807
f 1102/856/1807 1139/894/1805 742/896/1808
f 1139/894/1805 743/897/1809 742/896/1808
f 1102/856/1807 742/896/1808 744/898/1810
f 1098/854/1763 1102/856/1807 744/898/1810
f 1098/854/1763 744/898/1810 1097/851/1762
f 744/898/1810 745/899/1120 1097/851/1762
f 747/901/1121 1097/851/1762 745/899/1120
f 1097/851/1762 747/901/1121 746/900/1122
f 746/900/1122 1103/857/1768 1097/851/1762
f 1139/894/1805 1141/902/1811 743/897/1809
f 1141/902/1811 1142/903/1812 743/897/1809
f 1142/903/1812 750/904/1813 743/897/1809
f 751/905/1814 750/904/1813 1142/903/1812
f 1143/906/1815 751/905/1814 1142/903/1812
f 754/908/1816 751/905/1814 1143/906/1815
f 1144/907/1817 754/908/1816 1143/906/1815
f 1144/907/1817 1145/909/1818 754/908/1816
f 1145/909/1818 756/910/1819 754/908/1816
f 757/911/1820 756/910/1819 1145/909/1818
f 1146/912/1821 757/911/1820 1145/909/1818
f 1146/912/1824 1145/909/1823 1147/913/1822
f 1148/914/1825 1146/912/1824 1147/913/1822
f 1147/913/1822 1145/909/1823 1144/907/1826
f 1149/915/1827 1147/913/1822 1144/907/1826
f 1149/915/1827 1144/907/1826 1150/916/1828
f 1144/907/1826 1143/906/1829 1150/916/1828
f 1150/916/1828 1143/906/1829 1151/917/1830
f 1143/906/1829 1142/903/1831 1151/917/1830
f 1142/903/1831 1141/902/1833 1152/918/1832
f 1151/917/1830 1142/903/1831 1152/918/1832
f 1139/894/1834 1152/918/1832 1141/902/1833
f 1108/921/1773 860/922/1315 1153/919/1835
f 1154/920/1836 1108/921/1773 1153/919/1835
f 1108/921/1773 1154/920/1836 1125/923/1790
f 1154/920/1836 1155/924/1837 1125/923/1790
f 1125/923/1790 1155/924/1837 1156/925/1838
f 1126/926/1839 1125/923/1790 1156/925/1838
f 1126/926/1839 1156/925/1838 1157/927/1840
f 1127/928/1841 1126/926/1839 1157/927/1840
f 860/922/1315 898/929/1386 1153/919/1835
f 898/929/1386 1158/930/1842 1153/919/1835
f 898/929/1386 871/421/1330 1158/930/1842
f 871/421/1330 836/364/1329 1158/930/1842
f 1140/931/1806 1157/927/1840 1146/932/1824
f 1146/932/1824 1148/933/1825 1140/931/1806
f 1140/931/1806 1127/928/1841 1157/927/1840
f 1153/919/1845 772/935/1844 771/934/1843
f 1154/920/1836 1153/919/1845 771/934/1843
f 1154/920/1836 771/934/1843 1155/924/1837
f 771/934/1843 773/936/1846 1155/924/1837
f 1155/924/1837 773/936/1846 774/937/1847
f 1156/925/1848 1155/924/1837 774/937/1847
f 1156/925/1848 774/937/1847 775/938/1849
f 1157/927/1850 1156/925/1848 775/938/1849
f 1157/927/1850 775/938/1849 1146/932/1821
f 775/938/1849 757/939/1820 1146/932/1821
f 772/935/1844 1153/919/1835 776/940/1851
f 1153/919/1835 1158/930/1852 776/940/1851
f 776/940/1851 1158/930/1852 836/364/1280
f 287/365/1281 776/940/1851 836/364/1280
f 1159/941/1854 1136/891/1853 1105/859/1770
f 1106/860/1771 1159/941/1854 1105/859/1770
f 1136/891/1853 1159/941/1854 1160/942/1855
f 1134/889/1856 1136/891/1853 1160/942/1855
f 1134/889/1856 1160/942/1855 1161/943/1857
f 1132/887/1858 1134/889/1856 1161/943/1857
f 1132/887/1858 1161/943/1857 1162/944/1859
f 1122/877/1860 1132/887/1858 1162/944/1859
f 1121/876/1786 1122/877/1860 1162/944/1859
f 1163/945/1861 1121/876/1786 1162/944/1859
f 1121/876/1786 1163/945/1861 1164/946/1862
f 1123/878/1788 1121/876/1786 1164/946/1862
f 1123/878/1788 1164/946/1862 1165/947/1863
f 1124/879/1789 1123/878/1788 1165/947/1863
f 1165/947/1863 1166/948/1864 1111/866/1776
f 1124/879/1789 1165/947/1863 1111/866/1776
f 1111/866/1776 1166/948/1864 1167/949/1865
f 1110/865/1775 1111/866/1776 1167/949/1865
f 1110/865/1775 1167/949/1865 1168/950/1866
f 1107/863/1867 1110/865/1775 1168/950/1866
f 1107/863/1867 1168/950/1866 860/861/1315
f 1103/857/1870 1170/952/1869 1169/951/1868
f 1104/858/1871 1103/857/1870 1169/951/1868
f 1103/857/1870 746/900/1184 1170/952/1869
f 746/900/1184 789/953/1185 1170/952/1869
f 1100/852/1765 1104/858/1871 1169/951/1868
f 1171/954/1873 1100/852/1872 1169/951/1868
f 1108/862/1773 1114/869/1779 1109/864/1774
f 1108/862/1773 1125/880/1790 1114/869/1779
f 1138/893/1804 1152/918/1874 1139/894/1805
f 1138/957/1877 1137/958/1876 1159/955/1875
f 1106/956/1878 1138/957/1877 1159/955/1875
f 1159/955/1875 1137/958/1876 1160/959/1879
f 1137/958/1876 1135/960/1880 1160/959/1879
f 1160/959/1879 1135/960/1880 1161/961/1881
f 1135/960/1880 1133/962/1882 1161/961/1881
f 1161/961/1881 1133/962/1882 1162/963/1883
f 1133/962/1882 1131/964/1884 1162/963/1883
f 1106/956/1878 1152/965/1885 1138/957/1877
f 1162/963/1883 1131/964/1884 1163/966/1886
f 1131/964/1884 1130/967/1887 1163/966/1886
f 1163/966/1886 1130/967/1887 1164/968/1888
f 1130/967/1887 1129/969/1889 1164/968/1888
f 1164/968/1888 1129/969/1889 1165/970/1890
f 1129/969/1889 1128/971/1891 1165/970/1890
f 1165/970/1890 1128/971/1891 1166/972/1892
f 1128/971/1891 791/973/1893 1166/972/1892
f 1166/972/1892 791/973/1893 1167/974/1894
f 791/973/1893 792/975/1895 1167/974/1894
f 1128/971/1891 1140/976/1896 791/973/1893
f 1167/974/1894 792/975/1895 858/977/1897
f 793/979/1900 794/980/1899 1151/978/1898
f 1152/965/1885 793/979/1900 1151/978/1898
f 794/980/1899 795/982/1902 1150/981/1901
f 1151/978/1898 794/980/1899 1150/981/1901
f 1150/981/1901 795/982/1902 1149/983/1903
f 795/982/1902 796/984/1904 1149/983/1903
f 797/987/1907 798/988/1906 1148/985/1905
f 1147/986/1908 797/987/1907 1148/985/1905
f 796/984/1904 797/987/1907 1147/986/1908
f 1149/983/1903 796/984/1904 1147/986/1908
f 1173/989/1911 1172/990/1910 1101/855/1909
f 1099/853/1912 1173/989/1911 1101/855/1909
f 1171/954/1873 1173/989/1911 1099/853/1912
f 1100/852/1872 1171/954/1873 1099/853/1912
f 793/979/1900 1152/965/1885 801/991/1913
f 1152/965/1885 1172/992/1914 801/991/1913
f 802/993/1915 801/991/1913 1172/992/1914
f 1173/994/1916 802/993/1915 1172/992/1914
f 803/995/1917 802/993/1915 1173/994/1916
f 1171/996/1918 803/995/1917 1173/994/1916
f 803/995/1917 1171/996/1873 1169/997/1919
f 803/995/1917 1169/997/1919 1170/998/1920
f 1170/998/1920 789/999/1185 803/995/1917
f 1152/965/1885 1106/956/1878 1172/992/1914
f 1106/860/1771 1101/855/1766 1172/990/1910
f 791/973/1893 1140/976/1896 1148/985/1905
f 798/988/1906 791/973/1893 1148/985/1905
f 1167/974/1894 858/977/1897 1168/1000/1921
f 1168/1000/1921 858/977/1897 860/1001/1922
f 1176/27/1925 1175/28/1924 1174/25/1923
f 1177/26/1926 1176/27/1925 1174/25/1923
f 1174/25/1923 1175/28/1924 1178/29/1927
f 1179/30/1928 1174/25/1923 1178/29/1927
f 1180/31/1929 1176/27/1925 1177/26/1926
f 1181/32/1930 1180/31/1929 1177/26/1926
f 1182/33/1931 1180/31/1929 1181/32/1930
f 1183/34/1932 1182/33/1931 1181/32/1930
f 1183/34/1932 1184/35/1933 1182/33/1931
f 1184/35/1933 1185/36/1934 1182/33/1931
f 1179/30/1928 1178/29/1927 1186/37/1935
f 1178/29/1927 1187/38/1936 1186/37/1935
f 1187/38/1936 1178/29/1927 1188/39/1937
f 1189/40/1938 1187/38/1936 1188/39/1937
f 1190/41/1939 1189/40/1938 1188/39/1937
f 1188/39/1937 1191/42/1940 1190/41/1939
f 1187/38/1936 1189/40/1938 1192/43/1941
f 1192/43/1941 1186/37/1935 1187/38/1936
f 1192/43/1942 1193/44/1943 1186/37/1942
f 1194/45/1945 1193/44/1944 1192/43/1941
f 1195/46/1946 1185/36/1934 1184/35/1933
f 1196/47/1947 1185/36/1934 1195/46/1946
f 1198/49/1949 1196/47/1947 1197/48/1948
f 1199/50/1950 1198/49/1949 1197/48/1948
f 1200/51/1951 1198/49/1949 1199/50/1950
f 1201/52/1952 1200/51/1951 1199/50/1950
f 1197/48/1948 1196/47/1947 1202/53/1953
f 1202/53/1953 1196/47/1947 1195/46/1946
f 1201/52/1952 1203/54/1954 1200/51/1951
f 1204/55/1955 1203/54/1954 1201/52/1952
f 1205/56/1956 1204/55/1955 1201/52/1952
f 1206/57/1957 1204/55/1955 1205/56/1956
f 1207/58/1958 1206/57/1957 1205/56/1956
f 1208/59/1959 1207/58/1958 1205/56/1956
f 1203/54/1954 1209/60/1960 1200/51/1951
f 1209/60/1960 1210/61/1961 1200/51/1951
f 1211/62/1962 1210/61/1961 1209/60/1960
f 1212/63/1963 1211/62/1962 1209/60/1960
f 1213/65/1964 1207/58/1958 1208/59/1959
f 1214/64/1965 1213/65/1964 1208/59/1959
f 1215/66/1966 1211/62/1962 1212/63/1963
f 1216/67/1967 1213/65/1964 1214/64/1965
f 1219/70/1970 1218/71/1969 1217/68/1968
f 1220/69/1971 1219/70/1970 1217/68/1968
f 1220/69/1971 1217/68/1968 1221/72/1972
f 1219/70/1970 1222/73/1973 1218/71/1969
f 1222/73/1973 1223/74/1974 1218/71/1969
f 1222/73/1973 1224/75/1975 1223/74/1974
f 1224/75/1975 1225/76/1976 1223/74/1974
f 1224/75/1975 1226/77/1977 1225/76/1976
f 1224/75/1975 1227/78/1978 1226/77/1977
f 1227/78/1978 1228/79/1979 1226/77/1977
f 1228/79/1979 1229/80/1980 1226/77/1977
f 1229/80/1980 1230/81/1981 1226/77/1977
f 1228/79/1979 1231/82/1982 1229/80/1980
f 1228/79/1979 1232/83/1983 1231/82/1982
f 1232/83/1983 1233/84/1984 1231/82/1982
f 1232/83/1983 1234/85/1985 1233/84/1984
f 1232/83/1983 1235/86/1986 1234/85/1985
f 1234/85/1985 1236/87/1987 1233/84/1984
f 1234/85/1985 1237/88/1988 1236/87/1987
f 1237/88/1988 1238/89/1989 1236/87/1987
f 1240/91/1991 1239/92/1990 1238/89/1989
f 1241/90/1992 1240/91/1991 1238/89/1989
f 1237/88/1988 1241/90/1992 1238/89/1989
f 1243/93/1994 1242/94/1993 1239/92/1990
f 1240/91/1991 1243/93/1994 1239/92/1990
f 1245/96/1997 1215/97/1996 1244/95/1995
f 1246/99/2000 1190/100/1999 1191/98/1998
f 1246/99/2000 1189/101/2001 1190/100/1999
f 1247/102/2002 1189/101/2001 1246/99/2000
f 1248/103/2003 1247/102/2002 1246/99/2000
f 1249/104/2004 1248/103/2003 1246/99/2000
f 1221/72/1972 1248/103/2003 1249/104/2004
f 1249/104/2004 1220/69/1971 1221/72/1972
f 1192/105/2005 1189/101/2001 1247/102/2002
f 1247/102/2002 1194/106/2006 1192/105/2005
f 1235/86/1986 1232/83/1983 1250/107/2007
f 1250/107/2007 1251/108/2008 1235/86/1986
f 1251/108/2008 1244/95/1995 1235/86/1986
f 1251/108/2008 1245/96/1997 1244/95/1995
f 1243/93/1994 1216/109/2009 1242/94/1993
f 1176/27/2012 1219/111/2011 1220/110/2010
f 1175/28/2013 1176/27/2012 1220/110/2010
f 1176/27/2012 1180/31/2014 1219/111/2011
f 1180/31/2014 1222/112/2015 1219/111/2011
f 1180/31/2014 1182/33/2016 1222/112/2015
f 1182/33/2016 1224/113/2017 1222/112/2015
f 1182/33/2016 1185/36/2018 1224/113/2017
f 1185/36/2018 1227/114/2019 1224/113/2017
f 1175/28/2013 1220/110/2010 1178/29/2020
f 1220/110/2010 1249/115/2021 1178/29/2020
f 1178/29/2020 1249/115/2021 1188/39/2022
f 1249/115/2021 1246/116/2023 1188/39/2022
f 1188/39/2022 1246/116/2023 1191/42/2024
f 1174/25/2027 1217/118/2026 1218/117/2025
f 1177/26/2028 1174/25/2027 1218/117/2025
f 1174/25/2027 1179/30/2029 1217/118/2026
f 1179/30/2029 1221/119/2030 1217/118/2026
f 1177/26/2028 1218/117/2025 1223/120/2031
f 1181/32/2032 1177/26/2028 1223/120/2031
f 1181/32/2032 1223/120/2031 1225/121/2033
f 1183/34/2034 1181/32/2032 1225/121/2033
f 1183/34/2034 1225/121/2033 1226/122/2035
f 1184/35/2036 1183/34/2034 1226/122/2035
f 1184/35/2036 1226/122/2035 1230/123/2037
f 1195/46/2038 1184/35/2036 1230/123/2037
f 1179/30/2029 1186/37/2039 1221/119/2030
f 1186/37/2039 1248/124/2040 1221/119/2030
f 1186/37/2042 1193/44/2042 1248/124/2041
f 1193/44/1944 1247/125/2043 1248/124/2041
f 1193/44/1944 1194/45/2044 1247/125/2043
f 1207/58/2047 1240/127/2046 1241/126/2045
f 1206/57/2048 1207/58/2047 1241/126/2045
f 1206/57/2048 1241/126/2045 1237/128/2049
f 1204/55/2050 1206/57/2048 1237/128/2049
f 1204/55/2050 1237/128/2049 1234/129/2051
f 1203/54/2052 1204/55/2050 1234/129/2051
f 1203/54/2052 1234/129/2051 1235/130/2053
f 1209/60/2054 1203/54/2052 1235/130/2053
f 1205/56/2057 1238/132/2056 1239/131/2055
f 1208/59/2058 1205/56/2057 1239/131/2055
f 1208/59/2058 1239/131/2055 1242/133/2059
f 1214/64/2060 1208/59/2058 1242/133/2059
f 1205/56/2057 1201/52/2061 1238/132/2056
f 1201/52/2061 1236/134/2062 1238/132/2056
f 1201/52/2061 1199/50/2063 1236/134/2062
f 1199/50/2063 1233/135/2064 1236/134/2062
f 1199/50/2063 1197/48/2065 1233/135/2064
f 1197/48/2065 1231/136/2066 1233/135/2064
f 1197/48/2065 1202/53/2067 1231/136/2066
f 1202/53/2067 1229/137/2068 1231/136/2066
f 1214/64/2060 1242/133/2059 1216/67/2069
f 1213/65/2071 1243/138/2070 1240/127/2046
f 1207/58/2047 1213/65/2071 1240/127/2046
f 1211/62/1962 1215/66/1966 1245/139/2072
f 1212/63/2075 1244/140/2074 1215/66/2073
f 1198/49/2078 1232/142/2077 1228/141/2076
f 1196/47/2079 1198/49/2078 1228/141/2076
f 1195/46/2038 1230/123/2037 1229/137/2068
f 1202/53/2067 1195/46/2038 1229/137/2068
f 1200/51/2081 1250/143/2080 1232/142/2077
f 1198/49/2078 1200/51/2081 1232/142/2077
f 1251/144/2082 1250/143/2080 1200/51/2081
f 1210/61/1961 1251/144/2082 1200/51/1951
f 1245/139/2072 1251/144/2082 1210/61/1961
f 1211/62/1962 1245/139/2072 1210/61/1961
f 1209/60/2084 1235/130/2083 1244/140/2074
f 1212/63/2075 1209/60/2084 1244/140/2074
f 1213/65/2071 1216/67/2085 1243/138/2070
f 1228/141/2076 1227/114/2019 1185/36/2018
f 1196/47/2079 1228/141/2076 1185/36/2018
f 1254/146/2088 1253/147/2087 1252/145/2086
f 1254/146/2088 1255/148/2089 1253/147/2087
f 1255/148/2089 1256/149/2090 1253/147/2087
f 1255/148/2089 1257/150/2091 1256/149/2090
f 1257/150/2091 1258/151/2092 1256/149/2090
f 1258/151/2092 1259/152/2093 1256/149/2090
f 1258/151/2092 1261/154/2095 1260/153/2094
f 1258/151/2092 1262/155/2096 1261/154/2095
f 1257/150/2091 1255/148/2089 1263/156/2097
f 1264/157/2098 1257/150/2091 1263/156/2097
f 1264/157/2098 1263/156/2097 1265/158/2099
f 1264/157/2098 1265/158/2099 1266/159/2100
f 1258/151/2092 1260/153/2094 1259/152/2093
f 1264/157/2098 1267/160/2101 1257/150/2091
f 1257/150/2091 1267/160/2101 1258/151/2092
f 1270/162/2104 1269/163/2103 1268/161/2102
f 1268/161/2102 1269/163/2103 1271/164/2105
f 1272/165/2106 1269/163/2103 1270/162/2104
f 1273/166/2107 1272/165/2106 1270/162/2104
f 1272/165/2106 1273/166/2107 1274/167/2108
f 1273/166/2107 1275/168/2109 1274/167/2108
f 1275/168/2109 1276/169/2110 1274/167/2108
f 1276/169/2110 1275/168/2109 1277/170/2111
f 1272/165/2106 1274/167/2108 1278/171/2112
f 1272/165/2106 1278/171/2112 1279/172/2113
f 1278/171/2112 1280/173/2114 1279/172/2113
f 1272/165/2106 1279/172/2113 1281/174/2115
f 1269/163/2103 1272/165/2106 1282/162/2116
f 1269/163/2103 1282/162/2116 1283/161/2117
f 1269/163/2103 1283/161/2117 1271/164/2105
f 1272/165/2106 1284/166/2118 1282/162/2116
f 1284/166/2118 1272/165/2106 1285/167/2119
f 1286/168/2120 1284/166/2118 1285/167/2119
f 1287/169/2121 1286/168/2120 1285/167/2119
f 1286/168/2120 1287/169/2121 1288/170/2122
f 1285/167/2119 1272/165/2106 1289/171/2123
f 1289/171/2123 1272/165/2106 1290/172/2124
f 1291/173/2125 1289/171/2123 1290/172/2124
f 1290/172/2124 1272/165/2106 1281/174/2115
f 1255/177/2128 1254/178/2127 1275/175/2126
f 1273/176/2129 1255/177/2128 1275/175/2126
f 1260/181/2132 1261/182/2131 1279/179/2130
f 1280/180/2133 1260/181/2132 1279/179/2130
f 1265/185/2136 1263/186/2135 1270/183/2134
f 1268/184/2137 1265/185/2136 1270/183/2134
f 1266/187/2138 1265/185/2136 1268/184/2137
f 1271/187/2139 1266/187/2138 1268/184/2137
f 1270/183/2134 1263/186/2135 1273/176/2140
f 1263/186/2135 1255/177/2141 1273/176/2140
f 1252/190/2144 1253/191/2143 1276/188/2142
f 1277/189/2145 1252/190/2144 1276/188/2142
f 1256/194/2148 1259/195/2147 1278/192/2146
f 1274/193/2149 1256/194/2148 1278/192/2146
f 1279/179/2130 1261/182/2131 1262/196/2150
f 1281/196/2151 1279/179/2130 1262/196/2150
f 1259/195/2154 1260/181/2153 1280/180/2152
f 1278/192/2155 1259/195/2154 1280/180/2152
f 1254/178/2127 1252/190/2157 1277/189/2156
f 1275/175/2126 1254/178/2127 1277/189/2156
f 1253/191/2160 1256/194/2159 1274/193/2158
f 1276/188/2161 1253/191/2160 1274/193/2158
f 1294/198/2164 1293/199/2163 1292/197/2162
f 1295/200/2165 1293/199/2163 1294/198/2164
f 1296/201/2166 1295/200/2165 1294/198/2164
f 1297/202/2167 1295/200/2165 1296/201/2166
f 1258/151/2092 1297/202/2167 1296/201/2166
f 1298/203/2168 1258/151/2092 1296/201/2166
f 1300/205/2170 1258/151/2092 1299/204/2169
f 1262/155/2096 1258/151/2092 1300/205/2170
f 1295/200/2165 1297/202/2167 1301/206/2171
f 1297/202/2167 1264/157/2098 1301/206/2171
f 1301/206/2171 1264/157/2098 1302/207/2172
f 1302/207/2172 1264/157/2098 1266/159/2100
f 1299/204/2169 1258/151/2092 1298/203/2168
f 1267/160/2173 1264/157/2098 1297/202/2167
f 1267/160/2173 1297/202/2167 1258/151/2092
f 1295/177/2176 1284/176/2175 1286/175/2174
f 1293/178/2177 1295/177/2176 1286/175/2174
f 1299/181/2180 1291/180/2179 1290/179/2178
f 1300/182/2181 1299/181/2180 1290/179/2178
f 1302/185/2184 1283/184/2183 1282/183/2182
f 1301/186/2185 1302/185/2184 1282/183/2182
f 1302/185/2184 1266/187/2186 1283/184/2183
f 1266/187/2186 1271/187/2187 1283/184/2183
f 1301/186/2185 1282/183/2182 1284/176/2188
f 1295/177/2189 1301/186/2185 1284/176/2188
f 1292/190/2192 1288/189/2191 1287/188/2190
f 1294/191/2193 1292/190/2192 1287/188/2190
f 1296/194/2196 1285/193/2195 1289/192/2194
f 1298/195/2197 1296/194/2196 1289/192/2194
f 1290/179/2178 1281/196/2199 1262/196/2198
f 1300/182/2181 1290/179/2178 1262/196/2198
f 1298/195/2202 1289/192/2201 1291/180/2200
f 1299/181/2203 1298/195/2202 1291/180/2200
f 1293/178/2177 1286/175/2174 1288/189/2204
f 1292/190/2205 1293/178/2177 1288/189/2204
f 1294/191/2208 1287/188/2207 1285/193/2206
f 1296/194/2209 1294/191/2208 1285/193/2206
g blade_luminous
s 1
f 1305/27/19 1304/26/18 1303/25/17
f 1306/28/20 1305/27/19 1303/25/17
f 1306/28/20 1303/25/17 1307/29/21
f 1303/25/17 1308/30/22 1307/29/21
f 1305/27/19 1309/31/23 1304/26/18
f 1309/31/23 1310/32/24 1304/26/18
f 1309/31/23 1311/33/25 1310/32/24
f 1311/33/25 1312/34/26 1310/32/24
f 1313/35/27 1312/34/26 1311/33/25
f 1314/36/28 1313/35/27 1311/33/25
f 1307/29/21 1308/30/22 1315/37/29
f 1316/38/30 1307/29/21 1315/37/29
f 1307/29/21 1316/38/30 1317/39/31
f 1316/38/30 1318/40/32 1317/39/31
f 1318/40/32 1319/41/33 1317/39/31
f 1320/42/34 1317/39/31 1319/41/33
f 1321/43/35 1318/40/32 1316/38/30
f 1316/38/30 1315/37/29 1321/43/35
f 1315/37/37 1322/44/36 1321/43/36
f 1322/44/39 1323/45/38 1321/43/35
f 1314/36/28 1324/46/40 1313/35/27
f 1314/36/28 1325/47/41 1324/46/40
f 1325/47/41 1327/49/43 1326/48/42
f 1327/49/43 1328/50/44 1326/48/42
f 1327/49/43 1329/51/45 1328/50/44
f 1329/51/45 1330/52/46 1328/50/44
f 1325/47/41 1326/48/42 1331/53/47
f 1325/47/41 1331/53/47 1324/46/40
f 1332/54/48 1330/52/46 1329/51/45
f 1332/54/48 1333/55/49 1330/52/46
f 1333/55/49 1334/56/50 1330/52/46
f 1333/55/49 1335/57/51 1334/56/50
f 1335/57/51 1336/58/52 1334/56/50
f 1336/58/52 1337/59/53 1334/56/50
f 1338/60/54 1332/54/48 1329/51/45
f 1339/61/55 1338/60/54 1329/51/45
f 1339/61/55 1340/62/56 1338/60/54
f 1340/62/56 1341/63/57 1338/60/54
f 1343/65/59 1342/64/58 1337/59/53
f 1336/58/52 1343/65/59 1337/59/53
f 1340/62/56 1344/66/60 1341/63/57
f 1343/65/59 1345/67/61 1342/64/58
f 1348/70/64 1347/69/63 1346/68/62
f 1349/71/65 1348/70/64 1346/68/62
f 1346/68/62 1347/69/63 1350/72/66
f 1351/73/67 1348/70/64 1349/71/65
f 1352/74/68 1351/73/67 1349/71/65
f 1353/75/69 1351/73/67 1352/74/68
f 1354/76/70 1353/75/69 1352/74/68
f 1355/77/71 1353/75/69 1354/76/70
f 1356/78/72 1353/75/69 1355/77/71
f 1357/79/73 1356/78/72 1355/77/71
f 1358/80/74 1357/79/73 1355/77/71
f 1359/81/75 1358/80/74 1355/77/71
f 1360/82/76 1357/79/73 1358/80/74
f 1361/83/77 1357/79/73 1360/82/76
f 1362/84/78 1361/83/77 1360/82/76
f 1363/85/79 1361/83/77 1362/84/78
f 1364/86/80 1361/83/77 1363/85/79
f 1365/87/81 1363/85/79 1362/84/78
f 1366/88/82 1363/85/79 1365/87/81
f 1367/89/83 1366/88/82 1365/87/81
f 1369/91/85 1368/90/84 1367/89/83
f 1370/92/86 1369/91/85 1367/89/83
f 1368/90/84 1366/88/82 1367/89/83
f 1371/93/87 1369/91/85 1370/92/86
f 1372/94/88 1371/93/87 1370/92/86
f 1344/97/91 1374/96/90 1373/95/89
f 1319/100/94 1375/99/93 1320/98/92
f 1318/101/95 1375/99/93 1319/100/94
f 1318/101/95 1376/102/96 1375/99/93
f 1376/102/96 1377/103/97 1375/99/93
f 1377/103/97 1378/104/98 1375/99/93
f 1377/103/97 1350/72/66 1378/104/98
f 1347/69/63 1378/104/98 1350/72/66
f 1318/101/95 1321/105/99 1376/102/96
f 1323/106/100 1376/102/96 1321/105/99
f 1379/107/101 1361/83/77 1364/86/80
f 1364/86/80 1380/108/102 1379/107/101
f 1364/86/80 1373/95/89 1380/108/102
f 1373/95/89 1374/96/90 1380/108/102
f 1345/109/103 1371/93/87 1372/94/88
f 1305/27/106 1306/28/105 1347/110/104
f 1348/111/107 1305/27/106 1347/110/104
f 1309/31/108 1305/27/106 1348/111/107
f 1351/112/109 1309/31/108 1348/111/107
f 1311/33/110 1309/31/108 1351/112/109
f 1353/113/111 1311/33/110 1351/112/109
f 1314/36/112 1311/33/110 1353/113/111
f 1356/114/113 1314/36/112 1353/113/111
f 1347/110/104 1306/28/105 1307/29/114
f 1378/115/115 1347/110/104 1307/29/114
f 1378/115/115 1307/29/114 1317/39/116
f 1375/116/117 1378/115/115 1317/39/116
f 1375/116/117 1317/39/116 1320/42/118
f 1303/25/121 1304/26/120 1349/117/119
f 1346/118/122 1303/25/121 1349/117/119
f 1308/30/123 1303/25/121 1346/118/122
f 1350/119/124 1308/30/123 1346/118/122
f 1349/117/119 1304/26/120 1352/120/125
f 1304/26/120 1310/32/126 1352/120/125
f 1352/120/125 1310/32/126 1354/121/127
f 1310/32/126 1312/34/128 1354/121/127
f 1354/121/127 1312/34/128 1355/122/129
f 1312/34/128 1313/35/130 1355/122/129
f 1355/122/129 1313/35/130 1359/123/131
f 1313/35/130 1324/46/132 1359/123/131
f 1315/37/133 1308/30/123 1350/119/124
f 1377/124/134 1315/37/133 1350/119/124
f 1322/44/137 1315/37/136 1377/124/135
f 1376/125/138 1322/44/39 1377/124/135
f 1323/45/139 1322/44/39 1376/125/138
f 1336/58/142 1335/57/141 1368/126/140
f 1369/127/143 1336/58/142 1368/126/140
f 1368/126/140 1335/57/141 1366/128/144
f 1335/57/141 1333/55/145 1366/128/144
f 1366/128/144 1333/55/145 1363/129/146
f 1333/55/145 1332/54/147 1363/129/146
f 1363/129/146 1332/54/147 1364/130/148
f 1332/54/147 1338/60/149 1364/130/148
f 1334/56/152 1337/59/151 1370/131/150
f 1367/132/153 1334/56/152 1370/131/150
f 1370/131/150 1337/59/151 1372/133/154
f 1337/59/151 1342/64/155 1372/133/154
f 1330/52/156 1334/56/152 1367/132/153
f 1365/134/157 1330/52/156 1367/132/153
f 1328/50/158 1330/52/156 1365/134/157
f 1362/135/159 1328/50/158 1365/134/157
f 1326/48/160 1328/50/158 1362/135/159
f 1360/136/161 1326/48/160 1362/135/159
f 1331/53/162 1326/48/160 1360/136/161
f 1358/137/163 1331/53/162 1360/136/161
f 1372/133/154 1342/64/155 1345/67/164
f 1343/65/165 1336/58/142 1369/127/143
f 1371/138/166 1343/65/165 1369/127/143
f 1344/66/60 1340/62/56 1374/139/167
f 1373/140/170 1341/63/169 1344/66/168
f 1327/49/173 1325/47/172 1357/141/171
f 1361/142/174 1327/49/173 1357/141/171
f 1324/46/132 1331/53/162 1358/137/163
f 1359/123/131 1324/46/132 1358/137/163
f 1329/51/175 1327/49/173 1361/142/174
f 1379/143/176 1329/51/175 1361/142/174
f 1379/143/176 1380/144/177 1329/51/175
f 1380/144/177 1339/61/55 1329/51/45
f 1380/144/177 1374/139/167 1339/61/55
f 1374/139/167 1340/62/56 1339/61/55
f 1338/60/178 1341/63/169 1373/140/170
f 1364/130/179 1338/60/178 1373/140/170
f 1345/67/180 1343/65/165 1371/138/166
f 1357/141/171 1325/47/172 1314/36/112
f 1356/114/113 1357/141/171 1314/36/112
f 1383/147/183 1382/146/182 1381/145/181
f 1384/148/184 1382/146/182 1383/147/183
f 1385/149/185 1384/148/184 1383/147/183
f 1386/150/186 1384/148/184 1385/149/185
f 1387/151/187 1386/150/186 1385/149/185
f 1388/152/188 1387/151/187 1385/149/185
f 1390/154/190 1387/151/187 1389/153/189
f 1391/155/191 1387/151/187 1390/154/190
f 1384/148/184 1386/150/186 1392/156/192
f 1386/150/186 1393/157/193 1392/156/192
f 1392/156/192 1393/157/193 1394/158/194
f 1394/158/194 1393/157/193 1395/159/195
f 1389/153/189 1387/151/187 1388/152/188
f 1396/160/196 1393/157/193 1386/150/186
f 1396/160/196 1386/150/186 1387/151/187
f 1399/163/199 1398/162/198 1397/161/197
f 1399/163/199 1397/161/197 1400/164/200
f 1399/163/199 1401/165/201 1398/162/198
f 1401/165/201 1402/166/202 1398/162/198
f 1402/166/202 1401/165/201 1403/167/203
f 1404/168/204 1402/166/202 1403/167/203
f 1405/169/205 1404/168/204 1403/167/203
f 1404/168/204 1405/169/205 1406/170/206
f 1403/167/203 1401/165/201 1407/171/207
f 1407/171/207 1401/165/201 1408/172/208
f 1409/173/209 1407/171/207 1408/172/208
f 1408/172/208 1401/165/201 1410/174/210
f 1401/165/201 1399/163/199 1411/162/211
f 1411/162/211 1399/163/199 1412/161/212
f 1412/161/212 1399/163/199 1400/164/200
f 1413/166/213 1401/165/201 1411/162/211
f 1401/165/201 1413/166/213 1414/167/214
f 1413/166/213 1415/168/215 1414/167/214
f 1415/168/215 1416/169/216 1414/167/214
f 1416/169/216 1415/168/215 1417/170/217
f 1401/165/201 1414/167/214 1418/171/218
f 1401/165/201 1418/171/218 1419/172/219
f 1418/171/218 1420/173/220 1419/172/219
f 1401/165/201 1419/172/219 1410/174/210
f 1384/177/223 1402/176/222 1404/175/221
f 1382/178/224 1384/177/223 1404/175/221
f 1389/181/227 1409/180/226 1408/179/225
f 1390/182/228 1389/181/227 1408/179/225
f 1394/185/231 1397/184/230 1398/183/229
f 1392/186/232 1394/185/231 1398/183/229
f 1394/185/231 1395/187/233 1397/184/230
f 1395/187/233 1400/187/234 1397/184/230
f 1392/186/232 1398/183/229 1402/176/235
f 1384/177/236 1392/186/232 1402/176/235
f 1381/190/239 1406/189/238 1405/188/237
f 1383/191/240 1381/190/239 1405/188/237
f 1385/194/243 1403/193/242 1407/192/241
f 1388/195/244 1385/194/243 1407/192/241
f 1408/179/225 1410/196/246 1391/196/245
f 1390/182/228 1408/179/225 1391/196/245
f 1388/195/249 1407/192/248 1409/180/247
f 1389/181/250 1388/195/249 1409/180/247
f 1382/178/224 1404/175/221 1406/189/251
f 1381/190/252 1382/178/224 1406/189/251
f 1383/191/255 1405/188/254 1403/193/253
f 1385/194/256 1383/191/255 1403/193/253
f 1423/199/259 1422/198/258 1421/197/257
f 1423/199/259 1424/200/260 1422/198/258
f 1424/200/260 1425/201/261 1422/198/258
f 1424/200/260 1426/202/262 1425/201/261
f 1426/202/262 1387/151/187 1425/201/261
f 1387/151/187 1427/203/263 1425/201/261
f 1387/151/187 1429/205/265 1428/204/264
f 1387/151/187 1391/155/191 1429/205/265
f 1426/202/262 1424/200/260 1430/206/266
f 1393/157/193 1426/202/262 1430/206/266
f 1393/157/193 1430/206/266 1431/207/267
f 1393/157/193 1431/207/267 1395/159/195
f 1387/151/187 1428/204/264 1427/203/263
f 1393/157/193 1396/160/268 1426/202/262
f 1426/202/262 1396/160/268 1387/151/187
f 1424/177/271 1423/178/270 1415/175/269
f 1413/176/272 1424/177/271 1415/175/269
f 1428/181/275 1429/182/274 1419/179/273
f 1420/180/276 1428/181/275 1419/179/273
f 1431/185/279 1430/186/278 1411/183/277
f 1412/184/280 1431/185/279 1411/183/277
f 1395/187/281 1431/185/279 1412/184/280
f 1400/187/282 1395/187/281 1412/184/280
f 1411/183/277 1430/186/278 1413/176/283
f 1430/186/278 1424/177/284 1413/176/283
f 1421/190/287 1422/191/286 1416/188/285
f 1417/189/288 1421/190/287 1416/188/285
f 1425/194/291 1427/195/290 1418/192/289
f 1414/193/292 1425/194/291 1418/192/289
f 1419/179/273 1429/182/274 1391/196/293
f 1410/196/294 1419/179/273 1391/196/293
f 1427/195/297 1428/181/296 1420/180/295
f 1418/192/298 1427/195/297 1420/180/295
f 1423/178/270 1421/190/300 1417/189/299
f 1415/175/269 1423/178/270 1417/189/299
f 1422/191/303 1425/194/302 1414/193/301
f 1416/188/304 1422/191/303 1414/193/301
f 1434/210/307 1433/209/306 1432/208/305
f 1432/208/305 1433/209/306 1435/211/308
f 1436/212/309 1432/208/305 1435/211/308
f 1436/212/309 1435/211/308 1437/213/310
f 1435/211/308 1438/214/311 1437/213/310
f 1437/213/310 1438/214/311 1439/215/312
f 1440/216/313 1437/213/310 1439/215/312
f 1440/216/313 1439/215/312 1441/217/314
f 1442/218/315 1440/216/313 1441/217/314
f 1442/218/315 1441/217/314 1443/219/316
f 1444/220/317 1442/218/315 1443/219/316
f 1443/219/316 1445/221/318 1444/220/317
f 1445/221/318 1446/222/319 1444/220/317
f 1446/222/319 1445/221/318 1447/223/320
f 1448/224/321 1446/222/319 1447/223/320
f 1447/223/320 1449/225/322 1448/224/321
f 1450/226/323 1449/225/322 1447/223/320
f 1451/227/324 1449/225/322 1450/226/323
f 1450/226/323 1452/228/325 1451/227/324
f 1450/226/323 1453/229/326 1452/228/325
f 1450/226/323 1454/230/327 1453/229/326
f 1455/231/328 1451/227/324 1452/228/325
f 1456/232/329 1455/231/328 1452/228/325
f 1457/233/330 1455/231/328 1456/232/329
f 1458/234/331 1455/231/328 1457/233/330
f 1454/230/327 1459/235/332 1453/229/326
f 1454/230/327 1460/236/333 1459/235/332
f 1460/236/333 1461/237/334 1459/235/332
f 1459/235/332 1461/237/334 1462/238/335
f 1463/239/336 1459/235/332 1462/238/335
f 1463/239/336 1462/238/335 1464/240/337
f 1460/236/333 1465/241/338 1461/237/334
f 1465/241/338 1466/242/339 1461/237/334
f 1465/241/338 1467/243/340 1466/242/339
f 1468/244/341 1467/243/340 1465/241/338
f 1467/243/340 1469/245/342 1466/242/339
f 1462/238/335 1461/237/334 1470/246/343
f 1471/247/344 1462/238/335 1470/246/343
f 1470/246/343 1461/237/334 1472/248/345
f 1461/237/334 1466/242/339 1472/248/345
f 1466/242/339 1469/245/342 1472/248/345
f 1469/245/342 1473/249/346 1472/248/345
f 1474/250/347 1473/249/346 1469/245/342
f 1467/243/340 1474/250/347 1469/245/342
f 1464/240/337 1462/238/335 1471/247/344
f 1474/250/347 1467/243/340 1468/244/341
f 1475/251/348 1474/250/347 1468/244/341
f 1477/253/350 1476/252/349 1454/230/327
f 1450/226/323 1477/253/350 1454/230/327
f 1477/253/350 1450/226/323 1478/254/351
f 1450/226/323 1447/223/352 1478/254/351
f 1454/230/327 1476/252/349 1479/255/353
f 1460/236/333 1454/230/327 1479/255/353
f 1480/256/354 1460/236/333 1479/255/353
f 1481/257/355 1480/256/354 1479/255/353
f 1482/258/356 1480/256/354 1481/257/355
f 1460/236/333 1480/256/354 1465/241/338
f 1480/256/354 1483/259/357 1465/241/338
f 1468/244/341 1465/241/338 1483/259/357
f 1478/254/351 1447/223/352 1445/221/358
f 1478/254/351 1445/221/358 1484/260/359
f 1484/260/359 1445/221/358 1443/219/360
f 1485/261/361 1484/260/359 1443/219/360
f 1485/261/361 1443/219/360 1486/262/362
f 1443/219/360 1441/217/363 1486/262/362
f 1441/217/363 1439/215/364 1486/262/362
f 1486/262/362 1439/215/364 1487/263/365
f 1439/215/364 1438/214/311 1487/263/365
f 1487/263/365 1438/214/311 1435/211/366
f 1487/263/365 1435/211/366 1488/264/367
f 1435/211/366 1433/209/368 1488/264/367
f 1488/264/367 1433/209/368 1434/210/369
f 1432/267/305 1489/266/370 1434/265/307
f 1491/270/373 1490/269/372 1437/268/371
f 1440/271/374 1491/270/373 1437/268/371
f 1492/272/375 1491/270/373 1440/271/374
f 1442/273/376 1492/272/375 1440/271/374
f 1493/274/377 1489/266/370 1432/267/305
f 1436/275/309 1493/274/377 1432/267/305
f 1490/269/372 1493/274/377 1436/275/309
f 1437/268/310 1490/269/372 1436/275/309
f 1495/278/380 1494/277/379 1444/276/378
f 1446/279/319 1495/278/380 1444/276/378
f 1444/276/378 1494/277/379 1442/273/376
f 1494/277/379 1492/272/375 1442/273/376
f 1496/280/381 1495/278/380 1446/279/319
f 1448/281/321 1496/280/381 1446/279/319
f 1497/282/382 1496/280/381 1448/281/321
f 1449/283/383 1497/282/382 1448/281/321
f 1499/286/386 1498/285/385 1457/284/384
f 1456/287/387 1499/286/386 1457/284/384
f 1500/288/388 1499/286/386 1456/287/387
f 1452/289/389 1500/288/388 1456/287/387
f 1501/290/390 1500/288/388 1452/289/389
f 1453/291/391 1501/290/390 1452/289/389
f 1502/292/392 1501/290/390 1453/291/391
f 1459/293/393 1502/292/392 1453/291/391
f 1503/294/394 1502/292/392 1459/293/393
f 1463/295/395 1503/294/394 1459/293/393
f 1504/296/396 1503/294/394 1463/295/395
f 1464/297/397 1504/296/396 1463/295/395
f 1457/284/384 1498/285/385 1458/298/398
f 1498/285/385 1505/299/399 1458/298/398
f 1506/300/402 1504/296/401 1464/297/400
f 1471/301/403 1506/300/402 1464/297/400
f 1507/302/404 1506/300/402 1471/301/403
f 1470/303/405 1507/302/404 1471/301/403
f 1508/304/406 1507/302/404 1470/303/343
f 1472/305/345 1508/304/406 1470/303/343
f 1509/306/407 1508/304/406 1472/305/345
f 1473/307/346 1509/306/407 1472/305/345
f 1510/308/408 1509/306/407 1473/307/346
f 1474/309/347 1510/308/408 1473/307/346
f 1511/310/409 1510/308/408 1474/309/347
f 1475/311/348 1511/310/409 1474/309/347
f 1512/312/410 1511/310/409 1475/311/348
f 1483/313/357 1512/312/410 1475/311/348
f 1513/314/411 1512/312/410 1483/313/357
f 1480/315/412 1513/314/411 1483/313/357
f 1482/316/413 1513/314/411 1480/315/412
f 1515/319/416 1514/318/415 1451/317/414
f 1455/320/417 1515/319/416 1451/317/414
f 1451/317/414 1514/318/415 1449/283/383
f 1514/318/415 1497/282/382 1449/283/383
f 1475/251/348 1468/244/341 1483/259/357
f 1516/209/418 1434/210/307 1489/208/370
f 1516/209/418 1489/208/370 1517/211/419
f 1489/208/370 1493/212/377 1517/211/419
f 1517/211/419 1493/212/377 1490/213/372
f 1518/214/420 1517/211/419 1490/213/372
f 1518/214/420 1490/213/372 1519/215/421
f 1490/213/372 1491/216/422 1519/215/421
f 1519/215/421 1491/216/422 1520/217/423
f 1491/216/422 1492/218/424 1520/217/423
f 1520/217/423 1492/218/424 1521/219/425
f 1492/218/424 1494/220/426 1521/219/425
f 1522/221/427 1521/219/425 1494/220/426
f 1495/222/380 1522/221/427 1494/220/426
f 1522/221/427 1495/222/380 1523/223/428
f 1495/222/380 1496/224/381 1523/223/428
f 1497/225/382 1523/223/428 1496/224/381
f 1497/225/382 1524/226/429 1523/223/428
f 1497/225/382 1514/227/430 1524/226/429
f 1500/228/431 1524/226/429 1514/227/430
f 1501/229/432 1524/226/429 1500/228/431
f 1525/230/433 1524/226/429 1501/229/432
f 1514/227/430 1515/231/434 1500/228/431
f 1515/231/434 1499/232/435 1500/228/431
f 1515/231/434 1498/233/436 1499/232/435
f 1515/231/434 1505/234/437 1498/233/436
f 1502/235/438 1525/230/433 1501/229/432
f 1526/236/439 1525/230/433 1502/235/438
f 1527/237/440 1526/236/439 1502/235/438
f 1527/237/440 1502/235/438 1528/238/441
f 1502/235/438 1503/239/442 1528/238/441
f 1528/238/441 1503/239/442 1504/240/443
f 1529/241/444 1526/236/439 1527/237/440
f 1530/242/445 1529/241/444 1527/237/440
f 1531/243/446 1529/241/444 1530/242/445
f 1531/243/446 1532/244/447 1529/241/444
f 1533/245/448 1531/243/446 1530/242/445
f 1528/238/441 1506/247/450 1507/246/449
f 1527/237/440 1528/238/441 1507/246/404
f 1527/237/440 1507/246/404 1508/248/406
f 1530/242/445 1527/237/440 1508/248/406
f 1533/245/448 1530/242/445 1508/248/406
f 1509/249/407 1533/245/448 1508/248/406
f 1509/249/407 1510/250/408 1533/245/448
f 1510/250/408 1531/243/446 1533/245/448
f 1528/238/441 1504/240/443 1506/247/450
f 1531/243/446 1510/250/408 1532/244/447
f 1510/250/408 1511/251/409 1532/244/447
f 1477/253/451 1524/226/429 1525/230/433
f 1476/252/452 1477/253/451 1525/230/433
f 1524/226/429 1477/253/451 1478/254/453
f 1523/223/454 1524/226/429 1478/254/453
f 1522/221/455 1523/223/454 1478/254/453
f 1476/252/452 1525/230/433 1479/255/456
f 1525/230/433 1526/236/439 1479/255/456
f 1526/236/439 1513/256/457 1479/255/456
f 1513/256/457 1481/257/458 1479/255/456
f 1513/256/457 1482/258/459 1481/257/458
f 1513/256/457 1526/236/439 1529/241/444
f 1512/259/410 1513/256/411 1529/241/444
f 1529/241/444 1532/244/447 1512/259/410
f 1522/221/455 1478/254/453 1484/260/460
f 1522/221/455 1484/260/460 1521/219/461
f 1484/260/460 1485/261/462 1521/219/461
f 1521/219/461 1485/261/462 1486/262/463
f 1520/217/464 1521/219/461 1486/262/463
f 1519/215/465 1520/217/464 1486/262/463
f 1519/215/465 1486/262/463 1487/263/466
f 1518/214/420 1519/215/465 1487/263/466
f 1518/214/420 1487/263/466 1517/211/467
f 1517/211/467 1487/263/466 1488/264/468
f 1516/209/469 1517/211/467 1488/264/468
f 1516/209/469 1488/264/468 1434/210/470
f 1532/244/447 1511/251/409 1512/259/410
f 1515/319/416 1455/320/417 1458/298/471
f 1505/299/472 1515/319/416 1458/298/471
f 1536/27/1925 1535/28/1924 1534/25/1923
f 1537/26/1926 1536/27/1925 1534/25/1923
f 1534/25/1923 1535/28/1924 1538/29/1927
f 1539/30/1928 1534/25/1923 1538/29/1927
f 1540/31/1929 1536/27/1925 1537/26/1926
f 1541/32/1930 1540/31/1929 1537/26/1926
f 1542/33/1931 1540/31/1929 1541/32/1930
f 1543/34/1932 1542/33/1931 1541/32/1930
f 1543/34/1932 1544/35/1933 1542/33/1931
f 1544/35/1933 1545/36/1934 1542/33/1931
f 1539/30/1928 1538/29/1927 1546/37/1935
f 1538/29/1927 1547/38/1936 1546/37/1935
f 1547/38/1936 1538/29/1927 1548/39/1937
f 1549/40/1938 1547/38/1936 1548/39/1937
f 1550/41/1939 1549/40/1938 1548/39/1937
f 1548/39/1937 1551/42/1940 1550/41/1939
f 1547/38/1936 1549/40/1938 1552/43/1941
f 1552/43/1941 1546/37/1935 1547/38/1936
f 1552/43/1942 1553/44/1943 1546/37/1942
f 1554/45/1945 1553/44/1944 1552/43/1941
f 1555/46/1946 1545/36/1934 1544/35/1933
f 1556/47/1947 1545/36/1934 1555/46/1946
f 1558/49/1949 1556/47/1947 1557/48/1948
f 1559/50/1950 1558/49/1949 1557/48/1948
f 1560/51/1951 1558/49/1949 1559/50/1950
f 1561/52/1952 1560/51/1951 1559/50/1950
f 1557/48/1948 1556/47/1947 1562/53/1953
f 1562/53/1953 1556/47/1947 1555/46/1946
f 1561/52/1952 1563/54/1954 1560/51/1951
f 1564/55/1955 1563/54/1954 1561/52/1952
f 1565/56/1956 1564/55/1955 1561/52/1952
f 1566/57/1957 1564/55/1955 1565/56/1956
f 1567/58/1958 1566/57/1957 1565/56/1956
f 1568/59/1959 1567/58/1958 1565/56/1956
f 1563/54/1954 1569/60/1960 1560/51/1951
f 1569/60/1960 1570/61/1961 1560/51/1951
f 1571/62/1962 1570/61/1961 1569/60/1960
f 1572/63/1963 1571/62/1962 1569/60/1960
f 1573/65/1964 1567/58/1958 1568/59/1959
f 1574/64/1965 1573/65/1964 1568/59/1959
f 1575/66/1966 1571/62/1962 1572/63/1963
f 1576/67/1967 1573/65/1964 1574/64/1965
f 1579/70/1970 1578/71/1969 1577/68/1968
f 1580/69/1971 1579/70/1970 1577/68/1968
f 1580/69/1971 1577/68/1968 1581/72/1972
f 1579/70/1970 1582/73/1973 1578/71/1969
f 1582/73/1973 1583/74/1974 1578/71/1969
f 1582/73/1973 1584/75/1975 1583/74/1974
f 1584/75/1975 1585/76/1976 1583/74/1974
f 1584/75/1975 1586/77/1977 1585/76/1976
f 1584/75/1975 1587/78/1978 1586/77/1977
f 1587/78/1978 1588/79/1979 1586/77/1977
f 1588/79/1979 1589/80/1980 1586/77/1977
f 1589/80/1980 1590/81/1981 1586/77/1977
f 1588/79/1979 1591/82/1982 1589/80/1980
f 1588/79/1979 1592/83/1983 1591/82/1982
f 1592/83/1983 1593/84/1984 1591/82/1982
f 1592/83/1983 1594/85/1985 1593/84/1984
f 1592/83/1983 1595/86/1986 1594/85/1985
f 1594/85/1985 1596/87/1987 1593/84/1984
f 1594/85/1985 1597/88/1988 1596/87/1987
f 1597/88/1988 1598/89/1989 1596/87/1987
f 1600/91/1991 1599/92/1990 1598/89/1989
f 1601/90/1992 1600/91/1991 1598/89/1989
f 1597/88/1988 1601/90/1992 1598/89/1989
f 1603/93/1994 1602/94/1993 1599/92/1990
f 1600/91/1991 1603/93/1994 1599/92/1990
f 1605/96/1997 1575/97/1996 1604/95/1995
f 1606/99/2000 1550/100/1999 1551/98/1998
f 1606/99/2000 1549/101/2001 1550/100/1999
f 1607/102/2002 1549/101/2001 1606/99/2000
f 1608/103/2003 1607/102/2002 1606/99/2000
f 1609/104/2004 1608/103/2003 1606/99/2000
f 1581/72/1972 1608/103/2003 1609/104/2004
f 1609/104/2004 1580/69/1971 1581/72/1972
f 1552/105/2005 1549/101/2001 1607/102/2002
f 1607/102/2002 1554/106/2006 1552/105/2005
f 1595/86/1986 1592/83/1983 1610/107/2007
f 1610/107/2007 1611/108/2008 1595/86/1986
f 1611/108/2008 1604/95/1995 1595/86/1986
f 1611/108/2008 1605/96/1997 1604/95/1995
f 1603/93/1994 1576/109/2009 1602/94/1993
f 1536/27/2012 1579/111/2011 1580/110/2010
f 1535/28/2013 1536/27/2012 1580/110/2010
f 1536/27/2012 1540/31/2014 1579/111/2011
f 1540/31/2014 1582/112/2015 1579/111/2011
f 1540/31/2014 1542/33/2016 1582/112/2015
f 1542/33/2016 1584/113/2017 1582/112/2015
f 1542/33/2016 1545/36/2018 1584/113/2017
f 1545/36/2018 1587/114/2019 1584/113/2017
f 1535/28/2013 1580/110/2010 1538/29/2020
f 1580/110/2010 1609/115/2021 1538/29/2020
f 1538/29/2020 1609/115/2021 1548/39/2022
f 1609/115/2021 1606/116/2023 1548/39/2022
f 1548/39/2022 1606/116/2023 1551/42/2024
f 1534/25/2027 1577/118/2026 1578/117/2025
f 1537/26/2028 1534/25/2027 1578/117/2025
f 1534/25/2027 1539/30/2029 1577/118/2026
f 1539/30/2029 1581/119/2030 1577/118/2026
f 1537/26/2028 1578/117/2025 1583/120/2031
f 1541/32/2032 1537/26/2028 1583/120/2031
f 1541/32/2032 1583/120/2031 1585/121/2033
f 1543/34/2034 1541/32/2032 1585/121/2033
f 1543/34/2034 1585/121/2033 1586/122/2035
f 1544/35/2036 1543/34/2034 1586/122/2035
f 1544/35/2036 1586/122/2035 1590/123/2037
f 1555/46/2038 1544/35/2036 1590/123/2037
f 1539/30/2029 1546/37/2039 1581/119/2030
f 1546/37/2039 1608/124/2040 1581/119/2030
f 1546/37/2042 1553/44/2042 1608/124/2041
f 1553/44/1944 1607/125/2043 1608/124/2041
f 1553/44/1944 1554/45/2044 1607/125/2043
f 1567/58/2047 1600/127/2046 1601/126/2045
f 1566/57/2048 1567/58/2047 1601/126/2045
f 1566/57/2048 1601/126/2045 1597/128/2049
f 1564/55/2050 1566/57/2048 1597/128/2049
f 1564/55/2050 1597/128/2049 1594/129/2051
f 1563/54/2052 1564/55/2050 1594/129/2051
f 1563/54/2052 1594/129/2051 1595/130/2053
f 1569/60/2054 1563/54/2052 1595/130/2053
f 1565/56/2057 1598/132/2056 1599/131/2055
f 1568/59/2058 1565/56/2057 1599/131/2055
f 1568/59/2058 1599/131/2055 1602/133/2059
f 1574/64/2060 1568/59/2058 1602/133/2059
f 1565/56/2057 1561/52/2061 1598/132/2056
f 1561/52/2061 1596/134/2062 1598/132/2056
f 1561/52/2061 1559/50/2063 1596/134/2062
f 1559/50/2063 1593/135/2064 1596/134/2062
f 1559/50/2063 1557/48/2065 1593/135/2064
f 1557/48/2065 1591/136/2066 1593/135/2064
f 1557/48/2065 1562/53/2067 1591/136/2066
f 1562/53/2067 1589/137/2068 1591/136/2066
f 1574/64/2060 1602/133/2059 1576/67/2069
f 1573/65/2071 1603/138/2070 1600/127/2046
f 1567/58/2047 1573/65/2071 1600/127/2046
f 1571/62/1962 1575/66/1966 1605/139/2072
f 1572/63/2075 1604/140/2074 1575/66/2073
f 1558/49/2078 1592/142/2077 1588/141/2076
f 1556/47/2079 1558/49/2078 1588/141/2076
f 1555/46/2038 1590/123/2037 1589/137/2068
f 1562/53/2067 1555/46/2038 1589/137/2068
f 1560/51/2081 1610/143/2080 1592/142/2077
f 1558/49/2078 1560/51/2081 1592/142/2077
f 1611/144/2082 1610/143/2080 1560/51/2081
f 1570/61/1961 1611/144/2082 1560/51/1951
f 1605/139/2072 1611/144/2082 1570/61/1961
f 1571/62/1962 1605/139/2072 1570/61/1961
f 1569/60/2084 1595/130/2083 1604/140/2074
f 1572/63/2075 1569/60/2084 1604/140/2074
f 1573/65/2071 1576/67/2085 1603/138/2070
f 1588/141/2076 1587/114/2019 1545/36/2018
f 1556/47/2079 1588/141/2076 1545/36/2018
f 1614/146/2088 1613/147/2087 1612/145/2086
f 1614/146/2088 1615/148/2089 1613/147/2087
f 1615/148/2089 1616/149/2090 1613/147/2087
f 1615/148/2089 1617/150/2091 1616/149/2090
f 1617/150/2091 1618/151/2092 1616/149/2090
f 1618/151/2092 1619/152/2093 1616/149/2090
f 1618/151/2092 1621/154/2095 1620/153/2094
f 1618/151/2092 1622/155/2096 1621/154/2095
f 1617/150/2091 1615/148/2089 1623/156/2097
f 1624/157/2098 1617/150/2091 1623/156/2097
f 1624/157/2098 1623/156/2097 1625/158/2099
f 1624/157/2098 1625/158/2099 1626/159/2100
f 1618/151/2092 1620/153/2094 1619/152/2093
f 1624/157/2098 1627/160/2101 1617/150/2091
f 1617/150/2091 1627/160/2101 1618/151/2092
f 1630/162/2104 1629/163/2103 1628/161/2102
f 1628/161/2102 1629/163/2103 1631/164/2105
f 1632/165/2106 1629/163/2103 1630/162/2104
f 1633/166/2107 1632/165/2106 1630/162/2104
f 1632/165/2106 1633/166/2107 1634/167/2108
f 1633/166/2107 1635/168/2109 1634/167/2108
f 1635/168/2109 1636/169/2110 1634/167/2108
f 1636/169/2110 1635/168/2109 1637/170/2111
f 1632/165/2106 1634/167/2108 1638/171/2112
f 1632/165/2106 1638/171/2112 1639/172/2113
f 1638/171/2112 1640/173/2114 1639/172/2113
f 1632/165/2106 1639/172/2113 1641/174/2115
f 1629/163/2103 1632/165/2106 1642/162/2116
f 1629/163/2103 1642/162/2116 1643/161/2117
f 1629/163/2103 1643/161/2117 1631/164/2105
f 1632/165/2106 1644/166/2118 1642/162/2116
f 1644/166/2118 1632/165/2106 1645/167/2119
f 1646/168/2120 1644/166/2118 1645/167/2119
f 1647/169/2121 1646/168/2120 1645/167/2119
f 1646/168/2120 1647/169/2121 1648/170/2122
f 1645/167/2119 1632/165/2106 1649/171/2123
f 1649/171/2123 1632/165/2106 1650/172/2124
f 1651/173/2125 1649/171/2123 1650/172/2124
f 1650/172/2124 1632/165/2106 1641/174/2115
f 1615/177/2128 1614/178/2127 1635/175/2126
f 1633/176/2129 1615/177/2128 1635/175/2126
f 1620/181/2132 1621/182/2131 1639/179/2130
f 1640/180/2133 1620/181/2132 1639/179/2130
f 1625/185/2136 1623/186/2135 1630/183/2134
f 1628/184/2137 1625/185/2136 1630/183/2134
f 1626/187/2138 1625/185/2136 1628/184/2137
f 1631/187/2139 1626/187/2138 1628/184/2137
f 1630/183/2134 1623/186/2135 1633/176/2140
f 1623/186/2135 1615/177/2141 1633/176/2140
f 1612/190/2144 1613/191/2143 1636/188/2142
f 1637/189/2145 1612/190/2144 1636/188/2142
f 1616/194/2148 1619/195/2147 1638/192/2146
f 1634/193/2149 1616/194/2148 1638/192/2146
f 1639/179/2130 1621/182/2131 1622/196/2150
f 1641/196/2151 1639/179/2130 1622/196/2150
f 1619/195/2154 1620/181/2153 1640/180/2152
f 1638/192/2155 1619/195/2154 1640/180/2152
f 1614/178/2127 1612/190/2157 1637/189/2156
f 1635/175/2126 1614/178/2127 1637/189/2156
f 1613/191/2160 1616/194/2159 1634/193/2158
f 1636/188/2161 1613/191/2160 1634/193/2158
f 1654/198/2164 1653/199/2163 1652/197/2162
f 1655/200/2165 1653/199/2163 1654/198/2164
f 1656/201/2166 1655/200/2165 1654/198/2164
f 1657/202/2167 1655/200/2165 1656/201/2166
f 1618/151/2092 1657/202/2167 1656/201/2166
f 1658/203/2168 1618/151/2092 1656/201/2166
f 1660/205/2170 1618/151/2092 1659/204/2169
f 1622/155/2096 1618/151/2092 1660/205/2170
f 1655/200/2165 1657/202/2167 1661/206/2171
f 1657/202/2167 1624/157/2098 1661/206/2171
f 1661/206/2171 1624/157/2098 1662/207/2172
f 1662/207/2172 1624/157/2098 1626/159/2100
f 1659/204/2169 1618/151/2092 1658/203/2168
f 1627/160/2173 1624/157/2098 1657/202/2167
f 1627/160/2173 1657/202/2167 1618/151/2092
f 1655/177/2176 1644/176/2175 1646/175/2174
f 1653/178/2177 1655/177/2176 1646/175/2174
f 1659/181/2180 1651/180/2179 1650/179/2178
f 1660/182/2181 1659/181/2180 1650/179/2178
f 1662/185/2184 1643/184/2183 1642/183/2182
f 1661/186/2185 1662/185/2184 1642/183/2182
f 1662/185/2184 1626/187/2186 1643/184/2183
f 1626/187/2186 1631/187/2187 1643/184/2183
f 1661/186/2185 1642/183/2182 1644/176/2188
f 1655/177/2189 1661/186/2185 1644/176/2188
f 1652/190/2192 1648/189/2191 1647/188/2190
f 1654/191/2193 1652/190/2192 1647/188/2190
f 1656/194/2196 1645/193/2195 1649/192/2194
f 1658/195/2197 1656/194/2196 1649/192/2194
f 1650/179/2178 1641/196/2199 1622/196/2198
f 1660/182/2181 1650/179/2178 1622/196/2198
f 1658/195/2202 1649/192/2201 1651/180/2200
f 1659/181/2203 1658/195/2202 1651/180/2200
f 1653/178/2177 1646/175/2174 1648/189/2204
f 1652/190/2205 1653/178/2177 1648/189/2204
f 1654/191/2208 1647/188/2207 1645/193/2206
f 1656/194/2209 1654/191/2208 1645/193/2206
# 3284 elements

